id,duration_s,dc_offset,peak_amplitude,rms,clipping_frac,reasons
00006fe3-5331-4db2-b30e-65affe00cfbe,6.16,-0.0002,0.9315,0.11292,0.0,
000081dd-b6dc-420c-be34-57bd8224c18f,12.97,-0.0,0.8418,0.13033,0.0,
0000abee-a101-4a2f-bdb5-aecae1187830,5.04,-0.0005,0.9742,0.13764,0.0,
0001e47c-ff52-46ca-8368-380f2a052bed,6.0,-0.0004,0.7965,0.11097,0.0,
00021667-9e19-4e6b-8f5c-af600d298b73,5.51,0.0,0.6813,0.11999,0.0,
00027097-da25-4c47-a43a-5c5d2ffe17d3,12.08,-0.0002,1.0,0.12395,1e-05,
0002ae75-9228-4230-a2df-2040db3507f6,4.48,-0.0008,0.8494,0.09583,0.0,
0002e1f1-d00e-4063-816a-c42932faccb2,7.28,-0.0003,0.7224,0.1118,0.0,
0002ee44-0df6-4260-afde-5782d3d2b13c,10.16,-0.0,0.8455,0.13899,0.0,
000309d6-6d8c-442e-962a-168c4354ee17,7.6,0.0001,0.7981,0.12983,0.0,
00031c38-c73a-45c0-af61-b99fd7230fb4,2.68,-0.0004,0.8336,0.14772,0.0,
000370e9-9e71-4079-8030-079044dd5c01,5.84,-0.0002,0.63,0.10273,0.0,
000395cd-4871-4827-ba7c-0bf3ab6ef0ac,11.52,-0.0004,1.0,0.14101,1e-05,
00041845-3075-4939-b22a-e158d6e286d4,7.84,-0.0003,0.9589,0.10055,0.0,
00042d88-194b-4dd9-b57b-ff58195704c3,12.52,-0.0003,0.8327,0.10779,0.0,
00042d89-9bd0-4c19-afb8-7373ec57f30e,7.48,-0.0001,1.0,0.12927,3e-05,
00043f22-043b-4c18-a5b0-40b85d771df1,10.12,-0.0,0.8476,0.12538,0.0,
00054cf4-e4a9-498a-8816-41dd0c69ca3b,4.91,0.0,0.2166,0.02426,0.0,
00058036-56ee-411f-9c3b-cfb6c3de6215,11.0,-0.0003,1.0,0.18711,1e-05,
0005bf20-0d33-428e-bae0-f45b758ceefd,11.51,-0.0002,0.8429,0.09047,0.0,
0005c7c1-415f-4a12-a226-ad49724f4582,2.24,-0.0002,0.9329,0.10506,0.0,
0005f00b-437a-42f6-b057-603f4bfad2c4,9.4,-0.0002,0.6999,0.09336,0.0,
0005f388-7ed9-4700-ae5f-0a15059a02dc,4.96,-0.0001,0.6525,0.10604,0.0,
0006b31b-e955-4346-bc62-1966fec6f549,3.41,-0.0,0.1956,0.03605,0.0,
0006c6b0-9b19-461f-8517-ff8b494d558a,7.92,0.0,0.9997,0.10194,1e-05,
0006e83b-da40-4c89-9684-2608baaeb7fb,9.08,-0.0001,0.9585,0.11544,0.0,
0006f11b-252e-44ed-857f-470e29cc475d,5.43,0.0011,0.9912,0.12076,0.0,
00075fff-65af-40d7-a609-080d7b773e36,4.12,-0.0001,0.789,0.14963,0.0,
00079349-93fc-49fa-9cfa-07b578b6e6e8,6.72,-0.0001,0.5041,0.06765,0.0,
0007a870-7ff3-4b5c-b7ab-78ac6f06aa7c,8.08,-0.0002,0.7631,0.09045,0.0,
0007cbe7-13a3-4db8-a402-83c177c774a0,5.88,-0.0005,0.5916,0.08091,0.0,
0007fc28-e75c-4203-bba3-fca70ed4bc7c,14.7,0.0,0.8507,0.13489,0.0,
00084e3c-d246-4afb-8571-775197821c2d,5.04,0.0,0.8345,0.12195,0.0,
0008b352-b34d-493c-ba3f-8cf615a6fbdb,6.16,-0.0003,0.6441,0.10358,0.0,
000a547c-8179-45bb-9227-9e6dc9ba09db,6.82,0.0001,1.0,0.14941,1e-05,
000a6785-f42c-4e5f-9d9d-d0c389cb658d,7.16,0.0,0.7577,0.11319,0.0,
000ab56f-81e3-4b9c-8de8-af596ef9fe56,14.96,-0.0002,0.978,0.13558,0.0,
000b04dc-a6e9-4775-b2b8-47befe2a2b74,7.64,-0.0002,0.8917,0.0976,0.0,
000b4815-4305-4bd8-a589-48d19e4eea24,7.16,-0.0003,1.0,0.12353,1e-05,
000bd4ec-b5f9-4507-b16e-856d432ed464,7.36,0.0008,0.9817,0.13783,0.0,
000be3a6-6ab4-488d-b1a5-7d580cc1fa94,3.12,-0.0,0.71,0.08045,0.0,
000c4022-e00f-4f52-869b-059df1de458a,11.72,-0.0004,1.0,0.14373,1e-05,
000c460d-d307-422c-b3a0-39ca7d71c649,6.44,-0.0003,0.6628,0.10448,0.0,
000c4ea0-95c1-4587-8313-a8b51050fb1e,6.0,-0.0001,0.5597,0.07817,0.0,
000c603d-df2b-42ec-8b63-11ffd5dd9309,4.76,-0.0,1.0,0.13517,1e-05,
000c8197-2d2d-4c62-a75e-816960e38c94,4.12,-0.0008,0.802,0.10468,0.0,
000c9790-2221-4b1a-aec4-114a494a0c30,2.68,-0.0006,0.8488,0.12246,0.0,
000cbed0-28da-40ff-a51c-e234d4dee703,6.6,-0.0002,0.9298,0.13807,0.0,
000cefad-30e3-4590-a7b1-a83c0d8eba28,13.0,0.0001,0.994,0.14784,0.0,
000d52b8-16df-4742-9b2b-a9a58645a9d9,6.04,-0.0002,0.7737,0.11939,0.0,
000d5bdf-6d25-45a4-ad7a-42acea9f6816,5.22,-0.0001,0.2677,0.02469,0.0,
000dae34-596a-4958-9eda-c69f90369ca1,12.24,-0.0006,0.9712,0.13729,0.0,
000dae9f-157b-47af-a27d-012c99cc71cb,3.92,-0.0001,0.8757,0.13564,0.0,
000dbf35-30cd-4737-b5c1-8efe885576c3,3.04,-0.0,0.7096,0.08258,0.0,
000e3c4d-515c-4ddc-8bd1-f07d50fce3c4,8.88,-0.0005,0.8564,0.1561,0.0,
000e4dcd-1033-47ed-b199-4db780d698d4,7.64,-0.0003,0.7231,0.08052,0.0,
000e4fe1-9677-4894-8ffa-e86b2aff28b1,4.04,-0.0003,0.8788,0.10801,0.0,
000e690f-7d7d-4385-9645-acced48a24f2,6.44,-0.0008,0.9462,0.20642,0.0,
000ee09a-9de8-4c96-8005-81b2ff48498c,13.33,-0.0002,0.8885,0.13912,0.0,
000f8454-1e16-434b-bbaf-26bc9dfcb2d5,6.96,-0.0004,0.7786,0.12103,0.0,
000f8ebb-49ec-4a7b-96f8-6c3260129e9e,6.96,-0.0002,0.7987,0.09994,0.0,
000fcfb3-17c8-4002-9157-4e2a4e1a6784,3.16,-0.0002,0.7306,0.10695,0.0,
00100618-a653-4bf4-9c41-a9f15d24ae0e,7.15,0.0004,0.9948,0.11853,0.0,
00101864-980c-434d-a956-cac9430fe3ee,8.0,-0.0005,0.9225,0.14141,0.0,
00107a14-af5a-4190-b3cd-bdd76a74426f,6.12,-0.0002,0.6013,0.0857,0.0,
001087dd-b3e9-4968-8558-4776f84d7c33,17.24,-0.0004,0.9702,0.14072,0.0,
00109981-661b-4140-aba3-ef57c608b4ed,3.92,-0.0,1.0,0.13773,2e-05,
00110ec2-e20d-4af9-9d61-f10b798fbdd3,9.68,-0.0003,0.9998,0.12235,1e-05,
00117b17-aaca-47b6-8a55-b2bdaba0eb71,9.32,-0.0003,0.9994,0.11843,1e-05,
0011a1fb-35e6-4433-b99c-bc6ed0197c21,6.6,-0.0003,0.9005,0.10235,0.0,
0011adf8-f320-4880-914c-b34bbb371d1f,4.88,-0.0004,0.8262,0.11363,0.0,
0011c6e8-f2fc-4d83-96a3-dd258a3a2872,3.62,-0.0,0.856,0.14764,0.0,
0011eab3-f30a-4db3-b6fa-37d4871f1ebc,4.23,0.0,0.278,0.02979,0.0,
0012027a-d9d7-4d2f-979e-d63233631b2c,10.18,-0.0002,0.8719,0.13047,0.0,
00124647-bfb7-4eda-bcb6-4dfdf404192f,8.76,-0.0003,0.8446,0.09008,0.0,
00128947-3fe1-42d6-bb1d-aa1482b46252,15.2,-0.0003,0.9286,0.10215,0.0,
0012926b-8ab2-42a7-87bd-619b50236803,7.2,-0.0004,0.5385,0.07596,0.0,
0012a39f-9819-4c98-9546-5795cf916fdf,6.84,-0.0,1.0,0.14,1e-05,
0012d02b-6f01-4dc7-97a9-f816ade65f20,11.28,-0.0001,1.0,0.128,1e-05,
00142d59-6064-46b3-91b3-bb32711940d7,5.72,-0.0001,0.765,0.07808,0.0,
00146e47-2ab2-47be-8d83-375774491f94,8.48,-0.0002,0.5864,0.08119,0.0,
0014d740-a350-44de-9c14-31cb82b2ed5e,12.88,0.0,0.8652,0.11761,0.0,
0014db25-7b67-4081-b13a-2de651cfc39e,5.56,-0.0002,0.7038,0.0993,0.0,
0014f1d0-47f8-4e6a-8560-13621488acf6,3.07,-0.0005,0.7709,0.102,0.0,
00151f2d-0f58-4ac8-8b38-0f02ba015337,14.11,-0.0,0.8528,0.14895,0.0,
00154200-56d9-4687-bc50-296b619151b9,5.68,-0.0005,1.0,0.15476,1e-05,
00154588-2a8f-48ba-9f52-7ae2b0b16390,11.43,-0.0,0.8726,0.12913,0.0,
0015b7fa-db6b-48b9-8678-ba4495fff9c5,9.92,-0.0005,0.8968,0.12156,0.0,
0016253d-64fd-485d-bb96-eecdd22c69df,3.84,0.0004,0.9347,0.17954,0.0,
00166b10-73b5-4ae7-be8f-9ef7d143dfcd,7.08,-0.0,0.9789,0.14643,0.0,
0016b51e-ed0d-44c1-943e-de2937ded67b,9.16,-0.0002,1.0,0.15309,1e-05,
0016bb2e-1d82-40ff-92a6-4ab7a210bd90,7.76,-0.0005,0.8215,0.10033,0.0,
00172271-3941-4f44-a54c-3c576cfe4d63,9.52,-0.0001,0.5211,0.06244,0.0,
0018761e-31b5-4bc1-a3b0-70f5d45af5f2,11.0,-0.0003,0.7997,0.11498,0.0,
0018a285-def0-43a4-ad65-e2b678ebd6b9,11.94,0.0,0.8482,0.11595,0.0,
0019dced-7d53-4d6b-84dc-a465ade073e3,8.6,-0.0001,0.7914,0.09964,0.0,
001a4018-89b3-40d0-9091-fc80798b4cf5,6.32,-0.0,0.8845,0.09483,0.0,
001abbc8-61c0-4adc-9280-2768eb9e23b6,10.98,-0.0,0.9308,0.15663,0.0,
001ac15b-e84e-419b-9c0d-92ef3a3e481c,10.12,-0.0001,1.0,0.15537,1e-05,
001ad5b0-abcd-40cf-8f37-7fb64de4d7f2,6.76,-0.0002,0.888,0.13282,0.0,
001b1fe3-ee88-4fa7-955d-78adcf13b8c2,4.64,-0.0003,1.0,0.16113,0.00012,
001b52ba-b220-4c2e-823f-26a678eb9ed2,7.0,0.0001,1.0,0.12923,8e-05,
001b5d4d-c0ae-4259-85bf-bf41be3a31a7,9.08,-0.0006,0.9227,0.14249,0.0,
001b6960-71bf-40e0-ac2a-747bb8ae0578,8.72,-0.0003,0.5844,0.10217,0.0,
001b6d62-1a3e-4026-87d8-a43031addce7,20.24,-0.0004,0.927,0.13065,0.0,
001bc892-c1d4-4d33-afe4-77751bdc8116,3.6,0.0001,0.804,0.13152,0.0,
001c174a-62cc-45f0-89c0-f7980e1073c9,5.92,-0.0001,0.6094,0.10008,0.0,
001c267f-ff0f-4d8b-9431-cfe7ca6e65a4,7.08,-0.0002,0.8011,0.11094,0.0,
001c9355-dc7e-4667-8a53-3e477971c29f,5.32,-0.0003,0.8176,0.1199,0.0,
001cd569-35cf-40e5-95ec-f118673cc577,10.88,-0.0005,0.8586,0.10994,0.0,
001d00fb-b97d-45ae-98e4-863e749a4830,12.96,-0.0004,0.694,0.10478,0.0,
001d1b13-119a-4fec-a3bc-09f4e2593748,7.0,-0.0002,0.8245,0.12003,0.0,
001d218c-84a2-4f65-9d08-cb8200750f3e,7.18,-0.0002,0.9981,0.16648,0.0,
001d2e6e-1f08-42c1-abbb-fa50ae7e0cf4,9.56,-0.0004,0.9273,0.12404,0.0,
001d508c-f948-4ca5-bb7d-892a6dc49a9d,12.18,-0.0,0.881,0.12999,0.0,
001d770f-d628-4c7c-a5de-b03a20f95c6f,11.96,-0.0003,1.0,0.17438,1e-05,
001db9fa-c4ac-4e8f-94e1-39c780794242,6.4,0.0001,0.8145,0.08196,0.0,
001dea92-14a7-474b-88d7-218423dda66b,4.96,-0.0002,0.7188,0.13495,0.0,
001dee74-3b2a-4d84-b673-c6b1c115f76a,6.6,-0.0,0.6196,0.09953,0.0,
001e46c2-2203-4c28-b21f-dadd02217f59,15.36,-0.0003,1.0,0.11861,0.0,
001edde0-c612-4cc9-9fff-a29d1a394fa6,2.76,-0.0005,0.9678,0.17972,0.0,
001f1061-a4a9-4fdf-a02b-60ab9297f8f0,9.74,-0.0,0.6728,0.14863,0.0,
001f7e89-fdf5-440b-8926-111f633851ce,11.96,-0.0001,1.0,0.10726,1e-05,
001fa4d0-e8e5-4669-8849-fa2ad5af73b5,6.52,-0.0002,0.743,0.11953,0.0,
001fda21-4f14-46f1-a7a8-0c3c679e9916,3.68,0.0002,0.9739,0.13657,0.0,
001fdd88-42aa-4035-86cf-e52b72291217,13.56,-0.0,0.9623,0.13558,0.0,
001fe357-c69c-4332-9044-4db1756757e7,5.96,-0.0001,0.8479,0.12035,0.0,
002010ad-817e-4b4e-a73c-280678bc3d21,3.68,0.0,0.9272,0.1067,0.0,
00204637-16a5-419c-b6c6-f07336b7044b,10.4,0.0004,1.0,0.13109,1e-05,
002077dd-1ca7-430f-b0ee-b006579475d4,4.31,0.0,0.203,0.02707,0.0,
002093c2-8654-4fe1-9397-c49277294323,10.57,-0.0,0.8705,0.14991,0.0,
0020a695-6853-46a7-98ff-ef5a24c1db25,6.18,0.001,0.9957,0.11603,0.0,
0020a79e-43e0-46ae-a2e7-9423741faf0b,3.04,-0.0003,0.9763,0.10592,0.0,
0020b142-e467-4394-8686-d6b3da005cdb,4.48,-0.0002,0.5281,0.08325,0.0,
0020bf3d-5bbc-4f99-baa5-c3aa181f8efb,5.36,-0.0002,0.8466,0.12617,0.0,
0020f137-badc-41b4-a61f-3ec0af8b811d,3.96,-0.0004,0.6197,0.09194,0.0,
00210924-cce4-4f56-a925-46d4cb72e629,8.4,-0.0007,1.0,0.17368,1e-05,
00211738-3a9b-422a-80c6-aa348ee20c4a,7.42,-0.0003,0.9999,0.14644,1e-05,
002128ec-c194-4748-863c-8c2ba8d65260,7.4,-0.0,0.7026,0.09746,0.0,
0021562c-a4da-41e1-9166-6b24d33cf3b1,9.68,-0.0002,0.8432,0.10833,0.0,
00217ebc-01ad-4ed1-9279-943d4a22953d,7.0,0.0003,1.0,0.16122,1e-05,
002191de-728d-4329-9766-052a682bae01,4.8,-0.0009,0.9423,0.12131,0.0,
0021feb7-e9eb-42c8-91b3-8bed864e98de,4.92,-0.0005,0.9959,0.13687,0.0,
00220894-3cd1-4a35-b611-1908b89c0f91,12.64,-0.0001,0.7923,0.08916,0.0,
00220949-6595-4ca7-9e8d-aa0ee7f8158d,4.0,-0.0001,1.0,0.13502,5e-05,
00225890-a310-45db-b6bc-9ed4c16e886b,9.56,-0.0,0.7581,0.10357,0.0,
00225e8b-43ee-4b61-ba5a-d77f257ac25a,7.76,-0.0001,1.0,0.13338,1e-05,
0022de60-8b7a-4685-af87-98ef0225d1c4,3.36,-0.0002,0.5792,0.10185,0.0,
002341e2-97e9-4b3a-9de6-f54ff3d52401,7.0,-0.0001,0.7489,0.09291,0.0,
0023ad86-5a2f-40cb-adfd-23ff1b5e3f4f,9.2,-0.0002,0.7577,0.09943,0.0,
0023b36b-0ecd-4b97-8072-00b1eb871266,2.36,-0.0008,0.6529,0.09432,0.0,
0023ce03-f499-4304-b709-74a9b8a84a2b,7.44,-0.0004,0.6682,0.10193,0.0,
0023ce91-cb5b-4ea8-b85a-3fd261b770af,12.92,-0.0003,0.9436,0.11842,0.0,
00246b3f-9e51-4edd-ad95-21658764a54f,10.0,-0.0002,0.9514,0.11539,0.0,
00248c87-1201-410e-9d5d-ceb7a2359c9d,4.36,-0.0001,0.7059,0.11004,0.0,
00249afb-94ac-4f03-8b9a-32bd031f90e5,16.0,0.0,0.8499,0.13928,0.0,
0024b6cd-4988-45df-b67c-297e757e7b5d,2.47,-0.0006,0.9992,0.16777,3e-05,
0024de79-bbd8-435a-969c-b952beef0d95,9.04,-0.0003,0.667,0.10169,0.0,
0025110d-861c-46a5-83b2-300062fef70d,1.72,-0.0002,0.7288,0.0701,0.0,
002545a0-c033-444f-b0f4-27ec1f1f5caa,5.24,-0.0002,1.0,0.12311,1e-05,
00255cc5-2cbc-4574-8266-945f4828b89c,12.8,-0.0,0.8401,0.12732,0.0,
00259f44-a687-43fa-a574-1f4db5e5d97b,11.17,-0.0,0.9948,0.13001,0.0,
0025c5d9-adcc-4e57-b0a5-99e6cf975c23,13.34,-0.0,0.8913,0.10592,0.0,
0025d6e2-f31d-4946-bd2e-399b3d780032,4.64,-0.0,0.5949,0.07564,0.0,
00262a88-5cb4-4aa8-9fdf-69623884549a,7.0,-0.0001,1.0,0.13061,2e-05,
00263b57-fd17-41c1-8337-348b20b7940d,3.96,0.0,0.872,0.1309,0.0,
00266c1b-fd35-4c7c-ab72-a5705587d439,9.32,-0.0003,1.0,0.09837,1e-05,
0026d102-0e94-4188-bb08-86a176c30364,5.4,-0.0001,0.6661,0.06888,0.0,
0026e2b8-bd69-491b-a788-bc9aabd45403,5.68,-0.0004,0.7187,0.11453,0.0,
00277e4f-37ba-4d9d-b8c5-1ab095367f5f,3.96,-0.0001,0.4728,0.08023,0.0,
0027d458-9a95-499c-895b-aeb337750212,3.8,-0.0004,0.8033,0.09688,0.0,
00284ae0-473d-4d68-9f78-6f27f38df6fb,8.68,-0.0007,0.9996,0.10917,1e-05,
0028bdae-f2b7-4961-ae7b-fe54e7a15caf,6.28,-0.0003,0.9373,0.10808,0.0,
0028cf13-8024-486a-a53f-8cfa5278a1d6,8.2,0.0003,0.8948,0.12328,0.0,
0028d0f3-7eae-4864-b965-352c0022943b,14.64,-0.0001,0.7212,0.07483,0.0,
00299c83-1bcd-4c0c-974f-92db6698a73d,9.68,-0.0004,0.8638,0.14745,0.0,
0029a6f6-7ff6-4f60-8dd3-77435528cc0f,6.16,0.0001,0.8166,0.10234,0.0,
0029a93b-ced5-4386-a669-cea59242fad5,4.88,-0.0001,0.1527,0.01774,0.0,
002a51ad-2b93-4e1d-b475-37fb3f2cad1f,7.52,-0.0001,0.8735,0.13304,0.0,
002a5800-43b0-4a2e-9c93-8d6d2655290a,10.84,-0.0002,0.8187,0.09912,0.0,
002a592d-31df-42e5-9c8b-6fc4a2dca898,6.2,-0.0002,0.7821,0.11394,0.0,
002a9794-652d-4ee9-883f-cc7679acf47d,7.6,-0.0001,1.0,0.1365,3e-05,
002ab493-60e7-433b-9f42-545f6e75d7bd,9.24,-0.0003,0.9592,0.12422,0.0,
002ab907-c703-4365-9430-17e07ac07b91,6.64,0.0,0.9855,0.13505,0.0,
002b5e69-534b-439a-a1a4-d98ff64167bf,8.52,-0.0003,0.6646,0.08366,0.0,
002be122-75f1-4847-95f8-6af637cb9f1f,10.76,-0.0001,0.8622,0.10057,0.0,
002bf713-f34d-4081-b1cf-5a32d4d7e898,7.76,0.0001,0.9089,0.14603,0.0,
002c1875-d043-461d-8fd2-8a360839fa55,7.59,-0.0,0.9957,0.13819,0.0,
002c18f1-08d3-4eb0-85ca-9401cfbe2a2b,7.92,-0.0003,0.8417,0.1736,0.0,
002c2eaf-2144-4d31-a5ef-d3fc97e6d59d,7.6,-0.0002,0.9322,0.12315,0.0,
002c4715-ce68-4eaf-917b-cf5bcf1688d4,3.84,-0.0003,0.7446,0.11156,0.0,
002c74b7-c430-4a99-8d4f-5d08fa8fedc5,3.96,-0.0002,0.8453,0.13992,0.0,
002c9a6f-5775-44df-89ea-3abf9bf32e9c,3.26,-0.0001,0.4771,0.09443,0.0,
002ce78d-97e8-488b-937e-f3287fbad6b4,15.0,-0.0004,0.7154,0.10118,0.0,
002d2cb8-c567-4e5a-ac0f-8242f0afd710,12.88,-0.0002,1.0,0.09932,0.0,
002db1ce-a85a-4db3-8ac0-67936ebda218,8.36,-0.0,0.604,0.06309,0.0,
002e38b4-3489-42a3-b0be-836d0362d319,5.28,-0.0002,1.0,0.10837,1e-05,
002e4cdb-9210-49d1-ae19-a905d979c6a9,6.36,-0.0001,0.9487,0.09785,0.0,
002e4d73-3c63-45de-8bd0-a44fa8fdcc33,13.12,-0.0002,0.876,0.08646,0.0,
002e8e2f-ab0f-4bab-be02-0cc639ad8158,12.72,-0.0001,1.0,0.13665,4e-05,
002ebc8a-62a7-4398-b9f5-08297424b323,10.97,-0.0,0.8928,0.11302,0.0,
002ef19d-375f-465c-9cdd-48c8bb1d50cf,2.68,-0.0002,0.7441,0.11125,0.0,
002ef98c-0ec2-4e34-bb07-5fdfdd5f18e5,2.44,-0.0001,0.4877,0.09359,0.0,
002f3b1e-f140-4525-a99f-afb126b5c585,7.24,-0.0002,0.9279,0.13533,0.0,
002f71f3-d5fa-4753-a82e-a1bfc61303ab,4.96,0.0001,0.886,0.15707,0.0,
002fa5e4-3e64-4c86-8aaf-7cdbc6d66106,6.11,0.0005,1.0,0.15413,1e-05,
003079fd-9c67-4604-a7d9-8d2d64916e2f,2.0,0.0,0.8354,0.1453,0.0,
00308be6-23af-4957-bfeb-1ea8166bd6bd,10.76,-0.0002,0.8952,0.09819,0.0,
0030c448-f1ec-41b0-be08-e63a57c444a1,5.89,-0.0,0.9995,0.11376,1e-05,
00313dc2-ee6c-4164-8add-9110dcfe93b0,10.56,-0.0002,0.7191,0.10782,0.0,
0031486d-e230-4e68-8f5a-3f59e98da7fd,8.16,-0.0001,0.7776,0.08862,0.0,
0031982f-c6bc-44b0-82b6-949b2051e8e7,9.8,-0.0,0.8643,0.07148,0.0,
0031b608-93d5-41ce-83d5-e409675f1761,5.56,-0.0001,0.8337,0.10895,0.0,
0031d8af-cca0-4c1f-9de4-0c865f584feb,7.76,-0.0002,0.6297,0.07375,0.0,
0031f852-870e-4c7b-a9f6-d31d9bfc3eeb,8.8,-0.0,0.613,0.09396,0.0,
0032cdcc-81e2-4d59-b610-016c6c5756a2,6.44,-0.0003,0.9441,0.12096,0.0,
0032e85b-d6a1-45ce-9bc6-eda54f034a2d,7.8,-0.0003,1.0,0.14761,1e-05,
0033e616-ca4a-4cbd-834f-db185cd34fdb,11.56,-0.0002,0.7849,0.0687,0.0,
00340941-9c6c-4c26-bd94-55dd51765c4f,10.25,-0.0002,0.8394,0.13375,0.0,
00340f5e-55fb-4432-a32f-503d9a4fadcc,8.81,-0.0,0.8138,0.15488,0.0,
00341fd1-4e25-416b-a48e-dd26772b980f,14.09,0.0,0.8544,0.14542,0.0,
00342155-983a-48f9-9e6d-72897b0add85,8.88,-0.0005,0.8261,0.09397,0.0,
0034479c-f827-43d4-b335-68102e405b5b,7.32,-0.0,0.697,0.09266,0.0,
0034e5ef-ad65-4017-af5a-50ddc425e0fa,9.56,-0.0003,0.8495,0.10912,0.0,
0034f5bd-2bdc-49d5-bb87-67640532b6ac,2.36,-0.0001,0.7297,0.124,0.0,
00356a6c-720d-4734-b0f6-4c83da5138a1,3.16,-0.0002,0.6956,0.07561,0.0,
00359443-a336-4b20-9800-bbd11007080f,12.31,0.0,0.8467,0.13878,0.0,
00359b6f-4ab4-4f6a-9b7e-085e6d8d2b1d,4.69,-0.0001,1.0,0.18958,1e-05,
0035b37e-3cd5-415f-903c-4de4fb9fd306,11.96,-0.0002,0.9597,0.09653,0.0,
0035c559-adef-4e17-a53f-3764cd596ff4,10.6,-0.0003,0.6891,0.11478,0.0,
00367a9c-adc7-402c-8f96-b89cb82ad0e5,3.72,-0.0005,1.0,0.16831,2e-05,
00368f4a-ab7b-4aa8-bc26-416c3558227b,3.82,-0.0,0.2538,0.03784,0.0,
0036d875-8e4c-4318-9136-78daf69c0283,6.88,-0.0,0.8543,0.1516,0.0,
0036dd03-fe11-4e64-b20b-71d33466c481,5.68,-0.0001,0.989,0.15342,0.0,
00370724-5b67-4c3a-bf6f-a4e754393668,16.0,-0.0,0.8713,0.15111,0.0,
003762ea-6192-4e1b-b955-f17b91e23845,14.4,-0.0002,0.5374,0.06011,0.0,
0037af08-d8e9-4725-b09c-34880818d7ae,10.53,-0.0002,0.8813,0.13967,0.0,
0037d370-9653-49d6-9b76-1704eefc9e76,3.44,-0.0001,0.6495,0.09521,0.0,
0037f9d0-2d6b-4047-ab02-38e22c19bc62,10.84,-0.0005,0.807,0.10887,0.0,
00382414-c2e6-404e-b8dd-c511b4fade13,6.88,-0.0001,0.9969,0.13854,0.0,
00383a00-cab3-4ab0-adcf-1ab80d996ffe,11.58,0.0,0.8615,0.14231,0.0,
0038622a-48a1-4217-a3a3-961275c73b0d,7.32,-0.0003,0.7477,0.1075,0.0,
003870e0-b7dc-4b5f-a67b-7f7e4393d837,12.56,-0.0,0.8499,0.12812,0.0,
00387f48-890d-4599-9a7a-322a3d4da58d,11.44,-0.0003,0.7519,0.09129,0.0,
0038df9c-9ab4-493d-b4cf-cad81706c332,5.8,-0.0,0.6501,0.11348,0.0,
0038f486-0ea2-4547-9ef7-49b6c4899d67,13.36,-0.0,0.8455,0.13543,0.0,
0039606c-966e-4ac9-89aa-e08d00efff9c,5.6,-0.0003,0.9561,0.1193,0.0,
00398dc8-cb26-4c1e-9df7-6136f0f612b2,12.32,-0.0002,1.0,0.12821,1e-05,
0039ff93-2cc7-4fb6-a9b7-70a749bb9aad,11.47,0.0,0.8415,0.13653,0.0,
003a67c4-d42c-421f-9d42-c11f99356bba,12.09,0.0,0.8706,0.1196,0.0,
003a8732-5cb4-47da-9f7d-19f93fe28915,5.6,-0.0001,0.8192,0.11484,0.0,
003ab093-41fd-4397-8434-8631150407f9,2.45,0.0,0.9987,0.11861,0.0,
003abb95-27a2-4736-977d-eb2f3d8cc636,7.76,-0.0,0.9928,0.13982,0.0,
003ac3d8-d798-4b56-9dc1-e1fa333da5ee,15.0,-0.0002,1.0,0.12573,9e-05,
003ac4de-a31a-4615-89df-2afc538a2373,2.44,-0.0003,0.9855,0.13504,0.0,
003ac71d-20a7-4575-8b5f-c2d4c4da4c72,8.0,-0.0,0.6685,0.07825,0.0,
003ad086-f481-49d5-90a3-bfb1cf4347e7,7.04,-0.0001,0.8464,0.10982,0.0,
003ae4c5-df8a-4405-90ba-3e89c5cdb3bc,4.24,-0.0009,0.843,0.12017,0.0,
003b636c-2a39-424d-b75e-9686aa3b3aba,6.0,-0.0002,0.7473,0.13569,0.0,
003b72e6-249c-4e21-bdb7-181d891b92da,11.16,-0.0002,0.7203,0.07965,0.0,
003b8c15-72d7-4634-829f-41514ae6cb19,9.36,-0.0004,0.8703,0.13975,0.0,
003bbbeb-5942-4b4f-9b4c-19abe8cb8ae5,9.0,-0.0001,0.7756,0.09327,0.0,
003be31d-04f5-4fb9-a805-5057d88d489d,4.52,-0.0001,0.6477,0.07312,0.0,
003be661-4aae-4b77-9f1d-b640e9be4f0b,4.24,-0.0003,0.6448,0.09781,0.0,
003c345a-d29d-4dd7-9b2d-9fb5c2ce1e89,7.96,0.0,0.8039,0.11545,0.0,
003c40e7-ad7a-44ed-8796-1e10f2d4bd7c,3.56,-0.0002,0.7903,0.13256,0.0,
003c6cfb-ce61-4041-9797-2a5c01a960c8,8.0,-0.0004,0.6741,0.09841,0.0,
003cf18b-2663-4c2d-9328-13ca6a2cc2a3,5.36,-0.0007,1.0,0.15691,1e-05,
003d0c7b-9cf3-4419-ae87-349c198833c1,7.4,-0.0001,1.0,0.12241,1e-05,
003d17d2-7640-4001-918e-2df490bbd9a8,12.42,-0.0,0.8428,0.12667,0.0,
003d3882-0f37-480f-8536-ae0d4a9d9fa1,4.72,-0.0002,0.799,0.11899,0.0,
003ec730-80fd-4102-b48c-cfd0a6adee34,9.76,-0.0005,1.0,0.14539,1e-05,
003ed3ce-6874-4795-9292-5d675fcf3132,5.55,0.0001,0.9962,0.14761,0.0,
003fd670-0d8a-4634-a1ad-c1e5e9b05e26,8.56,-0.0001,0.9399,0.09611,0.0,
003ff3c2-43c1-42b3-a36d-39d1386734f1,5.8,-0.0002,0.5899,0.08381,0.0,
00405df5-f4c4-4d62-b6fb-190eabf764d7,2.52,-0.0,0.7564,0.15886,0.0,
00406c65-e435-4403-bcad-2669c54637be,5.04,0.0005,0.9855,0.13897,0.0,
0040b14c-4f41-496e-94b5-c55917927a00,3.42,0.0006,0.6689,0.14116,0.0,
0040fda4-43dc-4c5e-bd85-82b6c801a64b,8.72,-0.0001,0.9899,0.09949,0.0,
0041196e-0c02-4d36-82b4-c656c943f795,10.16,-0.0003,0.8339,0.13326,0.0,
00415988-4b83-475a-956c-470e344f1aa1,4.56,0.0001,0.8819,0.15148,0.0,
00417843-d72b-46a1-9b25-ac8d0f17e8c5,13.81,-0.0001,0.9503,0.12975,0.0,
004193a1-ef5e-4a66-9b51-b39de26c9dcb,8.32,-0.0,0.6807,0.07364,0.0,
00420727-9b4b-4a8e-9569-c74eae93d6a7,11.91,0.0,0.8608,0.14542,0.0,
0042253f-7024-468b-bdd3-9fb1c500c8ea,11.44,0.0002,0.8732,0.1262,0.0,
004233de-1ece-4d92-a95f-231a394d993b,9.08,-0.0,0.8881,0.12945,0.0,
00430ce6-7502-416e-927b-53a3f185a0e2,7.48,-0.0003,0.8721,0.1142,0.0,
00434f52-632c-4e96-91fe-72d30adbbd02,16.0,0.0,0.871,0.14888,0.0,
0043a36c-f8ab-491c-b11e-73ed93049b54,4.36,-0.0002,0.7307,0.09015,0.0,
0043c465-71a9-488e-bb23-0db84b5330e6,8.84,-0.0002,0.8308,0.1361,0.0,
00448d10-5427-4b50-9fad-63574d3efd38,4.4,-0.0004,0.6889,0.09079,0.0,
0044a2d2-abb1-4f2e-b347-052e7c70e763,4.96,-0.0004,0.9135,0.13939,0.0,
0044b184-5200-4204-9265-183f6f6ffb7a,7.4,-0.0,0.5194,0.06085,0.0,
00450432-d958-44b6-8f3d-1782eb646237,7.2,-0.0,0.9339,0.10183,0.0,
004505de-d55f-49fa-a01e-8f879cc52609,4.6,-0.0,0.7489,0.08273,0.0,
00454388-5f3d-4b28-ba96-907cd14ecd7b,4.36,0.0002,0.9904,0.12748,0.0,
004557da-dfa3-4a0d-b719-c0539b529b60,6.56,-0.0002,0.6101,0.09249,0.0,
0045d4d1-fa49-49d8-8664-7ea32d5a63ee,4.75,-0.0,0.4803,0.07555,0.0,
0045fc3c-9690-486b-a1e0-cf27447be0a7,4.84,-0.0003,0.9746,0.18887,0.0,
00461d90-887e-4ce2-af6a-1bcde0b23549,10.6,-0.0001,1.0,0.1368,1e-05,
0046b3cb-d5cb-4fe4-96ee-405362b13ec8,4.84,-0.0001,0.8459,0.05885,0.0,
0046c4d6-93ae-4a6b-84fe-fa926e2b735c,7.92,-0.0002,1.0,0.08863,1e-05,
0046f6d8-4036-4c69-84f4-a05ff8dfc559,5.96,-0.0001,0.7652,0.10659,0.0,
0046fa14-be3b-4f7e-bcf7-d6d98d1dcbcc,3.76,-0.0004,0.666,0.11686,0.0,
00470190-1eb1-4b84-9f54-1d8069392876,11.24,-0.0001,0.8775,0.12078,0.0,
00473abb-187e-42d5-bbeb-e9620dfe79f5,5.8,-0.0004,0.7241,0.06929,0.0,
00478079-c51b-4512-9967-a4376ba27f03,8.88,-0.0001,1.0,0.14009,1e-05,
00479e9b-af2c-4842-a784-ce7cddc4de1e,10.71,-0.0,0.8454,0.13327,0.0,
0047ddde-3d10-4cca-b7f2-b4b1700698ac,3.68,0.0,1.0,0.15621,3e-05,
00480e9d-1952-41f3-98d4-279e46650f39,8.2,-0.0002,0.9387,0.1109,0.0,
004812be-d3ac-4c31-8639-094a6ee9e738,5.36,-0.0006,0.7677,0.14029,0.0,
00481f07-388e-49a4-90c2-b59ea982b455,7.76,-0.0002,0.7473,0.08073,0.0,
0048dab8-238b-41f2-bb1e-ba37e261312e,8.56,-0.0002,0.8362,0.11618,0.0,
0048e36e-9424-486c-a709-99ecd2d527ac,12.32,-0.0002,0.8865,0.11643,0.0,
004903c2-adb1-41c4-8b10-5f54307dec7c,2.52,-0.0004,0.7435,0.13383,0.0,
00493a31-5a7e-4bd9-bc13-7aa4c14372a2,6.16,-0.0006,1.0,0.139,1e-05,
00494bda-3594-478c-9bda-9a825ec7c10c,7.96,-0.0003,0.9077,0.11546,0.0,
004953bb-349e-4f35-b9e6-ca50cf0fb1b1,7.96,-0.0,0.7992,0.0932,0.0,
0049e736-5ce3-4771-9762-da41ef967f0e,5.08,-0.0003,0.8366,0.08635,0.0,
004a5741-f825-4d80-a5ee-4bf4d3301fcb,6.49,-0.0038,1.0,0.10295,1e-05,
004a59da-b285-4d8b-93d1-1610a84262d7,11.72,-0.0002,0.6397,0.10024,0.0,
004a651d-38cd-44a2-9a23-befa3b90b794,11.63,-0.0,0.8545,0.1262,0.0,
004a8f5d-3fce-4f52-a086-fe8df18935a0,4.72,-0.0001,0.9368,0.12162,0.0,
004aa4b2-0f31-4212-9420-2c1fd475b48f,5.64,-0.0005,0.5259,0.08199,0.0,
004ac266-1bf6-4174-a1d5-b136d1feed0a,5.44,-0.0002,0.8607,0.11201,0.0,
004b0e97-3544-4931-bc08-87791397684c,7.94,0.0033,0.9866,0.11296,0.0,
004b0f9e-b4bd-4256-8000-105d89d5133c,4.72,-0.0001,0.6915,0.1136,0.0,
004b1bb1-3ee4-409a-93ca-aeaf35eca263,3.56,-0.0003,0.7775,0.10563,0.0,
004ba3fc-cc66-4234-b0cd-a8fb266085e0,7.52,0.0002,0.7017,0.09271,0.0,
004bb766-40c7-4731-b04f-94ba40ccf50d,6.91,-0.0,0.9735,0.11758,0.0,
004be0e6-c3a4-4453-9b7c-e03c7b931131,4.52,-0.0001,0.552,0.07374,0.0,
004c384b-6753-41a1-b4ee-d4ecd4595ef6,8.08,-0.0005,1.0,0.17941,1e-05,
004c4b9b-215c-43a6-96e4-a73a417f0837,3.68,-0.0002,0.8551,0.11878,0.0,
004c4d24-76f8-44d6-9de7-9bb57240d4eb,4.04,0.0,0.8163,0.10808,0.0,
004c4f7d-f942-4f5d-90c8-6cfef8e2b23e,12.76,-0.0001,0.8768,0.15527,0.0,
004c9955-4411-4f43-8cc1-7d1a6aa70dfb,14.04,0.0001,1.0,0.12763,0.0,
004cfa7f-5c90-4bde-97ea-11391da368f1,5.92,-0.0003,1.0,0.17145,4e-05,
004d0cca-1daa-404f-b9e4-203db4d2e515,6.48,-0.0002,1.0,0.14006,1e-05,
004d85b3-63e6-48ff-b42c-bb1da691c8d6,4.15,-0.0,0.8668,0.15434,0.0,
004da371-b9b2-4d7b-8cb5-52b945040d11,13.06,-0.0,0.9117,0.13407,0.0,
004da9b4-23e1-4bd0-a217-79206f2d983b,5.96,0.0004,0.8843,0.14229,0.0,
004dc048-f056-4f73-bbeb-37cfdbbea9ce,7.8,-0.0001,0.9025,0.14862,0.0,
004e5b21-c153-423c-a6e2-7c75b31bf2f0,13.76,-0.0004,0.7865,0.122,0.0,
004e6c90-ea66-4266-915b-765f6bd5c571,4.52,-0.0003,0.8197,0.10388,0.0,
004ea599-7015-4a94-8ade-4dca346f6321,16.0,-0.0,0.8793,0.15777,0.0,
004ed148-7f38-45b4-a363-56213917518a,5.72,-0.0,1.0,0.14246,1e-05,
004f1176-795e-406e-bab1-eadb05422ab6,4.4,-0.0001,0.7226,0.0958,0.0,
004f9477-09e5-4221-a3bb-3fa04a724539,4.88,-0.0004,1.0,0.13499,1e-05,
004fa669-c006-4e6e-9ac8-b403fa3f4597,6.4,-0.0002,0.7456,0.12346,0.0,
004fd55d-e90f-4218-b7e3-201ddfb41bb8,7.28,-0.0008,0.9973,0.162,0.0,
004fe277-9e7f-492a-839c-1c2e2e87540b,7.44,-0.0003,0.7003,0.10743,0.0,
004fe645-3d07-40de-8796-3ceb5ac82c15,14.36,-0.0005,1.0,0.10638,0.0,
00508a28-c329-4c3c-ac82-97721e847c4b,7.2,0.0,0.7131,0.10818,0.0,
00509fad-a137-4f99-87d8-1dbcb62e0d53,8.04,-0.0007,0.9606,0.12043,0.0,
0050b4ad-150e-40b8-8447-8304a66f6691,7.12,0.0001,1.0,0.1615,1e-05,
0051059a-ef2c-46be-9d21-4499a537d092,7.4,-0.0,0.8806,0.11948,0.0,
005113cc-f4cb-4957-aeeb-07b2dbad03b7,12.95,-0.0,0.8641,0.13461,0.0,
005142c4-6897-4f8f-837e-87e0e9d35556,9.83,-0.0001,0.8428,0.12867,0.0,
0051d062-4f45-404b-a7e1-06b03b77376e,10.38,-0.0,0.8764,0.10929,0.0,
00523553-cc90-48b4-9b87-70660216dd75,10.56,-0.0001,0.9991,0.11061,1e-05,
00524bf0-f41e-4f2b-87c5-8e008c6687c3,6.32,-0.0002,0.8873,0.12445,0.0,
005289c0-6b35-4829-8fa2-787ebb1a1b67,16.0,-0.0,0.869,0.14921,0.0,
005293ec-f8b8-4851-bb28-51b604542257,3.92,-0.0,0.2051,0.02796,0.0,
0052f0c7-6f5d-46bd-984f-962daafab6b2,3.2,-0.0004,0.7221,0.10931,0.0,
00533c82-2817-4539-8914-0477b6c09e15,11.84,0.0,1.0,0.13737,1e-05,
0053aa46-1a98-4e29-a0d5-270f37595d53,6.72,0.0002,0.9982,0.10942,0.0,
0053e9df-8c17-4a15-979c-d5f08fca3e58,11.22,-0.0,0.859,0.11432,0.0,
005459b0-303f-491b-af50-7c3c1b0aead1,11.0,-0.0001,0.8322,0.0786,0.0,
00547fa8-218e-4b26-a63d-e0996dc616a1,4.12,0.0001,0.8864,0.1149,0.0,
005490ac-d3a9-456b-8a69-f3c39682f0dc,7.17,0.0,1.0,0.17025,1e-05,
0054a5c4-4b2a-4917-ad3f-9efe5c63d1c9,3.73,-0.0002,0.4245,0.04887,0.0,
00551893-e7b2-48c7-b8d0-1ea1c2273b1e,2.08,-0.0001,0.7167,0.09931,0.0,
00552f6e-056e-471e-8218-c90a0fdcb286,6.44,-0.0002,0.6487,0.09013,0.0,
0055b2d0-9fce-420e-a17d-b4c0924aaaf6,8.48,-0.0003,0.6717,0.07393,0.0,
0055c906-7c4a-4648-b589-05adf8c0e64c,10.32,-0.0002,0.9328,0.11887,0.0,
00564f28-57c0-479c-b4f0-342fc77c6f21,7.1,-0.0,0.8417,0.1315,0.0,
00574ae1-75d7-40dc-8eae-fcd109055d87,4.96,-0.0005,0.8534,0.12399,0.0,
00579a83-0c4b-419a-a20b-fb532d14a9b6,4.08,-0.0002,0.9419,0.11672,0.0,
00579c84-f7ad-4507-993c-0f2c3c4fb0af,9.36,-0.0004,0.9659,0.11082,0.0,
00579fab-4341-49dd-a78b-69b8391467fd,11.2,-0.0004,1.0,0.13869,1e-05,
0057a800-1f7a-4d85-8b38-30bfca66291d,5.8,-0.0002,0.9154,0.1008,0.0,
0057a94c-84b7-4388-85ef-912256cd38b1,4.35,-0.0001,1.0,0.15938,1e-05,
0057a996-09e5-485c-8a47-534c23acdbd6,8.56,-0.0002,1.0,0.1125,1e-05,
0057f6a2-a8f5-479b-93aa-195db06ebc6c,12.68,-0.0003,0.9017,0.11339,0.0,
0058737c-4c5c-40f3-9076-b2fb5fc9e4ea,7.48,0.0,0.8716,0.12632,0.0,
0058a80a-20b5-4387-932c-66835d0fa25d,13.76,-0.0,0.8414,0.13059,0.0,
00590487-bd88-44f0-a390-9887bb82e915,5.6,-0.0,0.6993,0.08094,0.0,
00590bc9-e8a0-43d4-ab74-a63f45deb805,15.08,-0.0002,1.0,0.15708,0.0,
005918ad-9829-4c94-9b65-3efdaf7991ec,4.72,-0.0,1.0,0.16193,1e-05,
0059284c-b235-430a-aed5-4860005d7bff,8.44,-0.0001,0.9605,0.13732,0.0,
00592a58-9e3c-4ba6-8b92-4729b11638b0,5.08,-0.0002,0.6881,0.1001,0.0,
00593b7e-1d7c-4559-b498-70c22cbd9ddd,8.12,-0.0001,0.716,0.08345,0.0,
0059613d-16f1-417a-8026-decc3e757813,5.48,-0.0001,0.9022,0.10396,0.0,
00598e66-95f5-4406-8df9-5ed4df729e12,13.02,-0.0,0.8491,0.14096,0.0,
00599221-ad8c-4d09-9135-b7c4bd35744c,4.76,-0.0001,0.6822,0.08162,0.0,
00599b06-258e-4d32-ab34-ce5d50366941,11.48,-0.0,0.9245,0.13761,0.0,
0059c16d-85ca-4621-b8eb-cc4b229ee6d6,5.44,-0.0002,0.882,0.08033,0.0,
0059cdd7-8e21-49d1-bbcb-743bc1a8f9af,6.36,0.0,0.6134,0.10641,0.0,
0059e2d5-eb8e-42b9-bf8f-066159d96233,2.62,-0.0009,0.9793,0.08959,0.0,
0059f316-3bef-40f3-924e-9dd76942ce72,7.56,-0.0005,0.7645,0.13058,0.0,
005a8dce-5b28-4475-9cb6-b50bec1f1771,8.52,-0.0001,1.0,0.14763,4e-05,
005accaa-69c6-4df0-8067-ebee0bd96d87,11.31,-0.0,0.922,0.1288,0.0,
005ad1f8-a1dd-451f-8e0b-1f98ba0f2266,11.08,-0.0002,0.9989,0.11121,0.0,
005b0b72-bc2f-4ab3-bdc4-57a61c9fb920,6.08,-0.0003,0.8647,0.12687,0.0,
005b94e6-60f8-4c96-bc22-0fdca63618de,9.84,-0.0004,0.8184,0.13124,0.0,
005c0e01-bed8-48bf-bfe6-bdfc0ff8275a,11.0,-0.0004,0.8321,0.1335,0.0,
005c780f-e996-42f5-8119-c319135d8152,4.04,0.0001,1.0,0.14137,5e-05,
005c8f28-5ffb-49ee-8659-9f04f98f651b,6.64,-0.0001,0.9225,0.11742,0.0,
005d15f2-6d6b-44e7-abc0-8c64f1a593a2,4.92,-0.0006,0.8213,0.11621,0.0,
005d1d45-27d5-4f69-b6cb-faece4292e28,12.48,-0.0001,0.8439,0.1439,0.0,
005d6cec-8e3e-4288-9833-80886172f39d,8.62,-0.0002,1.0,0.13672,1e-05,
005d7a4e-4e34-4d00-9ab6-189d66df5db7,9.84,-0.0004,0.5575,0.07887,0.0,
005d8628-6284-44db-b07e-3b8599253abc,15.71,-0.0,0.856,0.11211,0.0,
005d95c0-44d2-4c3e-8a19-5685dbeb1e94,7.49,0.0,0.8441,0.15471,0.0,
005d9db5-18a4-4ed6-85b0-c85985716b49,7.48,-0.0002,0.8512,0.12725,0.0,
005da57e-8b7c-4cee-a70a-6d0647a2dbc3,7.48,-0.0004,0.9726,0.11984,0.0,
005defc6-afd5-4152-97f3-ee455adb4d32,7.56,-0.0,0.8189,0.1309,0.0,
005e0169-463b-44b5-8dd0-5e024c6f8181,4.28,-0.0005,1.0,0.15605,1e-05,
005e2783-9d7c-46b8-b744-a20094500c49,9.16,0.0001,0.9186,0.11687,0.0,
005e27f3-7dfe-4a9e-a006-22cfb46160cb,6.92,0.0,0.793,0.12608,0.0,
005e3ff0-3821-4e4b-90a6-d76b3eda7b57,3.52,-0.0002,0.9999,0.12375,2e-05,
005e6fdc-d130-48dd-8351-9e002fa987fd,9.16,-0.0001,0.6459,0.08343,0.0,
005e898b-1a84-4989-805a-3e0e0684a407,3.05,-0.0,0.2281,0.03027,0.0,
005e91a0-15b2-449f-920f-7395afb03c97,7.44,-0.0004,0.9873,0.10498,0.0,
005e9af9-14fa-42e6-b670-f50789571d3b,7.48,-0.0003,0.9576,0.13016,0.0,
005ea026-5635-40a6-b164-d8e50a4d20fa,9.44,-0.0002,0.9504,0.12449,0.0,
005ef3d8-eaa5-4668-9f6a-5715ce93c6c2,3.4,-0.0003,0.9384,0.10201,0.0,
005fedae-ebd7-4dc0-8a58-1ace7e16f50a,4.08,-0.0,0.6859,0.09934,0.0,
006035fb-c921-48be-8dc5-1629cfd44d0a,8.52,-0.0002,0.645,0.08954,0.0,
006043cc-b38d-4b5e-b2ca-f4f41de53223,6.36,-0.0004,0.9123,0.1402,0.0,
006048a7-e7bb-490c-990f-6fcc5e35da16,8.6,-0.0001,0.761,0.14354,0.0,
00609064-761f-4101-be97-a83dd66f4d66,6.36,-0.0002,0.8353,0.11854,0.0,
00609adf-55ec-4b95-ad0a-685aa9096a80,12.04,-0.0002,0.9982,0.12699,0.0,
006176e4-627f-42f1-801c-3bed1493ada3,10.76,-0.0004,0.8369,0.12676,0.0,
0061a71e-f996-4a99-8382-dad838f4246e,4.72,-0.0002,0.7791,0.13566,0.0,
00623d30-bbaf-4652-881d-52b356726a77,7.96,-0.0001,0.7148,0.10652,0.0,
00626d08-cfda-4408-a665-e39b8d6b944c,3.72,0.0001,0.8408,0.14658,0.0,
00627eba-7475-4527-956e-20383862d4d2,6.52,-0.0002,0.7752,0.1128,0.0,
0062b4fc-d9cd-45ef-94c8-99b241bf08c3,8.6,-0.0003,0.9903,0.10748,0.0,
006303f4-b70c-4175-9d97-b7b75f5bcef8,5.32,-0.0001,0.8825,0.15968,0.0,
0063a480-6bd1-4303-ae20-8ae861b51a79,9.84,-0.0005,0.8472,0.11612,0.0,
006411b8-b95a-404f-a2d5-cbe4308f869f,6.72,-0.0001,0.9794,0.13009,0.0,
0064135a-32d1-4376-aaec-6b20d4d4a544,7.84,-0.0005,0.6006,0.09275,0.0,
00645d1b-9c3c-4405-b339-0c95098e39bf,4.04,-0.0003,0.8612,0.12981,0.0,
0064bd5a-f29c-4eed-b77f-ce75a7e8daad,3.04,-0.0002,0.9198,0.12989,0.0,
00653214-9a17-4eb2-a10f-e766f6ca5e4f,13.51,-0.0,0.858,0.12109,0.0,
00660fbc-bfe7-449d-be38-7f3760a118a1,2.76,0.0001,0.7754,0.14558,0.0,
0066608c-4bb8-4ff1-a7ac-56bd0f82ebaf,9.04,-0.0002,0.9145,0.11586,0.0,
00669211-dba7-4305-82fe-fa02ee11d462,14.26,-0.0,0.858,0.15011,0.0,
00671294-e570-4e2f-bfe0-92092f453015,8.33,-0.0001,0.9982,0.14474,0.0,
0067288c-9e41-47f8-8073-9c9405f64254,4.78,0.0,1.0,0.12226,1e-05,
0067756b-3dda-495e-8450-bcef274b2a65,5.04,-0.0006,0.8336,0.13512,0.0,
00679d31-7f45-4b83-a18e-23b45f18fe99,11.6,-0.0002,0.9919,0.12179,0.0,
0067e86d-f927-4b45-890e-6b4eaec334f9,9.87,-0.0,0.7655,0.13896,0.0,
0068a2aa-ade0-4f98-b820-e032e86f247f,2.8,-0.0001,0.9247,0.11847,0.0,
0068db20-21c8-4d66-84af-985e68793919,5.64,-0.0005,0.9994,0.09375,1e-05,
006901aa-b0f0-4aa2-891a-81eea54b680c,6.04,-0.0,1.0,0.07271,1e-05,
00690aaa-f9e8-403e-8f84-273323d1d8d1,5.52,-0.0001,0.8666,0.11237,0.0,
006912b1-7d87-4e89-9270-320433c9fc0c,3.6,-0.0002,1.0,0.18158,2e-05,
0069a645-0740-49bc-b47a-7f05cefa3b56,4.72,-0.0001,1.0,0.10886,1e-05,
0069acc9-769e-4ffc-ae47-47e5cd6a8770,2.96,0.0003,1.0,0.15385,2e-05,
006a0bd4-b1c3-4eec-ae46-09c8c4722262,9.88,-0.0004,0.7182,0.10505,0.0,
006a0dbc-db0a-4b62-aa9a-4f727df7a5b0,6.16,-0.0001,0.6411,0.11349,0.0,
006b1cb2-a7ab-4e57-8a8b-f0628d50b1a6,11.8,-0.0012,0.9355,0.15122,0.0,
006b20bc-0d1c-4c1a-986f-12405b579145,7.32,0.0003,0.8345,0.12884,0.0,
006c05c6-08c2-45a0-9a99-d972dd582b7b,3.56,-0.0001,0.7807,0.11155,0.0,
006c7897-29a0-49b6-ab63-bfdc9e8b7374,5.0,-0.0003,0.9381,0.13155,0.0,
006c9f34-4bcf-4a2a-b810-62ee1ce490e7,15.64,-0.0001,0.9475,0.12512,0.0,
006ccb32-76ae-46c0-b018-c7afe9de8baa,4.92,-0.0001,0.8503,0.12938,0.0,
006d43b1-0c87-48cb-8b2b-5a2cec7ee42c,5.56,0.0001,0.9389,0.12564,0.0,
006d7319-dac4-427e-ad4a-6bfb79afd83e,14.97,-0.0,0.8522,0.15093,0.0,
006d7a8d-ae0c-4c2a-afcf-3a5d96dec89a,5.04,-0.0007,0.9728,0.14663,0.0,
006d8994-65ab-490f-9e19-97dc778e4d4c,4.14,-0.0001,0.8506,0.17267,0.0,
006da259-fe42-4d9f-a609-78dd044c5bd5,9.13,-0.0002,1.0,0.11594,1e-05,
006dc22d-f3eb-4541-9fc1-d82e149d2238,3.88,-0.0001,0.8432,0.1075,0.0,
006dc533-9895-4fc7-a9a9-dbf8ba88afb8,8.56,0.0,1.0,0.16829,1e-05,
006e2678-d5cb-4354-b7d6-afdd2ca28e03,8.92,0.0004,0.66,0.09967,0.0,
006e4aad-c738-4883-8204-e37738c08f08,13.8,-0.0003,0.9117,0.12517,0.0,
006e51e1-adaa-4afc-b0c0-7e17defc0359,5.08,-0.0003,0.9789,0.10628,0.0,
006ea98c-7b7d-4005-bf5d-a85f75f056e9,9.8,-0.0005,0.7901,0.12384,0.0,
006eefc0-921f-494e-a170-c7e102ff169d,4.6,-0.0002,0.7375,0.11805,0.0,
006f49ad-6d04-43f3-a009-96007e8b1922,4.74,0.0,0.3885,0.03414,0.0,
006faf6e-ec1a-4bdb-8b53-e39e6c320900,12.05,-0.0,0.867,0.13422,0.0,
006fd5a4-4fc6-4cd3-b549-7ac87a2711ba,5.76,-0.0,0.3163,0.03946,0.0,
006ffa13-5fbb-4a7c-9b91-15f02a0586db,4.08,-0.0,0.7849,0.09492,0.0,
00702842-cba1-4b2a-9f94-c261bba6e2ab,5.44,0.0002,0.7471,0.12165,0.0,
007097b6-795f-4c3e-80f1-b31991d667d5,4.96,-0.0004,0.7961,0.13286,0.0,
0070a0db-a3c5-4dcd-a474-2791a3a30782,9.12,-0.0,0.8389,0.1056,0.0,
00710154-6352-423c-b192-51953a7f7a69,13.52,-0.0,0.8621,0.11437,0.0,
00712291-b635-408f-9e0b-8f1bc3dd02b6,7.32,-0.0003,0.8941,0.12764,0.0,
0071244f-eac8-49b7-a110-9d2a78cd6422,5.92,-0.0,0.8724,0.14397,0.0,
00716383-25cc-463e-94cb-be298c2001a2,5.76,-0.0,0.6478,0.08021,0.0,
007196d2-98c4-43db-95b1-028bccc43540,7.12,-0.0001,0.6012,0.08803,0.0,
00720c1c-99fc-4b6d-87d9-11da0d9ce948,11.93,-0.0002,0.8678,0.12883,0.0,
007259b6-15dd-4790-abd1-de3c07f26418,7.08,-0.0001,0.7113,0.06886,0.0,
00727f75-e8c3-4a1e-b52d-13be0dc0fc63,6.04,-0.0001,0.934,0.11242,0.0,
0072b119-4093-43b1-b528-563a21006876,8.48,-0.0001,0.8244,0.0978,0.0,
0072dce3-cc67-4d1a-a0b0-efdd1f18ee25,14.84,-0.0007,0.7646,0.12578,0.0,
0072f9d5-f144-41fe-8104-6e192750e9b4,7.6,-0.0001,0.7763,0.11013,0.0,
007302c3-000b-422d-a825-def38f526d39,6.76,0.0001,0.782,0.11481,0.0,
00731c08-dfe4-4756-9282-db53568cae41,4.48,0.0,1.0,0.12775,1e-05,
0073a353-100f-4d5d-9e6e-04963d261748,9.56,-0.0006,0.9186,0.15633,0.0,
0073c5dd-08a8-4752-89bd-b5c0518fce42,6.04,-0.0003,0.706,0.12354,0.0,
0073cdd9-027d-4a38-92f1-876e05bb2c23,6.36,0.0002,1.0,0.15097,4e-05,
007426c3-71c2-4dda-ae22-8d326207153a,16.0,0.0,0.8428,0.11569,0.0,
007480f4-bb2c-4b6c-8f2a-c524848e8bf9,6.16,-0.0001,0.8549,0.0911,0.0,
0074bf57-fb62-4a49-b9fc-a352b7ca846b,4.56,-0.0002,0.7942,0.09313,0.0,
0074e2b0-694d-4ece-9f2e-e2914d804500,12.7,-0.0001,0.8442,0.13383,0.0,
0074e38d-014f-42e5-ac01-403ee9e98fe6,12.44,-0.0004,0.9884,0.14238,0.0,
0074ff02-2574-4409-af5f-959be126395d,12.58,0.0,0.8483,0.1049,0.0,
007535b5-d422-49ea-9855-0b3ca78413ac,10.96,-0.0005,0.9239,0.12766,0.0,
007566ce-4a44-463a-a3b4-990133faa28a,4.52,-0.0004,0.6579,0.09525,0.0,
0075c292-ce0f-44b8-812a-cc8d99a3eafd,7.24,-0.0004,0.8972,0.15082,0.0,
0075cda7-637f-4b6a-a3a8-df2337057743,4.16,-0.001,0.9998,0.11147,2e-05,
00765a61-1144-4f75-b7a8-e04c90d292c0,9.27,-0.0,0.8487,0.14301,0.0,
00765f90-01d9-4529-8afc-29ca16d08b4c,5.96,-0.0,0.8167,0.11634,0.0,
0076939d-5b6e-4e83-8fa3-bc5a521cf251,4.6,-0.0006,1.0,0.15275,1e-05,
0076acfb-0afc-4ab2-b0c2-63c2af5c2140,7.58,-0.0,1.0,0.09058,1e-05,
0077fe66-8d93-4249-aef2-f0d29bf5ac16,12.0,-0.0001,0.8532,0.11714,0.0,
00780a3c-f237-4e98-86be-d16ad5e1ac71,4.24,-0.0002,0.9522,0.14401,0.0,
0078e0d7-259a-4bcd-96ff-313403eb5b18,2.36,-0.0001,0.9516,0.09024,0.0,
00792021-bf05-4ef5-8389-8fed86c5de4f,8.6,-0.0,1.0,0.15759,1e-05,
00793376-646f-4a29-91ec-3ec366d915b7,11.72,-0.0004,1.0,0.19616,1e-05,
007979fa-f0aa-4491-b9a8-a8c7f554cd65,7.24,-0.0003,0.8596,0.10687,0.0,
007986fc-2424-444d-bc48-981d92406ac0,11.27,-0.0,0.8759,0.16263,0.0,
0079e9be-f175-4a13-be30-7eddea6bf755,6.72,0.0,0.9279,0.11603,0.0,
007a0e5b-a212-4cc3-82d4-e028d0315913,5.46,0.0004,1.0,0.21211,1e-05,
007a67e9-19b4-4700-857f-2bb74aa6711f,10.72,-0.0003,1.0,0.12684,1e-05,
007a8f02-097e-4495-aeda-8af84626175f,11.97,-0.0,0.8441,0.13126,0.0,
007accfe-db88-49ab-a005-c284b0abeda1,5.72,-0.0002,0.8127,0.12022,0.0,
007b0e19-684c-420b-bcaf-b3b72f4d720d,3.6,-0.0,0.3515,0.04272,0.0,
007b6e26-5ca0-4df3-835d-1d6afe6bfa3f,7.4,-0.0003,0.6987,0.09207,0.0,
007b9ecd-ce91-49b0-9aa3-9ee9ab1f985a,3.8,-0.0001,0.5898,0.1083,0.0,
007ba1b3-54bd-40e0-8e58-02d553ae7c85,4.12,-0.0002,0.8532,0.12515,0.0,
007c154d-1023-4e46-979c-5c157cb15ab4,7.84,-0.0,0.942,0.11814,0.0,
007c6ab7-068b-4eeb-850c-19ebdbb1e175,14.2,-0.0,1.0,0.14082,0.0,
007c77a0-342d-4675-95ee-d89dfdf6dd8e,13.28,-0.0,0.8517,0.1078,0.0,
007c8335-2a41-4e9f-bb11-32fa1050fe4f,11.78,-0.0,0.8419,0.14165,0.0,
007cb524-b7c7-4836-aa6f-c9f886e6b424,8.13,-0.0,1.0,0.07341,1e-05,
007d0a60-c7d2-4bbc-aa17-b7386f7dd16f,6.92,-0.0001,0.5468,0.06945,0.0,
007d1134-ca26-4d0d-bab6-ac13f00655f0,8.88,-0.0004,0.7871,0.11613,0.0,
007d7538-17f2-4954-b4f1-c049261f2a27,13.0,-0.0001,0.8092,0.11066,0.0,
007dc59f-81be-45f8-af49-08a5f50d0c30,10.12,0.0001,1.0,0.13856,1e-05,
007e4e1e-1f03-49e1-bc57-6a18af8bda73,5.84,-0.0,0.6528,0.09648,0.0,
007e814d-f5f7-447a-a61b-3c8efd8f34b5,15.13,0.0,0.8729,0.10888,0.0,
007eceef-9a7a-4e8f-ae93-b7c1b081e652,5.6,-0.0,0.9474,0.14041,0.0,
007f4896-9c37-4cf8-a487-9fad12efa1a4,13.24,-0.0002,0.6569,0.08286,0.0,
007f6459-9d8b-4034-acbb-0bc246308d96,8.56,-0.0001,1.0,0.15611,1e-05,
007f8aba-087f-4a3d-a572-5c3e1eed9bd6,3.02,-0.0003,0.4415,0.07016,0.0,
007fa96d-9393-4e60-ae5e-b7aca9955507,5.08,-0.0001,1.0,0.1175,1e-05,
007fd92b-0378-4251-9923-403cd5b1401f,4.28,-0.0,0.8829,0.13848,0.0,
0080194d-f067-4c31-9f97-4b1c8feb5b76,4.31,-0.0,0.278,0.02871,0.0,
0080299f-1aaf-478d-8fb9-ceaba50e7486,14.96,-0.0004,1.0,0.16252,0.0,
00805b83-6f71-42d0-9395-421602e3730d,10.04,-0.0004,0.9651,0.17139,0.0,
00808c65-041a-4c01-9610-2bd525fc21ce,8.56,-0.0002,0.9092,0.1236,0.0,
0080d20c-c891-4172-bf68-b1b331d6c9f5,5.2,-0.0003,0.7099,0.09672,0.0,
0080ee35-1bcf-4658-bc69-810a2a5e3d6b,6.28,-0.0001,0.8456,0.11698,0.0,
00815ad6-e541-46b5-9188-3912b2ccccd0,4.84,-0.0004,0.6726,0.09414,0.0,
0081c16e-01c5-43aa-8665-cd22d0c0665a,4.92,-0.0002,0.669,0.09473,0.0,
0081f7de-c0e8-478a-9a85-2834c557391d,9.04,-0.0001,1.0,0.12792,1e-05,
00820cff-6919-4269-a80a-b38be2b4de22,11.43,0.0,0.8418,0.11058,0.0,
008238c2-be4a-4f52-a1d7-ebd1991b3f79,11.12,-0.0003,0.6562,0.07325,0.0,
00824ea3-b138-4e5f-8aa7-ed44926172d5,6.84,0.0001,0.8591,0.14722,0.0,
008280cc-226e-4ae4-a466-7669bcbbed89,6.6,-0.0002,0.5731,0.07077,0.0,
0082be85-3c82-4f45-b7b6-6be8becb7990,4.76,-0.0007,0.7774,0.13229,0.0,
0082bfb7-6450-41c8-b81f-d15c63da5bbf,10.84,0.0,0.4567,0.06833,0.0,
0082cf08-37d7-4dd7-b7c8-125dca3194fa,2.58,-0.0,0.9998,0.08291,2e-05,
00835959-f165-4d31-a34f-2d64811472fc,5.64,-0.0006,0.7518,0.15066,0.0,
0083c402-060c-45bb-9806-8f986b050a23,10.56,-0.0001,0.5862,0.09019,0.0,
0083fa99-430e-4b60-91b9-e1178d5d0e34,10.83,-0.0,0.8709,0.12054,0.0,
008429f6-00a9-432e-9132-626f34a80cbb,6.28,-0.0003,0.8383,0.14386,0.0,
00842eb0-0279-43c1-b07f-7375b8ae2baa,4.52,-0.0001,0.8261,0.16063,0.0,
00843e0e-8562-40dc-ae65-80969685063e,9.9,-0.0,0.8623,0.12345,0.0,
0084809b-12ad-4aed-aea8-3475ea5d33a2,9.39,-0.0001,1.0,0.19259,1e-05,
00849c05-79eb-4dd3-8fb5-e92f757fe227,11.6,0.0,0.8935,0.13534,0.0,
0084a8f5-0505-4441-a0a2-ba181af1bede,8.4,-0.0002,0.6861,0.08103,0.0,
0084aaf7-b6ab-4053-a952-a821c9ec122d,7.24,-0.0003,0.9991,0.14893,1e-05,
0084bd2f-c06e-4a59-9124-d247d242e467,6.88,-0.0005,0.9674,0.13749,0.0,
00853684-7057-4c70-a59f-d67403d8da70,11.04,-0.0,0.8779,0.1594,0.0,
00854924-25f6-4125-a51b-3d749c990250,5.24,-0.0002,1.0,0.18707,1e-05,
00854951-8a9c-40b2-8f12-a7772e41d005,5.6,-0.0001,0.8161,0.11294,0.0,
0085600b-1f6e-4b3c-aa86-dcb1702bc364,7.8,-0.0,0.8482,0.11785,0.0,
00858d4d-9935-472c-ac5b-6504ce4ba8ba,6.52,-0.0003,0.9989,0.12154,0.0,
00859bad-546c-4529-a63e-049d374559e0,5.76,0.0001,1.0,0.18725,2e-05,
0085a1b4-7b65-4363-b2f8-1406f7ded85d,6.23,-0.0097,1.0,0.09959,2e-05,
0085cb9c-5a7c-4d28-a66f-8d4d5464b5e8,12.16,-0.0,0.9101,0.14591,0.0,
0085db2b-ad07-45e6-b16e-1c09c5cdf782,8.44,-0.0003,0.5995,0.0801,0.0,
00861acc-a29d-484e-8ff3-c800f2ba198e,7.16,-0.0004,0.6473,0.07821,0.0,
00862e29-3818-42aa-84cc-3e9ec3c834a6,7.84,-0.0001,0.8854,0.12801,0.0,
00866d7b-878b-4663-9967-a61d3bcd5161,4.6,0.0007,0.9067,0.13183,0.0,
00867a27-bfc4-426a-9f7f-bb462efc4cf1,3.31,-0.0001,0.3811,0.06043,0.0,
0086a83f-3858-499a-bd06-dc22dd71d3a9,8.43,0.0,1.0,0.112,1e-05,
0086c115-477d-450e-a188-a180b633cf7e,3.32,-0.0001,0.8423,0.14396,0.0,
0086ec76-8e63-45da-b0ca-ca49c6b8ff03,7.96,-0.0003,0.8549,0.10528,0.0,
0087126d-51fd-4848-9715-8820c32d0b74,5.44,-0.0001,0.9425,0.09633,0.0,
00876378-d41b-4e3b-a52c-08e8d87ef698,13.48,-0.0002,0.7789,0.09959,0.0,
00878131-bdd0-4b6b-a300-1b4cc8f827d9,8.76,-0.0001,1.0,0.12329,1e-05,
0087c5a4-54be-4d5f-8fed-7f399af6ff4b,5.64,-0.0003,0.6553,0.08896,0.0,
0088ad4f-1496-419d-bf61-dba42d986988,10.68,-0.0002,0.9141,0.11869,0.0,
0088dc70-870f-4f69-af42-0ac3b8797a37,13.1,-0.0,0.8635,0.14542,0.0,
0088e3af-ab91-4b5f-b537-d828136d3fe3,15.24,-0.0004,0.8649,0.15295,0.0,
008982d3-8871-4c87-b776-be93b8d1cdea,4.24,-0.0001,0.98,0.09338,0.0,
0089f970-76bc-4dbb-874d-3a7df50f5640,6.32,0.0,0.8212,0.14677,0.0,
008a0873-1231-47a3-b42a-6ca1be591884,16.0,-0.0,0.8426,0.13176,0.0,
008a4d17-95c2-49a9-b19f-80fedfab0242,5.2,-0.0001,0.7388,0.10753,0.0,
008a64a0-976a-4fa0-ac0e-b03f7e59dd76,10.24,-0.0001,0.9158,0.1132,0.0,
008a7455-794e-4903-9bd1-a68273627a5d,13.26,-0.0,0.8472,0.13387,0.0,
008a89c3-8de0-4ac5-9728-61f6c2fbbaa2,7.8,-0.0001,0.606,0.09284,0.0,
008aaafd-b4d7-4401-aee2-63db3d38c120,4.16,-0.0,0.8405,0.10136,0.0,
008ac280-e7ec-4417-bdd5-b9edbbf0eb4c,4.76,-0.0001,0.8802,0.13411,0.0,
008adfc2-f795-4497-a50f-306cf998a984,4.08,-0.0002,0.6,0.10661,0.0,
008aed59-3a6f-4566-be87-a04c30397bfb,8.84,-0.0008,0.929,0.1601,0.0,
008af21e-7c37-4e2a-b614-ef788b65c6f2,3.49,-0.0003,0.6571,0.112,0.0,
008b1797-42fa-4d49-b919-223eed517ee3,4.6,-0.0009,0.7598,0.11685,0.0,
008b73b5-61d9-4892-a72e-bb95a3c12936,5.2,-0.0002,0.9644,0.11244,0.0,
008b7dd1-81be-40e9-bccd-36f241df2f41,8.56,0.0,0.8468,0.13292,0.0,
008bb8b6-50e2-4ae6-8203-b89ebee0a62f,5.68,-0.0004,0.842,0.11214,0.0,
008c13df-a8a2-4482-96e0-ff166c35f02e,15.4,-0.0003,0.8932,0.11541,0.0,
008c7b28-c017-4198-adc9-6ab546d6e812,3.01,-0.0,0.6974,0.17025,0.0,
008cb678-f388-4fcf-beb5-21a69ef1c75a,3.52,-0.0002,0.6827,0.10352,0.0,
008cbb35-a3e0-4431-978e-ce1829a98eea,5.63,-0.0001,0.6435,0.08027,0.0,
008cf54f-02cf-4734-8a1b-7ec4e0cdbf25,8.84,-0.0002,1.0,0.11427,1e-05,
008d2a24-622a-4710-a4d3-5d940e09e115,4.56,-0.0001,0.8492,0.12959,0.0,
008d6ef8-c6b5-4e3a-96a5-e47f6b3ea53a,14.64,-0.0001,1.0,0.14696,0.0,
008d81e8-094b-468a-9193-fdcee80f7bee,7.51,-0.0,1.0,0.13417,1e-05,
008db1bc-d645-417c-9343-37fea5020eaf,4.17,0.0,0.8397,0.17261,0.0,
008e23bb-cdc8-4b21-9816-2228202f6080,9.4,-0.0007,0.9008,0.13852,0.0,
008e95e9-1131-439d-93b4-5a921a070e34,3.42,-0.0,0.445,0.07985,0.0,
008eb08f-2fd0-4f9a-8f4b-d38707f59e2b,6.88,-0.0001,0.9425,0.11191,0.0,
008ee80d-135e-470a-8f9a-2de83633ad53,11.36,-0.0006,1.0,0.19987,1e-05,
008eed90-90f1-41ff-9851-25fd00dc1e05,7.2,-0.0002,0.6098,0.09548,0.0,
008ef7f3-c13f-49e0-a25f-436d091d40da,2.99,-0.0003,1.0,0.16799,2e-05,
008fe6ec-1ad2-47dc-87fd-0a2b67a31d37,4.48,0.0003,0.9984,0.16922,0.0,
009031db-201b-489a-8c25-d396ffe4407f,3.0,-0.0001,1.0,0.14937,2e-05,
00905e5f-088e-45d4-a841-f1acb2e01d69,11.4,0.0001,1.0,0.14702,1e-05,
00905f93-0a09-4474-878c-a2266b98944b,9.08,-0.0004,0.9747,0.12367,0.0,
009079fe-a95f-4c4f-b862-13103dd76d46,9.72,-0.0005,0.9984,0.16939,0.0,
0090a2d4-be08-4dd4-857b-0e43ca57aef9,8.96,-0.0,0.8692,0.13338,0.0,
0090bd2e-daaa-4a51-a660-a1fa339800cc,7.72,-0.0002,0.7749,0.10255,0.0,
00912771-1c00-4706-b034-991fe415c024,8.88,-0.0002,0.8552,0.11843,0.0,
00913ca1-73f4-4f58-addc-f999fed78f54,5.96,-0.0001,0.6899,0.09225,0.0,
009163a1-6a5a-4d53-b898-e0bffed64834,14.0,0.0001,0.9162,0.12171,0.0,
0091a8fb-1f77-476b-a695-0d4ed5369592,9.96,-0.0003,0.9904,0.15937,0.0,
009205bc-68e0-4da4-b2a2-3e3246133cc5,12.8,-0.0003,1.0,0.08653,0.0,
00923100-6c76-432d-9471-0373fcb2b823,5.16,-0.0004,1.0,0.13911,1e-05,
0092353b-a9db-4b82-b7e5-6b8887b0ba0a,10.56,-0.0001,0.6855,0.08677,0.0,
00923837-a3c2-4306-abc4-79d61a1d9f16,3.24,-0.0001,0.4191,0.09315,0.0,
0092bf98-0605-4ee3-a6d4-9a0200613466,11.22,0.0,0.8438,0.13882,0.0,
00931e3b-feca-4ce7-a30c-ed61d39999e6,6.4,-0.0004,0.8195,0.10194,0.0,
0093217c-7e83-4d60-8130-1ecd52ead8a7,3.06,-0.0003,0.5735,0.08698,0.0,
0093c577-45ca-4ae4-8f44-4898911e6131,9.56,0.0,0.9989,0.11595,0.0,
0093cddc-6ebc-46fd-8e55-87314378117c,8.56,-0.0001,0.9359,0.11712,0.0,
0093f21d-87de-4e62-8fce-65a6d1db0764,9.52,-0.0,1.0,0.18425,1e-05,
009422c5-9823-4f5c-bed7-dc8f559904df,2.88,-0.0002,0.7437,0.12838,0.0,
0094dba4-9ae0-4faf-a58d-fab0e8f2e8e6,6.4,-0.0002,0.8476,0.12569,0.0,
00951dd8-b31d-472a-9118-ea896a772176,7.36,-0.0001,1.0,0.12678,1e-05,
009550be-f5f9-415c-acbd-2ed40ebaa31c,6.04,-0.0001,0.9105,0.15082,0.0,
00957735-2424-4b84-94a3-fc33d3310ebc,12.76,-0.0006,0.8726,0.12507,0.0,
00957ddf-f45c-422b-b54f-62f474c2afaf,9.39,0.0,0.9962,0.15089,0.0,
0095aa5a-236b-44eb-8c84-4bfe18297771,5.64,-0.0003,0.9985,0.11608,0.0,
009638b5-fd71-481f-bd5e-56a71e665275,10.72,-0.0002,0.9378,0.12434,0.0,
0096c4b7-b408-4ac1-8525-965546066b86,9.44,-0.0004,1.0,0.13171,1e-05,
0096fa53-fc8e-424d-ad40-f5242a09e567,4.68,-0.0007,0.7304,0.10647,0.0,
009717ef-d2ed-4692-85d2-d6209387409f,12.52,-0.0001,1.0,0.12229,0.0,
0097181d-2184-4a50-82da-ffd7c7561276,6.68,-0.0001,0.9178,0.15187,0.0,
0097362b-c345-410a-a3d5-a60a80ff0e08,3.76,-0.0,0.9034,0.06282,0.0,
0097574e-3cec-402d-bd40-c96dde55def8,8.52,-0.0002,0.8998,0.12289,0.0,
0097dc59-af2a-433c-916d-c1df2ca13789,5.72,-0.0001,0.9641,0.13834,0.0,
0098afc5-8411-4d4e-8242-4ba69139377c,5.08,-0.0003,0.3636,0.05904,0.0,
0099032c-ff20-464f-b6de-68c1cbcd8a67,5.48,-0.0003,1.0,0.11633,1e-05,
00991957-e915-4dcb-b509-78066a080542,13.24,-0.0001,0.7792,0.09564,0.0,
00993c43-7e25-419e-8251-23b207560018,8.4,0.0001,0.7453,0.11542,0.0,
00997df8-13ed-48b1-a8c7-9d111fac943c,6.5,0.0003,1.0,0.12749,1e-05,
009993de-6c19-4d57-91e4-a338ef46a63b,8.24,-0.0,0.989,0.11855,0.0,
0099ac00-ed05-43cd-8e2b-e0d287c24cd8,8.04,-0.0004,1.0,0.15095,2e-05,
0099ba6d-d520-4e74-80ac-babb2a517b79,8.72,-0.0,1.0,0.14085,1e-05,
0099dabb-a577-4e04-b1a6-a78b2cc30aa0,5.08,-0.0,0.8766,0.09869,0.0,
009a69be-4c6d-48e1-9d84-f86d4dbbb3cb,11.32,0.0,0.8878,0.14933,0.0,
009aa5b7-25d9-4726-ac3e-fa54c6f0bbdd,4.13,-0.0001,0.8462,0.12372,0.0,
009af80e-2dee-454a-9e4a-23acdca9836e,10.96,-0.0006,0.8753,0.12411,0.0,
009b1193-13ab-4363-98a1-facf905b615d,2.99,0.0022,0.976,0.13408,0.0,
009b6eb5-62ef-4e69-bd3f-7c1a52df7692,10.48,-0.0,0.8781,0.13644,0.0,
009c56b9-bd2d-43aa-b938-b564abed11a1,2.67,-0.0,0.8187,0.06435,0.0,
009c9a4d-f60b-4527-bf9b-8e425b90d10b,10.52,-0.0003,0.817,0.11498,0.0,
009cefcd-53b2-426b-9648-fa52e2f9fdbb,10.48,-0.0005,0.9677,0.1391,0.0,
009cfd51-f8fd-4a4b-8a1f-4a82d49091a8,6.28,-0.0007,1.0,0.13658,1e-05,
009d1824-59ea-4703-80bd-87cde55ebab2,10.12,-0.0002,0.9964,0.13681,0.0,
009d2bf5-621b-42df-9da6-4e6cf11fbe7c,7.32,-0.0004,0.9911,0.10209,0.0,
009d676c-8eb1-4a02-b317-ed14fa4148f7,11.91,-0.0,0.8453,0.13319,0.0,
009d67d6-be33-4c64-ab2e-c4568303a2a2,9.8,-0.0004,0.8571,0.15366,0.0,
009db512-0471-463f-abbd-b8f2f137fd14,7.46,-0.0,0.8416,0.13079,0.0,
009dc906-99dc-48a8-8aa0-0a5410c437ef,10.28,-0.0002,0.7398,0.10115,0.0,
009de9f9-3ec5-4b32-9469-332de805e4cf,6.28,-0.0001,0.9987,0.14171,0.0,
009e01c4-a3e3-46ae-9699-1f440e627f85,1.73,0.001,0.9999,0.12209,4e-05,
009e593b-f7be-48e8-91ef-84128b0fd6f1,6.88,0.0002,0.9823,0.15519,0.0,
009e624b-4333-48c5-b4f2-249a24c34ce4,14.39,-0.0,0.8455,0.13983,0.0,
009e748c-56fa-4600-b9bc-d1ff71bbd95c,7.84,0.0001,0.9175,0.13841,0.0,
009eb409-d2ac-4332-8eae-f856c57d58ef,5.6,-0.0,0.716,0.08599,0.0,
009ebe51-2ff8-4810-80c0-26dd3a22a142,3.24,0.0001,1.0,0.15633,2e-05,
009f2704-5532-4131-9ad0-531029430d47,9.48,-0.0001,1.0,0.13881,1e-05,
009f44de-615d-4d09-a761-82ecbd17b48c,5.49,-0.0,1.0,0.1004,1e-05,
009fc1ef-778c-44bc-a9e6-6173b6dabb82,3.72,-0.0003,0.6682,0.11529,0.0,
00a02041-c3e7-44a8-be6d-b56dc2254795,10.88,-0.0001,0.846,0.09882,0.0,
00a03354-4abe-4d81-b75e-e9e874e0b1a6,5.68,-0.0002,0.9977,0.12962,0.0,
00a04802-9a90-4b31-a256-dcc44028607b,5.2,-0.0001,0.8705,0.13699,0.0,
00a08709-ce4e-40d9-8443-915cb0dedfea,12.76,-0.0003,1.0,0.12945,0.0,
00a088f7-cb8c-47db-abc3-23b88705ca14,8.72,-0.0,0.7818,0.0841,0.0,
00a0b00a-0b43-415e-8dd2-209c4808790a,3.36,-0.0003,0.9053,0.10503,0.0,
00a16e55-cee6-4a65-abcb-d54fb551c736,4.12,-0.0001,0.7896,0.10859,0.0,
00a177cd-d28a-46a8-8cdc-fa0932fca7aa,7.16,-0.0,0.9733,0.11487,0.0,
00a1b916-686c-46eb-b71a-016962c3bf31,8.64,-0.0001,0.4574,0.06767,0.0,
00a1f0df-4e93-4409-9376-91becffc540a,4.8,0.0,0.8422,0.15292,0.0,
00a279c1-ec66-434e-8383-6bd3c6886a63,6.12,-0.0004,0.972,0.16533,0.0,
00a29fd6-fb0f-417f-8e28-9e9cea0e04a3,6.68,-0.0,0.6186,0.08222,0.0,
00a2c8a9-18c1-42c8-88f9-272cc283b25c,3.64,0.0002,0.9047,0.13839,0.0,
00a2d295-47d5-40c9-8e5b-b2a0ca1108c2,11.4,-0.0001,1.0,0.12345,1e-05,
00a2e6dd-67dd-4889-93c0-0e306f6ea423,7.36,-0.0002,1.0,0.16433,1e-05,
00a31bec-d1e8-423b-8112-2ba360039bae,8.58,0.0,0.8572,0.12345,0.0,
00a33715-b59b-46ae-9752-5322c366f3e9,12.08,-0.0003,0.7724,0.11176,0.0,
00a3ac2a-d9b7-472f-b98e-f1cc0a248ca7,13.18,0.0,0.8456,0.12158,0.0,
00a3b183-5145-42b8-b17f-a9b6d75dc2df,8.6,-0.0001,0.6532,0.09739,0.0,
00a41069-fe6f-47d4-b308-5c8e44e0a358,6.28,-0.0003,1.0,0.12206,1e-05,
00a46555-f020-4b85-8fef-20e22a6499f0,13.51,-0.0,0.8506,0.12919,0.0,
00a4cbb4-3d41-491e-ba35-80e124275afc,4.72,-0.0,0.8891,0.09985,0.0,
00a542e0-fa62-4e7d-9d56-cec8b8ed5e53,9.56,-0.0002,0.8438,0.12216,0.0,
00a565a0-4f1d-4749-819b-2c03186a31a5,3.08,0.0,0.8409,0.16374,0.0,
00a589e5-3ce3-42bb-926a-a688b5c588c4,4.23,-0.0,0.3579,0.04476,0.0,
00a5ca28-1df4-4c7c-81af-13fb49472f38,2.64,-0.0005,0.8334,0.14114,0.0,
00a62217-c101-4412-98cf-ca60f08eb63b,5.84,-0.0006,1.0,0.12523,1e-05,
00a65c6e-9f1c-4b4d-aa3c-d02f481667f4,1.92,-0.0003,0.8852,0.15943,0.0,
00a675d2-0b24-4035-8958-1f2040876a7b,10.04,-0.0003,1.0,0.15447,1e-05,
00a6dc62-0e04-4b5a-a11e-a9b79867548e,5.96,-0.0,0.7297,0.06683,0.0,
00a73b53-1601-400f-9fc8-db8f6f8a5996,5.92,-0.0002,1.0,0.1158,1e-05,
00a78120-64ad-4f68-b52c-e0be10b6da88,6.59,-0.0,0.8472,0.1117,0.0,
00a7a674-2dc7-4527-a3c3-e48e48685712,6.72,-0.0002,0.9106,0.11996,0.0,
00a7c589-81cd-437d-998c-71c8940e12f0,9.16,-0.0005,0.999,0.16744,1e-05,
00a7d23c-7aba-46f4-9815-067ba4898b3b,6.28,0.0,0.7886,0.09166,0.0,
00a7d4d0-816e-458a-b636-5254bb280e54,10.76,-0.0001,1.0,0.13367,1e-05,
00a82233-85c5-4d96-9e61-11b43892bf7c,4.2,-0.0,0.6795,0.07637,0.0,
00a827ed-e9e1-4b7e-b826-81ae35568fc7,3.96,-0.0003,0.8728,0.11439,0.0,
00a82807-ebcb-452e-bb10-76e4d4ed3d70,8.72,-0.0003,0.8488,0.10197,0.0,
00a8509d-8722-45d2-8f71-a3f8f879af54,9.84,0.0,0.7855,0.09705,0.0,
00a93823-5f17-4801-bb5a-9142dbf69350,8.12,-0.0004,0.9516,0.13762,0.0,
00a93b71-df06-40a3-b352-73e7fc98ce93,6.44,0.0002,0.7623,0.14064,0.0,
00a9ddf3-da4b-4801-8c57-5c09bfb53701,8.84,0.0001,1.0,0.14885,1e-05,
00a9dec1-c884-4adc-990a-0b01d4013c77,8.8,-0.0002,0.797,0.11341,0.0,
00aa4a1c-6e26-4611-8997-1b4663c4ae3c,5.32,-0.0004,0.7624,0.12278,0.0,
00aaaf2f-78ab-47be-a452-e37228305e77,6.08,-0.0004,0.6924,0.10448,0.0,
00ab1201-e2a8-412e-9e2f-bc12548e635c,3.63,-0.0005,0.9998,0.11943,2e-05,
00ab2a8a-fdc9-4b9d-b002-b9b7209ae714,10.17,0.0,0.842,0.10426,0.0,
00ab64e9-f731-4d3d-90a5-8d5994fc2c12,11.68,-0.0002,0.6514,0.08513,0.0,
00ab747e-47e9-429c-8279-771c6c850255,8.36,-0.0003,0.5881,0.0672,0.0,
00abbba6-d5d7-4815-8e08-240e5d85b37f,12.92,-0.0003,1.0,0.13573,1e-05,
00abe2ad-c8a4-4d52-9a59-9264557dc4eb,3.16,-0.0001,0.7473,0.12701,0.0,
00ac5d12-492e-4ba7-b72b-123159255d31,13.0,-0.0005,1.0,0.1652,0.0,
00ac8676-df4e-49a8-bb63-67b5afbad771,7.32,-0.0,0.8055,0.10956,0.0,
00ad0a52-7ac5-4240-b544-e3471ba0b508,12.6,-0.0003,0.9085,0.12101,0.0,
00ad305d-f2a3-4af3-8c23-915bfa0dc5db,7.88,-0.0002,1.0,0.1032,1e-05,
00adb58d-c251-4345-ba49-746cced73212,3.39,-0.0008,0.9816,0.10918,0.0,
00ae07ca-7033-4978-80f2-c88f06425dc3,16.6,-0.0001,0.7191,0.11454,0.0,
00ae7e72-ce25-49ba-95d8-d10ede83c975,9.4,-0.0001,0.857,0.08521,0.0,
00aead23-0814-4c29-b03b-f865e54b1496,6.24,-0.001,0.8123,0.11372,0.0,
00aec220-22fa-4b8e-94e0-ad0563c0bcec,9.6,-0.0004,0.7659,0.12556,0.0,
00aec5df-2c60-45e2-a80d-1b94d7efeb53,5.09,0.0,0.3389,0.04618,0.0,
00aec6b8-699c-4f0b-96dd-37c2348df5f4,4.04,-0.0002,1.0,0.1058,2e-05,
00aef58d-a0fd-4a0a-a444-9487e75e9ad7,5.64,-0.0,0.7589,0.08132,0.0,
00af3912-16a5-4874-9919-0073d89e4d73,8.84,0.0001,0.9957,0.15267,0.0,
00af46b1-420f-4d04-bfa5-19fa5529eb62,8.8,-0.0001,1.0,0.12692,1e-05,
00afadbb-c89e-46a8-8eae-9f068895fbbe,5.84,-0.0,0.9971,0.11981,0.0,
00b00922-d13c-44bc-b8c0-d3991ac2fc3b,8.64,-0.0004,0.8812,0.1027,0.0,
00b02a82-2aed-4ce0-89a0-829f687fd0b5,5.04,0.0001,0.9218,0.12106,0.0,
00b0c672-59ef-4498-807c-74ad3614ec9a,5.8,-0.0008,1.0,0.16993,2e-05,
00b1c79f-948d-43f7-92f3-1f905f4a54ec,2.88,-0.0002,0.9194,0.09537,0.0,
00b202ee-f8cf-44d6-834d-b8d32fe15c2a,7.12,-0.0001,0.745,0.12312,0.0,
00b2041d-5e09-4ee1-90a9-0c589b0b740a,3.04,-0.0003,0.6804,0.11022,0.0,
00b2b4d1-f7c4-4115-b917-56b22650dedb,4.04,-0.0005,1.0,0.14845,2e-05,
00b2b8c4-2ead-4bd5-9f43-294269bf4429,14.18,-0.0,0.8929,0.12676,0.0,
00b2c198-1e49-4583-a166-0bf1f40c52b9,15.38,-0.0001,0.8878,0.14005,0.0,
00b2fdd4-b587-4cab-98dd-5955d04718c2,3.75,-0.0001,0.9923,0.07416,0.0,
00b34176-f35b-4d2f-adb8-7ab8d539335b,9.08,-0.0002,0.8,0.12357,0.0,
00b39d42-813d-4284-80a4-af853afd097f,5.32,0.0002,0.9581,0.13421,0.0,
00b3e097-e277-4bb6-8d76-ce4e7e052c22,6.52,-0.0001,1.0,0.13991,2e-05,
00b3f65e-8589-4c08-9e5a-3f3cb456e37a,5.12,-0.0001,0.6029,0.08139,0.0,
00b42660-932a-42f0-ab3e-03f78127279f,5.32,-0.0006,0.9564,0.15666,0.0,
00b47472-1c8e-4cd9-b38e-cdb5439f7208,8.28,-0.0004,0.9924,0.12637,0.0,
00b48eec-0ee6-4b13-ad1d-93ea7116f20f,4.04,0.0,0.1869,0.03485,0.0,
00b4a3f4-2cb2-4da4-a476-0d3016b3a430,8.32,-0.0004,0.8429,0.15421,0.0,
00b4e3ae-9502-4c2b-b491-c6ff16145b12,4.0,-0.0001,0.9085,0.10876,0.0,
00b4e7c1-fe56-4818-9b1e-aca5a5d7fd00,6.24,-0.0006,0.8982,0.12809,0.0,
00b51f86-d422-4fe4-9b5d-a48a8ec6b357,5.08,-0.0001,0.8674,0.13309,0.0,
00b52ebd-c0d1-4264-8426-22a12fda5d7b,6.88,-0.0007,1.0,0.1431,1e-05,
00b530e8-227d-4fd7-8308-0ed3cfc96ccd,3.24,-0.0001,0.6807,0.1027,0.0,
00b552b7-0a76-4fa6-98a7-2368953a03bb,10.52,-0.0005,0.5192,0.06696,0.0,
00b5739f-50e7-4772-82a3-b9a5cb875424,9.04,-0.0001,0.9114,0.08934,0.0,
00b5b657-3c49-42a8-818c-f41d507f4d8c,5.68,-0.0003,1.0,0.17817,1e-05,
00b5c14a-d2ad-486f-a394-bebd279055ca,8.36,-0.0004,1.0,0.15585,1e-05,
00b5c560-b2f5-45ca-b059-758111a9210d,16.24,-0.0002,0.9763,0.09678,0.0,
00b69a81-1b48-4c49-b0e8-c55693c24c26,6.27,0.0001,1.0,0.09439,1e-05,
00b6c2d0-fd97-4467-98f6-da9b346d9256,5.68,-0.0,0.9953,0.16925,0.0,
00b6e54f-dcf3-4ef0-8f08-369e08d9f01e,15.05,-0.0,0.8583,0.13706,0.0,
00b71e37-7b44-407f-95aa-79eed83dab4a,12.16,-0.0002,0.9741,0.1543,0.0,
00b74912-e940-4edb-b75b-31fd4befebb1,6.88,-0.0003,1.0,0.11048,1e-05,
00b77b44-3a99-4b60-ac69-7e4118b235fd,9.24,-0.0006,0.9259,0.15922,0.0,
00b8406d-c368-429d-a550-6078d716f08b,10.84,-0.0007,1.0,0.17237,1e-05,
00b8675c-ec50-4490-b3bd-73e3d90acae7,5.84,-0.0001,1.0,0.10213,1e-05,
00b86e40-a848-4c7e-b97d-d8f939fda7ce,11.27,-0.0,0.8455,0.12959,0.0,
00b8a41e-d5c5-4258-8ca7-8c65dcb6905a,4.68,-0.0002,0.809,0.13492,0.0,
00b90208-ee08-4c25-97db-0ec113093b2e,5.52,-0.0002,0.821,0.10528,0.0,
00b9e617-12ce-4a8c-a745-436160dceb63,12.57,-0.0001,0.8717,0.14181,0.0,
00b9f538-831d-48c7-8e9b-483b43b7083a,4.24,-0.0005,0.722,0.09209,0.0,
00ba6ade-0bfc-4133-a7e9-48ca5e8fd864,11.42,0.0,0.9075,0.13702,0.0,
00ba75ef-a065-4aeb-9a1b-de7a6b3d78e7,4.52,-0.0001,0.7811,0.13324,0.0,
00bab0cd-cad0-4537-868f-d1da5b3a7b94,16.0,0.0,0.8582,0.13149,0.0,
00bac925-f977-47d5-8840-dbc15c520fc7,7.28,-0.0001,0.8937,0.12528,0.0,
00bafbcb-511c-4cba-8482-435c957bf035,8.24,-0.0002,1.0,0.127,2e-05,
00bb2569-2630-400c-a07e-6425d97594a0,7.0,-0.0004,0.7831,0.09414,0.0,
00bb3029-af1e-4c60-b36d-a1478d6ebcf0,9.8,-0.0001,0.697,0.08516,0.0,
00bb44fc-5ba9-41e8-b8fe-0c70dffda2e8,5.68,-0.0,0.7922,0.07125,0.0,
00bb7355-c6a8-4dc9-9d69-7466b5f908ed,8.16,-0.0,0.9777,0.09166,0.0,
00bb8a16-7446-4fc0-b774-a6529763bf58,12.56,-0.0,0.8434,0.10684,0.0,
00bba57f-dd21-4ff6-8576-09dea06546fd,1.8,-0.0002,0.7105,0.1191,0.0,
00bbc154-b84b-4f04-bf36-bf87071eabad,6.72,-0.0006,0.8717,0.12786,0.0,
00bc13c1-ae74-4fec-8f59-9b81f300bed3,6.12,-0.0002,1.0,0.13173,1e-05,
00bc17e4-c65d-413b-bdfe-200f45d7f88a,10.12,-0.0006,1.0,0.13757,2e-05,
00bc37ae-e09e-4d9f-84a4-8116f271542e,5.2,-0.0,0.9492,0.13273,0.0,
00bc3fff-33f6-4164-934a-394fec9b0bdd,9.28,-0.0013,0.9415,0.1317,0.0,
00bcd806-7142-4698-b39d-9f5882c4f633,7.48,-0.0003,0.9341,0.15083,0.0,
00bce99c-96d7-4b09-b6ab-ed409e98f965,2.92,-0.0001,0.8336,0.1024,0.0,
00bcfedd-1879-474e-90b4-e35f214e84cf,6.52,-0.0003,0.693,0.09627,0.0,
00bd5d02-1f39-4598-a06d-7bcdaf43a041,6.92,-0.0002,0.8016,0.10561,0.0,
00bdc599-a0e5-49bd-b533-bd3bf0536fdd,7.96,-0.0002,0.6481,0.1128,0.0,
00bdddc9-e8de-4231-ae49-43b9bb251248,6.8,0.0,0.689,0.14367,0.0,
00bdfbc8-7a11-4d33-a52c-6903b7517320,5.16,-0.001,1.0,0.17236,1e-05,
00be4440-d746-4c1f-980c-84f7a73078c5,4.61,-0.0001,0.9909,0.20941,0.0,
00beefdc-ed84-4089-933a-4752bd0a5ee4,4.56,-0.0003,0.6645,0.1168,0.0,
00bf0289-a547-4d5a-9b3e-216c8540f0bd,6.2,-0.0002,0.8042,0.14489,0.0,
00bf1e58-82a3-4ce2-9924-1f35e6ee6bd7,7.72,-0.0004,0.8894,0.13911,0.0,
00bf498a-74ba-44cd-9b1b-5b33e418b1bd,6.76,-0.0002,0.5848,0.08779,0.0,
00bf849d-26ad-46e3-8049-ffe5503dbb05,4.36,0.0,0.8037,0.12287,0.0,
00bf9ce1-7a0a-4815-8a2e-63b2161f9571,12.4,-0.0,0.7531,0.09604,0.0,
00bfcc35-f024-4e62-bcdb-03cd50e938f5,12.8,0.0,1.0,0.15553,0.0,
00c009f6-b722-4be2-b38b-d6b8769961d1,8.48,0.0,0.83,0.10922,0.0,
00c01ea3-db80-40b5-ba36-dc54d3e16ee8,4.48,-0.0003,0.8034,0.14897,0.0,
00c025bb-52a8-4396-8ee5-1f65f735dcf0,8.16,-0.0002,0.7633,0.10501,0.0,
00c02a65-f0c4-4f0e-97bd-af1afa6d561c,8.12,-0.0002,0.591,0.07637,0.0,
00c06535-c8e0-4272-9394-a069fd2a575f,7.24,-0.0004,0.7819,0.09265,0.0,
00c0775a-5bf6-4689-9a2f-5466ba98ba85,11.92,-0.0003,0.6617,0.08055,0.0,
00c0c5ce-1b18-4900-a5a5-2537e39a0406,5.72,-0.0004,0.9964,0.15414,0.0,
00c1356e-a73c-4e97-be3b-058154c96b72,2.88,-0.0002,1.0,0.11558,2e-05,
00c1635a-529b-4611-b1e5-912255db9ea8,4.44,-0.0001,0.7615,0.10875,0.0,
00c184ab-0ac1-494a-baf7-daa3e9980502,7.76,-0.0004,0.8707,0.13519,0.0,
00c1af19-f286-4c4c-9e26-85a60ee4cc03,10.2,0.0,0.9534,0.11608,0.0,
00c22272-a561-4461-af5c-c5fdd8d12165,7.32,-0.0005,1.0,0.15473,2e-05,
00c27b06-fab9-4d73-803c-bb8f39d70cbb,10.24,-0.0002,0.7592,0.09939,0.0,
00c2858c-a697-460f-ac0e-9c588a90c557,12.86,-0.0,0.8723,0.12903,0.0,
00c31ec8-21fd-49ae-b9a4-cb67c35abdb1,5.08,-0.0001,0.8257,0.11658,0.0,
00c31f09-7f06-41ed-a366-95603cc84517,6.44,0.0002,0.9413,0.14084,0.0,
00c3206b-b3a5-4418-9d39-a9aa959b6be7,5.52,0.0001,0.8199,0.08232,0.0,
00c3327b-36dc-4863-92f2-03266aa6c184,15.08,0.0001,0.9504,0.14017,0.0,
00c377a8-e475-463c-a4e7-d907f7a04e21,10.44,-0.0001,0.8939,0.10333,0.0,
00c3945e-aa5d-480b-9bd0-52d66bb70048,13.96,-0.0001,0.9965,0.14201,0.0,
00c3b960-e918-4476-92c8-c49ea33c623b,2.47,-0.0001,1.0,0.16217,5e-05,
00c3b9a7-fd9d-4d32-90ac-046d480c3743,7.88,-0.0004,0.8399,0.12579,0.0,
00c3bb4e-5e58-4b87-abbe-f34da14bddf3,6.0,-0.0002,0.9915,0.10946,0.0,
00c41abf-5308-417d-94ab-21c147a60181,8.64,-0.0001,0.9518,0.13531,0.0,
00c4ee05-fe17-4710-81c8-f53e24723c0c,10.84,-0.0002,1.0,0.12388,1e-05,
00c50267-b89d-40f9-9fee-b4a515c739a4,9.4,-0.0,1.0,0.12362,1e-05,
00c5b44d-8cd2-4cb3-bae5-431a2dc039e4,3.08,0.0001,0.9452,0.14971,0.0,
00c5c862-2243-43b4-ad9f-7397b7815a98,8.44,-0.0003,0.5203,0.0718,0.0,
00c65625-8683-4d90-8854-869705193f46,7.76,-0.0,0.6542,0.06534,0.0,
00c680a3-e6fd-400a-a915-488773122ab5,22.16,0.0001,0.9762,0.11796,0.0,
00c69e14-23dc-4de6-8017-096ac8c2be29,2.92,-0.0,0.4756,0.06447,0.0,
00c7b457-9c7c-402c-98b4-49ef37287849,10.88,-0.0001,0.847,0.10614,0.0,
00c7ca0d-18eb-45d0-ac2c-0fa351bd6ecd,5.74,0.0012,1.0,0.1402,1e-05,
00c7d8e0-c73b-420d-85b3-ab9c06cc0cfa,7.12,-0.0006,0.6052,0.0827,0.0,
00c80bdc-50e5-44ce-8e59-6e611a604d44,3.24,-0.0004,0.8674,0.11944,0.0,
00c83b68-223d-443b-85e1-357633c526c1,3.36,-0.0005,0.614,0.09279,0.0,
00c85b74-cb38-4222-b043-8a525eb0a0e9,0.83,-0.0,1.0,0.11099,8e-05,duration_outlier
00c8697e-4848-4241-8acd-91765609238f,4.64,-0.0,0.7314,0.13047,0.0,
00c87dda-f30a-4e24-bfc3-d67b2f469ffb,5.32,-0.0002,0.8476,0.09954,0.0,
00c8c640-2b97-4173-8ad7-e2f0aeb5afbb,8.44,-0.0002,0.8717,0.1121,0.0,
00c8f29a-2b11-463f-b5c8-e41273158b05,9.6,-0.0002,0.971,0.11447,0.0,
00c9660a-6271-448f-8c88-dbda6dfddac8,7.28,-0.0003,0.8434,0.13105,0.0,
00c972a3-cf56-41d9-8435-f09899c446eb,6.8,-0.0001,1.0,0.11206,1e-05,
00c9eb82-5ebb-43dc-b1e4-094b28799b52,5.72,-0.0004,0.9811,0.11037,0.0,
00caa3ed-d229-43b0-a8c6-8350b6849751,7.24,-0.0003,1.0,0.13304,1e-05,
00cad21f-7859-472d-a46d-e39ab4534b2d,3.6,-0.0,0.4751,0.07597,0.0,
00cae43d-df86-4a39-acd4-12ddac00c37a,9.12,-0.0003,1.0,0.12966,1e-05,
00cafab4-a6a7-461a-9ff7-a95270b04672,12.34,-0.0,0.8473,0.13469,0.0,
00cb0051-5a93-410f-a5cb-7e4c54c7d195,6.2,-0.0003,0.9778,0.09995,0.0,
00cb7755-bd4e-495b-9906-38d300e602dd,4.64,0.0,0.9105,0.20154,0.0,
00cb9f0c-3d03-4c6f-a700-f665f7d072fb,6.76,-0.0003,1.0,0.13473,1e-05,
00cba5ea-ca43-4507-9bac-196bf5a388e1,8.6,-0.0001,0.9693,0.11134,0.0,
00cbb680-b951-43e6-84ce-0b14e5f3729f,12.16,-0.0002,0.9989,0.10853,0.0,
00cc0d7d-180f-433a-baf9-3667e2f1ed4e,6.4,-0.0002,0.6586,0.08198,0.0,
00cc58ef-f037-4328-8bdc-7292ed8f95f7,13.04,0.0002,0.8087,0.11961,0.0,
00cc7c1f-984f-4a71-b180-994f3814fb0d,8.0,-0.0,0.7581,0.09283,0.0,
00ccb1a7-f304-456c-83d0-0d1d8abc5e57,1.71,0.0001,1.0,0.12453,4e-05,
00ccc4f9-67ba-4d3c-99b9-ae099203b4d5,7.36,-0.0002,0.9558,0.12504,0.0,
00cce681-d859-4842-94a6-81397693d70c,3.32,-0.0001,0.8553,0.10699,0.0,
00cd00b4-8f0d-46b3-8a66-f9793467943f,5.48,-0.0002,0.9996,0.12643,1e-05,
00cdd404-b7bd-49b6-a916-4d3409770365,12.07,0.0,0.8553,0.14458,0.0,
00ce325e-e069-492e-ab93-70ebe66ced22,5.6,-0.0005,0.9696,0.1115,0.0,
00ce3502-fc87-4aa4-99c3-10c5097d4e9d,9.56,-0.0002,0.5811,0.08085,0.0,
00ce4677-ae1d-4f84-bfc3-d064899ac184,9.69,-0.0,0.6709,0.14835,0.0,
00cee06b-18a1-41f4-a376-b5a204d154a7,3.35,-0.0,0.4052,0.04848,0.0,
00cee8ef-c923-4fa5-afc1-69f1c968da4d,10.2,-0.0002,0.6048,0.07761,0.0,
00cf4045-b4ea-4ba6-b0d4-af7be8188b5f,4.92,-0.0001,0.7905,0.09317,0.0,
00cf781b-f7c3-4143-9e81-0687f6ab3e39,7.12,-0.0001,0.8179,0.10031,0.0,
00cfa8f6-accd-4be0-87d3-ad31d2486183,3.32,-0.0001,0.8239,0.12346,0.0,
00cfb9de-1f01-4a83-b83f-eb12e5333a93,7.45,-0.0004,1.0,0.11875,1e-05,
00d00c21-3bbb-4943-9453-abf3b6fd39ca,3.16,-0.0,0.8007,0.14247,0.0,
00d051b8-632d-415c-b3ca-3581e5b9941e,3.36,-0.0,0.6254,0.06148,0.0,
00d09b66-e06c-47fd-88a5-e7ee124573bd,3.12,-0.0004,0.7401,0.14164,0.0,
00d0b905-edf6-4a5e-b66d-c50b4ad44461,7.84,0.0,0.6536,0.07344,0.0,
00d0d5bf-647b-498d-bb85-38d7c454d797,9.28,-0.0001,0.5027,0.06804,0.0,
00d11f8b-f17f-4ae5-804d-4b4d18939b3b,9.16,-0.0004,0.7091,0.07068,0.0,
00d19050-8b80-4772-bcdd-f1f1eed247e3,10.12,-0.0002,0.6588,0.07901,0.0,
00d1eec1-b56c-4627-b2cf-2eb9de0b11ae,12.28,0.0,0.9203,0.13138,0.0,
00d29e43-098c-46d4-bfef-85a6bb037751,9.9,-0.0002,1.0,0.14072,1e-05,
00d2a1fa-77b6-43d9-9b25-5634cae9d007,5.56,-0.0006,0.6611,0.11887,0.0,
00d2ad33-f5f3-4bb3-87a0-8cb0249fc5a8,14.97,-0.0,0.8442,0.11592,0.0,
00d2c836-90e1-41be-bcb0-80d528a50d7a,11.2,-0.0003,0.8445,0.09244,0.0,
00d2f42c-2b62-4fa7-a73b-2b79e4eebb1c,11.6,-0.0003,0.7166,0.10234,0.0,
00d32a16-e25b-4df1-a33f-153bb9691420,6.08,-0.0003,0.9185,0.16878,0.0,
00d35dc0-2192-4dc9-ab26-a2b8e032033d,5.32,-0.0002,0.9708,0.11023,0.0,
00d38620-225c-486a-8dba-0f28875719b9,4.84,-0.0001,0.5861,0.07624,0.0,
00d38fd1-8ed1-4302-b3e5-5e79e3358c7a,12.24,-0.001,0.658,0.09023,0.0,
00d3b2c5-4c92-44fc-92ba-de90e169c16f,8.56,-0.0001,0.669,0.10406,0.0,
00d3c095-0018-4391-bd2d-6e42b8bb3c37,5.96,-0.0,0.9619,0.11444,0.0,
00d3dd6a-36df-4dda-90be-ca25b28a0a05,6.88,0.0001,0.9047,0.14315,0.0,
00d45651-4d85-4154-bef5-1734fd37559d,7.68,-0.0003,1.0,0.1612,1e-05,
00d46271-5a90-43f2-a432-45991a95a349,7.76,-0.0002,1.0,0.11838,1e-05,
00d47f98-0993-4073-95fc-924cc7450543,3.4,-0.0003,0.6075,0.09839,0.0,
00d50646-d2c2-4ebd-b3b2-dd5f0d46b04e,3.48,-0.0001,0.8107,0.10835,0.0,
00d52ad9-bd08-458e-a559-0bcd5ed5042b,13.07,-0.0,0.846,0.12988,0.0,
00d537ca-4c2e-456d-8151-7ebae45ffa08,11.68,-0.0001,0.8874,0.09921,0.0,
00d56e62-d079-4ed1-bb25-e9a1c565893e,13.56,0.0001,0.6618,0.07328,0.0,
00d5a942-01c2-4a02-a3ca-4b38f514bebe,1.64,0.0001,0.8883,0.14508,0.0,
00d5ee5b-06e2-40c8-baeb-20a6af920084,7.12,-0.0002,1.0,0.14132,1e-05,
00d5fac8-a95b-4f45-9f99-b96ca1a2c87e,5.44,-0.0,1.0,0.17063,2e-05,
00d613da-4f84-46a8-b586-fac40219b5ea,13.16,-0.0003,0.7069,0.09452,0.0,
00d61b8c-85df-4e89-891a-27d361a31f66,8.2,-0.0001,0.6868,0.087,0.0,
00d62855-0d09-417c-b7af-2ee3ebaa124a,6.96,-0.0001,0.919,0.14763,0.0,
00d6578c-fb63-4c0a-9142-c08e080f4fa0,10.52,-0.0,0.7944,0.09786,0.0,
00d65fe6-8fea-477b-a4d6-e730004926b0,11.33,0.0,0.8535,0.14236,0.0,
00d6c189-08e4-421f-9839-d0619d0864af,3.52,-0.0004,0.6884,0.13125,0.0,
00d6fd7c-538c-4fa3-aba5-13619693a513,9.76,-0.0004,0.7529,0.08682,0.0,
00d70596-cb1e-4a03-b805-4d8dba861434,3.56,-0.0,0.8862,0.11674,0.0,
00d709d7-6aba-4bfd-9748-38e86bcb7256,5.56,-0.0,0.8412,0.12813,0.0,
00d719d7-661a-4836-8c28-64d28c560398,6.96,-0.0001,0.8255,0.09938,0.0,
00d75c51-038b-4528-82dc-f7473d103329,7.0,-0.0003,0.9174,0.11663,0.0,
00d7be30-f8ce-4df1-ba44-1dfee1592834,7.84,-0.0005,0.9087,0.13679,0.0,
00d7c7bd-c56e-441a-a40b-258e5e38f6d3,5.84,0.0007,0.8022,0.09521,0.0,
00d7d5fe-4faf-447f-80cc-c51a5ca20d9a,14.32,-0.0,0.8575,0.11125,0.0,
00d9200f-dfc0-41f4-82b9-fb70bf66b30a,9.68,-0.0001,0.7085,0.09332,0.0,
00d95a2d-6d9e-4f99-b50d-8a5d5649eed0,6.28,0.0001,0.9927,0.11451,0.0,
00d963db-39b6-4b53-8b60-8d68cc1fc4ad,15.42,-0.0,0.8423,0.13844,0.0,
00d98597-099e-4738-9981-23ead45b4a3b,6.76,-0.0003,0.936,0.08207,0.0,
00d98b5d-33c1-408e-aa6d-f4f83cc0061f,13.2,-0.0,0.8452,0.139,0.0,
00d9c696-3565-4104-ae5b-2df7ae28352b,4.4,-0.0003,0.7001,0.09898,0.0,
00d9c882-cd80-4ae6-87f2-2df6ee339c72,5.96,-0.0001,0.6538,0.09775,0.0,
00d9faf7-1fdf-4b52-bb37-0007a5761c31,10.68,-0.0004,0.9995,0.13688,1e-05,
00da18c3-bbe4-4532-a264-9e1e7f665d6b,9.96,-0.0005,0.9955,0.17421,0.0,
00da2723-7593-49bd-8560-a557a54403ab,6.88,0.0001,1.0,0.14757,1e-05,
00da3120-f82a-4324-8ff1-14aec3fddbe4,7.08,-0.0004,0.9862,0.14409,0.0,
00da91ae-92c2-4439-b85c-593b897c64ce,3.76,-0.0003,0.9789,0.12286,0.0,
00daffcc-e253-41bf-8ffe-dd1d2c162291,8.24,-0.0003,0.8982,0.13759,0.0,
00db07c4-0fff-43ea-8330-ed8b931ace9f,4.72,-0.0002,0.9733,0.12274,0.0,
00db4389-ce4c-4466-852f-499fd9a658b3,4.08,-0.0003,0.7795,0.11215,0.0,
00db658d-8692-4ed6-a80a-e42d585e8670,6.76,-0.0002,0.966,0.13446,0.0,
00dbabed-1f87-4dde-beda-2cdba3c338ed,2.68,-0.0,0.699,0.0848,0.0,
00dbdece-1634-4e19-8d0f-f830e435b06b,10.84,0.0001,1.0,0.16456,1e-05,
00dbf83a-e0da-4ee1-87d7-693a9374e666,11.2,-0.0004,0.9411,0.13462,0.0,
00dbf8bf-b574-442c-991a-9bb2186accc3,8.92,-0.0001,0.9362,0.10778,0.0,
00dc0735-d807-4cee-9158-3ed7281454d2,11.15,0.0,0.7347,0.1472,0.0,
00dc2c69-6cd3-4df6-bf83-8e2c2f377a88,5.56,-0.0004,0.8387,0.12622,0.0,
00dc3f07-499a-48f7-b241-5dab4bd5af79,3.23,-0.0,0.5942,0.14316,0.0,
00dcb7a6-3640-4eda-a382-6a7c5f1706cd,9.16,-0.0002,0.8426,0.10895,0.0,
00dd3977-32d7-439e-8e98-a448dce946f9,5.84,-0.0004,0.849,0.12112,0.0,
00dd3bfb-89a5-4b96-b399-f701a9f0f470,5.36,-0.0002,1.0,0.12215,1e-05,
00dd4209-0f93-4d48-8100-8c0f46ec1481,8.52,-0.0002,0.7146,0.10337,0.0,
00dd6c2d-b894-4203-9577-e7d33338b59a,6.64,-0.0022,0.8781,0.13097,0.0,
00dda73e-49ee-4ba4-8fb1-6781caf076ff,10.24,-0.0001,0.5084,0.0654,0.0,
00de8625-7a43-4a4a-ae4d-4ff51f8cd997,13.56,-0.0002,0.4328,0.0733,0.0,
00df0a51-7e38-4be4-a828-85e633bcd5a6,10.24,-0.0004,0.7783,0.12089,0.0,
00df117e-fab5-4bf3-a8f6-c426b99c774e,3.24,-0.0001,0.9857,0.12673,0.0,
00df2520-9acb-4ae9-b20f-7ca49e613b5c,4.12,-0.0005,0.5509,0.09055,0.0,
00dfc893-42c8-48ea-b98a-0f782e031fae,3.4,0.0,0.5847,0.09135,0.0,
00e11586-d4f5-46f2-9b74-7ac62738dcbc,8.68,-0.0001,0.884,0.12616,0.0,
00e142a3-15e3-4829-8b62-9aa3bd13461f,11.71,0.0,0.8451,0.14304,0.0,
00e1462a-f1f7-4799-a6c6-ed40770738cb,6.32,0.0,1.0,0.12652,1e-05,
00e1509b-c473-4058-b6ff-61b825b9fc4a,9.0,-0.0002,1.0,0.14336,1e-05,
00e16761-1c48-4f90-b4e1-22a57c3c0ad2,5.89,0.0004,1.0,0.15438,1e-05,
00e2dd1a-92df-4bb1-b5d6-74fbf68b8263,8.44,-0.0002,0.9577,0.16041,0.0,
00e32cd9-8fee-438c-8de0-82f18935336b,8.08,0.0002,0.8273,0.11762,0.0,
00e3465b-b5e3-4248-acb8-86c66be28b3f,11.2,0.0,0.8701,0.09484,0.0,
00e3468b-1e3b-410a-a10c-432a5939e3f1,10.0,-0.0003,1.0,0.15282,2e-05,
00e3cec0-7beb-484a-92aa-871755ef5cc2,12.89,-0.0002,0.8652,0.1402,0.0,
00e412cd-f12d-42ba-a6a2-9d8ae8fbccfa,6.4,-0.0001,0.7714,0.09737,0.0,
00e460c6-4ec7-472f-8882-fe564b72fc22,8.56,-0.0002,0.5276,0.06756,0.0,
00e47797-38aa-44c7-af6c-2d45bf10791c,7.84,-0.0003,0.6984,0.10299,0.0,
00e4c910-ecf7-4d4c-9cb3-315f666a5fca,12.7,-0.0,0.8604,0.13424,0.0,
00e54da7-be22-48dc-ac62-7d9df6644946,3.4,-0.0,0.3101,0.03234,0.0,
00e5e935-a0b3-4b5e-9ec9-1dc41b3dd079,4.44,-0.0,0.7895,0.10049,0.0,
00e6f443-20e6-49f7-a95d-aeb85b96364b,9.12,-0.0001,0.7759,0.1283,0.0,
00e720c6-caea-454b-a909-db1c62518487,7.68,-0.0003,0.5272,0.07176,0.0,
00e75c19-57f7-4d96-aaab-109990f4c00d,6.24,0.0,1.0,0.12535,1e-05,
00e76801-f965-4b93-b2e7-527ae1b27c45,16.0,0.0,0.8427,0.14872,0.0,
00e795b1-defe-41e5-92cd-274d7569b24c,11.79,-0.0,0.8418,0.13968,0.0,
00e79ecb-7a1c-4c94-b840-612cbfd5f67c,3.96,-0.0,0.7148,0.09472,0.0,
00e7bad7-9759-4d97-8d94-09f597965bca,13.04,-0.0,0.8714,0.09198,0.0,
00e7d852-13ba-4c51-b5ea-c28db4390111,9.2,-0.0001,1.0,0.12478,3e-05,
00e7d944-35d9-4ffc-b5f5-c26ae879f120,6.44,-0.0,0.9585,0.08495,0.0,
00e8bd8c-f17a-41b4-a283-b1e874b94caa,3.72,-0.0001,0.9893,0.13927,0.0,
00e8c3c0-93f4-400d-957d-8fd2ee7d0abe,15.2,-0.0003,0.4975,0.06078,0.0,
00e92bd2-ed60-40b3-8b4e-79d9dff60d1f,10.24,-0.0008,0.919,0.1137,0.0,
00e979d1-ee0e-41c7-8ab4-008145e3ca01,8.2,-0.0001,1.0,0.12455,1e-05,
00e996ee-6b28-4858-91d2-1884f9200047,9.76,-0.0002,0.7714,0.11308,0.0,
00e999bb-8708-4c19-bde3-0994f72b9258,9.64,-0.0002,0.5346,0.08877,0.0,
00e9d619-40bd-4ced-a9a4-3e574f9f088f,6.28,-0.0002,1.0,0.14529,1e-05,
00e9f97e-1953-4c08-a1a8-f5f54f8ef113,4.42,-0.0,0.24,0.03862,0.0,
00e9fe4a-897d-4106-881b-731b921915ef,7.28,0.0001,0.8717,0.14619,0.0,
00ea26d4-28ec-45a2-9884-6c92b9240b35,5.84,-0.0002,0.8929,0.10901,0.0,
00ea71e5-eba5-4a64-a2c6-4cfafdbd557e,5.84,-0.0001,0.9519,0.12846,0.0,
00ea7bb1-267f-451a-ba50-0219197ce6db,7.08,-0.0003,1.0,0.13886,1e-05,
00eaa078-f656-4348-9e48-3fd8ca6ae860,3.96,-0.0004,0.7908,0.10341,0.0,
00ead498-0945-49b7-bd2c-191e79cbe355,3.07,-0.0001,0.2727,0.04476,0.0,
00eaef7b-670e-422e-b2bd-62c4daa707a5,6.04,-0.0004,0.4983,0.06564,0.0,
00eb0162-f6ab-4b73-a7eb-f5d1ef03dc8f,3.0,-0.0001,0.9861,0.10126,0.0,
00eb2f33-80ee-4eec-8dca-069dc7a2d2a5,5.48,-0.0001,0.9278,0.11981,0.0,
00eb4166-dae6-41b8-b909-299080b0ff7e,11.2,-0.0002,1.0,0.19211,2e-05,
00eb70c3-eeb3-4b03-baa3-9481903a5547,10.4,0.0,1.0,0.15344,7e-05,
00eb7acf-5f59-46e0-9955-64c3de100cec,4.4,-0.0009,0.8021,0.16382,0.0,
00ebdca2-68fc-4c48-b70c-1b2141daf60f,5.72,-0.0005,0.8513,0.09572,0.0,
00ec25bf-139e-4eea-98a0-e3c42e0199b2,8.0,-0.0001,0.9984,0.14024,0.0,
00ed0585-7932-4cb5-87a4-c6c1df607184,6.24,-0.0,0.8109,0.08199,0.0,
00eda32e-b254-49b3-b90c-7b34c40b8a75,6.4,0.0,0.9395,0.16415,0.0,
00edcd49-d2f8-43cb-a1cc-d429b08a1a0c,3.8,0.0,0.9274,0.12381,0.0,
00edcf99-1ea1-4eed-8681-3b0f5111a054,2.44,-0.0002,0.8624,0.10716,0.0,
00ede614-c107-4ded-9a22-649adfc3305f,5.32,-0.0002,0.6882,0.09283,0.0,
00ee1cc7-33f7-48ae-8b25-296996cde802,10.46,-0.0,0.8487,0.13486,0.0,
00ee44fd-dfd1-4214-ac7c-e3f311511b6c,14.15,-0.0,0.8653,0.14831,0.0,
00ee4773-21de-4795-b8b6-b5ddf02776de,13.08,-0.0002,1.0,0.09966,1e-05,
00ee8884-f917-4cdb-87e4-edd7da3b8955,4.35,-0.0,1.0,0.13107,1e-05,
00ee9466-0046-40bf-822e-95eef692c723,8.56,-0.0003,0.6642,0.07835,0.0,
00eee320-6cb7-4e5d-b84e-80400827ea93,9.8,-0.0,0.9024,0.09572,0.0,
00eef27a-7874-4f8e-a8bc-2499e5a1d0f3,8.92,-0.0002,0.6497,0.09487,0.0,
00ef276d-7986-4fee-8207-dde929a96b7b,11.57,0.0,0.8751,0.10802,0.0,
00ef88ab-a64c-46c7-9f74-2338332375cd,8.15,-0.0,0.8415,0.15446,0.0,
00ef9ecc-5a8a-40f5-8a49-e4be87fbdd4f,2.95,0.0047,1.0,0.12104,2e-05,
00efb4b2-990f-42ae-bcc3-bf4490be270d,4.44,-0.0001,0.9521,0.16497,0.0,
00f021e7-a765-45c6-a8f5-c8f4afe39741,11.48,-0.0003,0.7988,0.10087,0.0,
00f040e1-5b22-4f99-951a-e7c06bf4e089,6.2,-0.0002,0.9193,0.1404,0.0,
00f0918b-f902-4dd4-be21-631c4e4c1e31,6.08,-0.0003,0.6929,0.10755,0.0,
00f0d47b-d067-4424-89ea-2d1ca7ab876a,5.96,-0.0,0.5587,0.07045,0.0,
00f11696-6e70-4bc2-ba15-b14c2f0c6231,11.2,-0.0002,1.0,0.15364,1e-05,
00f16a3a-a7bb-4580-91db-6ed94f6090b1,11.36,0.0002,0.9002,0.12199,0.0,
00f17d9b-87fa-4eb5-994d-b1ebc0acc8f9,8.65,-0.0,0.8581,0.12413,0.0,
00f1e193-66bb-431a-85b0-06fce2aece76,2.44,-0.0005,0.8823,0.12567,0.0,
00f24ecf-c3f1-4e1a-8c88-71f7b1bc7777,10.28,-0.0003,0.8469,0.09324,0.0,
00f257ad-eb9b-49a0-9ce2-ba185e3ce21b,5.88,-0.0003,0.7487,0.09522,0.0,
00f27f52-ec08-4736-9930-c276d8556152,5.32,-0.0008,0.6233,0.10667,0.0,
00f28ab9-985e-483a-bbb4-be5cfec8cdc4,4.57,-0.0,0.5815,0.09074,0.0,
00f2b1f0-7ab2-4c68-bf91-01654ec58620,12.0,-0.0002,0.7673,0.08078,0.0,
00f2be2e-8fdb-41bf-92c6-d00998ece46b,8.64,-0.0002,1.0,0.09978,1e-05,
00f2eeea-5311-4618-934d-670d47caebb8,6.12,-0.0003,0.9382,0.10624,0.0,
00f34d73-21a4-4357-913a-aa6cb1c956aa,6.16,-0.0003,1.0,0.12015,1e-05,
00f37abf-00d3-4813-afca-9210eb7d490c,3.4,-0.0002,0.7245,0.10465,0.0,
00f3cf12-efc8-45e3-9e7e-55b0ff0f3e7f,6.88,-0.0003,0.6907,0.1078,0.0,
00f3cff3-d87f-4283-97ac-5aab0147dbf9,9.2,-0.001,0.8595,0.16764,0.0,
00f3da0f-a02b-491e-a2d0-8b9dd8f8ab5d,7.6,-0.0002,0.583,0.07979,0.0,
00f43f88-07c8-42a6-ac9f-849593000043,11.44,-0.0002,0.9989,0.13939,0.0,
00f44481-57f3-4dab-8387-850b84d40ec4,7.6,-0.0002,0.7185,0.07856,0.0,
00f4ce07-85e0-4d1c-b2f7-159912af15fd,7.96,-0.0,0.9755,0.12692,0.0,
00f4efd8-908d-4cc4-9f95-a3766dd138ef,10.83,0.0,0.8451,0.13453,0.0,
00f4facc-3205-4082-b144-3e6548631001,3.16,-0.0005,0.6632,0.11202,0.0,
00f6337f-7981-445f-9b78-344b2b07dee1,5.48,-0.0001,0.7005,0.10443,0.0,
00f6fbe1-74f0-4617-96aa-8b6e310c12fe,6.64,-0.0001,0.7377,0.10646,0.0,
00f72cb9-19d8-4685-983e-31a104ca48cb,4.68,-0.0,0.6722,0.09835,0.0,
00f76b1a-1e39-490e-8b72-22d321818d6a,16.0,0.0,0.8436,0.13376,0.0,
00f76d83-a3b8-43c1-a92b-39b25f47adee,8.44,0.0002,1.0,0.12109,3e-05,
00f7850a-44a8-4354-a6db-2a8d3a4a0073,2.97,0.0014,0.9988,0.07857,0.0,
00f7c71b-5f74-4543-8618-01f2a6611dcf,6.32,-0.0005,1.0,0.12829,1e-05,
00f80251-358c-4666-aa6a-24880f2e2699,7.28,-0.0003,1.0,0.11647,1e-05,
00f816d3-69a7-48f6-8943-6b4a240318ca,2.96,-0.0002,0.5931,0.0906,0.0,
00f8243c-a968-4314-83dd-b9b846517d63,6.8,0.0,1.0,0.07491,1e-05,
00f86e90-5ecd-4ee1-8ece-c51d8ddc0c88,7.84,-0.0001,0.8392,0.10832,0.0,
00f8ac90-83a9-4c73-95e9-f67afb18f8f7,8.08,-0.0002,0.6469,0.09561,0.0,
00f91ca9-ed48-4b1b-b990-8e0377bc9fce,4.1,-0.0002,0.7419,0.11418,0.0,
00f968ac-a79b-4e72-b0bf-50373b7ed6dd,4.25,-0.0,0.1783,0.01715,0.0,
00f9e8c6-cb2f-46b1-a569-681f20286ab5,13.04,-0.0001,0.9367,0.09835,0.0,
00f9ef99-f669-4c31-92e2-f6b14aa04b85,6.4,-0.0002,1.0,0.09006,2e-05,
00f9f237-6f36-4937-a1dd-d7bd750b1677,14.21,-0.0,0.8422,0.13086,0.0,
00f9fb6b-22e9-4766-9568-d557d96a48dd,4.53,0.0,0.8336,0.14386,0.0,
00facd1d-a63d-4a04-b045-cfe039fc380d,2.08,0.0,0.9987,0.10936,0.0,
00fb42e2-dd54-4fdc-b2fb-49180ab6e9f3,6.79,0.0031,0.9999,0.1063,1e-05,
00fb7d66-a1fd-40a2-bfaf-6835a83d5ec3,4.4,-0.0003,0.5481,0.08202,0.0,
00fb84d2-ff22-49eb-a2c9-a729783391ac,8.44,-0.0003,1.0,0.13857,1e-05,
00fbb2fd-3e8b-485e-8ed5-17a0404bc1c1,3.24,0.0002,1.0,0.15145,2e-05,
00fc0040-46f8-4628-87b5-43b64e9354f5,3.75,-0.0002,0.482,0.0818,0.0,
00fc2182-2eb9-4b3f-8c9a-03f38736d939,5.16,-0.0007,1.0,0.14739,1e-05,
00fc2b36-6b35-4b08-9e08-e853120499a6,15.16,-0.0002,1.0,0.12565,0.0,
00fc2ecc-4db8-40c1-93c9-7d28adbdd261,6.76,-0.0004,0.737,0.083,0.0,
00fce7f0-5a19-4715-929b-071099d33697,2.95,-0.0,1.0,0.09429,2e-05,
00fcf45c-d899-459c-8f85-70d43c86d56e,9.16,-0.0,1.0,0.14801,5e-05,
00fd0ace-9843-4a42-9400-8e061b00e6ae,7.76,-0.0002,0.8112,0.09586,0.0,
00fd1d8b-972a-4617-b8a4-46fec8a070af,2.68,-0.0,0.2657,0.03808,0.0,
00fd2edf-9f0f-4ca0-ab5d-37b94e285022,11.56,-0.0001,0.8256,0.12806,0.0,
00fd41c4-8d7d-4962-a0f0-27cd8a4e8369,13.24,-0.0001,0.8345,0.0868,0.0,
00fd59f3-8b6e-43bc-a590-1f7773a7762c,6.48,0.0007,1.0,0.15491,1e-05,
00fd736d-3f2f-4e76-b474-44d0149e1100,6.92,0.0,0.8875,0.16272,0.0,
00fdbbf4-1850-4ec4-b45e-5d710f2676ab,9.28,0.0001,0.8188,0.10994,0.0,
00fdc0e8-fec7-4edb-bcd1-d01f3f10a9c9,6.4,-0.0001,0.8667,0.12414,0.0,
00fdc2d0-49cc-465c-afdf-4646c0303e7e,13.16,-0.0002,0.8629,0.10936,0.0,
00fddeff-fabe-40b2-9968-ffe45f8e2ad8,4.84,-0.0003,0.8987,0.12858,0.0,
00fe89b9-ea0a-4bbe-9496-513d1c97bf2a,10.8,-0.0,0.8604,0.10686,0.0,
00fe905d-6009-4bbb-a811-0bd4257225f3,5.04,-0.0002,1.0,0.09571,1e-05,
00fe9907-e447-47d5-853a-b27881f3fdd4,5.76,-0.0002,0.7805,0.10896,0.0,
00fefa42-bd0b-4429-91ce-5e81398b198b,2.92,0.0,0.5768,0.09475,0.0,
00ff2185-5876-4012-bfa6-3cbd1948eb6d,9.04,-0.0002,0.922,0.1021,0.0,
00ffdbdc-21a2-4d36-b816-e1d5b6a4f923,13.84,-0.0004,1.0,0.16283,0.0,
01001c9b-5a8a-4e40-9401-fd18b813e3ae,10.04,0.0005,1.0,0.15194,4e-05,
0100535f-2ee5-4fff-b5fd-69cbdd0270aa,2.84,-0.0001,0.5539,0.08258,0.0,
0100863b-ac64-489c-b5d6-4acd09df3def,8.32,0.0,1.0,0.07887,1e-05,
0100b75c-2032-4830-b6f7-1b2ba39e6436,5.36,-0.0003,0.9338,0.13541,0.0,
0100d9eb-320f-4737-8759-122ee3d6068c,12.25,-0.0,0.8441,0.13494,0.0,
01014f2f-ef32-4a5e-bb1b-9bbfb4d6cd5b,8.24,-0.0,0.9615,0.15902,0.0,
01019388-7c8d-47ba-9bae-eec43353fb5f,5.14,0.0,0.8416,0.16547,0.0,
0101c63a-1920-44a7-bc8d-b5dac5048acb,10.57,0.0,0.8542,0.14682,0.0,
01020d27-5ff8-419a-9845-8304f203344f,7.52,-0.0001,1.0,0.12275,1e-05,
01024774-3460-4733-84b3-95a06daaf12c,14.96,-0.0003,0.9602,0.14919,0.0,
010265c1-febb-41af-adbe-9c9ecb98d6c8,9.68,-0.0005,1.0,0.10399,2e-05,
01027df0-d705-4a84-91a8-4dee69455fc9,6.8,-0.0,0.795,0.10337,0.0,
01028509-690d-4659-b8d5-2a87548a594b,3.1,-0.0,0.642,0.14747,0.0,
0102bb99-6435-4266-b846-5a4a067df350,9.32,-0.0002,0.651,0.08763,0.0,
0102c12c-75d1-4a1c-a986-ff0d9edc4577,5.4,0.0001,0.9999,0.10393,1e-05,
0103202d-2602-4ac6-ba93-06254ca978b8,14.21,-0.0,0.865,0.1242,0.0,
01032afd-97ab-4106-9dbd-28691ab7364d,3.64,0.0,1.0,0.11226,2e-05,
01033650-9cf4-45d3-9274-8f0934fd808e,11.51,-0.0,0.8514,0.12718,0.0,
0103ecac-19ec-4aab-be53-7fa16b5be530,2.84,-0.0,0.91,0.1121,0.0,
01040407-0a2f-4f04-a8e8-58ad054f9389,9.16,-0.0003,0.8778,0.10273,0.0,
01043031-a30d-4e14-8ce1-b7ed4d340c09,4.76,-0.0003,0.9817,0.09958,0.0,
01044b69-ed09-43ce-9359-85fb777fade9,9.16,-0.0002,0.7793,0.1052,0.0,
01045966-25da-4e46-9614-7242a7a0d69f,5.72,-0.0,0.6511,0.11498,0.0,
01045d22-125b-4845-8e71-799be882f5b1,7.32,-0.0,1.0,0.12003,1e-05,
01046386-28e7-4e9d-b57a-d446dd0a16bf,11.16,-0.0001,0.8575,0.09206,0.0,
01047664-88d5-44fd-b127-c2427e962976,8.52,-0.0001,0.8429,0.09102,0.0,
0104e01b-0b2f-4eec-a0e2-b14b680c4709,6.92,-0.0002,0.9662,0.13782,0.0,
0104fa71-70c7-4fbd-b0a5-bb83ab4a465a,2.36,-0.0001,0.766,0.11437,0.0,
01050258-1fb2-4290-a55c-2a1349cc1fd5,10.6,-0.0003,0.9386,0.14498,0.0,
010528ce-ab3e-4fe6-8891-f7c7f23cec55,9.92,-0.0006,1.0,0.13776,2e-05,
01054254-d08d-47c0-b0d4-9fdb23e811a2,11.0,-0.0002,0.9384,0.13793,0.0,
01056319-2b38-4920-880c-48741beb43a0,7.08,-0.0004,0.7382,0.15595,0.0,
0105dd9e-989b-4b2c-975a-c38dc17a7944,7.04,-0.0002,0.7597,0.12302,0.0,
01063e98-e5c0-4793-81eb-ec68821cb737,8.68,-0.0001,0.8965,0.12956,0.0,
0106b6ff-9a6a-4443-bf92-7a1182fe290e,3.2,0.0,1.0,0.15833,2e-05,
01073c1e-c733-4804-ad12-8e22debfd761,6.08,-0.0,0.7628,0.09972,0.0,
01075ea2-3556-49cb-a860-48e2405da5b0,5.96,-0.0005,0.9504,0.12394,0.0,
01076bd8-05ff-4a7d-a79d-71a853612652,5.2,0.0001,1.0,0.15644,1e-05,
01077485-c0d7-467a-8d93-ff12b134fb65,4.72,-0.0003,0.6358,0.10695,0.0,
0107e2b8-9365-40f1-b16b-e30b8e487874,4.72,-0.0007,1.0,0.18059,4e-05,
0107e8f3-1ec5-4b38-b533-1357f7b6b52b,6.48,-0.0001,0.5618,0.08907,0.0,
0108290f-b3ed-4a91-b47b-31daa85c408e,4.0,-0.0003,0.9702,0.13675,0.0,
01085b78-32c6-45e6-9f9f-3e61517005ee,9.96,-0.0001,0.849,0.10398,0.0,
010889ae-39ef-4a27-9a5f-0219f1f5db64,7.08,-0.0003,0.8422,0.1181,0.0,
01089f16-587a-41ad-8e7a-61d1d15610d9,4.05,-0.0,0.2265,0.02215,0.0,
01091f33-a97d-4df5-97d5-8c9147f5e769,12.68,-0.0,0.8858,0.12797,0.0,
010995c0-67ad-44ee-b6d7-9db167d6a6ad,9.22,-0.0001,1.0,0.1002,1e-05,
0109c05e-4ec9-463c-91c5-bb1306f3f0f9,5.16,-0.0008,0.7513,0.12113,0.0,
0109ee92-33ef-4559-bfa4-f979cd26fdbb,4.08,-0.0002,0.6302,0.1183,0.0,
0109f18f-d477-44c8-ac56-1f97457a13e1,3.73,0.0,0.8277,0.16193,0.0,
010a0d0f-45e5-4a97-ba99-a9d6d9250aa0,4.31,0.0,0.8722,0.19212,0.0,
010a13aa-12d1-46a3-a301-4a85a5ba26a1,4.48,-0.0009,1.0,0.14538,1e-05,
010a32ba-dc8c-4a60-8912-7e7d2a3e8fa4,12.0,-0.0002,1.0,0.10241,1e-05,
010a81ea-a093-4fcd-afa8-9f64db00613e,4.6,-0.0001,0.7875,0.08541,0.0,
010ba6bb-f8a9-458b-97e1-6184a13b17af,13.83,-0.0,1.0,0.1519,1e-05,
010baedd-4fcf-4a8c-ab0e-02590853aaf5,6.88,-0.0003,0.8512,0.12914,0.0,
010bfc3e-8e83-4bc8-af4c-e0d5cb299838,11.56,-0.0003,0.8095,0.09283,0.0,
010c1baf-2d2b-44d2-a7af-c8d258e7f3a9,5.44,-0.0,0.8563,0.10279,0.0,
010c9e91-4e27-4a1f-beea-4e09f264c50d,3.19,-0.0001,0.4791,0.06432,0.0,
010cb580-76d1-477d-afb6-fe1ede20cf50,10.72,-0.0001,1.0,0.10664,1e-05,
010cd1be-6ae8-473e-af19-bf112d625d0d,7.0,0.0002,0.9689,0.12701,0.0,
010d085c-554b-4403-a0fb-f5ead9ca4610,3.18,-0.0001,0.6717,0.10172,0.0,
010d76a4-ec0b-4699-8207-db6b1b938f01,9.76,-0.0001,1.0,0.12512,1e-05,
010e1a77-d81b-4e29-9bc4-26ec4c2a2875,3.68,-0.0002,0.5171,0.06594,0.0,
010e8635-10a7-4fdb-8248-6795408b7b21,16.0,-0.0,0.8416,0.13735,0.0,
010ea8c1-a815-468c-a043-024a6fc4460a,15.81,-0.0,0.8516,0.13866,0.0,
010ee337-a841-4ab5-a28e-93f11b2c2dcc,4.08,-0.0001,0.7633,0.08927,0.0,
010ef743-d4e4-43ac-afe5-3e008ff66604,10.28,-0.0001,0.8104,0.10981,0.0,
010f1cdd-47ee-4482-a9cb-ba5f9fc7a41e,8.76,-0.0001,0.8939,0.12004,0.0,
010f6edc-028f-4b28-b3ef-9ce66658011e,1.6,0.0001,1.0,0.09273,4e-05,
01101d99-ed29-4603-a511-c5f5a1c0a78d,6.51,0.0002,1.0,0.13323,1e-05,
01102c75-ffc4-4dc1-8ccd-ff871b32f52c,6.04,-0.0005,0.9926,0.16427,0.0,
011053d8-0335-40f0-b67f-c7feba2d2f34,6.28,-0.0001,0.7489,0.11369,0.0,
01108853-6117-42ce-b3db-14a60bc0e10a,9.24,-0.0001,1.0,0.17364,1e-05,
011093c7-b623-4959-8e37-1acf1132fe82,5.36,-0.0005,0.5459,0.0804,0.0,
0110f48b-0939-48e4-b902-c8527001d51b,4.76,-0.0001,0.6279,0.07316,0.0,
011175db-0071-4360-9165-917756e79164,4.2,-0.0002,0.9049,0.13312,0.0,
0111d811-597a-4c8e-978a-28ebb02c7924,13.0,-0.0003,0.8177,0.0688,0.0,
0111f9e0-7b3a-47c8-a419-3d2d508c3419,9.64,-0.0002,1.0,0.14241,1e-05,
01120ef1-4f95-4058-a1a4-8f4b436f7f6c,4.68,-0.0,0.7343,0.12504,0.0,
0112676e-d3fb-4882-b6cb-6e3f784bbbe8,4.16,-0.0003,0.7771,0.11194,0.0,
0112af31-3673-46ee-8e1e-018b751b1e55,4.0,-0.0002,0.7654,0.11925,0.0,
0112c18e-af6c-495d-8923-af5f6fd4e474,5.2,-0.0005,0.8931,0.14993,0.0,
0113413a-f6a4-451f-9fb7-4fd6825c5596,16.0,-0.0001,0.8423,0.11326,0.0,
011352b0-11c6-4dd8-b527-cf2512e9cb53,11.36,0.0003,1.0,0.13622,1e-05,
011370f4-fe6c-4790-977a-b6fa9e21e85e,10.28,-0.0001,0.7151,0.1059,0.0,
0113765f-a8c0-4900-9ba6-ac48c8b22bcd,6.76,-0.0001,0.6091,0.09172,0.0,
0113a8dc-7d93-4b3b-8675-ea2b885cc19a,5.88,-0.0003,0.5052,0.06413,0.0,
0113b3a1-3d4d-457b-acb5-a6c36c76986a,5.44,-0.0002,1.0,0.14395,3e-05,
0113c338-4fc2-4285-bb91-57d5445c4217,5.72,-0.0005,0.8465,0.14816,0.0,
0113cec1-9d52-4d96-974b-d6ea48253987,4.56,-0.0004,0.8669,0.10508,0.0,
0113d6f3-a506-4e32-af4b-bcfa34940268,4.68,-0.0006,0.711,0.08167,0.0,
0113e439-ec83-42ec-8b4e-3f7d992205c0,13.68,-0.0,0.9576,0.10963,0.0,
0113f13e-b99d-4120-ba7d-7276ad75f265,4.35,-0.0001,0.9998,0.14781,1e-05,
01140631-82e2-476a-a95c-153e9bbe7b0c,6.4,-0.0001,0.6896,0.08349,0.0,
01141358-5d8d-4153-9724-ab4457941828,5.92,-0.0004,0.7469,0.09769,0.0,
01142aa7-fb18-4ce0-bc86-2f0b7f493364,8.02,-0.0,0.9967,0.16579,0.0,
0114632f-13d0-41ef-943e-f7943f2457c0,2.88,-0.0001,1.0,0.17014,2e-05,
01148dc8-6b1a-43a4-bce5-1f263e3c5b5a,5.72,-0.0002,0.637,0.08155,0.0,
01150a31-3545-455c-b183-2cb0f8328f4e,6.64,-0.0004,0.9743,0.11301,0.0,
01150b38-baff-492f-b76a-b7456f588b52,11.64,-0.0006,1.0,0.12777,1e-05,
01153fca-cb0c-4007-9423-6aa9e31b1e52,7.52,-0.0001,0.7809,0.14327,0.0,
011541c1-5432-4742-bfe0-ce9349c1829e,8.48,-0.0001,0.7211,0.07659,0.0,
01157d1d-8972-411e-ba00-9ab8620904df,10.12,-0.0004,1.0,0.12196,1e-05,
0115acb5-eb13-4e28-9b58-d2f92be51060,13.44,0.0001,0.7828,0.10865,0.0,
0115c90b-1122-4b73-b621-fa10f002e34f,3.36,-0.0,0.9019,0.11293,0.0,
011659a1-1c12-472d-b273-450714427d97,8.36,-0.0001,0.8765,0.09629,0.0,
01168e4f-4277-48aa-8f9e-a4b56e0a0d23,9.0,0.0,0.9036,0.13763,0.0,
0116a7b7-5996-4ca2-a739-0808d355b180,3.05,-0.0,0.3091,0.05077,0.0,
011705bf-e109-47bc-b97a-f119e8a97fd7,1.72,-0.0001,0.4168,0.05406,0.0,
01173545-9f54-40c6-bf0f-0818f034af1f,8.44,0.0001,0.8791,0.13086,0.0,
01173f68-db49-4066-9ea3-fc0549077c49,4.48,-0.0003,0.7694,0.09936,0.0,
0117fd11-75da-404f-944c-e59d16cef8fc,4.72,-0.0002,0.875,0.10204,0.0,
01181936-97e5-4594-8587-c7ed3a611b28,3.36,-0.0001,0.8171,0.14077,0.0,
011899bd-4f2a-462e-919b-66ced7d0fd72,9.16,-0.0002,0.7358,0.11313,0.0,
01192187-f243-489c-9ee7-758c6c9991e6,5.2,-0.0001,0.8283,0.11123,0.0,
01194aa4-1055-44f9-b935-d3173ebb1ef0,0.92,-0.0002,0.244,0.0374,0.0,duration_outlier
011996d1-3cc7-4562-b5e6-629137d5c653,14.0,-0.0001,1.0,0.11242,0.0,
01199f3f-c415-46bb-9124-f2ba29928c2a,6.16,-0.0005,0.9096,0.14793,0.0,
0119a346-2a85-4d29-905d-8708e2ced7ab,13.33,-0.0001,0.8452,0.12424,0.0,
0119e45f-13cd-4884-8393-6fe1aa2b01a2,10.57,-0.0,0.8557,0.1213,0.0,
011a5746-87d3-486b-b05a-e225abf605c9,12.7,-0.0002,0.8445,0.12914,0.0,
011ac94e-bc00-4a2d-bb60-8e7b6c62f218,4.0,-0.0002,0.7109,0.11958,0.0,
011b6797-b161-4e26-90b2-69609b6e5d9d,2.56,-0.0001,0.883,0.13535,0.0,
011bea72-6283-4724-85bb-2617c5047048,5.24,-0.0002,0.6009,0.09663,0.0,
011bec6b-ee59-4498-995c-f061f1931b87,7.36,-0.0001,0.7662,0.11109,0.0,
011ca102-c9c9-49b6-b709-e66b8d8ab557,7.56,-0.0005,0.7596,0.10584,0.0,
011d2b8e-4305-4c22-a866-7cf49259d67a,9.64,-0.0001,0.4254,0.06632,0.0,
011d7f74-0d25-4362-a2cf-dd5f89013139,7.36,-0.0003,0.5977,0.08546,0.0,
011d88c6-3986-4cb0-aff2-560c41c99b83,13.64,-0.0002,0.9814,0.13236,0.0,
011d931a-3af2-4997-899e-13aef513667d,11.28,0.0001,0.9994,0.14715,1e-05,
011e077f-e93f-4e1a-b350-459ccc3cd960,6.08,-0.0002,0.9407,0.09179,0.0,
011e4f3d-434c-4a39-b736-47f96189449a,6.04,-0.0,0.7192,0.09176,0.0,
011eb740-26d4-44d3-bd41-6f7219a13f4a,7.6,-0.0001,0.8017,0.07658,0.0,
011f34e5-9680-4feb-bb69-3b9ae15a3720,6.96,-0.0002,0.6996,0.09138,0.0,
011fc9bd-4c85-4c02-83f1-c0bdcf9a3217,10.16,-0.0002,0.725,0.08284,0.0,
01203399-4ece-4c4f-b7bf-7afdf3cbe930,7.92,-0.0003,0.8089,0.10798,0.0,
01206580-4a1a-49b1-b92c-8ba06941d686,12.66,0.0,0.9044,0.11989,0.0,
01209236-6f1b-45b3-9a96-7579d49c5d6f,11.32,-0.0002,0.8792,0.11489,0.0,
01215b4d-87da-4813-a0a0-91cfdec369bf,4.96,-0.0001,0.7343,0.10253,0.0,
01216ea2-3aae-4132-9dbc-948d0cc939b3,6.4,0.0001,0.9039,0.10522,0.0,
012170db-cbc5-478a-adf1-f374ea1f041e,7.52,-0.0006,1.0,0.17723,1e-05,
01217ad7-7f81-4b26-b1e1-352d605c580a,5.36,-0.0002,0.9419,0.08089,0.0,
0121eb48-5a49-4375-b04d-103f50fb36f0,13.39,-0.0,0.8505,0.12625,0.0,
01221887-5544-41ec-91c0-c5bc99ca35be,6.8,-0.0021,0.9391,0.1123,0.0,
01226acf-b300-49ef-9ca2-428c92bc09e1,11.92,0.0,0.8807,0.14775,0.0,
012289f1-5827-47c6-97bf-f79c20634944,6.68,-0.0001,0.6563,0.1065,0.0,
01229320-c75f-4785-a3c8-8577da8fa14e,7.36,-0.0003,0.863,0.11477,0.0,
0122e751-9406-46f2-9c31-517122229841,15.81,-0.0,0.8606,0.12999,0.0,
012301cd-7f28-4e4e-897b-1b4699076ce0,4.84,0.0001,0.9445,0.1449,0.0,
01235fd5-938d-48df-8dc9-0964da9ce83b,5.32,-0.0002,0.8594,0.12403,0.0,
01238916-1fe3-4704-b229-51b2f62aef10,4.64,-0.0001,0.6867,0.10057,0.0,
01239922-4cf4-4c21-b8c9-689de0149d43,7.88,-0.0006,0.9643,0.15421,0.0,
01246252-779b-4db3-b58b-e31f787d8f66,3.52,-0.0003,0.6152,0.1112,0.0,
0124b390-8680-408d-96d9-2f6fd3ce9e31,4.84,0.0,0.8388,0.11174,0.0,
01251244-ac95-4fbc-991b-14b876bff241,3.92,-0.0002,0.8293,0.10793,0.0,
0125578f-5cfd-41b3-bc91-27e19261d437,7.84,-0.0002,0.6891,0.07877,0.0,
0125fee5-bf67-435b-806f-ccb7de538a65,12.28,0.0001,1.0,0.16213,1e-05,
012609cc-d473-4386-a1fe-77b53c54eefa,4.44,-0.0003,1.0,0.10632,1e-05,
0126146d-c035-462c-81ee-0ef6cb6e4aa8,8.68,-0.0002,1.0,0.13506,2e-05,
012641db-665c-43e1-aaf4-862b479297a9,9.34,-0.0,0.8404,0.15121,0.0,
01268701-a8d3-48c8-bc7f-14308e234261,4.68,-0.0001,0.8982,0.11593,0.0,
0126c192-d967-4245-a7d2-e74714ff8ad0,5.92,-0.0002,0.6938,0.11057,0.0,
0126ed5f-bddf-4d5c-a4bf-669475fcc7b6,7.4,-0.0007,1.0,0.16528,1e-05,
0127163a-7881-471e-833a-d94764ec54c7,9.64,-0.0002,0.7727,0.0918,0.0,
01279fc1-7d3b-49fb-8485-45b81a457a76,6.56,0.0,0.8847,0.10735,0.0,
0127b17e-9784-4df8-9655-0d88e0eb6292,8.28,-0.0005,0.9717,0.10561,0.0,
0127d9b8-16da-4604-a6fd-7cc5cebd5692,10.96,-0.0003,0.9901,0.11531,0.0,
01280f79-b4e6-4116-bed1-0dccaa8bac55,5.2,-0.0,0.6276,0.07994,0.0,
01286b38-cbd0-4b49-b342-934ba951c9ee,6.52,-0.0008,0.8535,0.12548,0.0,
01288efe-409f-469b-bccb-5b687ed19f9d,6.76,-0.0002,1.0,0.13778,4e-05,
0128ba66-2303-4787-afb2-ed9b1fa128f2,3.24,-0.0004,0.9826,0.0947,0.0,
0128eb73-6eab-4806-95da-3039316f6faa,7.48,-0.0,0.618,0.0695,0.0,
0129a7bc-7e69-4c81-90e5-7ba0885a1a3c,5.48,-0.0003,0.8843,0.12659,0.0,
0129cded-e5aa-466b-ad96-6f0c8b705ae4,6.01,-0.0,0.8433,0.12492,0.0,
0129d7d8-5df2-4351-81cc-139edc329e4c,8.96,0.0001,0.8096,0.12678,0.0,
0129ef97-5003-4c7e-82d9-94ce98bda5e2,10.2,-0.0001,0.7024,0.09866,0.0,
012a3782-33a2-4c41-b669-4a7c2d7fca71,8.4,-0.0005,1.0,0.18323,2e-05,
012a5739-2140-4f68-b7df-14c873571e56,2.6,0.0,0.9059,0.18269,0.0,
012b094b-0e10-470a-b9b6-5db4c4eac54b,8.64,0.0001,1.0,0.15697,2e-05,
012b0d71-4b3c-4eab-aedc-d1c935c24385,4.16,-0.0,0.9708,0.09661,0.0,
012b9760-e771-4c8b-9739-d0b6061fc9e8,2.17,-0.0001,1.0,0.08988,3e-05,
012bebad-9b93-408a-bf4a-e2f89f9bc447,5.36,-0.0003,0.7846,0.12506,0.0,
012c0f99-35fd-4506-8654-f7c485451a46,7.64,-0.0003,0.7866,0.10392,0.0,
012c3ded-db99-4867-8717-39f5800de4a8,4.36,-0.0,0.8557,0.1151,0.0,
012c6a85-962c-47b3-98d6-a97c665bed88,8.37,0.0001,0.9984,0.13096,0.0,
012c7c4c-ee4e-483d-b1d0-d24ab67dfe4a,11.84,-0.0001,1.0,0.15576,1e-05,
012c8337-1672-4afe-9075-d4e9a3145b9d,4.16,-0.0001,0.9785,0.11984,0.0,
012cf2a7-f67f-4be3-8d42-2cf55f636529,2.88,-0.0004,0.9378,0.14099,0.0,
012d15be-7d9e-4627-ad17-052f59a4facc,7.96,-0.0004,0.7181,0.14156,0.0,
012d2082-31bd-4b76-b28d-65062a54daf0,7.88,-0.0017,0.9214,0.11169,0.0,
012d3dcd-963a-4280-bc54-b9df86eebcd0,3.08,0.0,0.6587,0.1249,0.0,
012d5f11-9b4c-44c6-afa3-fe560e61e2f8,10.84,-0.0001,0.847,0.1338,0.0,
012ed891-12cd-4bff-8284-3f50e85b591b,4.16,-0.0001,0.7183,0.07783,0.0,
012f23ec-8b98-464e-9200-8d6de960d39c,6.92,-0.0001,0.8954,0.1254,0.0,
012f2466-c390-489c-91cf-b3552eac2a1a,6.8,0.0,0.9368,0.12779,0.0,
012f3c33-4b8e-4d08-97fd-93cd72071398,9.77,-0.0,0.85,0.1443,0.0,
012f4aae-f2a1-4c8a-a02f-18d64f9dc6fc,9.56,-0.0001,0.7139,0.07424,0.0,
012f74d6-0a08-4b6a-bd9d-0c6cb33c1929,12.58,-0.0,0.8617,0.13515,0.0,
012fdde7-9cdd-4197-bcfa-3bf396ef0b8e,5.52,-0.0,0.8903,0.13324,0.0,
0130e7f8-64bf-492a-9b3a-e49c67863814,3.36,-0.0003,0.7792,0.12379,0.0,
0130fad5-2d9d-4e66-98fc-7542676a9e1f,7.28,-0.0003,0.9388,0.1186,0.0,
0130fea4-9bdd-433a-a564-221abb01edc4,8.12,-0.0001,0.8116,0.08346,0.0,
0130fefa-1a97-4848-976c-8da644e6e68e,6.26,-0.0,0.8579,0.15271,0.0,
013119da-5492-4e2b-9ced-8a215fa84bfa,3.16,-0.0005,0.8117,0.10974,0.0,
0131f3f5-7acb-4bf1-b3ec-a13fa14bac06,4.16,-0.0,0.7812,0.1156,0.0,
01322fa9-e5e7-4062-81e3-ff23ec213a7c,11.9,-0.0,0.8474,0.12761,0.0,
0133599d-b5d7-42a5-8e11-65993a3af103,8.24,-0.0008,1.0,0.17763,1e-05,
01335b18-439d-43bc-8ede-c18201c65c61,11.9,-0.0,0.8757,0.14249,0.0,
013392f6-3ed7-41a8-85a0-f99042656bec,7.28,-0.0004,0.8155,0.14032,0.0,
0133e150-25fc-47e3-bc49-5893634a7ba7,3.28,-0.0003,0.9489,0.1208,0.0,
0133fc94-2d60-4c7d-9ab4-94b119d4841c,5.8,0.0,0.8369,0.15558,0.0,
01349407-0fcc-4c92-a8f5-4a3a8d16bcb5,7.4,-0.0002,0.777,0.12111,0.0,
0135fbfd-4089-472c-9e47-6df55b58812e,5.72,-0.0001,0.7772,0.10027,0.0,
01369924-b30d-4f83-9d71-e125cf62b60a,12.28,-0.0006,0.9486,0.09899,0.0,
0136a941-fa18-43e5-b396-fc5a018175f1,9.76,-0.0001,1.0,0.11485,1e-05,
0136b1b5-b2bb-4f9c-8130-19a18a7ea2f8,5.46,-0.0,1.0,0.15101,1e-05,
0136edd1-f6b1-417c-a364-95240122f010,5.03,-0.0001,0.9953,0.24714,0.0,
0136f15f-09ea-45b5-b7cc-f85018849cd3,9.12,-0.0002,0.8329,0.06879,0.0,
01372b26-ebd3-4f6e-9af8-94044440f583,4.4,-0.0002,0.8224,0.12757,0.0,
01373773-6acc-42bc-899b-0bf6a3dca94e,7.48,-0.0001,0.8687,0.11729,0.0,
01376330-32c0-48fe-8a4b-91f1939315f6,8.12,0.0004,0.85,0.13013,0.0,
0137dcc0-9017-474a-ba4a-c34d67e54afb,10.77,-0.0,0.8475,0.12762,0.0,
01380c32-e227-4c90-8f39-111767877638,4.28,0.0,0.9706,0.15441,0.0,
0138629f-cfb4-4058-829a-9924803bd397,6.88,-0.0003,0.8785,0.10996,0.0,
0138da88-d3fd-4a0f-a716-e4e07d9600ac,7.24,-0.0002,1.0,0.11237,1e-05,
0138fe21-5bed-45c8-9d4a-b26f4b277850,2.88,-0.0,0.3492,0.0427,0.0,
01393d06-7f04-4ea7-a5a7-18aed27aff56,4.56,0.0,0.9905,0.15244,0.0,
013951cf-b998-49ff-9318-2b92fdaff316,3.8,-0.0002,0.7808,0.10408,0.0,
013955e3-455c-492f-a9fc-d3483a32ce65,6.52,-0.0,0.7361,0.07604,0.0,
013acfc5-eddf-4f7a-b12e-dd5cc2ed72f9,2.4,-0.0003,0.6615,0.12322,0.0,
013b0df7-389f-4c68-a7b5-3de6a301757a,3.48,-0.0,0.7819,0.11071,0.0,
013b3152-1363-40e6-9bc2-1b925af6b164,11.12,-0.0004,0.6866,0.10327,0.0,
013b8fa3-66ec-4113-a211-96b81e1630af,12.82,-0.0,0.862,0.13256,0.0,
013bace4-2833-4fcd-a8eb-87ccb91d93bc,8.56,-0.0,0.5705,0.07348,0.0,
013bcfa7-41d3-4187-8432-fd32da24b30b,6.04,-0.0003,0.9932,0.14955,0.0,
013be3b3-2d3b-48e3-8e85-6094aae00ddc,4.8,-0.0001,0.5227,0.07976,0.0,
013beb99-c5ae-4eaa-998a-c79cec3e3379,4.96,-0.0004,0.8418,0.1212,0.0,
013c4203-4f45-44f5-a719-ff36a1a76cb2,7.84,-0.0006,0.8311,0.12604,0.0,
013cd59e-6e6f-4bbb-af41-60ba980bf5bb,4.0,-0.0,0.9403,0.12391,0.0,
013cd712-4f2b-4f83-ad1a-0e3297ea0ee3,6.6,0.0001,0.7371,0.13777,0.0,
013cdee9-bc14-4476-a7d1-1003e51c2137,6.52,-0.0001,0.9804,0.14984,0.0,
013cf93d-0c3c-4c4f-a1bb-7805174ddf04,9.72,-0.0002,0.8734,0.12546,0.0,
013d3094-c7ee-433b-b31e-8099c273498c,3.59,-0.0,0.2941,0.03044,0.0,
013d45e1-836b-41bc-af06-dc8c774c517d,8.12,-0.0002,0.7693,0.1353,0.0,
013dbd7a-6e82-4f94-af69-d63055d981a5,6.36,-0.0001,0.8207,0.10316,0.0,
013dd0df-2f3a-4967-9fe7-7bd6fb344760,3.16,0.0001,0.8257,0.09726,0.0,
013ddc65-3241-45ad-a2ac-c0e77a1a47d1,8.44,-0.0002,0.6559,0.08174,0.0,
013e193c-00af-45c5-9d88-9fe5ea3516d6,11.84,-0.0003,0.8932,0.09784,0.0,
013e2287-7816-4066-96b5-a1f1e885ce6d,7.96,0.0,0.8786,0.12804,0.0,
013ed4a5-7db5-44df-aa12-ef79650e5c21,12.72,-0.0002,0.8065,0.12636,0.0,
013ee617-cd88-4d3d-abc8-d70c41d351e6,4.44,-0.0002,0.7186,0.08717,0.0,
013efbe5-0eaa-4c91-9746-3512946b2ffa,6.56,0.0002,1.0,0.1232,1e-05,
013f4191-be65-4365-ad1c-d6cc1d951d32,13.28,-0.0001,0.8627,0.11626,0.0,
013f6f34-3c8d-4abf-8301-94844f590e0e,8.12,-0.0002,0.6837,0.10428,0.0,
013f7241-919e-4d03-92de-ef915af3d422,8.04,-0.0001,0.7472,0.10049,0.0,
013f742f-95ed-4770-b66e-7355d05403c4,9.76,0.0,1.0,0.17426,3e-05,
013fd5c3-c9f4-4d16-9fec-b6e417ee9a31,9.59,-0.0,0.8698,0.12367,0.0,
013fe7fd-dff4-4957-aa5d-dba0a32b15f9,7.16,-0.0005,0.9267,0.10781,0.0,
014018f1-2755-4b32-8a1c-47a9de33e022,8.2,-0.0001,0.8564,0.10421,0.0,
0140648d-92fe-46e5-9f27-ac7b4578de3f,11.08,-0.0002,0.8109,0.14116,0.0,
0140741c-296d-40f6-bc0d-c6be9b027e84,4.68,-0.0005,1.0,0.1465,7e-05,
014078c7-e165-4f3f-a1e4-1e8b048bc8f9,6.2,-0.0,0.9156,0.11669,0.0,
01407eb7-00b3-426c-9aac-04d48e9f8398,13.4,-0.0,0.8117,0.11592,0.0,
0140cde9-c54e-43dc-892f-e9030252eda2,10.24,0.0001,0.9623,0.1332,0.0,
01412369-0bfc-4759-994d-6a3aa760aa45,2.48,0.0003,0.7272,0.12267,0.0,
0141486b-50cc-4c55-ab18-5069906f2545,3.72,-0.0003,0.8583,0.11054,0.0,
0141b348-9301-437c-b5a0-b473837a3be7,4.96,-0.0002,0.8777,0.15576,0.0,
014223cb-5f43-4780-aceb-f2a4d76e1bf6,11.68,-0.0006,1.0,0.15767,1e-05,
01423455-357b-48d9-93b2-fee2121c5f9a,7.08,0.0001,0.9996,0.22,1e-05,
01424fc7-c074-4549-b511-1992b0ab96d3,3.19,-0.0,0.1727,0.01602,0.0,
01426de2-2610-4ec3-a070-03ca0b86c790,7.04,-0.0003,0.7893,0.11701,0.0,
0142736c-ad91-46f3-af0b-4af8dd532091,4.88,0.0001,1.0,0.19146,3e-05,
01427cc5-5bed-4153-883c-88bfe04c25d7,11.98,-0.0,0.841,0.14591,0.0,
0142a07c-c788-48e8-8dc8-1fcbad489a7d,13.68,-0.0,0.9455,0.14358,0.0,
0142bf01-673c-46e6-a8d2-0e8b22340484,6.08,-0.0001,0.5452,0.06549,0.0,
0142c060-c5c2-4a7b-bbec-ad86ee03efe8,11.56,-0.0,0.9095,0.14786,0.0,
0143021d-70e2-4ab7-8476-6938c88a0e7e,6.6,-0.0,0.8445,0.12471,0.0,
01434326-7d5e-4341-9f5e-c89b0b7f4188,5.64,0.0003,1.0,0.13738,3e-05,
0143b398-7e30-4a2f-9748-a6d16a555222,2.15,-0.0,0.2647,0.02977,0.0,
0143d96f-d28e-49af-9af8-5ca9ed526821,4.47,-0.0015,1.0,0.14223,1e-05,
014416d2-fe88-42a5-abd4-97e368e8b08c,4.92,0.0,0.9501,0.13772,0.0,
01443c4b-48a5-41fb-a9d3-e1ca1053a059,4.36,-0.0006,0.9142,0.13716,0.0,
014450e4-57dd-4260-9691-403060c53301,3.3,0.0021,1.0,0.0989,2e-05,
01447203-51b9-4c54-ad0a-ba4574818a26,6.04,-0.0002,1.0,0.14054,1e-05,
014482c7-3853-4bca-9a3a-05ca1c8ac389,4.28,0.0001,0.6571,0.09403,0.0,
0144ac2d-9662-49fc-ab46-b1fafdd1269b,1.96,-0.0036,1.0,0.17793,3e-05,
0144e9ba-b269-43c3-8862-4dd9675c911a,11.58,-0.0,0.8438,0.12315,0.0,
0145a6de-5d88-481f-b2ea-a0702034b6a5,5.14,-0.0002,1.0,0.09766,1e-05,
0145abf7-8f03-4689-ba2a-04d39ba9ec8a,10.39,-0.0001,0.8592,0.11949,0.0,
0145fcbd-70c2-4329-944e-923207399b84,4.08,-0.0002,1.0,0.11653,3e-05,
01464c04-9391-4dc0-8125-ce9eda050adc,6.88,-0.0004,0.9424,0.14418,0.0,
01465f5b-cc93-4de0-829d-7ccead9e4563,9.64,-0.0001,0.9489,0.12522,0.0,
01472b5c-8599-4ea8-9f94-544c1f6c49a0,3.32,-0.0,0.8571,0.11787,0.0,
014808a1-abb1-4548-a8bb-ff17703ec49f,3.24,-0.0001,0.2651,0.04053,0.0,
01483fcc-58f8-45b5-a87d-2c734a8beea7,9.59,-0.0,0.878,0.13336,0.0,
014843fa-4366-4b4a-a815-e92a82dcb0ab,9.12,-0.0002,0.4364,0.06641,0.0,
01484e40-4b60-44c6-99cf-509477aeb5b1,9.59,-0.0,0.8447,0.11698,0.0,
014859ad-fa09-4772-855c-c86135f42044,9.04,0.0,0.913,0.13685,0.0,
01485ddc-b4f2-4a2c-abac-47786be79695,4.96,-0.0003,0.4867,0.09132,0.0,
01497e1a-066c-4258-9b26-cd6c56c6dec3,12.2,-0.0001,1.0,0.14073,1e-05,
014ab1e4-e937-40a2-8c29-54e583adc142,7.2,-0.0003,0.8254,0.13455,0.0,
014ad059-e432-467e-b542-027a6cc24b8b,14.52,-0.0001,0.9961,0.09612,0.0,
014b1772-6cb0-4b75-9891-972b2eb5988e,9.12,-0.0001,0.7645,0.10353,0.0,
014b6654-38e1-40fc-aa94-326bb2985d35,4.04,-0.0005,0.9297,0.12475,0.0,
014b7b81-aa38-4f51-93de-5745e95d58c4,2.04,-0.0,0.2035,0.01936,0.0,
014ba34b-a33e-474b-8edf-dda1e348e50f,13.59,-0.0,0.8883,0.13058,0.0,
014c64b9-ef6b-485f-8d20-756a3e4815c8,4.0,-0.0004,0.6518,0.10559,0.0,
014c767f-b06c-4cf9-89ab-f301ae0efc89,9.8,-0.0004,0.9996,0.12968,1e-05,
014c8cf8-cd0d-489e-81dd-2818056a51ac,5.2,-0.0001,0.9747,0.16453,0.0,
014cc119-2702-4f37-bc2a-98afaa6f4466,3.48,0.0048,1.0,0.14166,2e-05,
014d3ae7-fe8d-4a9c-aa8b-230cc3fe809b,12.28,-0.0003,0.6639,0.06756,0.0,
014d682d-12de-442a-b1ad-bd91f2044672,4.24,-0.0006,0.7186,0.11687,0.0,
014d8eff-3ef8-46b5-9329-482f6c4aaec9,3.02,-0.0001,0.1972,0.03842,0.0,
014dcfdf-069a-4be8-b2fe-292d5f3860a9,5.16,-0.0001,0.8864,0.09469,0.0,
014e1718-a84b-485f-bed7-6f641ea279cb,2.56,-0.0002,1.0,0.12512,2e-05,
014e1c4f-3e9c-4f7b-9225-e096706d59cc,2.28,-0.0001,0.6089,0.07318,0.0,
014e569a-6681-4f46-8057-55e1069bcdc3,10.92,-0.0003,0.9326,0.10451,0.0,
014e664d-6918-4916-aa92-a39da345457c,15.64,0.0001,0.8768,0.12758,0.0,
014e9239-a55a-4267-9509-309b6d521487,11.41,-0.0001,0.898,0.13999,0.0,
014ed4ed-3514-4936-9273-0c6f5e36e97a,7.88,-0.0001,0.8319,0.09612,0.0,
014f0afa-74cc-4a3d-afaf-5f98164f68e4,9.6,-0.0001,1.0,0.13826,1e-05,
014f10d3-0b7c-46ec-ab1f-1501bfc238b3,10.56,-0.0004,1.0,0.11632,1e-05,
014f3da0-8351-48b4-b1c8-4b399570950b,5.08,-0.0001,0.6073,0.08925,0.0,
014f7d1e-6b1d-4f28-9480-05755eb8e05f,14.0,-0.0001,0.9713,0.10624,0.0,
014f988e-b8ae-45b5-85f3-5d53a5834701,6.16,-0.0002,0.6876,0.10547,0.0,
015006a2-9319-46ee-9415-03b676748fd0,8.76,-0.0,0.7983,0.06466,0.0,
01501342-6122-4b68-b0d2-f082237aca82,6.76,-0.0001,0.9169,0.07191,0.0,
01502d94-a467-43d4-9ea1-f92543c23fef,5.32,0.0001,0.6478,0.08988,0.0,
01507726-a760-4191-8ede-895518764ab8,8.92,0.0001,0.6704,0.10751,0.0,
0150817f-107c-46f6-9ee8-f63b750598fc,9.84,-0.0002,1.0,0.14099,1e-05,
01508445-b166-4658-ab82-5e35b775637a,4.96,-0.0002,0.9975,0.12366,0.0,
01511b82-1985-4a7e-8f49-4ea9de76b61b,11.32,-0.0,0.9737,0.11347,0.0,
0151257e-52b2-4cb3-a573-040f0b82a92a,9.26,0.0,0.8587,0.13558,0.0,
015158a9-8746-4981-81ca-869e10a2463f,5.84,0.0001,0.8198,0.13893,0.0,
0151de2b-0e25-4622-b924-3fd7c1af8a7b,4.48,-0.0003,0.9844,0.10442,0.0,
015296ee-aea1-440b-a5c3-afc027a58e7f,8.36,-0.0004,0.9593,0.07957,0.0,
0152e7fa-685d-4d40-a72d-b3c91adc51c3,11.56,-0.0001,1.0,0.14277,1e-05,
01532746-3301-4ab7-ae2d-451560edf180,10.12,-0.0001,0.7558,0.11721,0.0,
0153815d-5daa-4461-adc2-e018fda0945c,6.57,-0.0001,0.9937,0.10999,0.0,
01539756-4fb8-4f47-b101-4127447b9da8,8.61,0.0,0.85,0.12063,0.0,
0153be9a-9c71-473d-be9b-c1a1c2ab98ce,8.32,-0.0002,0.7458,0.10611,0.0,
0153ff27-6f0a-4d15-b103-fe842afae14e,7.76,-0.0001,0.8528,0.10588,0.0,
01542ee6-b127-4507-b8bd-21d14a9388e5,8.44,-0.0004,1.0,0.1584,2e-05,
01545b45-1732-4eae-976c-ab9cd923514c,5.56,-0.0003,0.8846,0.10315,0.0,
0155397f-abc3-4ea4-bb53-2ce79dda218b,8.76,-0.0005,0.9684,0.16565,0.0,
01559dc7-1737-47bd-b37c-effbfbe9be26,10.24,-0.0003,1.0,0.15921,2e-05,
0156cecf-5339-4921-b332-24e8c4f3d06b,9.36,-0.0004,1.0,0.14791,5e-05,
01572322-4394-4048-95f8-706b29550b98,4.28,0.0001,0.5342,0.06838,0.0,
01572c81-3e9c-4f1f-a75f-3914ff762686,9.52,-0.0001,0.9007,0.14248,0.0,
01576515-a019-4106-8588-2270e0d5632a,9.04,-0.0001,0.6414,0.05941,0.0,
01576f44-400b-4f0b-ad50-f8466808a9c7,6.7,0.006,1.0,0.11179,1e-05,
0157b0b1-5de3-4fdb-b353-0979fccf2bab,3.36,-0.0005,1.0,0.16532,2e-05,
01580a61-acf8-412e-a85e-1e1479f19bac,3.52,-0.0006,1.0,0.11413,2e-05,
01580eae-581c-4d27-b4e1-24bc9a02a7c2,3.32,-0.0002,0.6989,0.10107,0.0,
01583c2d-7d21-40e6-93ec-9463a0fdfc9e,9.12,-0.0002,0.937,0.13811,0.0,
0158aa13-b825-4ea0-bbd7-59bf72b07f46,6.32,-0.0,0.8095,0.10044,0.0,
0158eab7-83ea-4dc4-b0bf-3b9649021dc0,6.0,0.0001,0.9251,0.1228,0.0,
015912cc-d79f-4060-bb89-7d45aa718f39,13.6,-0.0001,1.0,0.10801,0.0,
0159b1d5-ab04-4e13-a4a5-f635cce4d774,8.47,-0.0,0.9922,0.10023,0.0,
0159c44d-da85-44b2-937a-db2874fea22d,4.76,-0.0001,0.8692,0.11439,0.0,
0159ca32-b6a2-47a9-b0fd-8a2e3578574e,10.32,-0.0002,0.9991,0.13459,1e-05,
0159caa1-394c-4d6c-a1cb-8157cfecb322,11.8,-0.0,0.6601,0.07553,0.0,
0159e112-8578-4b91-a6ab-3562d85d3ff8,3.04,-0.0002,1.0,0.15919,2e-05,
015a138c-2716-45af-b004-02bef88f473b,5.12,-0.0,1.0,0.1523,1e-05,
015a1be0-1e3f-4732-8187-b0911e69c979,3.96,-0.0001,0.9702,0.15128,0.0,
015a5854-ed31-4cd8-82a8-ce23ed31b711,5.72,-0.0003,0.9702,0.1402,0.0,
015a5f28-cfd9-441c-b0a4-2a9ff0fa0e34,7.2,-0.0011,1.0,0.17501,1e-05,
015a5f5c-d3e6-4451-aa69-ab26fba78f19,13.89,0.0,0.8696,0.13316,0.0,
015a737d-bcc9-4ca3-810b-df2722bfe288,4.28,-0.0001,0.6886,0.08916,0.0,
015a7538-81e1-4f6c-8813-ec90263e7eb6,3.04,-0.0001,0.3153,0.03358,0.0,
015a9dcb-74fc-497f-9d09-c602d6490357,9.32,-0.0002,1.0,0.12537,1e-05,
015acbd4-dcc0-4931-8cac-34be1fc2f3ce,12.55,0.0,0.8417,0.1075,0.0,
015ad0e8-6980-4318-b826-acccdbbfb073,3.64,-0.0,0.5962,0.07713,0.0,
015ad6ba-aa68-4120-8d9e-3104b82d282c,11.77,-0.0,0.881,0.1383,0.0,
015ba13a-e898-43d2-8a81-9f9b3ec904e6,9.11,-0.0,0.8473,0.12367,0.0,
015bd200-30ad-43db-9c9e-8bb8a13f0f07,11.12,-0.0,0.8417,0.14464,0.0,
015be709-080c-4b6c-b59a-c6f65980dd7c,16.72,-0.0001,1.0,0.11708,1e-05,
015be8c8-f974-41f6-b4dd-b8e1232a64cd,9.72,-0.0002,0.9131,0.09108,0.0,
015c3eef-a234-4a91-b521-7ec739b4e9cb,5.04,-0.0002,0.7264,0.09648,0.0,
015c59cc-f2cc-4354-8d31-0dea39c029de,5.16,-0.0005,1.0,0.17788,1e-05,
015c9922-d677-40ab-9746-e321366847ae,3.4,-0.0001,0.9854,0.10169,0.0,
015d029c-c48f-4fbd-b380-a9bd4330f087,12.23,-0.0,0.8682,0.14834,0.0,
015d3187-a02c-4fbd-ac60-c1f22f8ade7c,8.2,-0.0001,0.8866,0.1311,0.0,
015dda2a-c8c5-476e-a099-3bdafd627d48,8.2,-0.0003,0.9781,0.11099,0.0,
015e354b-4f3c-429b-bf83-47ddfbf2ef20,11.44,-0.0002,0.9673,0.11017,0.0,
015e43dd-0150-4079-92de-69a4b1321f80,13.36,-0.0,0.8547,0.14681,0.0,
015e5d7c-9c6a-4046-83fc-a82830e931ae,3.72,-0.0002,0.828,0.14401,0.0,
015e8d45-45bf-46de-81bf-9e5edd4fb1f9,12.2,-0.0001,0.5759,0.0742,0.0,
015e8e16-31e8-4b6e-877e-27057e4c9703,13.8,-0.0001,0.6858,0.07509,0.0,
015e9687-c4b2-4b1c-8320-2d5351d42a14,13.6,-0.0,0.8463,0.14707,0.0,
015e9fb0-b038-4cfc-a46e-f8d0933bdcbd,4.36,-0.0002,0.9869,0.13611,0.0,
015eb6d7-db49-4cbe-96ca-3d9eb156eab3,7.96,-0.0004,0.8683,0.1365,0.0,
015ed2b2-1588-426b-858e-2d922b4309e5,11.88,0.0001,1.0,0.12021,1e-05,
015ee4be-ed6d-4419-8381-1181b19711c1,3.3,-0.0,0.8472,0.15856,0.0,
015ee9a8-e261-41e0-8fec-9b4c9c573ee0,8.32,-0.0003,0.9225,0.1041,0.0,
015f1e32-b366-43a7-a685-0d23f7e20bf9,7.96,-0.0,0.8132,0.12349,0.0,
015f40e3-ea99-434a-ab90-28053b22e9aa,4.52,-0.0001,0.4524,0.07717,0.0,
015fa3df-285a-430e-aaa8-a9296da18ca9,8.2,-0.0003,0.4468,0.05373,0.0,
015fd680-ef0e-44f8-a2b3-5cfaa7c79ec5,7.52,-0.0002,1.0,0.1404,1e-05,
01600f8d-3c7e-4537-b2ea-798f5fd292ec,16.0,0.0,0.8479,0.14018,0.0,
0160bab2-aaac-44a2-8a9a-d6386ef877a9,11.12,-0.0,0.8423,0.12011,0.0,
0160c0d2-7f46-41cf-99ab-c5b0f598871d,4.88,-0.0002,0.9197,0.10774,0.0,
0160c1b3-7490-4f5d-9986-5c547763b935,13.48,-0.0001,0.9665,0.13101,0.0,
0160c1ce-8a3a-4fc3-a2c9-356a4a587ae3,12.19,0.0,0.8647,0.144,0.0,
0160e27a-6118-405e-b297-905ef21245d1,9.36,-0.0002,1.0,0.13917,1e-05,
01614610-c9ba-492b-a9b2-fb0f0a6bfbb4,5.77,-0.0,1.0,0.11421,1e-05,
016170ba-bdc5-4849-b2af-34a5481c7619,8.6,-0.0003,0.9077,0.11411,0.0,
0161858b-85ee-46cb-8c3a-8e2ba60c6708,15.14,-0.0,0.8642,0.12269,0.0,
0161c5f5-a064-42be-9218-7141c7940720,7.08,-0.0002,0.638,0.084,0.0,
0161ea6d-4f02-4f78-9c3e-7822351dc5ab,7.24,-0.0002,1.0,0.13324,1e-05,
0161f6eb-20e7-46ed-b564-84c0342265dd,13.66,0.0005,0.8546,0.13852,0.0,
0161fa56-988a-49d0-bd3f-73dedd7188ce,10.92,-0.0004,1.0,0.19164,1e-05,
016262f5-86c1-48b8-9e85-9047da60e79a,9.04,-0.0001,0.8908,0.10646,0.0,
01626b16-bb1d-40c7-a557-65b38cc1fe5a,12.56,-0.0013,0.8759,0.11308,0.0,
0162ef53-89d9-4f22-96fe-8b5087b6c377,7.92,-0.0004,0.9997,0.12314,1e-05,
0162fd53-67de-4d0e-9d55-b40dcd670810,6.49,-0.0001,0.9969,0.12813,0.0,
016353d1-67a6-4eb2-a4ff-acd320b46c2f,7.72,-0.0005,1.0,0.11789,1e-05,
01639d57-5319-4e14-9e42-8e334197c9c6,5.08,-0.0003,0.9089,0.0934,0.0,
0163aa22-4636-4796-8b13-8675008dcba2,5.72,-0.0004,0.5655,0.08267,0.0,
0163b369-1513-4f4f-aa20-07d7b102bfc8,9.56,-0.0003,1.0,0.14953,3e-05,
0163c124-47cc-4d71-8e62-da4a7369ab1f,4.64,-0.0004,0.8461,0.10112,0.0,
0163f65f-b577-4689-863c-b94a659903e2,11.37,-0.0,0.8528,0.1401,0.0,
01640a6a-6bf7-4c7d-a029-1c9fbfaa462e,13.24,0.0001,1.0,0.16609,0.0,
0164528f-6c02-4e06-92b6-5605e3c9cc7c,14.29,-0.0,0.8432,0.14084,0.0,
01645fd5-c912-4259-824c-55ead74e96e9,10.68,-0.0003,1.0,0.18708,1e-05,
01652400-d4b2-429f-8edc-870bc02b36bb,12.64,-0.0002,0.9221,0.08438,0.0,
01653009-5774-44e0-96a8-7814408ce0ba,6.76,-0.0001,0.9472,0.10851,0.0,
0165b827-06ec-40f3-abba-2efe950e560b,13.76,-0.0,0.8496,0.13754,0.0,
0165d6a7-7c1f-40d2-b484-b9187aace584,5.68,-0.0002,0.9496,0.11851,0.0,
016648a6-b335-4b4c-a37b-61474e0860c2,8.74,-0.0,0.8505,0.11317,0.0,
0166f683-de9d-4d9b-8310-d45de56c83f1,11.96,0.0003,0.9612,0.13698,0.0,
01670839-810e-45db-b770-64208c683eb9,5.4,-0.0001,0.6546,0.08425,0.0,
01672898-f191-40c5-87d9-88bd6a89246c,3.78,-0.0005,1.0,0.13187,2e-05,
01672901-a715-4afa-b166-edf970d71761,7.04,-0.0001,0.7918,0.13959,0.0,
01674e3b-175a-4887-aa81-8bfe5fd6261e,2.8,-0.0002,0.8494,0.12152,0.0,
01675018-d423-47ec-a5a4-1d001e4fc5fb,8.52,-0.0003,0.7804,0.1167,0.0,
0167b477-4403-48c0-91db-328eefd1de65,4.56,-0.0,0.7893,0.09699,0.0,
0167ca2d-5b36-43e9-a233-d12c88f4dd13,4.08,-0.0003,0.4258,0.07216,0.0,
0167ed34-40df-43fc-bc06-f4e40f7d1efb,3.0,-0.0001,1.0,0.11702,2e-05,
016883c7-47aa-4893-8a9c-f9a6ed3d340b,7.96,-0.0002,1.0,0.14095,4e-05,
0168d6da-6194-4ef3-aecd-a8980c787efd,12.3,0.0,0.8447,0.11173,0.0,
0168f0c3-a7c9-4147-a3f8-1e9e78b73add,10.0,-0.0009,1.0,0.17297,1e-05,
0169342b-e6bd-4690-a7cd-0fc3868f2ae9,12.64,0.0002,1.0,0.17061,0.0,
01694419-12ac-4449-b1dd-ca55ae1d1ac8,11.32,-0.0002,0.8891,0.15335,0.0,
01694a97-5fd8-4002-9c53-23d2b4916460,4.72,-0.0,0.4923,0.05761,0.0,
0169906a-b6dd-4bde-9ee6-f721a0411a27,6.32,-0.0006,1.0,0.15366,5e-05,
0169c709-1c85-4bd7-bf30-2ad9c3949464,3.12,-0.0,0.2426,0.03579,0.0,
016a1b31-fe20-43a3-ad80-89e99a450d1d,3.48,-0.0003,0.9639,0.14552,0.0,
016a2497-fbc0-4f95-9f1b-5a82c8afecef,5.44,-0.0001,0.6893,0.07745,0.0,
016a721c-d144-4947-8098-8fc41f929450,7.68,-0.0001,0.8629,0.12208,0.0,
016a76b1-b79e-424f-a2bd-fcc80f0b9872,7.44,-0.0002,0.7939,0.10917,0.0,
016a7cf0-a504-43f2-b61e-7d7fbd89279c,7.32,-0.0006,0.6419,0.06987,0.0,
016b37dc-3d47-4209-a6f7-e149c92969fd,3.12,-0.0001,0.8671,0.1573,0.0,
016b40eb-b34e-44d0-bf6d-41927bb383e9,6.16,-0.0002,0.7705,0.09193,0.0,
016b770b-bfbf-4230-895b-c87627f0ea42,12.17,-0.0,0.8423,0.13905,0.0,
016bc00e-c801-4dd3-a25f-d04efd795a85,13.23,0.0,0.8416,0.13077,0.0,
016bda96-a552-46ae-b123-a1fd5450c63a,6.72,-0.0006,1.0,0.14611,1e-05,
016c0849-982c-4357-810b-6c4140f5bdad,7.94,-0.0005,1.0,0.1611,1e-05,
016c1cec-0f85-4636-9d0a-32f5465e07c9,4.36,-0.0001,0.7418,0.09479,0.0,
016c5fc6-01e1-4c8c-9281-e4e0c3f30119,8.08,-0.0001,0.8003,0.0912,0.0,
016c70e1-6bf2-4a88-9ab1-7082fab8bc8a,7.88,-0.0005,0.4935,0.0604,0.0,
016c854f-c0c1-4ec8-bd48-a6afa026e15d,6.56,0.0035,1.0,0.15466,1e-05,
016cc041-24f0-4e40-a3d6-5b28631d0e00,5.55,-0.0001,0.9999,0.1362,1e-05,
016d67f2-5afd-4ba8-b8a2-12585cd82896,6.56,-0.0,0.9933,0.06655,0.0,
016de886-d085-44a1-857a-c3d556e32f60,4.96,-0.0002,0.7687,0.09964,0.0,
016dfe8e-5a81-4b51-a3d8-df97fd13ec66,0.36,0.0005,0.6141,0.20336,0.0,duration_outlier
016e117f-ab44-48a9-aba8-25ca4bd23d0f,6.96,-0.0001,0.5784,0.07891,0.0,
016e7c5c-e231-427a-8790-74f6bcf82bd4,6.76,0.0001,0.631,0.09872,0.0,
016ecc72-8c81-4bdc-b695-527d0df87d49,6.12,-0.0001,0.7113,0.11874,0.0,
016edbcd-bcb3-48de-bb83-72bc3531c02e,6.48,-0.0003,0.4917,0.06792,0.0,
016f636a-a942-4cf1-955b-7b6eecd04a98,6.12,-0.0001,1.0,0.13203,1e-05,
016f6db1-6273-4043-bea1-ba61becd61a1,10.28,-0.0001,0.9771,0.09262,0.0,
01703ae5-0e53-41b3-9ffc-ad17b579f39f,4.0,-0.0006,0.7927,0.13697,0.0,
017100f5-234f-47eb-aba0-0f3cd0f861ea,5.0,-0.0011,1.0,0.11723,1e-05,
0171164e-e9c0-415e-94e4-e9f0b0bcf44f,6.08,-0.0003,0.8146,0.11315,0.0,
01714f4f-d9a9-4739-b356-7a7f8f472b26,6.8,-0.0008,0.9926,0.21088,0.0,
0171906c-45eb-44d7-a327-f9e168a12710,5.04,-0.0001,0.8876,0.12409,0.0,
0171f57b-8817-45a5-b930-a021dde92674,4.06,0.0047,0.9848,0.12965,0.0,
01724bd3-eeb8-4bb0-af70-3e195d22f0de,9.24,-0.0007,0.8197,0.14789,0.0,
0172caa3-0881-4ef8-bcae-e9b455a4fadc,11.04,-0.0002,0.9355,0.11316,0.0,
0173469f-1a55-4072-8887-2c1db6a3822b,6.24,-0.0001,0.6867,0.0774,0.0,
01735fbe-91e0-45c2-b5c4-3997bef8faba,3.96,-0.0004,0.8585,0.11736,0.0,
01736bde-7e73-4707-ae33-2e7b8946e5f7,5.32,-0.0003,0.8082,0.09483,0.0,
0173a892-a52b-4e00-8a62-1764a96cd9d7,5.4,0.0,1.0,0.14397,1e-05,
0173c3d3-7dac-4455-97db-f323abe3c67f,15.32,-0.0001,1.0,0.07603,0.0,
0173c7b1-81f3-41ba-afae-77c1ba3f5219,9.0,-0.0006,0.9017,0.15593,0.0,
01741f0f-d84a-463b-ae8d-e51724854e7e,4.76,-0.0,0.7702,0.09219,0.0,
01746061-f6bb-42c1-b5e4-2191ad59662c,7.76,-0.0002,0.5775,0.08425,0.0,
017475f9-3f2c-423d-90e9-8af35abd3f9d,3.32,-0.0002,0.9648,0.16543,0.0,
0174d021-a986-4a86-ac9a-3d83f63c0aa8,11.52,-0.0004,0.8656,0.118,0.0,
0174ff5d-eb57-4a65-9c11-fac2fc0e18fc,8.83,-0.0,0.8367,0.10772,0.0,
017545ce-3768-4ad0-bc3c-a1a6988447e4,14.96,-0.0002,0.9145,0.12559,0.0,
017547e7-4011-4333-ae5c-755ea3753313,5.52,0.0001,0.998,0.12853,0.0,
01754895-639c-47ac-a0f9-d9fada29b53a,7.16,-0.0001,0.826,0.10309,0.0,
01754c43-6fc6-4c95-93b4-5529c169d7ff,9.52,-0.0001,0.9914,0.13547,0.0,
01757017-7a2a-46c9-81fb-d4709d2fe766,3.96,-0.0002,0.8624,0.10855,0.0,
01757275-859f-4ed1-acac-d120509d0e11,3.37,-0.0,0.9985,0.08692,0.0,
01760dc3-9f5b-4e05-a0a6-d02043c155ee,9.24,-0.0001,0.8148,0.0948,0.0,
01761a51-6bdc-4a10-89c5-6c7eaf7a4f75,7.6,-0.0004,0.9106,0.13808,0.0,
01769661-2ad9-450f-8882-c13191606db6,6.16,-0.0002,0.9495,0.15151,0.0,
0177037d-4f26-4b70-95b5-2c27ca574f90,4.78,-0.0001,1.0,0.1639,1e-05,
0177570f-2c32-4889-814b-e8a020e1e2bf,8.84,0.0,0.8965,0.11041,0.0,
0177cbd9-d11b-4a26-9d32-41f6c311f92f,7.52,0.0001,1.0,0.14558,1e-05,
0177d5cb-b26c-44b5-a47e-d66652aec939,8.04,-0.0003,0.606,0.08338,0.0,
0177ddf6-623b-4c1a-940e-e19cab7adffc,5.84,-0.0002,0.8771,0.13098,0.0,
0177fb1a-a6ec-4adc-b2ed-ff7c807eb15b,5.68,0.0001,0.8124,0.09987,0.0,
0178af0b-e087-4475-b2f8-ce6ab0d09b8c,4.08,-0.0002,0.5538,0.07989,0.0,
01796fc6-92bb-40c6-8ec7-3e0726d14878,15.56,-0.0003,0.7364,0.09661,0.0,
01799831-60a9-4f69-a8c6-3c797210d207,4.08,-0.0001,0.762,0.09548,0.0,
0179c139-35e9-4f87-84e5-e7737fc7be30,8.2,-0.0003,0.9959,0.13939,0.0,
0179c369-58de-45f0-b09a-d47d3b8ed038,4.64,-0.0004,0.7075,0.11903,0.0,
017a524a-1895-425b-9f74-753547fcbb61,12.4,-0.0,0.8307,0.11834,0.0,
017a8c6d-3159-4541-a650-0fcc5d13d2f1,15.19,-0.0,0.8417,0.12862,0.0,
017ae50e-41bc-43b5-b3d4-1accf6cc1588,10.0,-0.0001,0.5461,0.07293,0.0,
017b144a-3555-4c2b-a20f-973d5db047a8,4.12,-0.0004,0.6561,0.10498,0.0,
017b5d66-ae2a-40b0-9a92-40e8ffefc6d7,9.36,-0.0002,0.7372,0.09356,0.0,
017b8530-7bbf-4733-a1db-5aa03e797d87,7.8,-0.0,0.5561,0.06111,0.0,
017ba230-0c4d-46e6-a7c8-4a812cbe7103,6.16,-0.0003,0.8921,0.09929,0.0,
017bfcad-d4a7-4f90-9e28-f0b2b455390f,7.84,-0.0003,0.7392,0.11789,0.0,
017c4030-a35a-48a1-9ba5-638ee03a246c,10.29,-0.0,0.8492,0.15153,0.0,
017c6b5c-e5e7-4a8e-a37a-c748d19ef7a3,5.84,-0.0004,0.6991,0.11082,0.0,
017c95c9-1d1d-4455-90c2-748ee5edf191,7.6,-0.0003,1.0,0.14384,2e-05,
017caf4f-f5a5-4da8-9246-1f04d9afcbf1,6.48,0.007,1.0,0.1327,1e-05,
017cbb65-af12-4c4a-ab99-0743b1e9c3b4,10.24,0.0001,1.0,0.1424,1e-05,
017ce973-dfbb-4f56-8529-9fcdc59eae07,5.52,-0.0005,0.4566,0.06093,0.0,
017d3ffd-dae4-49f1-a5b3-512d5ae56d69,13.04,-0.0001,0.8481,0.13192,0.0,
017d84ba-d544-4a13-ab3d-e60e682db1b4,8.84,-0.0,0.9858,0.12427,0.0,
017e3de9-91ed-48e3-88f6-ea5d10ab73cf,13.32,-0.0002,1.0,0.11573,0.0,
017e4d40-1664-46f3-bbf3-e5f0e30761df,8.16,-0.0001,0.9026,0.12983,0.0,
017e8451-2761-456c-b23f-4f023d7b7ca5,5.16,-0.0001,0.8225,0.10742,0.0,
017eac53-7c04-4868-9207-f7a1fb360d11,9.72,-0.0,0.8666,0.10597,0.0,
017edd08-d8ca-40a4-ad07-6b952f21097c,7.28,-0.0005,0.9388,0.11733,0.0,
017efb61-d59d-475a-b0e0-695177551186,12.48,-0.0003,0.977,0.11989,0.0,
017f294f-eaf4-4b1f-b0cf-fb380a4f3a30,2.52,-0.0001,0.8105,0.10955,0.0,
017fbcb5-0997-4cf9-be64-5484f7af65c0,6.44,-0.0001,0.9004,0.12315,0.0,
0180481b-3f62-4cbe-87cc-7229ec1e3598,5.84,-0.0003,0.7949,0.13433,0.0,
018095d3-77d9-4254-a599-4e3c1296d000,5.84,-0.0009,0.9858,0.16052,0.0,
0180c902-73c2-4ceb-9ab1-d9d4db70fe96,6.24,-0.0001,0.6164,0.08222,0.0,
0180eae4-844b-4f28-97a6-2bd9a7f8dfc7,5.76,0.0,0.7645,0.10581,0.0,
018116e3-78e7-4f00-9fdf-1128f4e1e7dc,4.26,-0.0001,0.8434,0.12138,0.0,
01811eaf-bd22-47d7-9ad3-da38482890aa,1.12,-0.0004,0.395,0.07356,0.0,
01813a65-a959-4da7-bedd-f46b64d1929f,8.08,0.0,1.0,0.1539,1e-05,
018192be-bc3c-43cb-bb5f-bcc9c9ea83a2,5.08,-0.0002,1.0,0.12829,2e-05,
0181cf8f-7e56-4c1c-9ae5-0e151d7837f5,6.78,0.0001,0.9924,0.1023,0.0,
018236ee-3d96-4512-87fd-10c57a2dacff,3.13,0.0059,0.9988,0.14428,0.0,
01825517-1b90-4d10-9616-782cebb34f7a,10.41,-0.0,0.8504,0.11677,0.0,
018279bb-b6ad-4692-b5ec-00ada8639b43,6.96,-0.0004,0.9974,0.17869,0.0,
0182a40d-50dd-449e-9791-cdefad17154a,6.2,-0.0002,0.6273,0.09436,0.0,
0182da8e-efce-4454-a001-1863a5dabac9,8.76,-0.0001,0.7181,0.11246,0.0,
01830f05-909d-40ae-a564-0b405fbc9935,14.43,-0.0,0.8456,0.10753,0.0,
01835b9b-80f7-4d19-9b4c-d6ce492880e2,6.23,-0.0,1.0,0.16173,1e-05,
0183be8c-a349-40e0-aacc-392666bc06f6,7.44,-0.0001,0.6497,0.09371,0.0,
018419f7-c764-48c9-94dc-4cd15f51e9a6,12.49,0.0,0.8721,0.12588,0.0,
0184314b-fb42-4c7d-85ad-9d17089cc4eb,2.68,-0.0,0.7065,0.09702,0.0,
0184b70b-b5bc-4404-be93-9bf957ae545f,4.2,-0.0003,0.9653,0.11605,0.0,
018520b0-7278-4fb8-9733-6d803c543f41,3.56,-0.0002,1.0,0.11628,2e-05,
01855669-0843-4a10-903a-c20af7421ad5,6.12,-0.0,0.9687,0.13339,0.0,
0185a88c-32b0-4584-98ef-a84668bed53b,5.44,-0.0,1.0,0.13485,1e-05,
01863047-83b2-479e-926f-518b3a489b64,6.16,-0.0003,1.0,0.1643,1e-05,
01871144-10f1-49c7-906c-cdb13c685311,2.84,-0.0002,0.8024,0.11999,0.0,
018765ee-e0e2-420d-9566-01aaa935555d,9.36,-0.0001,0.6223,0.09047,0.0,
01876c1e-c993-467d-ab38-1a5a57dab25f,13.86,-0.0,0.847,0.13187,0.0,
0187a64f-e89a-4070-876d-8abb0d8b08e8,6.6,-0.0004,0.9196,0.12103,0.0,
0187b7cb-2e7f-4d8b-9c82-d5fbee115b98,5.76,0.0001,0.6887,0.10572,0.0,
0187dc30-3a8e-4c95-9e20-020c0d1486eb,12.88,-0.0006,1.0,0.12156,0.0,
0187f27b-3541-4252-bbad-637008bf0273,9.48,-0.0001,0.8472,0.09117,0.0,
0187fe87-1692-4186-a90b-56fc2630458e,5.32,0.0,0.8766,0.10211,0.0,
01881f41-9aca-474e-ae0f-fff385b71e57,8.12,-0.0008,0.9235,0.15813,0.0,
0188b5a8-7966-4a90-9b5a-2aa6595670f2,7.08,-0.0002,0.7605,0.10608,0.0,
0188d14e-3480-49eb-92d6-bd14f486bc1d,5.44,-0.0001,0.6385,0.08945,0.0,
0188ddca-e7a4-496b-b06d-c3bbe0aad024,6.28,-0.0001,0.8759,0.10218,0.0,
0188e45a-5920-4668-8b73-6402ae50288c,15.6,0.0,0.8564,0.12324,0.0,
0188f735-05e6-4e59-83b3-406562160184,7.8,0.0001,1.0,0.15328,2e-05,
01897116-dd9a-42a7-a9f4-dec84aec0883,6.92,-0.0,0.9992,0.09417,1e-05,
018977af-827a-49df-9003-f08116696a36,6.28,0.0003,0.7201,0.09261,0.0,
01899f5e-e99d-41c7-9901-e6cac9b60522,14.58,-0.0,0.8463,0.11447,0.0,
0189fef1-37a5-454b-8a76-c572730086f6,14.56,-0.0004,0.9503,0.14931,0.0,
018a0c70-39ce-4d20-b63c-259ab6ca37b4,4.32,-0.0,0.9513,0.14775,0.0,
018a17f5-d419-4184-a9ad-114615029a3b,3.16,0.0001,0.7683,0.10789,0.0,
018a7d0a-107b-4130-abd2-82791ee0d85d,8.68,-0.0005,0.9656,0.11731,0.0,
018a8072-c60d-4a26-881f-fc381f1a81c2,7.48,-0.0002,0.6128,0.07476,0.0,
018a8409-70d7-4b20-96ce-93d1e18ea417,9.76,-0.0003,0.6407,0.08126,0.0,
018ad167-b21b-45ce-b279-3aec5ad7f8dc,3.42,-0.0,0.2929,0.03558,0.0,
018b06f8-0f8a-46c9-aa11-288a46a53d1e,4.76,-0.0006,0.7947,0.122,0.0,
018b27d1-ca16-4314-a799-3767d0a28cf8,5.04,-0.0,0.7354,0.09933,0.0,
018b35c0-598d-4efa-872f-4aeedc538ce4,11.28,-0.0001,0.8379,0.07838,0.0,
018b5783-9eae-48fd-b2c3-cb9fa61aa161,7.84,-0.0,0.9903,0.09328,0.0,
018b93d4-bb9c-4c0c-8433-ec4de4d722f3,5.96,0.0,0.8903,0.13949,0.0,
018ba493-d2f1-41dc-86fd-d2e15a921c89,11.12,-0.0005,0.8299,0.08562,0.0,
018bcd7a-e6a1-46bc-9d86-966bff96fb47,6.0,-0.0002,0.7554,0.10916,0.0,
018c086a-2431-48d4-bbc2-523a4b7fa4f1,8.52,-0.0003,0.4849,0.06693,0.0,
018c7114-3397-4a6d-ad51-a4247d956b41,7.44,-0.0001,0.9237,0.13783,0.0,
018c992b-cd2e-45db-ad03-fb0430d49553,9.83,-0.0001,0.8505,0.13167,0.0,
018cb3e1-2c07-404a-bcd4-0baf8ba94473,8.6,-0.0001,0.7599,0.11913,0.0,
018d6feb-a87c-45f0-b428-8fcaac78259c,5.32,0.0,0.8182,0.13365,0.0,
018d8392-0603-43c6-a01d-f3ead4ed9fa5,9.88,-0.0005,1.0,0.14253,1e-05,
018d8bf4-7e92-49d2-81de-5d97f78998c8,4.64,-0.0002,0.7377,0.0799,0.0,
018e8744-9d1c-457a-ace0-9ce0e54b7dc6,8.6,-0.0001,0.8593,0.17761,0.0,
018ebaa5-9789-4a1d-a948-a0ce74261d3a,10.5,-0.0001,0.9972,0.11923,0.0,
018efc35-8dde-4b60-8633-e9fa86d8468f,5.28,-0.0,0.881,0.15801,0.0,
018f4e7c-7935-46f4-83ec-7ac46696c524,3.33,-0.0001,0.9918,0.13249,0.0,
018fd3c4-8409-4ac2-b800-788b524be2d8,5.28,-0.0001,0.8511,0.13196,0.0,
019048aa-6015-452e-a78c-79e1c6dd6e0e,5.76,-0.0002,0.6844,0.07485,0.0,
0190b4f2-a2fd-4b11-8f1e-567989808493,10.36,-0.0002,0.7669,0.10309,0.0,
0190dfc0-48f3-48c0-8f7b-bbb3bd069a55,12.56,-0.0001,1.0,0.13911,1e-05,
01914f46-92eb-47fa-b2a4-acf9e92232df,13.08,-0.0004,0.8041,0.12525,0.0,
01916039-317a-42a4-8390-c6ac788c8c69,8.44,-0.0,0.8332,0.09255,0.0,
019199b0-5f93-415e-a0a6-6da381c7fed8,9.43,0.0,0.8473,0.13749,0.0,
0191c966-9823-46a3-9b9c-564436540deb,14.41,-0.0,0.8539,0.11828,0.0,
0191cb18-779c-4d6b-b842-062ff989fe24,7.52,-0.0004,0.8474,0.13358,0.0,
0191e4a9-6f7b-4b63-be81-05761e1ed1bd,10.48,-0.0001,0.9149,0.10935,0.0,
0191ecb8-d63b-4875-878a-740a1b9d3c91,6.28,-0.0003,1.0,0.11606,1e-05,
01922c70-91c1-4312-a1cb-b8c652600fb5,7.32,-0.0002,0.6998,0.08594,0.0,
019285f8-9561-4b84-beaa-d512c7fa7c90,7.16,-0.0007,0.6813,0.08231,0.0,
0192cd67-3198-4a54-9699-8d250ff75000,16.0,0.0,0.8419,0.13751,0.0,
0192f7ee-9981-4812-9077-ba4520662139,3.15,-0.0008,0.7466,0.0903,0.0,
01933f1a-19fb-4953-b704-9de9aeaa97ac,6.48,0.0003,0.6931,0.1142,0.0,
0193625c-f0ac-4336-94ee-8ad33091135c,6.16,-0.0001,0.9044,0.11112,0.0,
0193730f-8ce6-4ee7-a168-594dd539b6e3,3.88,-0.0005,0.6653,0.1304,0.0,
019382f0-381a-4e43-b558-b8229f8dee35,3.96,-0.0004,0.6832,0.09367,0.0,
0193cac4-52c3-4452-af07-a96f2b624038,10.84,-0.0001,0.722,0.08077,0.0,
0193d724-4597-499f-b021-6c565fbbb33d,6.16,-0.0001,0.9398,0.11897,0.0,
0193d82a-40be-4722-8f6b-6d1a79652731,2.88,0.0002,0.6761,0.09765,0.0,
0194a55e-7a29-4ef0-a26e-398c79311c12,5.0,-0.0001,0.972,0.09278,0.0,
0194a7f0-d1af-4b7f-b47b-82e87fc6c6bc,4.16,-0.0001,0.8455,0.13433,0.0,
0194b627-7455-4688-8737-32e2c8086996,5.52,-0.0002,0.8183,0.11195,0.0,
0194ea03-2e5a-4b5a-bca6-34be802187c5,6.0,-0.0001,0.4186,0.06159,0.0,
0194fb0e-c225-495d-85c5-c6c0039e7d75,5.72,-0.0002,0.863,0.13364,0.0,
0195ca41-5857-4f73-b3f1-5780a65ed70b,6.48,-0.0007,0.9408,0.16937,0.0,
0195decf-fb53-43bc-99be-299fbeea823a,13.14,0.0,0.8513,0.10909,0.0,
01960e9d-d90a-4f02-8ee1-9edb9fa6895f,6.32,0.0001,0.9158,0.11345,0.0,
01961a51-7633-4164-9a82-cc93453c350f,6.92,-0.0001,0.8219,0.0889,0.0,
01962b56-e67f-45b6-bac9-bd5686985c9a,4.04,-0.0004,0.6919,0.13034,0.0,
019648f3-a277-4c7e-a67f-ffaea946a4fa,4.24,-0.0001,0.9346,0.14335,0.0,
01964e99-2066-4103-8b8a-74d0d2e6575d,9.4,-0.0001,1.0,0.10234,1e-05,
01969117-db7b-4675-9a61-d1cf484472f8,9.24,0.0001,1.0,0.14918,1e-05,
0196a792-8029-4f7f-a53b-aeb6541ef091,9.64,-0.0001,0.9999,0.17632,1e-05,
0196e294-fd84-4a66-8307-a3af8e642a10,5.21,-0.0003,1.0,0.13874,1e-05,
0196f837-d36a-4d73-836c-1e36c19fad45,5.0,-0.0002,0.6042,0.08892,0.0,
019751ab-87cd-4962-aa1b-89a58f522cc6,10.4,-0.0005,0.6909,0.08265,0.0,
019779aa-12da-488c-976a-8330e92a594b,12.36,-0.0002,0.8266,0.12008,0.0,
019823b9-098f-465a-afbd-6b9eb1da2c67,7.92,-0.0,0.5417,0.06222,0.0,
01985c87-8d3c-42e1-a5e5-4b6e8ce4fcda,7.88,-0.0,0.9016,0.11136,0.0,
01985e84-a712-409e-8683-708af806f846,10.11,-0.0,0.9075,0.11719,0.0,
0198b4f9-66b0-4a1a-a064-e5182ddb54f2,8.84,-0.0001,1.0,0.12568,1e-05,
0198e449-e93f-4574-9492-ba9124b618a2,4.48,-0.0006,0.8763,0.14355,0.0,
019974e7-1156-4c3a-87ca-1f61a7ecc985,3.34,-0.0002,0.8862,0.11124,0.0,
0199b4db-5fca-4ded-a621-c5f12f604309,8.48,-0.0003,0.5797,0.08539,0.0,
019b4c95-a7ec-440a-8a96-6879877757a0,15.07,-0.0001,0.8519,0.1375,0.0,
019b7e5b-a96d-4114-91a1-cda522a74efa,5.44,-0.0002,0.6451,0.10502,0.0,
019b8e79-601f-4ca6-9d22-78f7e4948eb0,6.56,-0.0,0.9156,0.14061,0.0,
019b95ae-7205-4084-8472-d0759e4214b3,3.06,-0.0,0.2744,0.04493,0.0,
019b962d-a41a-4ed0-bef0-3e0f37bad45c,4.04,0.0003,0.7784,0.10524,0.0,
019ba44c-3466-440d-ac47-4ec152be858b,11.66,-0.0,0.8503,0.14918,0.0,
019bc767-c609-45c7-933d-2f89769faeef,4.84,-0.0002,0.9467,0.11692,0.0,
019bc7e1-21ae-4a24-b257-49017bae0ece,7.96,-0.0003,1.0,0.12475,2e-05,
019bd47f-d282-4920-9e67-b6d3c2d1c3df,12.32,-0.0002,0.743,0.07742,0.0,
019bd68f-518f-4a5b-a5c2-456d24ad3f82,12.09,0.0,0.8643,0.13017,0.0,
019c3e6f-80af-4272-9751-bc923c5aa9ee,6.56,0.0002,1.0,0.16307,3e-05,
019c3fb7-7fa8-4a11-a82a-1feedb3ab031,7.72,-0.0001,0.9984,0.12573,0.0,
019ca44b-e462-4aa2-a329-fa3c8c80754e,8.44,-0.0003,1.0,0.1264,1e-05,
019cc7b0-499e-4d54-b041-ee82e7f88560,4.36,-0.0002,0.6731,0.07057,0.0,
019cd695-2427-4edb-92f6-e2fab5a29682,7.72,-0.0004,0.8723,0.12075,0.0,
019d040d-d820-45ad-ae44-5dbfb64b7f6f,2.8,-0.0001,0.8791,0.13093,0.0,
019d14d0-e6c9-428e-93c1-d407a0244147,7.32,-0.0003,0.7864,0.11624,0.0,
019d4ae7-f57d-4626-b622-3c984e6af0a0,9.28,0.0002,0.9151,0.12004,0.0,
019d6223-dd03-40ec-9387-ce61e353353d,8.56,-0.0002,1.0,0.11806,1e-05,
019d7cf9-6537-4a9f-b1ab-2575e9ac573c,4.48,-0.0001,0.8952,0.11233,0.0,
019d89e3-7953-40eb-9f3d-bfc9603909c6,7.08,-0.0002,0.707,0.11083,0.0,
019de1f8-1570-44dd-8abf-a42d79af5b95,6.04,-0.0002,0.8456,0.11074,0.0,
019de711-d2bd-4541-804d-7d02d0fd47fd,6.64,-0.0004,0.8584,0.18015,0.0,
019e5cbe-d3a5-4370-ab67-e96a33d13367,8.36,-0.0003,0.8779,0.10817,0.0,
019eb958-6e4e-44fa-870e-8bd99131bcd1,2.24,-0.0,0.7388,0.10932,0.0,
019ec9bd-b891-4fcc-940f-c48b991070a6,8.08,-0.0004,1.0,0.13417,1e-05,
019ecd2f-ab16-4431-a4c5-21289e579e1a,4.0,0.0004,0.9602,0.13681,0.0,
019ed04e-ca70-49d8-a4aa-5a70c1ba7745,5.8,-0.0001,0.9985,0.10903,0.0,
019ef484-7312-4394-be9a-3106607e3e32,7.64,-0.0002,0.7086,0.06971,0.0,
019ef5c1-e1c8-4ae6-bfbd-5025e4977416,6.68,-0.0001,0.8454,0.11255,0.0,
019ef7ab-7382-43f2-a03c-f29546612aae,11.51,-0.0,0.8793,0.15617,0.0,
019f4013-9eeb-4bb8-8441-8d1b645bbed1,9.92,-0.0001,0.5797,0.08147,0.0,
019f7e30-3ddf-40e6-bfb7-13e53a9904e8,8.72,-0.0002,1.0,0.11457,2e-05,
019fcc3f-e5f9-4671-97d6-ac2b3953770f,4.0,0.0,0.9633,0.15882,0.0,
01a0026e-0089-41be-94bc-6284ebbbd591,6.24,-0.0002,1.0,0.13097,1e-05,
01a003fd-7bc7-4ab7-ba6c-bf97e14af9e7,7.84,-0.0,0.975,0.09762,0.0,
01a00a14-be30-4b5a-91f0-709053090af5,4.31,0.0,0.144,0.02047,0.0,
01a04888-ed4a-4e99-9672-b1cae3733712,2.96,-0.0002,1.0,0.12596,6e-05,
01a056ab-60b8-4c07-ad71-99fb77e2f56a,6.4,-0.0003,0.7244,0.11627,0.0,
01a060ac-7d55-4cbf-bce2-2b8172b5665e,15.68,-0.0004,0.9938,0.13651,0.0,
01a06121-2cd7-420e-b229-063052620ab8,4.84,-0.0001,0.9999,0.13279,3e-05,
01a0869a-4692-4dee-8378-5b5387f291f6,4.85,0.0,0.8493,0.15846,0.0,
01a10065-2056-46f6-8ac7-6d510940146e,7.88,0.0002,1.0,0.16839,1e-05,
01a26940-5322-4900-aeda-bc945f95e56e,4.0,-0.0001,0.665,0.09034,0.0,
01a28fea-1ad6-4b50-be1d-8e7c4e8944c7,7.44,-0.0002,1.0,0.14565,1e-05,
01a2d3ce-b818-4b58-888e-0f398b58cfb2,7.56,-0.0,0.845,0.09978,0.0,
01a2f695-0fd3-47f9-a083-646329968a63,13.73,-0.0,0.8795,0.13109,0.0,
01a30812-028e-48ff-9cd1-4f5a659f792b,9.56,-0.0007,0.7742,0.14195,0.0,
01a37b5c-a53f-411b-b7f3-4407ef686283,3.76,0.0001,0.8519,0.14759,0.0,
01a3baea-25bb-4988-a1da-e9e07e35a7ba,5.88,-0.0,0.7898,0.08896,0.0,
01a3bfa1-d3ff-4c67-9ed2-73f3a9de4eb1,5.88,-0.0002,0.7485,0.10498,0.0,
01a44a93-0e1a-4edf-87f1-c6bb90f5fa03,3.56,-0.0005,1.0,0.22065,2e-05,
01a4727f-cc0e-4bc3-9640-8ba5661bbf78,7.36,-0.0001,1.0,0.14653,2e-05,
01a49e35-291d-4d34-9303-ecd47d02adfe,9.88,0.0,0.9648,0.13097,0.0,
01a4d572-247c-4cbc-9659-645e2e45eeee,12.37,-0.0,0.8587,0.11901,0.0,
01a4e777-3605-4e85-8c51-f18f41a0acc2,9.24,-0.0,0.9993,0.14309,1e-05,
01a52a1b-c2a2-4ad7-bf1f-fb862a4b3db1,6.88,-0.0002,0.8469,0.11251,0.0,
01a53edc-00c6-461e-8f55-756ba822e7e2,9.48,0.0002,1.0,0.16146,1e-05,
01a68b32-ac43-45cf-a221-20539f85dc3e,11.6,-0.0002,0.5289,0.06442,0.0,
01a6a56b-632c-4af8-a78a-103ecbbbb01a,4.0,0.0,1.0,0.16437,6e-05,
01a6dc72-eade-4bf1-a8cc-3086c298daaf,5.12,-0.0002,0.8198,0.09121,0.0,
01a6dfcb-d39f-43c7-9345-3a9dcae3d928,19.68,-0.0002,1.0,0.10821,0.0,
01a723d7-ed1d-40aa-90a2-5c17ef9dd8a6,6.62,-0.0,0.8553,0.12001,0.0,
01a74d75-e769-471c-ab26-da64ea51ed67,2.6,-0.0002,0.7804,0.10671,0.0,
01a78678-6386-4244-a93b-0a984c901601,3.48,-0.0,0.6269,0.09364,0.0,
01a820ad-81ce-4fe7-a5a0-69c1df73aaaf,6.24,-0.0006,0.8897,0.10637,0.0,
01a8346a-ab71-4327-bddd-992d756f0b6c,12.11,-0.0001,0.86,0.14887,0.0,
01a837a2-c3d2-4bc6-9416-7a599a25dc46,9.92,-0.0002,0.8873,0.1108,0.0,
01a867ac-04d8-4f75-bf0f-d50b14c18f00,7.24,-0.0003,0.7225,0.11828,0.0,
01a8d8b8-3256-4097-bb83-74e75433b86d,15.44,-0.0002,0.983,0.12755,0.0,
01a903a7-34c9-4e5d-8527-160a9c5fbcba,3.43,-0.0,0.4238,0.05766,0.0,
01a90ae2-83c2-40ac-ae9c-881bd828061c,9.56,-0.0001,0.6459,0.10082,0.0,
01a94dc5-0a8e-4b60-931a-161ca6094d2e,5.52,-0.0002,0.7924,0.12134,0.0,
01a99952-43fb-4311-8fad-df430c4b87df,7.24,0.0001,0.8634,0.11557,0.0,
01a9b714-ff70-45c4-9563-f572db96f454,8.56,-0.0002,0.9357,0.11474,0.0,
01a9bf38-6600-4bdb-9148-b8c6277fcbc5,3.31,0.0,0.3217,0.03494,0.0,
01a9c291-a94e-48ba-8324-c87c03785ec6,12.92,-0.0004,0.9751,0.15777,0.0,
01a9d3ff-1878-4954-b168-adcc2f7413a8,6.84,0.0004,1.0,0.13063,1e-05,
01a9d9d2-5f1c-4565-acdb-02fe65c25ce4,5.68,-0.0005,0.5606,0.07126,0.0,
01aa67c0-5c6b-4b31-a946-7bf19cce7711,11.12,-0.0003,1.0,0.14469,0.0001,
01aa6bca-4f6e-40ce-8005-a52e0b42874b,5.68,0.0,0.8318,0.1335,0.0,
01aa72fb-6212-494c-bea7-ee9f4e66e0fc,5.64,-0.0002,0.7631,0.10338,0.0,
01aaf979-420b-43da-963c-5c96e90aee79,4.36,-0.0003,0.9246,0.14167,0.0,
01ab1ed9-0d18-42dd-bf64-7a14909dab18,16.0,0.0,0.8845,0.10476,0.0,
01ab216d-6866-4775-a05b-99a5e302b801,5.28,-0.0004,0.8805,0.16011,0.0,
01ab368e-d338-4ec3-bd87-0e89661a5e4e,5.92,-0.0001,0.6918,0.1013,0.0,
01abaf07-753c-40e3-bffb-1d56a7e464b4,6.96,-0.0003,0.7878,0.12666,0.0,
01abd212-2ee8-4f45-b80f-55dff15ba99d,6.08,-0.0001,0.862,0.10308,0.0,
01ac0759-7d98-46e0-b946-ebcaf23c0e91,5.68,-0.0004,0.8861,0.11818,0.0,
01ac0fdb-92bf-4e1d-8ccf-f715aa6b9d9b,6.08,-0.0002,0.8771,0.11523,0.0,
01ac90bc-fdcd-4ec3-99b2-bc287ab50b7e,3.8,0.0,0.9822,0.12989,0.0,
01aca1ac-db2d-44f9-8e7a-d0ec0915e8c0,8.52,-0.0001,0.8105,0.08245,0.0,
01ad3e24-9d5f-40fc-b2d1-9af5388158e6,4.52,-0.0001,0.802,0.09056,0.0,
01add76e-1b89-4de5-be2c-05be0a30aacf,3.75,0.0,0.1431,0.01475,0.0,
01aed32e-95fd-4d49-b533-aadefd59da83,4.44,-0.0003,0.5568,0.09099,0.0,
01af7842-f46b-4196-aaab-3e20e475bc12,10.0,-0.0,1.0,0.12032,1e-05,
01afbb36-799a-4402-95ef-775b01e815c8,3.86,-0.0002,0.3634,0.05282,0.0,
01afe84b-f61b-41a8-a2de-db03ed7d9dfc,10.75,-0.0,0.8438,0.13582,0.0,
01b02709-5e5a-429d-9907-ae39b5b8080d,7.34,0.0,1.0,0.14054,1e-05,
01b0a6c6-899b-4630-ac4e-6cc9dce9c038,6.88,-0.0004,1.0,0.12187,1e-05,
01b0a8ab-1860-4b7b-a664-ec07131458ee,8.24,0.0003,0.9466,0.10446,0.0,
01b0bd1a-ffcd-49b6-9acb-4eee2273f1fc,9.76,-0.0,0.7629,0.12487,0.0,
01b0e399-daf8-4675-baa2-42b46372a89e,4.56,-0.0001,0.643,0.10282,0.0,
01b0f7b8-9bd0-4628-aa9f-df4c2609f818,5.32,-0.0002,0.7122,0.10114,0.0,
01b12b79-2540-4440-aacc-b65d2b92763e,7.48,-0.0,0.8192,0.1123,0.0,
01b1527e-26e8-406d-8f22-b76e4a8b59c8,5.04,-0.0002,0.4746,0.06807,0.0,
01b185ab-14e7-4cb9-83bd-0d727f305756,3.61,-0.0009,1.0,0.12064,2e-05,
01b18958-ff79-4aa4-89d8-ac76e41456d1,4.72,-0.0001,0.6889,0.08381,0.0,
01b1d7e8-5a28-4667-aba5-089bcf278737,10.04,0.0,1.0,0.14341,1e-05,
01b1ee5f-6e24-42dd-b4ad-d059cca6ab85,7.84,-0.0001,0.9146,0.16141,0.0,
01b20926-ba48-4383-bcd3-b4276b0d8c62,11.08,-0.0001,0.9265,0.14962,0.0,
01b281a6-0036-4304-b6ae-81c4d1b1f24b,7.56,-0.0,0.7784,0.1087,0.0,
01b29293-a02c-4af3-8fad-91d0af70c946,3.2,-0.0001,0.7896,0.08173,0.0,
01b297ee-e4a5-4f46-9dc2-40d3de21654c,5.36,-0.0,1.0,0.19198,1e-05,
01b2b529-8f02-49ae-b5b9-787c153822b4,4.48,-0.0001,0.9223,0.11885,0.0,
01b3abb6-ac7c-4f25-8af7-268b0970967a,3.88,-0.0003,0.6127,0.08502,0.0,
01b3c72f-f0bb-4ba6-b724-53de88d7fee1,5.0,-0.0001,0.8212,0.12782,0.0,
01b3e2e7-a53f-4c65-9227-883f2812741f,5.6,-0.0001,0.6657,0.09604,0.0,
01b3ed0f-d1eb-4cfc-a4d8-741d6e17fe99,4.0,-0.0,1.0,0.13427,2e-05,
01b3f5ac-76e3-4ba6-8783-468504681218,5.08,-0.0002,0.4431,0.06365,0.0,
01b3ff09-3a70-44c7-8607-c9903a477f47,12.94,-0.0,0.8469,0.1497,0.0,
01b442be-630d-44f4-ab9c-657f64f7f2dc,13.08,-0.0001,0.6748,0.08938,0.0,
01b4bd4d-95a0-4664-9d74-f93f7af30870,7.16,-0.0004,0.7911,0.13405,0.0,
01b4d1ea-d58d-4ad3-8e51-7e90c672537a,5.68,-0.0004,0.8981,0.12862,0.0,
01b4f06f-8582-486e-8549-c99372c34828,3.88,-0.0003,0.6368,0.10037,0.0,
01b51d28-6d2e-458e-a0a4-5a8effee1e7a,5.04,-0.0007,0.7619,0.16045,0.0,
01b54bed-c95f-4679-923f-03d564534aca,5.48,-0.0007,1.0,0.14899,2e-05,
01b5bb3a-5c31-4551-ab87-950e6742e5f1,5.28,-0.0002,0.9833,0.15792,0.0,
01b6069e-701c-4203-8e13-d6071809ffda,5.24,-0.0001,0.9331,0.1231,0.0,
01b6c424-3252-4d33-9564-6f64625968c4,16.0,0.0,0.8457,0.1511,0.0,
01b710bd-35f2-435b-86ae-60c1a044932a,9.8,-0.0001,0.5578,0.07546,0.0,
01b76c3c-dd16-4597-a7f3-5ee6190f2136,9.88,-0.0002,0.8508,0.09564,0.0,
01b7848a-f0bb-4095-8cfe-6c3bb8fa5550,13.84,-0.0,0.8417,0.13174,0.0,
01b7af2d-9242-41f4-a1ba-a4247694e51e,10.76,-0.0002,0.956,0.11112,0.0,
01b7d795-2a55-4964-8d74-0569a6722564,14.08,-0.0,0.8459,0.1161,0.0,
01b7de18-d5e5-42ce-989a-cf22d986c803,8.02,-0.0001,1.0,0.14379,1e-05,
01b810ea-a512-4ff4-9d63-4988a6e0c9d3,12.55,-0.0,0.8814,0.15155,0.0,
01b81869-1506-4986-99f2-ddb41f0cda0d,5.84,-0.0,0.838,0.10769,0.0,
01b82509-96fe-4573-a9ad-2f9aa9433346,3.64,-0.0004,0.4902,0.05677,0.0,
01b82932-6691-4eb4-ac2c-fc614c9b7a39,4.04,-0.0007,0.7268,0.17353,0.0,
01b838c0-edcb-4558-8bff-115ea5c64414,4.92,-0.0002,0.9708,0.13418,0.0,
01b8430b-cab7-46bc-a947-b2c79d4c0a76,8.52,-0.0004,0.8162,0.13298,0.0,
01b8543f-8607-4464-a7b7-44505ac4e9cb,9.72,-0.0002,0.9308,0.164,0.0,
01b8790e-0ac3-4537-a43f-e2fbd6ba5186,5.76,-0.0001,1.0,0.11158,1e-05,
01b8a5f6-339c-4cdf-8d2f-2cbc3d061a96,4.96,-0.0002,0.8092,0.12095,0.0,
01b8f025-561b-45a5-b93d-41d10c9ecd44,5.8,-0.0003,0.8288,0.10335,0.0,
01b91d12-32c7-4916-a703-d3e8707d8d72,11.76,-0.0,0.8516,0.11971,0.0,
01b94d80-53ad-44b8-a003-a7480edb8aa4,9.68,-0.0003,0.7367,0.1077,0.0,
01b96685-05c5-4531-afb6-eeeb871ff251,11.56,-0.0,1.0,0.11258,1e-05,
01b99ea7-9261-465f-a26d-715f1d4f9940,6.72,0.0,1.0,0.11792,1e-05,
01b9c5c7-b6e0-4cc3-b9f1-0e495a9380fd,5.12,0.0,0.6989,0.10607,0.0,
01ba8a98-f3a2-4490-82f7-48d601fee0b8,14.44,-0.0005,0.9885,0.10445,0.0,
01ba8d54-b6c7-4b02-8c87-fe387447d51c,6.96,-0.0002,0.7275,0.0901,0.0,
01baaa45-5cd7-4456-b1c5-7d4291c7feec,11.91,0.0,0.8507,0.12954,0.0,
01bb137d-2e06-405c-ad48-18e9b1edc202,5.48,-0.0002,0.8261,0.14986,0.0,
01bb274c-506e-4938-acf2-44aa5fb29be2,6.6,0.0,0.9967,0.12819,0.0,
01bb9fbc-a947-4d9d-a5ef-5d97dbb0ae09,8.48,0.0,1.0,0.14075,8e-05,
01bbaa04-e00d-4fa0-943f-1c6c7fa19621,7.56,-0.0001,0.8201,0.10997,0.0,
01bbcfe3-a218-4003-b30f-274dbeb6aa18,7.36,0.0001,1.0,0.17953,1e-05,
01bc2dae-3786-4fd0-a84d-3d7953b6c6bf,6.76,-0.0003,0.7428,0.07342,0.0,
01bc62c1-43f9-494d-aded-21b7042e4c9f,8.64,-0.0005,0.7397,0.12453,0.0,
01bc6691-b247-4f30-b3ea-bf98ae37e77d,6.44,0.0001,0.7942,0.09942,0.0,
01bc8093-e78e-4306-a598-c65942b7b135,4.96,-0.0002,1.0,0.14809,0.0004,
01bc9b2d-d393-4c50-b44c-3e25ce2d7885,11.12,-0.0004,0.4462,0.06395,0.0,
01bca2f7-44c8-40d9-8ba6-244ef508ea1c,7.64,-0.0001,0.7991,0.10609,0.0,
01bcdfc3-7254-4f04-b5af-e07c5d583804,7.08,-0.0002,0.6834,0.10234,0.0,
01bdb226-ba27-456e-89ae-aad31041467d,4.68,-0.0001,0.6895,0.09506,0.0,
01bde487-0a60-4a19-9400-6f215605dedf,7.8,-0.0001,0.9654,0.11256,0.0,
01bdf4a4-9775-4fc4-9cd5-5470586427c3,14.32,-0.0003,0.9769,0.14767,0.0,
01bea838-8e9f-4011-9506-290546aaffa6,12.52,-0.0003,1.0,0.16058,0.0,
01bec651-9ddd-41b1-b875-6092e3c22c0e,9.96,-0.0003,0.8331,0.10877,0.0,
01becb2d-3967-4a35-b226-bf22b4a58235,7.04,-0.0004,0.8491,0.15489,0.0,
01bef022-774c-4abe-a641-365ca953356f,7.32,-0.0001,0.9341,0.12796,0.0,
01bf017a-d57f-456d-8332-349b735dac28,5.32,-0.0002,0.8471,0.11252,0.0,
01bf12b2-6609-4482-becd-002b69aea5b3,4.36,-0.0001,0.866,0.10621,0.0,
01bf404b-44ac-4746-9e99-d45aba7135f0,4.28,-0.0,0.8859,0.10722,0.0,
01bfe510-3a3c-4f6f-b874-ea0170e62de4,4.69,-0.0001,0.993,0.12576,0.0,
01c04152-bafb-4516-a8c1-d44fd8008a81,7.6,-0.0,1.0,0.12985,1e-05,
01c06646-cf7f-42d1-8ece-82286aa28e4d,3.88,-0.0006,0.8797,0.13775,0.0,
01c06c9f-e51f-4a0e-84c9-d95a6c650245,1.84,-0.0001,0.8787,0.15004,0.0,
01c0d7ae-a835-41f7-8ea3-dd8bf57fea21,3.6,-0.0001,1.0,0.1342,5e-05,
01c16bdf-f1bd-441f-969b-4be5d4ae553c,5.32,-0.0001,0.6932,0.08552,0.0,
01c1f8f6-b1b1-4254-be75-7b1fbf6c0a97,13.96,-0.0005,0.8125,0.13356,0.0,
01c20ced-afbf-4415-8c6a-8cb01494bd7e,14.12,0.0001,1.0,0.15309,0.0,
01c261a5-0bff-404d-a581-e26eda1433a5,7.4,-0.0001,0.8219,0.11191,0.0,
01c27113-9898-4212-a097-ac862ba00502,3.36,-0.0003,0.8494,0.13037,0.0,
01c2827b-9b4f-4a6d-b2cd-b73788195117,7.48,-0.0001,0.7225,0.08879,0.0,
01c2f7bb-c32a-4718-959a-f68cdfbccfdf,10.24,-0.0002,0.9133,0.09706,0.0,
01c34934-de4b-4861-86e2-ea18801ddb92,4.28,-0.0002,0.635,0.08153,0.0,
01c35f9d-0d97-495d-8e14-c496fe75a689,12.04,-0.0016,0.8884,0.11756,0.0,
01c372d8-6dd7-4fd0-bd55-07c7782f2480,5.7,0.0,0.8444,0.15011,0.0,
01c3a5b3-9640-4eec-8157-6d5b0d9bdf28,8.04,-0.0002,1.0,0.14434,5e-05,
01c3db5f-9462-492d-95a0-d9f292e37174,13.36,-0.0,0.8857,0.12899,0.0,
01c407ca-d2a9-433e-a776-c269a240c71e,5.48,-0.0006,0.704,0.11379,0.0,
01c42eef-cd54-46be-84cf-946549e2a8f6,16.6,-0.0001,1.0,0.10858,0.0,
01c45dd5-5e3f-48ca-8a1a-e528bd0d0e64,4.32,-0.0002,0.7553,0.09588,0.0,
01c4abb0-1531-4987-993b-2183310205a6,5.84,-0.0003,0.6192,0.0836,0.0,
01c58fbb-c85f-4ce9-a14f-c5cb0ce6fa47,8.12,-0.0003,0.8293,0.10391,0.0,
01c59928-506d-4555-886a-19ff78058765,6.48,-0.0,0.822,0.10778,0.0,
01c5c686-7504-443e-9864-bd580ede9ebf,7.72,-0.0,0.9998,0.17703,1e-05,
01c61b49-1e35-424c-9601-4ac1699b39e6,4.88,-0.0005,0.8706,0.11437,0.0,
01c639ff-8198-4585-9543-e8a6d574ef25,4.24,-0.0003,0.6324,0.09599,0.0,
01c68c35-03aa-49d5-8d69-abcf4fbf3386,6.44,-0.0002,0.8517,0.13809,0.0,
01c6a3f3-955f-4ffb-ac76-1c32fa439ad5,6.68,-0.0004,0.7911,0.11366,0.0,
01c6f1df-0099-42d4-9b84-6233f813feb1,5.16,-0.0004,0.9138,0.10302,0.0,
01c7116b-33fc-41fc-9c3d-4eec9d43479b,7.16,-0.0,0.9965,0.09865,0.0,
01c72822-64aa-4a25-a037-5d584a8d8ce2,5.48,-0.0002,1.0,0.17212,2e-05,
01c72844-0593-4a4f-8e75-fe1ba5c42eb3,9.52,-0.0,0.8059,0.13448,0.0,
01c72880-e555-4554-b116-92c544261fb5,9.52,-0.0004,0.7106,0.07895,0.0,
01c75a39-a567-4601-a366-3657537fd901,9.84,-0.0002,0.7003,0.09842,0.0,
01c764e2-5ef9-4866-b090-8e31b10a21d7,7.96,0.0,0.4989,0.07239,0.0,
01c78a6b-ad26-4915-a782-813e69d9b562,9.62,-0.0001,0.8547,0.12375,0.0,
01c7c2f3-1a78-4702-a5fd-36be6811f8f1,4.36,0.0001,0.6535,0.11311,0.0,
01c7c7d9-4e33-44c4-83df-4a2e51d8f354,8.42,-0.0001,0.8658,0.12415,0.0,
01c7debd-3dbf-4192-aec6-9f4a7b967dbe,6.64,-0.0,0.8402,0.11241,0.0,
01c7f77c-fa60-4f5a-8f3f-965bf4e7214d,5.76,-0.0003,0.8778,0.15145,0.0,
01c83793-35dc-4026-98a7-37e625d9b1d7,0.76,-0.0002,0.3943,0.08246,0.0,duration_outlier
01c86088-6848-43b1-8baf-e02d062c1f7c,12.72,-0.0002,0.9539,0.15716,0.0,
01c89331-5edc-4521-881b-f656c4c504e9,12.13,-0.0,0.8453,0.11981,0.0,
01c8f471-3cf5-427a-9f39-4b51980e67db,14.0,-0.0005,0.6926,0.1153,0.0,
01c93ccc-7558-4813-8d10-cad32711ea31,9.48,-0.0003,0.9464,0.09268,0.0,
01c93f5a-7a82-4e89-8217-134bde03692e,15.56,-0.0003,0.8439,0.10253,0.0,
01c97dde-25d1-4c92-a6b2-e28d93d88232,11.44,-0.0001,0.7388,0.09014,0.0,
01c9a856-29ae-4772-b281-c6b6140818fc,8.08,-0.0004,1.0,0.14603,1e-05,
01ca29d5-ab64-4ce5-b718-acbf7d232ade,3.14,-0.0,0.8338,0.16263,0.0,
01ca4bba-0956-475e-8f29-e20c297699ef,9.08,-0.0001,1.0,0.16907,1e-05,
01ca5c5b-6667-41a9-bea6-e052bfd2aa1c,4.96,-0.0,0.5984,0.08833,0.0,
01ca7b1e-e0b4-40ce-8883-faeb6b2d56cf,6.25,-0.0005,1.0,0.13531,1e-05,
01cab908-00a9-45a3-ba73-5261507e409a,7.32,-0.0002,0.8564,0.10883,0.0,
01cc74cf-4225-4c1f-b042-94d097b923c4,10.72,-0.0004,0.66,0.09011,0.0,
01cca531-aa0f-4273-8ebb-2845f6fb312e,7.48,-0.0007,1.0,0.20438,1e-05,
01ccdda8-7f47-413f-b4cc-854c689024af,7.0,-0.0001,0.8953,0.14557,0.0,
01cce49f-eac7-4067-8c97-ca137f3bf1eb,10.48,0.0007,1.0,0.13851,0.00213,clipping
01cd101d-0866-448f-9eb3-66540fe85029,8.4,-0.0001,1.0,0.11349,1e-05,
01cd2e41-f4b1-4c2e-b02b-05d6304ac99f,5.56,-0.0008,1.0,0.14038,1e-05,
01cd3220-133c-441b-b77f-4d5de75cbd1f,4.05,-0.0003,0.2505,0.02917,0.0,
01cd4402-8697-474b-9640-06d60b2fdbdc,4.12,-0.0005,0.5191,0.08589,0.0,
01cefa95-21cd-43e9-b25d-df8baed5862d,15.29,0.0,0.864,0.12687,0.0,
01cf062a-99fd-4796-a200-a4c87a64b054,8.36,-0.0,0.8643,0.11958,0.0,
01cf43a2-dcc0-492d-a1aa-711bf99a1f72,3.04,-0.0004,0.6682,0.09548,0.0,
01d01d04-c2cd-4759-b133-4264ea67dbb2,5.2,0.0001,1.0,0.15747,1e-05,
01d04068-5678-4c59-99de-87058de6d9f0,4.84,-0.0003,0.8681,0.1324,0.0,
01d0cf3d-bb23-4642-8d58-d3820e1dfadc,14.52,-0.0003,0.9272,0.11706,0.0,
01d0d9d1-f124-4fba-94e2-e64e3e256139,6.6,-0.0,0.8036,0.10103,0.0,
01d100fd-46b8-4f38-9356-ce91c9386563,7.28,0.0,0.9492,0.12868,0.0,
01d102e0-1450-46d8-95e9-c935c38c6e91,16.52,-0.0003,1.0,0.17728,0.0,
01d1192b-1b52-43a1-b1fd-b521e3e68065,10.52,-0.0004,0.7145,0.11976,0.0,
01d180c5-7844-4534-a2b9-4e6dc8bb8a2c,9.4,0.0002,0.9485,0.13648,0.0,
01d19d72-7ddb-4b76-8016-271ff8fe1d05,7.16,-0.0003,0.9592,0.09586,0.0,
01d1fa25-0723-4495-a1f9-2dc5f86e1924,11.74,-0.0002,0.9276,0.13849,0.0,
01d216a9-e6b2-477b-88c2-1ff9152230d1,7.88,-0.0005,0.8794,0.099,0.0,
01d22b1d-48da-4d3d-ac58-5b3a35ec49a7,6.44,-0.0002,0.8754,0.11136,0.0,
01d2a732-06a8-4ba0-9799-f43ff56e44ac,3.76,-0.0,0.9004,0.14958,0.0,
01d2b31a-eb13-41df-9dce-488fcb44790e,8.28,-0.0,0.9997,0.15351,1e-05,
01d3df89-98b0-44c3-8f77-c8e7a3361d9a,7.48,-0.0004,1.0,0.1161,1e-05,
01d3eabb-d318-461d-a5f2-ed85ba17dc89,4.98,0.0,0.1454,0.01938,0.0,
01d42ae1-21ca-4225-b253-014396a85fcf,7.84,-0.0004,0.7636,0.09718,0.0,
01d42ce6-e406-4af8-972a-42fef07cf17a,13.92,-0.0002,0.9225,0.10143,0.0,
01d442c2-aa86-4975-967a-72ef9935c7eb,5.68,0.0001,0.9004,0.11685,0.0,
01d45959-64a7-462a-81be-b24646c995f7,5.77,-0.0001,0.9946,0.11785,0.0,
01d4dee7-2731-4f55-ad72-243b4b021582,3.56,-0.0001,0.9234,0.15104,0.0,
01d52114-4048-4954-9399-01ecf73347bf,7.84,-0.0,0.9672,0.10133,0.0,
01d54150-8a56-44d8-b014-c6d066c59206,11.93,-0.0,0.8448,0.10926,0.0,
01d5684f-2d8a-45dc-9c50-6fb156fef0a7,5.12,-0.0003,0.8918,0.10331,0.0,
01d5728a-c80a-4772-a04a-94b91ec6f830,11.08,-0.0,0.934,0.10059,0.0,
01d57b1d-7017-43be-85f4-4a2c99ccf1c3,2.52,-0.0002,0.6387,0.08227,0.0,
01d5c52a-e89b-485e-a2a9-a73b79c4eafc,8.28,-0.0002,0.6967,0.07562,0.0,
01d5f0d8-1a6b-4e8d-8a9a-66b65a935471,8.32,-0.0001,0.7412,0.10755,0.0,
01d64076-1686-46e5-aca7-acade4ec67c3,4.84,-0.0001,0.4919,0.06056,0.0,
01d6ab15-7d76-4ff1-9420-fa39da287785,6.2,-0.0003,1.0,0.14565,1e-05,
01d6ace8-d511-4d0f-af1b-b8f0976f4d4e,4.32,-0.0002,0.5363,0.09159,0.0,
01d6e187-ed14-4ca4-8e83-323da83c6f63,5.2,-0.0003,0.8961,0.13985,0.0,
01d7d7dc-9ca3-4d9a-a789-38939878941f,7.76,0.0,0.763,0.09945,0.0,
01d7e66f-25ba-441b-9fe7-004a9660348c,6.84,-0.0003,0.7777,0.10228,0.0,
01d7e852-ab90-4600-a23e-b64a0c730d43,4.0,-0.0001,0.5769,0.08013,0.0,
01d7fd5f-b50a-4b2d-8b8c-e2ce4fe6fee0,9.16,-0.0001,0.932,0.09228,0.0,
01d8bf84-0d05-49b7-bd70-6d5daec3a2f1,7.92,-0.0002,0.8758,0.13133,0.0,
01d8cb40-f645-42bc-a839-154906bfde39,4.68,-0.0001,0.8141,0.11978,0.0,
01d8db3d-ebb1-431c-9c88-c13dcaa4d474,10.48,-0.0002,0.6884,0.08004,0.0,
01d91701-da50-432a-bfd9-dbc8fa349329,8.68,-0.0002,0.7873,0.07968,0.0,
01d94642-85e3-4ed3-aeed-b36f81d1149c,11.8,-0.0004,0.8422,0.12107,0.0,
01d990b8-a631-43cc-8081-8eda6ce8fb50,8.24,-0.0007,0.8214,0.13856,0.0,
01d9a49b-3fa0-4d8e-a426-0d37abcd84fd,6.44,0.0,0.8287,0.1129,0.0,
01d9b0ce-3155-49de-9448-642616de4aeb,4.4,-0.0001,0.5749,0.08554,0.0,
01da0d08-93a8-4eef-99b1-2b8643e78632,6.48,-0.0001,0.6055,0.08684,0.0,
01da8ddc-1608-4c17-a0e9-619b9bde86dc,11.0,0.0,0.8929,0.0749,0.0,
01dacb94-2b80-4dcb-97f3-a9a7a7307fde,5.8,-0.0003,1.0,0.12828,1e-05,
01dad322-e96b-458e-975f-e43209f2dcea,4.64,0.0001,1.0,0.1525,1e-05,
01dadf89-aab4-4762-a24d-2d4b64a8980b,7.32,-0.0002,0.8824,0.13844,0.0,
01dae41f-4386-40b8-8d44-5e44a37da2be,4.12,-0.0002,0.7805,0.07658,0.0,
01db2a14-dc65-4c78-90aa-d1eef96de999,7.25,-0.0,1.0,0.10918,1e-05,
01dc0dc7-6c3c-4d20-895b-53ad25753e42,4.96,-0.0007,0.778,0.12792,0.0,
01dc2c18-c620-4dcf-954c-233557ac70df,8.52,-0.0002,1.0,0.11314,1e-05,
01dc84a3-3146-40d2-91e9-3638f3b9b68e,13.15,-0.0,0.8471,0.13514,0.0,
01dcc0eb-e775-430a-875c-bcda8b745dcf,5.64,-0.0001,0.7759,0.08264,0.0,
01dcc8c9-86aa-4921-b443-c37875dbaf2e,7.36,-0.0001,0.6038,0.09693,0.0,
01dd0bc9-dc45-4c17-9b5c-ab8e7b666a93,3.92,-0.0001,1.0,0.16957,2e-05,
01dd3a01-a8ba-48c7-8c8c-22d8b05ac90b,16.0,-0.0,0.853,0.11199,0.0,
01dda595-6c2b-40b5-9b1f-6368915e351e,13.25,-0.0,0.8479,0.14339,0.0,
01ddc6b9-6555-4856-b7cb-cb1c197ed3b7,11.32,-0.0002,0.7054,0.09957,0.0,
01dddcb2-1714-4ccc-af5e-acadf5a58cc0,16.0,0.0,0.8533,0.14484,0.0,
01dde0d9-267a-4d20-8bac-532b0d209fc7,10.94,-0.0,0.8636,0.15057,0.0,
01de3d1b-5f16-43dd-8585-51b5999fa300,6.16,-0.0004,0.7959,0.15578,0.0,
01de4e07-83a9-4bd8-8b6b-26436a27a4dc,8.68,-0.0004,0.8173,0.10593,0.0,
01de9f96-2f1c-4218-bb5c-270e5180ff03,5.96,-0.0002,0.8335,0.12436,0.0,
01dee5cf-0218-4efc-899c-67a913869a82,2.76,-0.0001,0.832,0.10062,0.0,
01df1e2d-dc9f-4a7b-81f7-8146be546cf8,8.8,-0.0002,0.9933,0.11698,0.0,
01df2acf-b64a-4e83-8305-46f1bcb113ea,4.43,-0.0002,0.6602,0.08588,0.0,
01df6793-d518-40e5-9524-567fc8885e46,6.88,-0.0002,0.8275,0.10193,0.0,
01df7ced-33c1-42cc-a6c9-fb5453cf62b8,5.76,-0.0004,0.8763,0.13094,0.0,
01dfa9d1-349c-4120-bb4c-71531ac8f67c,12.98,-0.0,0.8547,0.11099,0.0,
01dfb6a9-8766-4552-bd75-7fbdf31576ee,10.19,-0.0002,0.9142,0.13561,0.0,
01dfc87a-72b1-43c4-b603-ba48bcc59cfb,3.81,-0.0,0.2714,0.04594,0.0,
01dfedaf-469c-4beb-b4e0-3e51aed96ecc,1.24,-0.001,0.479,0.05642,0.0,
01e0673b-4f46-49d1-b1ad-5e3aa0b73d93,8.8,-0.0002,1.0,0.13598,1e-05,
01e0b909-495b-4f77-87a2-f9c90700597c,3.8,-0.0004,0.8026,0.12716,0.0,
01e0eb97-92b8-45dc-a1a8-1a19bac92c14,2.28,-0.0003,0.998,0.14594,0.0,
01e1096d-8cea-45fc-afa8-e9a8d2d63f31,4.0,-0.0001,0.9169,0.10556,0.0,
01e1373f-8b5e-4743-8b14-64702ed0f5ed,11.8,0.0,0.8681,0.124,0.0,
01e14795-9dcd-47c9-8daa-72b799a9c333,7.48,-0.0001,0.7931,0.08137,0.0,
01e19056-503e-48b2-afc4-48d533c5d4fe,10.44,-0.0005,0.8664,0.15965,0.0,
01e20bec-0991-4a1b-a3af-9c4ac40d39ac,12.12,-0.0001,0.9028,0.14501,0.0,
01e216d0-193d-40c3-9085-3c51377a1ec6,9.2,0.0,0.9771,0.15552,0.0,
01e23e05-453f-4143-9976-bc45ab3d99fd,5.88,-0.0009,0.9895,0.09874,0.0,
01e2582d-cb5f-4642-a066-9af2d5fb9575,6.88,-0.0003,0.8988,0.11047,0.0,
01e259f4-0324-4308-b47a-ffb644887d7b,4.92,-0.0003,0.8546,0.09849,0.0,
01e26549-855d-4b28-b6a8-c71634f9a949,7.4,-0.0,0.8982,0.0995,0.0,
01e26a27-6847-45e5-9b40-7b7a12807b5b,3.07,-0.0,0.4998,0.07008,0.0,
01e292fa-00e7-4766-8431-3ac034d5c507,4.19,0.0,0.5427,0.10249,0.0,
01e29951-beb6-4a2f-94bb-0663cf235c2d,6.04,-0.0001,0.8778,0.15903,0.0,
01e3974c-5d1e-4732-bf4b-9f920ccca619,7.48,0.0016,0.9902,0.11655,0.0,
01e3d322-f927-45ee-83fa-2544a68fb1f4,4.16,-0.0003,0.9247,0.10632,0.0,
01e3e945-af64-4769-9430-fe239704710e,9.69,-0.0001,0.8564,0.11796,0.0,
01e3e94c-5c55-4a9a-9a50-b3844c6a6cda,2.98,-0.0,1.0,0.12587,2e-05,
01e43cea-8420-4114-90bd-4c1a78ba4e29,2.72,0.0002,0.9895,0.18687,0.0,
01e44cc3-a9e1-402e-a95e-93af5c600023,12.52,0.0002,0.9577,0.13588,0.0,
01e463a7-9480-4d6a-8952-ec935c784b2d,9.16,-0.0001,0.8363,0.09648,0.0,
01e48e6f-fb76-4600-8988-eb1546f7147c,10.32,0.0001,0.709,0.08767,0.0,
01e4b2bf-8b5e-471b-8148-f9c9df085726,9.16,-0.0002,0.9808,0.07719,0.0,
01e4ecc9-99d3-4ae7-9c1f-0018f057dbe4,3.4,-0.0,0.7553,0.14112,0.0,
01e4eef1-e80b-409c-99f9-0a858731a108,4.04,-0.0007,0.942,0.10938,0.0,
01e4fd22-fda7-43dc-a3ed-b70679be2a79,3.0,-0.0001,1.0,0.113,4e-05,
01e50f3a-5f4d-4e5a-8714-21ef5d8d7e5c,6.88,-0.0005,0.6269,0.09719,0.0,
01e52080-ed6c-43c7-b9bb-0bae8a0440c3,7.64,-0.0006,0.7985,0.11201,0.0,
01e52bd4-689d-4310-b2af-72e2b19b8001,8.32,0.0,0.7563,0.1077,0.0,
01e54053-4d7b-4966-9355-00ab1b4e69e0,16.0,-0.0,0.8479,0.13679,0.0,
01e54749-cce5-4a25-9429-95ef0a2211c7,10.39,0.0,0.8698,0.13548,0.0,
01e55680-af29-4eb9-98fb-c4308156e743,4.6,-0.0002,0.6331,0.0949,0.0,
01e5aaf3-fddf-40b7-aafb-683b98f0ae1f,3.54,-0.0001,0.6437,0.10363,0.0,
01e5ae11-8658-427b-b927-8920a4478957,6.56,-0.0003,0.729,0.1285,0.0,
01e5ae82-62dd-4838-a188-ceada14a75ed,8.32,-0.0005,1.0,0.15846,1e-05,
01e5cef9-bec0-4332-bcce-7ba1ccde76fa,8.28,-0.0004,0.7752,0.08804,0.0,
01e633ed-399d-4248-a84e-b5b277fe20da,11.0,-0.0,0.8642,0.13206,0.0,
01e69c03-19bc-4daf-959b-e31f6db7b107,14.32,-0.0002,1.0,0.14254,0.0,
01e6ee56-165c-4abc-80c8-52dc0b92dacc,7.84,-0.0002,0.6876,0.09941,0.0,
01e74f32-2ee1-4304-aa1f-2fd5e2ee6ce3,9.0,-0.0004,0.7214,0.12765,0.0,
01e8001f-46bd-45c7-af3c-d514538b8cc0,8.34,-0.0,0.8443,0.13088,0.0,
01e815b3-102e-4787-9c60-e59ce9dad1ec,7.0,-0.0001,0.8161,0.08912,0.0,
01e821a2-7b99-480c-ae82-0c4ee92c2bc4,10.36,-0.0014,0.8649,0.128,0.0,
01e8620e-4262-4fac-bf8c-d2c8ff8b1760,7.96,-0.0001,1.0,0.1516,1e-05,
01e886e5-5df3-4493-bbf9-d2c32577b011,12.07,0.0,0.8828,0.12267,0.0,
01e906d9-00e7-4329-89ff-343e2fa29868,4.67,-0.0001,0.8451,0.10338,0.0,
01e9242d-7b23-4d92-9995-3f8a8b83ca5e,13.72,-0.0003,0.8661,0.11693,0.0,
01e95337-e0c1-46b9-be3c-ac5e84b47cc4,5.48,-0.0001,0.8505,0.10556,0.0,
01e973c3-f389-4600-afb4-ad3f9b292135,7.56,-0.0,0.8781,0.09701,0.0,
01e9b19e-df45-434f-87ce-02cf5217d785,3.71,-0.0002,1.0,0.12612,2e-05,
01e9e8b6-511a-4aa1-98f7-4f15642d736e,4.52,-0.0001,0.9087,0.1451,0.0,
01ea1033-6708-40ff-8b8c-7510390200ef,9.64,-0.0016,1.0,0.16861,1e-05,
01ea574b-2e7f-4e5e-b08c-39e4383979e9,14.8,-0.0008,0.9308,0.14356,0.0,
01ea8026-577c-46de-8603-b3190a5ca1ea,9.24,-0.0002,0.7157,0.06451,0.0,
01ea8946-ba2e-49a9-ac48-2e2142fa51a4,10.16,-0.0003,0.8937,0.11998,0.0,
01eaff85-c634-4099-839d-6a7f5cac5902,5.16,-0.0002,0.6909,0.06411,0.0,
01eb34fa-4573-43ad-8e1c-2a6d043e5992,6.0,-0.0003,0.6201,0.0789,0.0,
01ebd76f-e492-4b07-a6b3-3bbab905926a,7.08,-0.0,1.0,0.13138,1e-05,
01ec14ff-42c0-4bfe-966a-72cc2c066bc6,3.37,-0.0,0.4946,0.06114,0.0,
01ecdd2c-cb59-47d1-8861-773d68d3698b,7.56,-0.0001,0.8583,0.1238,0.0,
01ed0cbc-3d4e-48df-aae7-04a492e21d85,10.4,0.0,0.8668,0.12282,0.0,
01ed636c-d281-467a-9f11-481c9ca31038,11.45,-0.0,0.8415,0.12905,0.0,
01edc691-4065-416f-b131-93860a074b6b,8.56,-0.0003,0.9687,0.13247,0.0,
01edc79a-5532-489a-a344-54f501c2b918,6.6,-0.0002,0.9166,0.12365,0.0,
01ede51a-ffbf-47df-9e35-9c91a61736c0,6.64,-0.0001,0.8908,0.11735,0.0,
01ee25b0-a97c-4b1b-8391-42d3ffe3391c,6.64,0.0002,0.9575,0.12356,0.0,
01ee7b0c-516f-4fd5-8e76-111901befad5,6.52,0.0003,0.8768,0.14096,0.0,
01ee9c79-60d6-47f1-ba36-e91b0e1728d9,8.08,-0.0001,0.977,0.12384,0.0,
01eebf0f-b138-460f-8469-d5fca274093a,5.48,-0.0003,0.8293,0.15562,0.0,
01eed244-5548-4567-8362-488f2e665368,4.2,0.0,1.0,0.145,1e-05,
01ef4547-72cb-414e-900f-49219270afb2,4.2,-0.0004,0.8132,0.08746,0.0,
01efb1c3-537c-4133-a7df-a0765e8a1b3e,5.52,-0.0005,0.8763,0.10615,0.0,
01efb4a3-6311-4c08-9370-a5944053fe52,10.96,-0.0001,0.9003,0.10222,0.0,
01efbcb6-e699-49c3-bfa6-d6ee1e8e0877,6.36,-0.0004,0.8669,0.14794,0.0,
01efbf91-dfc0-4f17-9423-d115ad849ded,4.44,-0.0001,0.7847,0.11607,0.0,
01eff97d-ef3b-493e-99e9-ac76a6777989,7.76,-0.0002,0.959,0.11456,0.0,
01f03907-ac3d-4bc9-bf5d-c52ba4bcdf2d,6.96,-0.0019,0.8175,0.12197,0.0,
01f070d1-c80c-440e-a798-801585c8c862,5.24,-0.0001,0.7713,0.0975,0.0,
01f0718f-ea66-4cb6-9612-7499f54a5bb1,10.6,-0.0003,1.0,0.13412,1e-05,
01f07f40-abc9-4fc7-8d11-5623767929e8,5.56,0.0004,1.0,0.15017,1e-05,
01f092c3-d72b-4b97-87a9-e5c980460804,7.08,-0.0005,0.8974,0.13067,0.0,
01f0c496-ae42-47c7-b4c1-7ceb88f795f1,6.4,-0.0001,1.0,0.11302,1e-05,
01f0c959-6881-470f-9955-0ba5f9a35c95,7.0,-0.0008,1.0,0.20723,2e-05,
01f0f499-c7ab-4d8b-a60a-7457a94c4bc5,9.68,0.0,0.985,0.1246,0.0,
01f12a00-4add-47ae-9835-f67c6092e85d,7.64,-0.0,0.9612,0.12334,0.0,
01f138b5-651c-4066-90f6-1b3d89e6b539,4.76,-0.0004,0.9999,0.12263,1e-05,
01f1c68f-fb7f-4ead-826c-f7913d6d0494,11.0,-0.0,0.9251,0.13706,0.0,
01f1e4d8-6344-410c-8c30-f71269361335,3.48,-0.0002,1.0,0.12869,2e-05,
01f2615c-2b26-483e-99ae-f66fcb8f6458,7.81,-0.0002,0.9899,0.09766,0.0,
01f2761d-e00a-4a2d-89ad-4d071761751d,5.36,-0.0002,0.7858,0.1149,0.0,
01f2a491-d33c-4493-8cf7-bc1bfcc3c42c,4.32,-0.0,0.9004,0.11748,0.0,
01f30699-b4b7-41c0-9234-06545437e285,6.96,0.0001,0.9817,0.13905,0.0,
01f33ab3-87e1-4fa1-994a-f6612d015d12,9.68,0.0002,0.8947,0.12654,0.0,
01f4a64c-ba9b-4e7b-a85d-e5d4295e76c2,7.16,-0.0004,0.9624,0.09973,0.0,
01f4bf11-5cc2-44c2-b884-dfd6adf96d1a,5.84,-0.0005,0.6656,0.11045,0.0,
01f4cca9-241b-4d6e-b33f-bbda91864dac,10.96,-0.0001,0.8055,0.11984,0.0,
01f60552-4df9-4e5d-ba2a-e7383855ff76,4.76,-0.0001,1.0,0.13423,1e-05,
01f60a34-21af-4024-9f24-445adf1da0f1,11.84,-0.0,0.6207,0.05715,0.0,
01f64882-a7f8-4df1-a84f-fe5c3869dd39,3.16,-0.0,0.7069,0.15397,0.0,
01f6742c-5018-43a2-9760-47ab13ad4b51,4.48,0.0006,0.7789,0.11934,0.0,
01f685a6-0df2-4055-aa84-e405e2c29102,8.56,-0.0006,0.7142,0.14104,0.0,
01f6869b-4908-4f7e-b2af-2712e80ffdd1,14.72,-0.0003,0.9012,0.10849,0.0,
01f6b104-ebd1-4ac4-87bf-436d2946de2d,10.24,-0.0002,1.0,0.13882,1e-05,
01f6ea22-cd7d-4bb5-ac41-9e53379b0502,2.64,-0.0003,0.7286,0.06775,0.0,
01f72652-1b4c-4e34-9f3c-06b5d32ebd40,5.68,-0.0004,0.9851,0.16994,0.0,
01f75ebd-0afa-4d1c-961c-64cf4032eac5,3.74,-0.0003,0.8463,0.14356,0.0,
01f76109-97e5-4f87-9f7c-c45bc73ae4d7,4.92,-0.0,0.8545,0.09583,0.0,
01f7cbab-e988-4ee7-bce5-c21c2c56fa93,11.52,-0.0002,0.8035,0.06331,0.0,
01f80845-3399-4013-bef7-c7fdc5afb2dc,9.68,-0.0002,0.5839,0.06533,0.0,
01f80989-c6df-4c73-a745-8a52cc128221,8.72,-0.0,0.8328,0.13985,0.0,
01f81f22-6519-41a0-8669-82ec15bf97c3,4.12,0.0002,0.866,0.12032,0.0,
01f88da2-1132-46da-8cc7-41d86129fd32,6.52,-0.0001,0.9547,0.11581,0.0,
01f8c90c-07e4-4ad4-8d60-538b985bfdf9,2.31,-0.0001,1.0,0.11988,3e-05,
01f90109-d9ff-4883-8490-c68a16d99fe2,6.32,0.0,0.6671,0.10022,0.0,
01f91e52-9b05-4016-a1f7-9a3769b86902,6.32,0.0,1.0,0.15724,4e-05,
01f9246c-2799-46c0-9890-c4d790aadda3,3.51,-0.0001,0.8467,0.15724,0.0,
01f95614-db60-4702-9ca5-d49422389660,4.96,-0.0002,0.9611,0.12936,0.0,
01f99d9a-dbf2-4b70-b3a5-e4fd09a799e5,12.74,-0.0,0.8616,0.1424,0.0,
01f9c212-a916-43f5-aadd-dd8bc63c42a5,9.76,-0.0002,0.8964,0.10649,0.0,
01f9e02e-f952-458f-91cb-412fa913065c,4.12,-0.0,1.0,0.1375,2e-05,
01fa682e-bf0a-4fdb-b4be-d96cc4939b83,10.8,0.0003,1.0,0.15245,1e-05,
01fae280-91f2-424e-abf8-f451a7977711,3.56,-0.0002,0.7339,0.09379,0.0,
01fb07ae-c00e-46d1-be91-1ddf8036bd1e,13.0,-0.0004,0.506,0.07701,0.0,
01fb0ad1-ba7b-4074-a3d4-e4a6bc4cea65,9.12,-0.0001,0.9228,0.10634,0.0,
01fb85e5-8027-4f1a-9ca7-c98f543087d4,9.88,-0.0001,0.815,0.08458,0.0,
01fc2a5a-9834-4b73-a8db-3d2b4fbc720b,7.84,-0.0004,0.9306,0.13182,0.0,
01fcadab-36e1-4e3f-92f5-529bd20704e9,5.12,-0.0001,0.8695,0.08093,0.0,
01fce860-676c-4f14-9aa7-2b3e4c8d015d,5.36,-0.0001,0.5927,0.09368,0.0,
01fd111e-169f-4ead-a0cf-0815e43d138d,9.36,-0.0002,0.9987,0.13449,0.0,
01fd178f-2c46-4f06-962c-3e250d1b5252,8.32,-0.0003,1.0,0.12708,1e-05,
01fd609d-dac2-485e-b000-319da7c59ce9,7.84,-0.0,0.971,0.08452,0.0,
01fdec34-bfd0-49d3-af9e-1fc96d5a5ae4,7.36,-0.0001,0.7318,0.08523,0.0,
01fe0ab8-3fd2-415e-9cda-ad34f4299069,6.4,-0.0002,0.5623,0.09969,0.0,
01fe30f9-744c-46a5-ab2f-013def69c91e,2.37,-0.0001,0.9787,0.10112,0.0,
01fe9748-32b8-4597-aec4-7ed66a318d24,5.44,-0.0003,0.9373,0.10244,0.0,
01fef2f0-dcef-484e-8ca6-019d7a460c4d,10.94,-0.0001,0.8447,0.12935,0.0,
01ff1769-7f84-4a7c-a24e-fa9db50f962d,1.6,-0.0001,0.5483,0.0774,0.0,
01ff24d6-230a-4d1d-8ef1-0b4c69521465,5.08,-0.0,0.781,0.06592,0.0,
01ff3598-77ce-460b-af9b-1b1d613851b4,9.22,-0.0,0.896,0.13511,0.0,
0200902d-92e1-4eda-8fa8-02dd1e004c7a,8.64,-0.0002,0.9999,0.12602,1e-05,
0200bd87-63b1-4f99-a6dc-3e875c96d99e,7.84,0.0,0.6728,0.10328,0.0,
0200f6f6-e3c4-415d-a300-1b9d3d239005,4.84,-0.0004,0.9097,0.10285,0.0,
020114e8-7685-439f-8c62-a1765effd8e9,5.08,-0.0,0.8091,0.1207,0.0,
0201872c-3ad3-425d-ab66-61a0fb1c6edb,10.52,0.0,0.8563,0.1234,0.0,
0201a997-4ac3-4e07-b285-d28eeb3e842f,14.28,-0.0,0.7762,0.1135,0.0,
0201f5ed-0838-4faf-b02d-017f802644ff,10.32,-0.0004,0.6781,0.09834,0.0,
020201dc-688a-4f18-940e-88d9a38429da,6.8,-0.0,0.7637,0.08219,0.0,
0202b276-c507-4e88-9452-1528446d36d9,7.12,-0.0007,0.9459,0.12382,0.0,
0203264d-cbd6-4662-ad9a-579c07897a09,5.12,-0.0,0.6307,0.11207,0.0,
02034c3e-35b3-41bb-973a-d08e1b84554e,8.32,-0.0006,0.9111,0.1237,0.0,
0203d705-cf53-4f31-8f21-594a93435121,7.6,-0.0003,0.7664,0.12757,0.0,
0203ff5b-0b35-4e73-a005-bc0ebe8f4c7f,10.57,-0.0,0.8624,0.12757,0.0,
02041b6e-99c7-42f4-a16b-711f83591ed7,16.0,-0.0,0.857,0.1459,0.0,
02042c3c-1865-4b55-817c-96cc1fc2f190,6.28,-0.0001,1.0,0.16059,1e-05,
02048434-4bf9-44a6-aacb-2deab0eec3d8,11.32,-0.0005,1.0,0.14627,2e-05,
02052336-7b8a-4163-bb1e-220c3244a065,3.04,-0.0002,1.0,0.12743,2e-05,
0205a110-448b-49be-a4c6-407a297c9c3c,13.6,0.0004,0.7188,0.10362,0.0,
02068728-2519-43ef-a36c-936f4aa5924c,9.2,0.0001,1.0,0.15323,1e-05,
0206c991-73da-4540-b0df-12f30c450c53,12.0,-0.0001,1.0,0.10325,1e-05,
02070e16-42b8-4fba-af30-fc27bb9e9b1d,11.68,-0.0003,0.8742,0.11858,0.0,
0207eb11-0d13-4083-afd1-c25d0604c6e5,7.2,0.0001,1.0,0.13825,1e-05,
0208083d-911f-43dd-ad0a-0b0f6a31064d,5.2,-0.0001,0.6833,0.09424,0.0,
02083b2a-6e47-4513-8abb-60547f0602ab,9.96,-0.0003,0.9332,0.12014,0.0,
0208a37d-dd97-401f-b095-348c92b0fb5f,7.88,-0.0001,0.8227,0.10877,0.0,
0208ad59-dcf6-4811-9f15-b088c8919ab5,3.64,-0.0001,0.8078,0.09376,0.0,
0209c6f6-edce-43bf-a6b3-d48650d795f7,6.16,-0.0004,0.7046,0.12427,0.0,
0209c72a-98c5-4ca7-ae85-1d0f0b8ed90f,14.32,-0.0004,0.9987,0.1078,0.0,
020a0088-23fd-4d3a-a8e3-a96b35af7873,8.12,0.0002,1.0,0.13179,1e-05,
020aa607-b20d-4282-b23d-9d5aa2f423bd,4.44,0.0001,1.0,0.1345,1e-05,
020aab06-ad42-493d-965f-d1e6644d9e0f,5.92,-0.0003,0.6875,0.13196,0.0,
020aba38-a9a9-4d74-af34-f40eafcb899f,8.68,-0.0003,0.978,0.10386,0.0,
020af0bf-1186-4a3a-b250-e29ad9d49692,4.08,-0.0002,0.5956,0.07662,0.0,
020af393-a85b-4493-a1f4-e5cf68c29d3e,4.6,-0.0005,0.9702,0.10948,0.0,
020b2041-9717-4595-8ea5-77e2cb944fc0,12.17,-0.0,0.8414,0.13365,0.0,
020b2470-56e1-4bef-a953-5b4f9c16c774,5.44,-0.0002,0.9999,0.09681,1e-05,
020b34b3-29b1-45a3-a82d-736c0f9a5244,11.0,-0.0001,0.6783,0.11661,0.0,
020b3cb0-47f2-44b8-b42f-9bd82b2f9c62,5.24,-0.0001,1.0,0.10711,2e-05,
020b81aa-0a87-4fe4-91a7-e8f804c0420b,8.6,-0.0002,1.0,0.08834,1e-05,
020b98ba-abd1-4bd7-b1d8-da061fa346d4,7.0,-0.0004,0.7471,0.11888,0.0,
020b99d9-0a9e-48f0-b53f-931b0884e90c,2.72,0.0002,0.8517,0.10697,0.0,
020baac9-99c5-4c3a-84bc-6edcda8e224f,6.16,-0.0001,0.7627,0.08797,0.0,
020bb335-50e9-4aae-8c5f-b9992e135492,7.32,-0.0002,1.0,0.11614,1e-05,
020bc4e2-1b6c-42cf-89e0-c0b4744c5863,3.73,-0.0,0.7227,0.14959,0.0,
020beeaa-1fdf-44ab-8aec-75ed0da5cee1,2.32,-0.0002,0.7502,0.11006,0.0,
020bf5ce-50b4-427d-ac68-d1263a3e8877,11.52,-0.0003,0.9319,0.12394,0.0,
020c0a37-798d-4316-a3c1-07875c23a3a7,5.2,-0.0004,0.6591,0.08,0.0,
020c392d-57fa-4bd2-85cb-5efa5b67cb30,4.32,-0.0003,0.9951,0.14772,0.0,
020c77bb-1903-4f61-8e3e-6365027287f1,4.76,-0.0001,0.7453,0.13161,0.0,
020ca605-63fa-4be2-ab25-a09de1386d96,3.68,-0.0002,0.7777,0.0858,0.0,
020cda8e-6647-4342-b8e1-f1f8ed03dae1,4.16,-0.0001,0.8238,0.12786,0.0,
020d64fa-de04-4b02-bb77-1e365c2973e6,3.92,-0.0002,0.8077,0.13083,0.0,
020d778b-2698-481d-b5ce-bd46efe2a52a,5.12,-0.0001,0.657,0.09565,0.0,
020de31b-2ec3-47c4-aff8-2104c2ca259a,7.28,-0.0,0.7451,0.08422,0.0,
020e82c4-e30c-46f2-9c3c-0ada7756596e,9.44,0.0001,0.8546,0.12575,0.0,
020eaa4b-f693-40a4-8224-b449c2bf37bf,11.0,-0.0002,1.0,0.1292,1e-05,
020ebb2c-50be-4d8a-b4a2-f5418f5a41ca,7.76,-0.0002,1.0,0.11855,2e-05,
020edbf4-a13f-4497-956b-36228db0d65f,16.0,-0.0,0.8479,0.13208,0.0,
020f3789-8ce3-4bae-b060-ef4bc0bed035,13.16,-0.0,0.8492,0.14311,0.0,
020f4d33-e33e-4482-8867-3572e4ec44aa,14.96,-0.0003,0.8174,0.10853,0.0,
020f83cb-fc6f-485f-aaa5-d79b98a99be5,6.32,-0.0002,1.0,0.10531,1e-05,
020fee41-0be6-493f-809d-ac1e59db9b34,12.56,-0.0005,0.9064,0.15132,0.0,
02104330-75de-407d-ad38-16941ba73bf7,6.52,-0.0002,1.0,0.12655,1e-05,
02107161-d0b8-40fd-8a91-5690a9317943,12.5,-0.0,0.8445,0.12078,0.0,
0210970e-40f4-4dd8-81cb-a400201dc9f0,6.12,-0.0002,0.85,0.12685,0.0,
0211240b-7134-4b2d-9653-c73d8205415c,11.17,-0.0,0.8414,0.12564,0.0,
021158cd-728c-4e76-a373-f7796433cf1f,7.04,-0.0003,1.0,0.12342,1e-05,
0211afdb-70d4-4f5a-bbc0-b3ce566c3be4,7.36,-0.0002,0.8484,0.13003,0.0,
0211d8f3-3f9a-4773-8e96-6964a5ea41b7,4.96,0.0,0.7842,0.11066,0.0,
02121c87-b5fd-4272-8588-5608c1b02bca,7.48,-0.0001,1.0,0.13919,3e-05,
021246eb-1686-48f6-99de-c588dcd27a58,12.36,-0.0,0.7996,0.08514,0.0,
02126796-6c82-4d27-9349-79cfc79c0d8f,4.24,-0.0,0.3491,0.03805,0.0,
0212b3e4-c6b4-4283-9a2f-d0e59fb299e7,4.72,-0.0001,0.945,0.14313,0.0,
02131a81-03fd-4792-b826-8f6137df2a23,11.96,-0.0001,1.0,0.1005,2e-05,
0213d7d4-3405-4b65-b92d-ed958535dfbf,14.16,-0.0001,0.8099,0.10012,0.0,
02141914-6e11-4e52-9083-851ffb60e5f0,7.6,-0.0002,1.0,0.15487,1e-05,
02147335-aa98-411d-b8d8-6b9662afd01a,9.16,0.0002,0.9613,0.14744,0.0,
02147ed6-bbf3-407b-a924-5f055a2fc955,4.04,-0.0002,0.9617,0.11123,0.0,
02148553-491b-4a3c-8f83-f48bbc6f3426,16.0,0.0,0.8906,0.13848,0.0,
02148c5c-29de-40be-affd-5822e6452feb,16.0,-0.0,0.9671,0.15642,0.0,
02149a70-e78c-4ed7-9bed-8666f42f7071,3.09,-0.0,0.3649,0.05645,0.0,
0214a4ff-3cf1-4956-b6cb-eaffa355cdef,8.84,-0.0003,0.9761,0.12883,0.0,
0214b314-7d47-498d-863c-6171b45344a2,7.72,-0.0004,0.8833,0.12469,0.0,
0214d7e3-7642-4963-b3d0-954d6e80418b,4.28,-0.0003,0.6055,0.069,0.0,
02150503-0491-4f7d-ac70-ca914a45a066,14.84,-0.0003,0.721,0.0745,0.0,
02152541-291f-4072-bff9-766596f9edb3,6.12,-0.0003,1.0,0.12534,1e-05,
02156192-9c8e-457f-9926-bc39451a3f6f,3.75,-0.0001,0.8382,0.1706,0.0,
0215fc53-5065-49d5-b60b-7bd8cacb3ae0,12.56,-0.0001,0.6216,0.07512,0.0,
02160d2a-03b8-4f7e-964d-8ed96ed23214,5.32,-0.0001,0.7112,0.07972,0.0,
0216471e-c29d-4d06-9ecd-928f313b2238,3.84,-0.0002,0.4758,0.06691,0.0,
0216875c-0145-41a1-a2cf-14017d11fd1f,8.72,-0.0004,0.5941,0.13014,0.0,
0216a7fc-9e16-4ce8-8f0b-47c629afd24d,16.0,-0.0,0.846,0.12816,0.0,
0216f3d9-a76e-4050-9403-fa28134c26d6,12.59,0.0,0.8423,0.13545,0.0,
0216f986-9b7d-4a30-878b-3b246ba1f939,4.64,-0.0001,0.7423,0.11651,0.0,
02172aab-c91a-4082-9aef-2a43373d5746,6.92,0.0,0.854,0.10738,0.0,
021758cd-5c50-4d64-8bab-b826a0d6427d,14.92,-0.0,0.8427,0.12124,0.0,
0217671f-6016-4f8b-b3d4-404b904bd81b,7.92,-0.0001,1.0,0.14575,1e-05,
021779fd-1bef-401a-8370-093e9f549341,4.96,-0.0002,0.7701,0.06692,0.0,
0217a960-5731-480c-874c-c28ebe7306b4,7.52,-0.0001,0.9953,0.136,0.0,
0217bc1a-4ea7-4410-a3ae-075225aea605,5.16,-0.0,0.7271,0.10899,0.0,
0217d4c7-5f17-4885-93cd-0cdb43953e99,5.4,-0.0004,0.709,0.10072,0.0,
0217e123-80c5-4b4d-9035-461b7b4c7877,8.0,-0.0002,0.927,0.12543,0.0,
021806b7-a934-448f-b26e-942b7d82dea7,5.52,0.0001,1.0,0.1281,2e-05,
02180e30-eff9-4da8-9c4a-f2b845ab72b9,7.4,0.0,0.7934,0.13041,0.0,
021823b6-2e62-4f7c-9948-acd27dc2236c,7.32,-0.0005,1.0,0.15854,0.00017,
0218cff5-f724-4ad6-b9a9-90499688ccf4,8.08,-0.0001,0.867,0.12407,0.0,
0218dc5f-6ff7-4005-aa2e-a38249f54575,6.12,-0.0001,0.9933,0.11574,0.0,
02194a2d-d082-45bd-947b-143b3c6a504f,7.6,-0.0007,1.0,0.21256,1e-05,
0219708d-bd0c-4301-8e45-ca35f025cdd5,12.04,-0.0,1.0,0.12922,1e-05,
02198b59-c5e3-4c6a-b36f-0fa66ea798b2,8.11,0.0,1.0,0.06353,1e-05,
0219a0dc-634d-4a7a-8b12-98826dfc79b8,7.24,-0.0,1.0,0.13518,3e-05,
0219b411-d782-4203-9e08-8f02d9e96baa,2.82,-0.0009,0.9998,0.09697,2e-05,
0219d570-0971-4085-9bfb-85070e12abe1,7.8,-0.0003,0.787,0.11721,0.0,
021a3fb4-e407-453b-933d-a66797dfca05,9.84,-0.0,0.984,0.10784,0.0,
021a96ba-9b43-46fa-995f-f670eff8056d,3.28,-0.0005,0.7383,0.128,0.0,
021b39b4-1512-4e25-b577-5cab1e0dcd27,2.61,-0.0,0.9937,0.07418,0.0,
021b96ba-fae5-4d81-aaf6-2ffb62ae8270,8.28,0.0,0.8291,0.13883,0.0,
021bb425-bcf8-47a0-b8f8-84001b0c774a,5.36,0.0005,0.9856,0.17685,0.0,
021bfdf2-671a-4707-b35f-8ac80061a904,5.48,-0.0001,0.7644,0.09867,0.0,
021c4735-f95f-40cb-812b-9cb5749dd36e,8.96,-0.0001,0.9284,0.14333,0.0,
021cbaf0-4bc5-411b-af46-35473e562638,10.8,-0.0004,0.9966,0.16445,0.0,
021d45d2-a6ce-4648-bf69-8d9fb786606d,9.56,-0.0001,1.0,0.15206,1e-05,
021d7b8a-fe8b-41c3-a1ee-5e0600290fbc,4.08,-0.0001,0.9297,0.09309,0.0,
021de17d-ccb7-44f2-a379-06b7d372931b,8.32,-0.0003,0.902,0.09982,0.0,
021dff79-b915-489c-9f7b-f623f2289cce,8.2,-0.0002,0.8991,0.14219,0.0,
021e013a-96ee-457a-b659-ab7f772d6763,4.2,0.0,1.0,0.10289,1e-05,
021e2610-409d-483e-9ef6-0ff16eba0732,14.32,-0.0004,1.0,0.11452,0.0,
021e799d-8291-46cf-9eba-54e104dc4d01,7.31,0.0002,0.9901,0.16746,0.0,
021eb133-b26c-43dd-970d-7915aab9a6cf,11.73,-0.0001,0.8505,0.14035,0.0,
021eb94f-7d4b-4788-9228-6a8cf41f5219,6.68,-0.0001,0.833,0.10233,0.0,
021ed574-0454-4453-9af6-0b92e26b6b6c,8.44,-0.0,0.8658,0.12048,0.0,
021efaf7-b48e-4e96-b49b-977b5e8a0f6c,5.4,-0.0002,0.6303,0.09231,0.0,
021f80ad-7f9a-42ee-9f43-79c580289036,2.56,0.0,0.7478,0.09847,0.0,
021fe86f-ba6f-4a68-8e67-f6823a7ab5b3,2.88,-0.0001,0.7713,0.14469,0.0,
0220976b-b273-422a-8040-f60453c65db1,7.52,-0.0001,0.9941,0.12471,0.0,
0221019e-8792-48cd-9d1f-1a0c5cf24a67,6.16,-0.0002,0.8807,0.11368,0.0,
0221537b-b755-4e5c-9417-6edb9ef68555,3.88,-0.0001,1.0,0.13795,2e-05,
02215a4c-3966-4994-9dad-442919e7b258,5.0,-0.0001,1.0,0.1332,3e-05,
02215cc7-228d-46bd-8be8-3f3033f6a04b,6.49,-0.0,0.9995,0.12046,1e-05,
0222168e-377e-4d50-aa33-a20a28ba360d,3.88,-0.0001,0.9423,0.17314,0.0,
022221ff-9dad-4ceb-85fc-ecb744d62a84,11.91,-0.0,0.8465,0.12351,0.0,
02228a6d-3bf6-417e-ac0b-c7fdf9093ed3,6.56,-0.0002,1.0,0.13985,1e-05,
0222bf21-c7b0-44f8-93c7-777e6062756d,8.92,-0.0,0.9101,0.11247,0.0,
0222ecb4-6db1-4157-8f94-9b2fb3eae1e2,7.44,-0.0004,0.9007,0.10866,0.0,
0222f411-4d11-4282-a176-07c68bb2aed5,3.2,0.0,0.8892,0.14024,0.0,
0223262c-ecaa-4cce-8cb2-40166d1b4b85,10.24,-0.0003,0.6758,0.09464,0.0,
02236339-7d2d-46ce-a32c-94bd745a1ce5,7.8,0.0003,0.9845,0.1212,0.0,
022390b1-fef7-4e8e-862b-26f1bbbc0641,7.84,-0.0004,0.9302,0.12545,0.0,
02240a82-b127-407d-a3e5-270538bbc159,7.48,0.0,0.8297,0.1194,0.0,
02243048-d643-4bed-988e-a8968db26ff8,1.93,-0.0001,0.9532,0.09264,0.0,
02244e21-c240-4276-9a32-8c20564ea4e9,4.52,-0.0005,1.0,0.1451,6e-05,
0224569e-848e-417b-af01-b38aa2f94d17,9.16,0.0002,0.8755,0.11028,0.0,
0224598b-a393-4cb7-8a32-374722d867ec,9.91,-0.0,0.8471,0.12198,0.0,
02257101-cd50-4b0a-a710-932b78076e01,5.88,0.0019,1.0,0.14389,1e-05,
02259284-20ad-48a8-85f1-10a12166fc0e,2.56,-0.0001,0.5997,0.0972,0.0,
02266281-2f96-439a-abcf-6b3414776c00,13.68,-0.0019,0.801,0.10777,0.0,
0226aaad-d0b0-4196-9bac-b24a0c134afb,4.48,-0.0001,0.7704,0.12104,0.0,
0226c2ef-c415-4ad9-a96e-9ee1453ac5be,5.12,-0.0005,1.0,0.11498,1e-05,
0226d8b5-6c64-4e01-9da9-8c08e7094fa8,8.08,-0.0001,0.9265,0.12908,0.0,
02271558-0622-4605-bbb8-d7cdc87d5380,5.08,-0.0002,1.0,0.09086,1e-05,
022760e9-bbda-4610-b1a9-7905b70d2b17,3.67,0.0,0.2024,0.01964,0.0,
02276f89-24ad-4f73-b6f2-749fb5383504,7.16,0.0,0.7887,0.09213,0.0,
02289cc7-7b47-44ef-9235-914f68709c44,8.44,-0.0019,1.0,0.12476,1e-05,
02295e85-3eb3-4031-8a24-81b823397ae9,12.77,-0.0,0.8608,0.12651,0.0,
0229962c-f5a6-4d5c-9dd5-9671e4c6b442,6.48,-0.0005,0.995,0.18729,0.0,
0229f0f8-1554-445e-9c8d-4c4b239fa444,7.4,-0.0001,0.9479,0.13595,0.0,
0229fe08-17ca-4819-aa15-6381a91580a0,15.88,-0.0002,0.6136,0.07431,0.0,
022a847a-a1e4-4fa6-90f3-8c4f2cdefcff,2.88,-0.0,1.0,0.10318,2e-05,
022ab591-97f2-4d32-b346-c9f1bc4102b1,4.84,-0.0005,0.8028,0.11623,0.0,
022af165-0f32-4846-b63b-1e9cabd2a37e,10.64,-0.0,0.884,0.11437,0.0,
022b8e3f-2cb8-4b4a-8763-c49f94be18b5,13.62,0.0,0.8694,0.13363,0.0,
022bbcea-167a-4f6e-82be-053448147bd5,2.52,-0.0,0.8636,0.16781,0.0,
022bd2da-3199-43e4-be10-51487ac8fe68,4.59,0.0002,1.0,0.12717,1e-05,
022bdfe4-cfcb-45f2-9c5d-3b37519f0ceb,15.2,-0.0002,0.8759,0.09651,0.0,
022c22a3-24be-45ac-a2b2-a59decfcfa41,13.7,0.0,0.8417,0.12293,0.0,
022d0429-cbea-430b-bb08-7cd26bc51085,3.72,-0.0003,0.9247,0.18163,0.0,
022d2d68-5f35-46c4-9f9d-b2b7fac48e4e,3.52,-0.0,0.8707,0.09097,0.0,
022d4631-417f-4363-85b7-60570b41fc3a,8.96,-0.0001,0.6719,0.08183,0.0,
022da0a5-21f8-4623-8517-fa4a705f7754,5.68,-0.0003,0.6687,0.11106,0.0,
022dc5b7-46ac-464d-9236-cf034e517641,12.77,-0.0,0.8413,0.12946,0.0,
022dc7ab-a4e2-4b3e-b386-ca0732fbb187,9.52,-0.0005,0.8665,0.12719,0.0,
022dcf60-a742-4063-97a2-68e0de6f3e2e,4.59,-0.0,1.0,0.13344,1e-05,
022e5065-10f5-4921-84cc-f936d0c0dbf9,16.0,-0.0,0.853,0.14018,0.0,
022eb296-698d-432b-bec4-d21a6291e1d3,10.48,-0.0001,0.7141,0.08132,0.0,
022eb2db-516e-43f1-8c9e-98cfd9fad256,11.8,-0.0002,1.0,0.12956,1e-05,
023008c0-c993-4f3e-b5e5-17e4001d55f0,7.12,-0.0003,0.7978,0.10511,0.0,
02304cd0-a245-42cb-80e4-54f6f99cd2b0,3.96,-0.0001,0.476,0.07106,0.0,
0230bed5-d617-48e5-bd68-4fb43543bb3a,15.64,-0.0001,0.7035,0.10559,0.0,
0230ec67-f2d4-469b-b3f9-b506e85ab35a,11.64,-0.0003,0.8855,0.17401,0.0,
02311757-0251-42fb-a35e-ac256714c5ce,9.68,-0.0001,0.8874,0.10016,0.0,
02311fd0-2868-464a-8373-e440225abb50,6.64,-0.0003,0.9569,0.1605,0.0,
023126ec-f25c-4df4-b28b-1bfc3297b7e5,9.2,-0.0001,0.8426,0.11546,0.0,
0231c1eb-1723-48d9-ace5-8c589d5edbbe,8.0,-0.0,0.9594,0.10511,0.0,
02325d02-f7e8-4c44-88e3-164fd95789dc,6.56,-0.0005,0.9838,0.19406,0.0,
02339840-1d7e-40f5-ac25-a6055fb5edd6,4.76,-0.0,0.4694,0.06026,0.0,
0233b143-dfec-4638-919c-0ffe454240f5,7.6,-0.0004,0.7007,0.09754,0.0,
02347774-44df-4b30-aa44-48848c4b177e,10.0,-0.0007,0.7571,0.11624,0.0,
0234d631-905b-4b06-b050-f99bb4ed6e8e,6.88,-0.0002,1.0,0.11398,1e-05,
0234ee76-bd1b-4fc9-a9dd-aea573430162,9.76,-0.0,0.7785,0.10602,0.0,
02350c13-89bf-4986-b62c-d996819c64e4,7.6,-0.0002,1.0,0.12888,1e-05,
02351979-587c-4134-bfdc-55571bf95dbd,2.39,-0.0,1.0,0.11284,3e-05,
02353252-1508-4a19-aef8-a13b3e55c547,7.21,0.0003,0.9949,0.11544,0.0,
0235501b-ee95-45fb-91e1-7c3f19df4801,8.68,-0.0012,0.8685,0.12927,0.0,
0235711b-4992-48ea-a60c-194a09fadfd4,5.53,-0.0,0.8612,0.11256,0.0,
0235de0a-53d8-4c95-951f-59db4e75671d,6.32,-0.0001,0.8738,0.13454,0.0,
0235fc5c-d711-4a58-8433-fc952f7966b1,5.88,0.0001,0.9618,0.15347,0.0,
02361a95-8915-46c8-89ca-ff2b296a58f0,5.24,-0.0004,0.8737,0.09867,0.0,
02361f55-de26-4fca-a30c-eaaad2ffa2bc,5.6,-0.0004,0.9998,0.10297,1e-05,
02362788-620e-4598-9924-72451791843e,13.1,-0.0,0.8704,0.1379,0.0,
0236557a-1911-4d60-8b0d-0d4c1db7c7a4,11.44,-0.0008,1.0,0.17585,1e-05,
0236cb7d-c6e3-4ae0-985b-057b310df822,4.72,-0.0,0.7169,0.09684,0.0,
0236fa31-59bb-4e14-ae63-f8a7bfa02d00,3.8,-0.0002,1.0,0.12752,2e-05,
02374aa1-b0d4-45c1-ae65-6a97c7c77263,3.44,-0.0002,0.5728,0.07878,0.0,
02379c8e-298d-4f9b-845c-141767f4e208,10.0,-0.0,0.8485,0.13202,0.0,
02381503-c885-4a81-806b-5f91f707ffb1,9.4,-0.0002,0.8109,0.11754,0.0,
02382e64-7e9a-4109-99e0-6730f67c6400,3.32,-0.0,1.0,0.0948,2e-05,
023837bc-396a-48ef-b684-7af9f463bf80,10.12,0.0001,0.952,0.13875,0.0,
02385e6a-2af0-400f-bada-9313f51589b5,5.16,-0.0002,0.7021,0.09585,0.0,
02388eab-b577-4a21-89d1-bb23f094e31f,12.86,-0.0,0.8419,0.11701,0.0,
0238e59d-0f03-4029-a438-cdea3d20bb21,6.16,-0.0001,1.0,0.1387,1e-05,
023965b2-f8b5-40c2-bb2d-419278a4b417,4.58,0.0,0.8631,0.13219,0.0,
0239f01f-ac32-4c0b-b6db-c456cdf0e21b,10.12,-0.0001,1.0,0.12407,1e-05,
023a924f-d9c0-43b0-8cd1-ae313ad72458,7.2,0.003,0.9673,0.12029,0.0,
023ae892-b11c-4424-8408-118584542a15,4.44,-0.0006,0.944,0.12781,0.0,
023b06e5-028b-4190-8056-2f6246fc0bdd,10.8,0.0002,0.8437,0.14118,0.0,
023b2d2f-0fa3-423f-9e82-c3f3b3b618e1,5.56,-0.0002,0.2565,0.03201,0.0,
023b7f7a-27e8-49ee-91bc-077fd0a14e04,7.04,-0.001,1.0,0.15874,2e-05,
023b8121-c6af-4dd7-90c9-a92297709347,5.44,-0.0007,0.8462,0.11246,0.0,
023bd8fa-d5ac-4a9e-859e-7732bb43f85e,8.08,-0.0002,0.9902,0.14695,0.0,
023c0718-d502-427c-9ad9-a815e2bfdd7a,11.68,-0.0002,1.0,0.11276,1e-05,
023c8a12-1b81-4326-8b47-e65b4441e81b,5.76,-0.001,0.8343,0.17177,0.0,
023ca9ee-24f0-45a3-a826-13dd61022df8,14.08,-0.0006,1.0,0.17512,0.0,
023caf91-4e96-403e-b548-63215d537b30,14.87,-0.0,0.8496,0.13182,0.0,
023cd61e-4dee-418d-9734-f4cd65936466,5.56,-0.0004,0.9841,0.13424,0.0,
023d0afa-e794-46a5-acb6-6a8114d09506,5.28,-0.0001,0.7607,0.10936,0.0,
023d66f4-8eb8-45f5-97b6-6b653929756b,15.37,-0.0,0.9008,0.13988,0.0,
023d7b1d-1761-4f26-abb2-30c292da831a,7.88,-0.0003,0.7631,0.11431,0.0,
023dae6d-1786-4521-b206-b34970c1cea3,13.16,-0.0003,0.789,0.10729,0.0,
023de69e-849c-4928-a511-10e1b68aaa58,11.07,-0.0004,0.8477,0.13678,0.0,
023dfeff-7e03-4bbd-800d-7df5e4ee4bd3,6.88,-0.0001,0.7877,0.11802,0.0,
023e6af2-61ef-4c40-bf7f-a2d825649193,6.92,-0.0003,0.6864,0.11947,0.0,
023e8306-b0fd-48af-9a8b-a8dea88fcca4,3.76,-0.0007,0.9013,0.14309,0.0,
023ed880-6013-4d2e-b244-179938323f21,5.11,-0.0,0.8538,0.11685,0.0,
023ef458-b37f-448a-a3a9-527079d8bc19,9.0,-0.0002,0.5641,0.08351,0.0,
023f0012-0c46-4f56-bffa-e19072019d85,9.64,-0.0001,1.0,0.15473,1e-05,
023f0ac5-7bd8-4fcb-ba32-fc6bfd074019,3.84,-0.0001,0.5885,0.08544,0.0,
023f379c-2601-4890-bf15-f29fdb25a442,10.32,-0.0003,1.0,0.15067,1e-05,
023f3fca-026c-4d42-a9f3-91c40fc5dc02,15.0,-0.0002,1.0,0.07193,0.0,
023f497d-a292-4d25-a2e9-d94229090d64,4.88,-0.0003,0.8447,0.17109,0.0,
023f7b78-7cd8-4b96-85d4-a9e39c3753d4,6.8,-0.0,0.7462,0.10501,0.0,
023ff05c-b83e-4a35-bd8d-b64f3d8fffdc,6.64,-0.0004,0.7981,0.12663,0.0,
02402168-b734-427b-8036-359410f36a8b,11.8,-0.0006,1.0,0.19704,1e-05,
02403195-b13c-4ef6-90ec-b5264d938b98,12.44,-0.0001,0.687,0.11273,0.0,
0240612d-d377-4d62-b535-35df39f5013f,10.52,-0.0006,0.7578,0.09806,0.0,
02408b8c-e349-410b-9e1e-c425715f8274,12.6,-0.0002,0.8818,0.13605,0.0,
0240b062-b3cf-487b-863c-e564e8137848,9.6,-0.0002,1.0,0.11117,1e-05,
0240e6f2-bbcf-45ca-b78e-958e1fc015ec,8.92,-0.0002,0.8451,0.1095,0.0,
0240ee3c-fe66-4d59-9878-a97962196552,6.16,-0.0003,0.8582,0.12987,0.0,
0240f1c3-ed4b-4748-8c1c-cf35d17a1ebf,7.0,-0.0001,0.7094,0.08704,0.0,
0241f411-35fa-4a29-910e-47bea3be791f,10.01,0.0,0.852,0.12261,0.0,
02423ea2-473b-4d68-8b41-b57930ae07d3,13.16,-0.0001,1.0,0.14207,0.0,
0242ae41-8ac4-4ed5-a257-04ea56169d2b,9.56,-0.0001,0.8665,0.0851,0.0,
0242d005-a0d1-47aa-bbb5-4b42b69f188e,11.51,-0.0,0.8432,0.16139,0.0,
0243492c-6685-4115-9f59-84b8ac6406f9,7.76,-0.0,0.9037,0.09469,0.0,
0243693a-b41f-46d6-a0ed-fcac2456b795,3.05,-0.0,0.8331,0.17738,0.0,
0243837d-9976-42e7-8631-dd2889ab1981,7.48,-0.0004,1.0,0.12341,3e-05,
0243a9e2-0e49-4752-81d6-0e24f42dc369,10.48,-0.0002,0.9181,0.09174,0.0,
0243ba56-7bb9-4c0a-87c7-e7844d88cb5e,6.6,-0.0001,0.7499,0.09705,0.0,
0243e103-ae80-4bd2-b4eb-6dfa80a31342,8.0,-0.0004,0.8252,0.12868,0.0,
0243f30c-6297-4cde-8b3c-42fe7d246e9c,4.0,0.0055,0.9997,0.04437,2e-05,
02440d85-d5ac-4586-8244-6d0b8c867cb3,5.48,-0.0001,0.9612,0.11073,0.0,
0244b303-284a-481b-8c7c-b96d5b905741,10.12,-0.0002,1.0,0.10811,1e-05,
0244cf8d-fd26-4e27-a23e-d979455c954b,13.84,0.0,1.0,0.13391,0.0,
0244f79d-846d-45fd-9f2a-14789b84ebf1,7.72,-0.0001,0.6763,0.09312,0.0,
0245571b-6290-400c-a106-3f4a571d9b6b,8.28,-0.0002,0.6732,0.08662,0.0,
02456cfe-098f-428a-81d8-c6f2c5da43dc,3.04,-0.0001,0.3961,0.08553,0.0,
024572ae-5334-4841-8bd5-c627232c6fd7,5.44,-0.0001,1.0,0.15023,1e-05,
02457638-83f7-4aa6-ab78-68c17eb45083,6.68,-0.0,0.8547,0.1553,0.0,
02458836-ea81-446a-87f2-777a5b0960fb,8.48,-0.0003,0.916,0.09422,0.0,
0245a20e-59c4-4b9c-ac74-8a001f22a7e2,1.62,-0.0003,1.0,0.1587,4e-05,
024620ab-f15b-453a-a78b-adad0965a5b6,4.36,-0.0002,0.9041,0.11615,0.0,
02466cca-3ad2-4451-9d04-40f8e47c4434,7.12,-0.0001,0.7871,0.12599,0.0,
0246a0e4-35c3-46f3-b078-fd619ef7ee75,7.4,-0.0003,0.8565,0.12699,0.0,
0246a23e-2c42-4dbf-9983-e54eb335ae8d,8.84,0.0,1.0,0.11157,1e-05,
0246aee9-6035-49e2-879a-0e7a32b687f2,6.86,-0.0,0.8541,0.13904,0.0,
0246b90a-d933-4b56-9a71-3fd1ae119e80,13.69,0.0,0.8494,0.11938,0.0,
0246f746-0a88-4889-b767-94a3990f5ecc,11.8,-0.0001,0.9022,0.09766,0.0,
0246f9ac-120b-4e12-952a-8a193f7b0f99,9.43,-0.0001,0.8484,0.13164,0.0,
02474519-0207-4cc3-aa68-4d47f6c46427,5.0,-0.0002,0.788,0.11719,0.0,
02477159-a5b5-417a-af30-818ccdf26d01,8.56,-0.0002,0.6332,0.09061,0.0,
02481405-37c2-470a-89a2-7615a479f4ac,13.89,-0.0,0.8508,0.13103,0.0,
02487237-c527-41b6-ab9f-6cd39d970001,10.16,-0.0004,0.7333,0.11751,0.0,
02489382-3949-4122-994c-2ea704820fd4,4.64,-0.0001,0.4275,0.07154,0.0,
024905c9-b887-4648-8742-01b5abb628f5,4.36,-0.0,0.7258,0.09883,0.0,
02493565-c32e-416a-b36c-c8f351f7b0cb,12.94,0.0,0.8598,0.12182,0.0,
0249a0da-fcff-4c29-8ac3-a88517d1c00d,5.8,-0.0,0.9859,0.16471,0.0,
024ae9a3-4186-4a78-8476-86d4a846830c,2.39,-0.0,0.8388,0.13076,0.0,
024afde9-925a-43a4-8f80-39bd9399c753,3.32,-0.0,0.8798,0.12652,0.0,
024b58c5-aaa9-45d3-a598-4396efec0bf8,10.4,-0.0001,0.6556,0.09633,0.0,
024ba77c-195d-4764-86be-4a59bdff62f6,4.48,-0.0001,1.0,0.15909,1e-05,
024bced7-0e3c-456e-b14e-99554d574379,6.08,-0.0003,0.9191,0.12183,0.0,
024c93f5-32e6-46d1-8779-b89aae32d3e0,12.96,-0.0003,0.8693,0.12438,0.0,
024ccaa9-2473-43cd-803b-d76a9d33a9de,6.28,-0.0001,0.7042,0.08246,0.0,
024d1016-4a61-4330-999d-4f31a8503f08,7.48,-0.0005,1.0,0.13324,1e-05,
024d1260-6cdb-4310-aeaf-3438a819f5f7,6.52,-0.0002,0.8907,0.09805,0.0,
024dd39b-0d1d-4817-bdd0-8be9a0facca2,12.77,-0.0,0.8778,0.12871,0.0,
024ddefd-729e-47b0-bdbe-3c1219fc023e,9.16,-0.0017,1.0,0.17115,1e-05,
024dea7a-b8d6-4728-9591-d0a313516f1a,5.12,-0.0001,0.8475,0.08633,0.0,
024debcb-785d-4937-ba47-4d8192c2b37c,4.36,-0.0001,0.9449,0.09009,0.0,
024e374a-7614-4185-b3be-16082b710974,7.8,-0.0006,0.9863,0.10956,0.0,
024e3d5b-128d-4f7f-a0d8-bf5143ffa149,3.24,-0.0002,0.8861,0.15327,0.0,
024ed96c-af5b-4bef-b14b-274b07a66c7d,14.4,-0.0004,0.9739,0.11895,0.0,
024f3adc-5d58-440c-b682-8aff04b9231b,6.04,-0.0006,1.0,0.16891,1e-05,
024f4fd8-3994-4f6c-82e6-a3e0bca19eb7,8.08,0.0001,0.8416,0.08125,0.0,
024f9470-0383-41aa-a22d-cd48dab9c042,3.24,0.0,1.0,0.1617,2e-05,
024f9f7c-0a82-41b9-995e-ff9e1550e0fa,6.96,0.0002,0.944,0.18374,0.0,
024fe520-2a8e-481e-8755-ae8f39a02f71,13.44,-0.0002,0.8219,0.12531,0.0,
0250311a-b278-4258-b3b8-a869a3baab46,3.0,-0.0001,0.7469,0.11166,0.0,
02506bc4-b670-4415-9d73-5bcf7f136201,3.96,-0.0,0.8977,0.09947,0.0,
02509aa5-2b23-41af-bb65-2c4f68313c70,12.86,-0.0,0.8592,0.14611,0.0,
0250e41f-d8e6-477a-a9c1-96894ace4ecf,9.48,-0.0006,0.8624,0.10092,0.0,
0250f407-0fed-4315-b00e-c4eea719b794,10.48,-0.0,1.0,0.14067,1e-05,
025111bd-4a1b-4317-82ce-575e17358194,9.36,-0.0,0.9289,0.11418,0.0,
02522cfb-b50c-4a06-ba27-048ec1c14576,8.72,-0.0003,1.0,0.12051,1e-05,
025263e9-4f61-4953-8a57-5cccb0eec6f5,12.2,-0.0003,0.5086,0.06905,0.0,
02527605-f54d-466f-9254-15b7ae6bbb1d,5.0,-0.0001,1.0,0.13477,5e-05,
0252a51e-7332-47af-befb-b47245d88310,6.24,-0.0004,0.8579,0.12085,0.0,
0252d370-72bc-47fd-97b3-81c27052af94,11.92,-0.0002,1.0,0.13351,1e-05,
0252f805-92c3-438d-bbd4-5783c83164c9,4.92,0.0002,0.8718,0.17071,0.0,
0253496d-7c25-454c-b9be-45ff70154469,6.16,-0.0006,0.8994,0.12834,0.0,
025485b8-6ae1-41d3-ad10-ad146ea92858,8.4,-0.0005,1.0,0.15146,1e-05,
0254ba4d-a8c6-4a5c-beba-0d0b77c4c672,5.68,0.0001,1.0,0.13382,1e-05,
0254f890-050e-486b-8364-7d8a65356cd6,4.08,-0.0001,1.0,0.12522,2e-05,
025522b4-9859-4642-a4d8-36a00fc867d6,3.32,0.0,1.0,0.13624,6e-05,
02555b18-6653-4c55-9698-6eff1b4191e5,4.24,-0.0001,0.7152,0.09724,0.0,
02559325-c164-4e6c-8e59-9e5e565944d7,0.76,-0.0011,0.5982,0.09776,0.0,duration_outlier
0255a8a1-46ea-4c88-b791-f9aff187beed,3.16,-0.0001,0.8009,0.1206,0.0,
0255c469-9018-4e3c-8be5-1de9e3515bbc,14.84,-0.0,0.8596,0.13308,0.0,
02567f71-4dca-4e6c-972a-7a7ccafefe74,2.47,0.0,0.8415,0.14017,0.0,
0256eede-d81e-42d0-b5d7-c018ceca9727,11.72,-0.0005,0.7411,0.08739,0.0,
02573e8b-c15c-4d6c-a208-f3d48a2d8b30,11.56,-0.0003,0.9967,0.12264,0.0,
0257540e-3fa2-4b7c-baae-9174a2534ba3,3.16,0.0001,0.7235,0.09838,0.0,
025779b0-a44a-4254-81f4-1bffccfc8186,11.96,-0.0002,0.8752,0.09792,0.0,
02585867-e1b1-4858-ac37-9d077ccc8ff5,10.28,-0.0001,0.5617,0.08435,0.0,
02585aa7-6d59-4b3f-aac8-2b8b4afa5261,7.16,-0.0005,0.9785,0.14609,0.0,
0258865f-a1fe-4324-8d24-5ebe4cc846aa,6.96,-0.0003,0.7197,0.10382,0.0,
0258b7dd-c0cb-43b0-b793-ac491fcf92a8,13.95,-0.0,0.9101,0.13035,0.0,
02595358-b61f-4db8-9979-2600e9fbdfc5,11.6,-0.0,0.8634,0.12966,0.0,
02595541-3637-4bd4-9b97-8598d7124d08,3.28,-0.0002,0.8427,0.12916,0.0,
02595824-feef-46ba-b6a4-ed97942eeb22,3.68,-0.0002,0.6689,0.07348,0.0,
0259ef96-1648-4702-85b2-b32675ca9dc5,11.61,-0.0,1.0,0.20508,1e-05,
025a3f15-03de-4fc6-9685-b91b3c0a2b09,4.12,-0.0003,0.7444,0.10859,0.0,
025a4ff3-4484-4415-a3d5-72d3d48bcdc1,11.42,-0.0002,0.8578,0.12739,0.0,
025aa3d2-ca04-4b53-a27b-31b166097fac,3.84,-0.0,0.6488,0.09405,0.0,
025b399b-b4a4-4c7b-b0d6-96155e3f22b3,8.45,-0.0,0.9353,0.1336,0.0,
025b5119-87c5-4b3e-8ebc-c0d49f83b57f,3.52,-0.0001,0.8572,0.1099,0.0,
025bc7b2-a800-4bec-aaf3-d63f3e9cf9fe,8.8,-0.0001,0.5739,0.08082,0.0,
025c123b-6818-473b-b83a-55c7b336fce7,2.68,-0.0,0.4336,0.0698,0.0,
025c1a57-ef2c-4bae-bcd1-cc464cccfd1d,3.12,-0.0003,0.8633,0.12354,0.0,
025c62bc-1cad-49ed-8ec5-136e5c809354,8.4,-0.0005,0.824,0.12348,0.0,
025c7168-d926-4929-836a-de8bf0c268b6,8.32,-0.0002,0.9491,0.13069,0.0,
025c9c54-91f8-46b5-a100-64a78a529639,10.08,-0.0003,0.9294,0.1093,0.0,
025cb0df-ddeb-4d84-adae-dc9801662179,4.52,-0.0004,0.7781,0.13233,0.0,
025dbe08-a935-4537-85d5-c431976cee8c,8.8,-0.0004,0.8103,0.12622,0.0,
025e60ef-aba7-43c0-824f-17bde954aedd,9.68,-0.0002,0.7407,0.0847,0.0,
025f3b9a-2f0e-4880-b618-bffd93733185,5.24,-0.0002,0.6435,0.0832,0.0,
025f3e76-12c5-4817-9e03-553d670e0537,7.2,-0.0001,0.9803,0.10276,0.0,
025f5ab5-250b-4dac-b86c-c8912b0735d9,6.76,-0.0,1.0,0.08546,1e-05,
025f94d3-14ac-4eaf-bcc6-de2aaf7be523,14.12,-0.0,0.9104,0.14574,0.0,
025fa907-0561-4c1f-961d-3406260c38f8,9.16,-0.0003,0.9291,0.15078,0.0,
025fdbef-a645-45bb-bc91-1a6ad369ba35,16.12,-0.0001,0.7083,0.09005,0.0,
0260148d-ec78-4716-b1e1-5c4f9e879fdd,14.31,0.0,0.8878,0.11306,0.0,
02604db8-b3fb-4857-abf8-e923fd04de81,15.4,-0.0001,1.0,0.15351,0.0,
02607dec-4549-4334-bd14-b745f6f9339a,5.16,0.0,1.0,0.13604,1e-05,
0260d896-5403-440f-ad6e-aa22357c1720,9.72,-0.0003,1.0,0.1129,1e-05,
0261745e-78bd-44d3-ac4f-038fc5997874,3.58,-0.0,0.8831,0.12271,0.0,
0261bc06-ee50-42c2-9ae2-f8bf32986cf1,14.68,0.0003,0.7857,0.12272,0.0,
0261f521-af5a-4b58-96d7-23f20c9d6976,10.4,-0.0004,0.8719,0.12373,0.0,
02621cb5-8bdd-4ade-8c37-56e0f9172291,11.94,-0.0,0.8524,0.14663,0.0,
026265ed-1021-4ca7-839d-b00e225ee238,4.48,-0.0001,0.9401,0.12908,0.0,
0262755c-4c5f-4580-9e59-13d707689c9c,5.44,-0.0001,0.5198,0.07391,0.0,
0262a3d2-a94a-4da8-9f14-a7676d98f0b8,5.04,-0.0001,0.5015,0.07317,0.0,
0262d1e8-c166-4d47-9ab7-e7784d2b10c7,5.0,-0.0002,0.7564,0.11827,0.0,
026322a4-abea-4b06-9d12-93fd00952732,6.12,-0.0003,0.9311,0.10512,0.0,
02632c15-feec-4ae4-b1be-4616e1f2c559,5.04,0.0001,0.9987,0.15611,0.0,
0263657e-4ac6-4bd5-8589-e3fb5af0bb1f,13.76,-0.0,0.8747,0.13012,0.0,
026385d5-64b7-40b1-afbf-2c3361e5ae94,7.12,-0.0002,0.5811,0.09915,0.0,
02639106-d864-4bf3-8941-1428d0c25c8b,6.04,-0.0,0.9676,0.14667,0.0,
0263f3f7-7fbf-4e59-a440-9e3ca2bd5999,7.96,-0.0002,0.6356,0.09647,0.0,
02640826-9f4c-4051-b8f8-211b30352795,8.72,-0.0001,0.6839,0.08245,0.0,
02647361-0369-4c32-a682-2e75e482aba9,13.05,-0.0,0.8683,0.14626,0.0,
02647ab3-d9bc-4bfe-b8a1-d8d1d627fb6a,7.32,-0.0008,0.8825,0.17493,0.0,
026518e5-69f5-4521-a75a-68c7bcca94bc,7.24,-0.0003,0.7882,0.10332,0.0,
026537f6-2cf5-436b-bac7-97cfffd24788,9.44,-0.0001,0.7632,0.11292,0.0,
0265fa15-88d9-4812-885e-c095fbb01230,5.24,-0.0005,0.8103,0.10872,0.0,
0265fac2-9ebf-4bc9-a1bd-1242c8821a6f,5.4,-0.0001,0.8583,0.10102,0.0,
02663335-2b71-4d91-ba2d-f0ffbf8c0c86,10.52,-0.0003,1.0,0.11556,1e-05,
02663bb0-f4c2-4e7c-b6fa-7ea4ce611497,9.76,-0.0004,0.8191,0.10507,0.0,
02670e6b-655e-4066-85e1-6df8c3acfb91,4.55,0.0005,0.9914,0.1695,0.0,
02674f6f-b9bb-402d-96f0-3243738e1fa0,8.44,0.0001,0.7184,0.11594,0.0,
02675b5d-a642-49b1-8699-c0d8748a7bff,7.2,-0.0002,0.7694,0.12654,0.0,
0267998c-7bc4-41f6-a357-dded94541154,5.04,-0.0003,0.5905,0.07338,0.0,
0267a403-cef6-461a-9c13-0385a0ad41a8,7.27,-0.0,0.8351,0.12313,0.0,
0267ea00-b783-4a81-b4d5-ac887415c321,7.96,0.0001,0.8533,0.11436,0.0,
026855db-39ec-41d0-b9a4-22ebba10cbd8,13.33,0.0,0.8543,0.14335,0.0,
026896af-f245-41ba-afcf-f57f2a38b01f,4.2,-0.0008,1.0,0.17479,1e-05,
0268db04-98be-41d2-a11b-979109fdf26e,10.12,-0.0,0.8683,0.14713,0.0,
0268db32-dda2-4f4e-a8f7-07abac019fd4,4.51,-0.0,0.2943,0.0405,0.0,
026901ed-5d34-423f-8aec-e475f3b8008a,9.52,-0.0,0.9769,0.13968,0.0,
02690be4-dd9c-4556-b805-0e2dc230b2c2,7.4,-0.0001,1.0,0.09454,1e-05,
02691afd-ec70-401c-85b2-d74506e20ff9,10.24,-0.0002,0.9144,0.09755,0.0,
02694944-a317-447c-ab0b-fea2de0e60bf,6.68,0.0001,0.738,0.08794,0.0,
02696a4f-988d-4ee9-92a2-4a14d62ef7ed,15.4,-0.0004,1.0,0.13707,0.0,
026a12b7-d437-4fc9-85c5-0e10e36355f9,5.44,-0.0002,1.0,0.13659,2e-05,
026a2a94-3c2d-479b-811f-7c50a3684ef1,4.52,-0.0006,0.738,0.14507,0.0,
026a3181-879c-48f8-8962-4bad95f0da4b,7.77,-0.0,1.0,0.16187,1e-05,
026a62c5-35b2-4b05-be7b-7b83ef1ff47f,5.76,-0.0001,0.8964,0.12119,0.0,
026ae670-011b-4f78-8901-f61c2491151b,4.48,-0.0003,0.7054,0.11276,0.0,
026af07b-18b0-4322-9958-15b97aa21a49,4.31,-0.0026,1.0,0.13729,1e-05,
026b4c55-aa18-4f21-be55-4b1555e866d8,7.56,0.0001,0.942,0.11558,0.0,
026ba149-3ded-4fbf-8fab-586cda9cf819,2.82,0.0,0.8408,0.13229,0.0,
026bff3a-d584-4a13-a27c-fd76f0b795b9,4.24,-0.0004,0.9499,0.1227,0.0,
026c6493-13ba-47a7-b822-0a6c6efd54d2,12.96,0.0001,1.0,0.11711,0.0,
026cf847-2bec-45d3-a5b3-086017fffedd,9.32,-0.0002,0.5978,0.08338,0.0,
026d35d8-edf7-456a-b300-f2d89afe44ee,5.44,-0.0002,0.9159,0.11883,0.0,
026d5e8c-70f9-457d-8850-98efbc07b4a6,8.64,-0.0001,0.869,0.11692,0.0,
026d649e-8468-4e7b-ba4a-b5e7976c1138,11.08,0.0001,1.0,0.12123,1e-05,
026d8886-c000-4b00-9e2b-a9a0eae7ea19,12.62,-0.0,0.8428,0.12195,0.0,
026ddec2-e707-4b1c-99ac-48041f2c76ac,6.88,0.0001,1.0,0.13983,1e-05,
026de40a-d106-473b-b228-ef26f5b87182,3.72,-0.0002,0.9247,0.11688,0.0,
026de40d-da9a-4147-9d37-b1bc0f31fcd0,2.56,0.0,0.9703,0.08311,0.0,
026de664-7b11-4c60-bf2f-99c81a2823cf,6.16,-0.0002,0.8046,0.11334,0.0,
026e28bc-e45b-4796-bde0-3d25e6d355d9,2.32,-0.0004,0.4086,0.09107,0.0,
026e7874-66b0-4fdf-9ddb-469bec0225ca,8.04,-0.0005,0.8977,0.11297,0.0,
026ee97a-6c56-4fe8-901b-367f79453fdb,5.8,-0.0002,0.9118,0.0992,0.0,
026ef143-4bb6-4f4c-8dd1-b4ae92993841,6.44,0.0001,1.0,0.12527,1e-05,
026f0d52-dcd0-4550-8740-84bf82beda14,5.48,0.0,0.8772,0.11507,0.0,
026f3f68-5e2f-46f3-b33c-68cb784188ae,7.96,-0.0003,0.9615,0.13477,0.0,
026fb3b0-5951-4b66-8d3f-66ceaad5cf23,6.56,-0.0001,0.7244,0.11876,0.0,
026fbb46-1c07-42c3-bb0a-f187a7e23d83,5.12,-0.0002,0.6952,0.08264,0.0,
026fd269-4c92-42af-a382-585fb56d8f23,4.96,-0.0003,1.0,0.12555,1e-05,
026fe56e-0218-41e3-b702-edd847159b77,5.64,0.0,0.7823,0.09554,0.0,
026fe736-3be9-4567-86dd-eaea5249bd9d,9.68,-0.0004,0.8674,0.13721,0.0,
02702a37-7bdf-42af-a471-b7ec79073875,6.68,-0.0002,0.6621,0.10985,0.0,
02703491-1a92-4e36-b117-87cba8ed2684,10.0,-0.0001,0.7644,0.10814,0.0,
027050c3-a656-46d0-9ef0-336d4f59bbad,8.08,-0.0004,0.9741,0.11849,0.0,
0270bfcc-d003-479b-aa9e-116b98c37c96,8.28,-0.0005,1.0,0.14196,1e-05,
02710807-4dcc-441e-9f3c-6d14228cf813,7.64,-0.0002,0.6075,0.08211,0.0,
02719d8f-942c-4aba-97fb-d26fdf60f91c,8.2,-0.0003,0.8303,0.12023,0.0,
0271e010-551f-419c-9116-0a14594117ee,3.56,-0.0003,0.802,0.09507,0.0,
02721564-ba31-4b6f-a221-8ae033325eaa,7.2,-0.0007,0.9943,0.1574,0.0,
02728141-af58-4920-ac2c-907afc7a3e87,8.24,0.0004,0.9773,0.13112,0.0,
02731bb3-4e1d-4a1e-a6ac-f4703234d846,3.68,-0.0001,0.8965,0.1164,0.0,
027360ce-7623-4279-9d22-02a3726b9cd6,5.68,-0.0002,0.9144,0.14427,0.0,
0273bb12-b44f-499a-8429-dbb5226fd610,7.36,-0.0005,0.7621,0.13952,0.0,
0273c33d-8c92-4547-8c4a-a68af73f3e54,5.96,-0.0002,1.0,0.12904,0.00012,
0273df3b-394f-42bb-84bd-8484755f1e18,5.78,-0.0,0.1779,0.01953,0.0,
0274670d-c014-407b-97db-140468f014aa,4.92,-0.0001,0.9508,0.12585,0.0,
0274911c-c846-4ebb-92d7-45b9c0638f58,3.84,-0.0008,0.805,0.15607,0.0,
0274add4-25de-48de-b5e4-4eed735f4953,7.8,-0.0001,0.5923,0.08973,0.0,
0274f1d1-ffb7-4eff-959e-54d7a52dff8f,5.08,-0.0004,0.8218,0.13563,0.0,
027533ed-6387-4a8d-9bea-267748477a25,4.36,-0.0001,1.0,0.13905,1e-05,
0275387f-d40e-41e7-8b09-86e393e31140,10.28,-0.0003,0.8392,0.09636,0.0,
02754c47-27c1-49a8-82cf-4931db052931,4.12,-0.0001,0.7855,0.11558,0.0,
02755023-68b3-4e1f-b42c-c72d374e2a8f,11.06,0.0,0.8776,0.1417,0.0,
02755fd2-cfad-4161-afe7-5d72ddb2f85d,15.87,-0.0,0.8439,0.13949,0.0,
027580a1-0da8-4cdf-ad7a-14ecfbbf62ad,6.28,-0.0,0.7382,0.11672,0.0,
0275a0e3-e084-47e7-b58e-a13d21b6dd80,6.6,-0.0001,0.7509,0.07799,0.0,
0275b8d6-1113-4bf5-a45f-2a608f5de480,5.33,-0.0002,1.0,0.12502,1e-05,
0275bb2c-9432-49dc-9aa6-e8e89a80a4ae,3.76,-0.0003,0.6632,0.12788,0.0,
0275cc98-a583-4760-b426-276328297d5d,4.84,-0.0001,0.9984,0.1328,0.0,
027605fc-774f-4faf-9462-2e9e8140ca9d,5.52,0.0,0.7014,0.11455,0.0,
02768278-3e11-488a-8ae4-a4e111ac4e8f,5.8,-0.0003,0.8079,0.12404,0.0,
0276fd37-3a2b-4acf-bb1d-169e94e148c8,8.96,-0.0004,0.9961,0.14498,0.0,
02771e6d-58eb-4fbd-a1e0-3c7cea7291f8,16.0,-0.0,0.8419,0.12614,0.0,
02776b58-0af1-4f40-a04c-476d78215b5d,12.38,-0.0,0.8628,0.14532,0.0,
027771b2-12cd-44d6-93d2-7fd706593569,6.4,-0.0001,0.7662,0.09038,0.0,
027796f1-179b-4d12-ae99-ca439e076247,5.56,-0.0003,1.0,0.16214,1e-05,
027878c9-981b-4ebc-8e8e-37253263a94d,4.4,-0.0003,0.5413,0.08394,0.0,
0278b6e2-8298-4260-977c-3bb837c1374a,11.21,0.0,0.8662,0.11288,0.0,
0278c273-eff5-46fb-8e6f-a6686882a7ca,5.39,-0.0003,0.9202,0.0872,0.0,
0278dd9d-ea5e-4494-a83d-10febb208d09,9.24,-0.0003,0.7265,0.0909,0.0,
02792230-17e8-4626-ae83-ecbb27134267,7.48,-0.0003,0.8579,0.12804,0.0,
02795080-dd31-4184-a7fd-f095461989c4,12.15,0.0,0.8915,0.11603,0.0,
02795dad-75f3-41ae-92a0-b83ee6a6d94b,3.08,-0.0004,0.7575,0.19379,0.0,
02797d0d-30b6-44bf-a928-171688075588,4.0,-0.0001,0.8344,0.15593,0.0,
02798008-e60c-4320-b4d2-d1a652ac5236,4.08,-0.0004,0.8364,0.12843,0.0,
0279f616-464c-4b84-a91a-f0e101d466e1,5.44,-0.0006,0.8019,0.10117,0.0,
027a018c-93ce-4b61-8057-39c5072d1182,8.36,-0.0002,0.9921,0.11485,0.0,
027a2874-8349-486a-96a4-35260aa0fde1,7.6,-0.0002,0.6898,0.09299,0.0,
027a3cc2-0862-48e2-98d8-5015e0c91397,8.52,-0.0,0.791,0.10593,0.0,
027a4410-8298-4cec-9894-f0cb9d687de2,5.08,0.0004,0.9897,0.14053,0.0,
027a518e-1185-435e-8539-b17408f30a7b,10.76,-0.0002,1.0,0.15433,1e-05,
027abf27-94b8-486d-b02c-3bf9e87ea1bb,3.6,-0.0001,0.972,0.14751,0.0,
027ac655-1628-40a2-894b-36e34570f340,6.04,-0.0003,0.8094,0.10874,0.0,
027acea2-9c75-46ab-9546-24ce6e6affc6,4.19,-0.0005,0.9047,0.11061,0.0,
027b6f67-f934-4a93-ba26-1fdc05b8fa39,7.8,-0.0002,0.8691,0.08069,0.0,
027bc438-31a1-4a8f-8372-a0fcc06b2585,7.33,-0.0005,0.8457,0.14335,0.0,
027bd46f-e84b-41b0-9cdf-3feb586c4379,13.24,-0.0003,1.0,0.17413,1e-05,
027be66b-9811-4258-82c1-61d820b08c6c,5.72,-0.0001,0.8296,0.11733,0.0,
027c6767-3993-4d55-9a5e-9f1183509f69,5.8,-0.0002,0.6952,0.11876,0.0,
027c97a3-afed-4d57-bc51-afdc9bb13794,6.88,-0.0002,0.9608,0.13842,0.0,
027cd88a-4fe5-4525-9177-05fba616112a,6.88,0.0001,0.9467,0.17207,0.0,
027d4f5e-c82c-4d07-a7a3-32b41a7d6b3e,7.04,0.0003,0.9047,0.11236,0.0,
027d68ba-0754-4bdc-8420-dc08432ba861,7.44,-0.0001,0.6904,0.08631,0.0,
027d6977-ac03-43f9-8886-77efea29121d,6.4,-0.0003,0.7521,0.11564,0.0,
027db7a5-49ef-4cc0-9408-3f69f6549475,7.6,-0.0002,1.0,0.08936,1e-05,
027dd3c6-6273-4158-8534-dacf0455a321,6.32,0.0,0.8596,0.1336,0.0,
027e0792-81d6-43db-a2f3-afb7d323eaf4,6.88,-0.0001,0.7188,0.08998,0.0,
027e09b1-5c97-41b2-9424-62a0c106c18e,13.27,-0.0,0.8422,0.13855,0.0,
027e15c3-0f5c-455e-ae43-0f895b574d1d,6.72,-0.0002,0.7844,0.11387,0.0,
027e1b65-d357-4449-94b2-66c8321c67eb,6.17,-0.0002,1.0,0.121,1e-05,
027e2e0e-a3aa-4cd8-ad54-656b38ea5994,5.68,-0.0002,1.0,0.13458,1e-05,
027e56c7-1297-4811-93a4-3313c34d9ce3,7.12,-0.0001,0.864,0.10027,0.0,
027e9aa3-f6e2-4344-91eb-56becf199741,10.0,-0.0,0.963,0.07375,0.0,
027eced2-31d3-4403-ad91-01c66c697630,9.2,-0.0001,0.9083,0.11168,0.0,
027eeddd-400d-449a-9663-8391bbf47266,8.8,-0.0003,0.9218,0.12863,0.0,
027ef907-a592-4d37-a5ef-7b9dc8f7ecb5,8.68,-0.0001,1.0,0.11655,1e-05,
027f14af-336a-45af-abe9-e09467fec456,9.28,-0.0,0.7147,0.09955,0.0,
027f5f4a-34bf-4b7f-897d-396647a1221d,13.48,-0.0001,1.0,0.1144,0.0,
027f7703-95dd-40d1-a841-ea30af57db87,11.44,0.0001,0.9344,0.15881,0.0,
027fa260-bafb-41bd-b697-47842d6d054a,7.08,-0.0002,0.7417,0.09551,0.0,
027faea2-5863-4f5f-841f-bdf90c7af57d,6.28,-0.0004,1.0,0.15664,3e-05,
027fc59d-8552-4a16-8da9-7c9a8f8a623c,6.28,0.0001,0.8145,0.14627,0.0,
027fe785-39b8-4b9e-b894-1cba70958c94,6.8,-0.0001,0.8168,0.10101,0.0,
027ff6af-de78-4369-93a0-40af762e7333,8.72,-0.0001,0.7236,0.10988,0.0,
02802a43-c325-4b11-b76e-aa33db5601f6,6.49,0.0046,0.9999,0.11091,1e-05,
02803c03-6c72-49b2-b740-7c56faf2d006,7.24,-0.0,0.9281,0.08684,0.0,
02803f88-5a76-4162-9907-42d4139b0fb9,5.96,-0.0,0.3926,0.06211,0.0,
02808e50-be84-4acc-8dda-2669fc6f9417,5.56,-0.0002,0.9071,0.11308,0.0,
0280f5b1-9121-4793-9da9-c57db6ed3d2c,5.52,-0.0004,1.0,0.16637,2e-05,
02812727-6bda-4f0e-b141-03c140e60659,6.56,-0.0,0.8361,0.13068,0.0,
028130f3-3e58-4d8f-9a69-11a7f5ef6674,6.24,-0.0,0.7752,0.075,0.0,
02813d7d-bd50-450b-b263-534e2a062630,14.2,0.0,0.9997,0.10964,0.0,
02819dbb-2f34-4ee7-9730-d151a17f4125,11.32,-0.0002,1.0,0.10711,1e-05,
0281a3c5-de52-4c95-b996-ffd440636210,5.76,0.0,0.8417,0.1279,0.0,
0281cd23-cbda-42f3-8e4c-d035bcfe4f8f,3.64,0.0002,1.0,0.15734,0.00027,
02822dc0-3a8c-419f-9f74-ec5be25dfdee,10.72,-0.0001,1.0,0.15764,5e-05,
02823a00-7257-4dfa-b726-cebe5444f80f,2.88,0.0001,0.827,0.12343,0.0,
02824033-7941-421d-8ddb-3de475b1c8c0,3.16,-0.0004,0.8557,0.12626,0.0,
02824568-38e1-443b-a706-7ea54dbee6ff,5.12,-0.0001,0.547,0.07543,0.0,
02825a50-a586-429e-b5f0-cc9a88b7d890,7.48,-0.0005,1.0,0.16293,1e-05,
0282b6bf-537b-4efa-9709-7b35fdd2054a,5.04,-0.0001,0.5218,0.08407,0.0,
0282bcd1-7c39-439c-8e81-1fafb6613e08,9.56,-0.0008,0.8653,0.1169,0.0,
0282ed55-5c83-42c3-a3d5-e7f36d962a76,6.16,-0.0001,0.9461,0.1519,0.0,
0283dbe0-1779-4f60-9c4c-721c90c72929,4.36,-0.0006,0.5831,0.10992,0.0,
0283e3fb-b2d7-463c-a895-f905ac496e35,17.68,-0.0004,0.9999,0.12782,0.0,
028475e4-7467-4703-9867-4482507729a2,12.13,0.0,0.9194,0.13782,0.0,
0284b7c1-6fb0-46f8-a850-53f11888d414,12.4,-0.0003,0.7466,0.09962,0.0,
02850491-7b92-4703-8193-364ce256d458,4.35,-0.0001,1.0,0.15834,1e-05,
02856793-d72c-4e1c-88e5-0e6a8ed9daa3,10.76,-0.0,0.9917,0.12398,0.0,
028580ff-49de-4f89-a36a-f20429fa4dee,4.96,-0.0002,0.8899,0.13267,0.0,
02859996-c84f-4531-b912-0d76dc48085d,7.8,-0.0003,0.5984,0.07256,0.0,
0285a309-ce45-4138-8c83-a20f8210cc40,9.0,-0.0001,0.9702,0.12941,0.0,
02860062-bac4-44f0-95ee-77854152d8b2,5.4,-0.0004,0.9337,0.11837,0.0,
028651bb-d54e-421a-b25a-174227a72ed1,7.25,0.0,1.0,0.13893,1e-05,
0286789c-1f96-4a00-a164-f16bbf4ce890,3.71,-0.0001,0.874,0.12437,0.0,
02868a65-beaf-4aed-ad36-81f95ff56339,6.84,-0.0006,0.9405,0.14333,0.0,
0286a62c-1305-489c-975e-e024ce7f5a8e,6.64,-0.0006,1.0,0.21687,8e-05,
0286f7ad-83a7-4811-bc28-a7da4be336aa,12.12,-0.0,1.0,0.12034,1e-05,
02871315-faa0-4fd4-8b2e-c25117dc3a9b,13.6,-0.0003,0.982,0.10412,0.0,
0287333f-51e8-46e6-85aa-237d14d0143f,8.04,-0.0002,0.6522,0.07545,0.0,
02878f5f-a7b6-4d65-b23e-20d37577f087,7.32,-0.0,0.8938,0.09876,0.0,
02879042-a266-4670-af82-f8582cda9e50,3.34,-0.0002,0.6286,0.10417,0.0,
0287e12b-17ea-4d58-a66e-8c5c66549361,13.48,-0.0,1.0,0.10447,0.0,
0287f454-4a3d-4a00-9a10-5200bc46f0e2,15.64,-0.0,0.8458,0.12,0.0,
0288467c-a885-41ea-a037-429c808c6978,4.64,-0.0,0.8184,0.07842,0.0,
0288852a-9034-4dd0-aed0-ae8b9e2ddf5a,12.2,-0.0,0.9486,0.10769,0.0,
02888c80-992b-4f57-8934-6447930ac3da,7.52,0.0,0.9356,0.15289,0.0,
0288d242-ac4f-4691-93fe-f4899e4278df,6.76,-0.0003,0.8486,0.16313,0.0,
0288d5de-4fc2-4ea2-941a-6c6ee1d557c3,2.84,-0.0002,0.4615,0.07942,0.0,
0288e31c-7794-4a90-ae2c-4562fe40f034,8.04,-0.0002,0.7552,0.10873,0.0,
02891646-ccd7-4007-b484-134f9ed682e1,4.68,0.0001,0.7786,0.13743,0.0,
02895185-3d12-43ee-a600-c48a23812991,8.0,-0.0002,0.9264,0.11587,0.0,
0289f219-3efe-4e68-b9d4-cfb2f85b301f,8.8,-0.0003,0.6129,0.06802,0.0,
028a399d-2a69-4172-8fb3-8b796dad33b1,6.76,-0.0003,0.8716,0.0944,0.0,
028a47ea-21c3-4371-ae98-f48531ab0c53,10.6,-0.0003,1.0,0.13561,1e-05,
028a4dfd-01d7-47bf-8a4b-1a1cee6d7959,10.4,-0.0004,0.8881,0.13468,0.0,
028a4f8f-2a78-45d1-96e6-ad431aa22c6c,11.18,0.0,0.8437,0.10029,0.0,
028a4fa0-29b4-494c-9cd0-2c4e97e8fae8,7.84,-0.0,0.8326,0.10361,0.0,
028ab7d4-8ba2-4a19-b244-78c1a7015cca,7.14,-0.0,0.6972,0.12096,0.0,
028aedd9-ea34-44ae-9e21-7c042f280636,12.6,-0.0002,0.8439,0.12017,0.0,
028b126b-7438-4da0-9b97-20902fcff5a3,12.64,-0.0003,0.999,0.1416,0.0,
028b3298-b485-419b-b1d1-839184bd7bab,5.36,-0.0001,0.9892,0.11831,0.0,
028ba8fb-9a29-4ffd-9a4a-122a7313afa1,11.76,0.0001,0.8897,0.11185,0.0,
028bbf99-69a5-414f-9d77-f38aed830809,5.32,0.0001,0.9998,0.14145,1e-05,
028c0754-bc14-4083-a282-9084f734a0b4,14.72,-0.0,0.7828,0.08759,0.0,
028c25c2-9f46-42d9-bea2-2827093eda09,9.04,-0.0003,0.8579,0.1275,0.0,
028c73a1-b0ca-433a-8dd5-d3abb959baec,5.56,0.0003,0.8498,0.12408,0.0,
028c8187-18b9-48c4-81bc-73b44fc51c40,4.32,-0.0005,1.0,0.11851,1e-05,
028cb4eb-2cd1-4dbd-843b-93ade2f8bbbf,12.24,-0.0003,1.0,0.1169,1e-05,
028cc13a-67f1-4fea-b59e-2d9e847e6785,8.76,-0.0002,0.9954,0.11858,0.0,
028cd943-67df-42d2-8f3c-0ca3306b741f,4.0,-0.0,0.3027,0.05275,0.0,
028ce026-9231-4969-af37-0b742007d7ba,5.68,-0.0001,0.6203,0.08453,0.0,
028ce7dc-896f-4ad9-b9f3-2252edcadb13,11.42,-0.0,0.8359,0.09501,0.0,
028d027f-f98c-4699-8f99-da224358168b,5.16,-0.0003,0.6503,0.08106,0.0,
028d82a2-ab7d-4553-95a0-e2f164bb65fe,10.92,-0.0002,0.7388,0.09462,0.0,
028df1ad-8a11-4638-b703-27b03f416e7c,12.0,-0.0,0.8636,0.12673,0.0,
028e5119-7ca4-41ef-a1f0-e0ce9d8889ef,9.28,0.0001,0.9684,0.15956,0.0,
028e65ea-eff9-44b8-8af5-2376bafffc61,12.44,-0.0005,0.8056,0.11457,0.0,
028eaaa2-95a9-4bcb-b3bc-a5ba181a3c59,14.33,-0.0,0.856,0.12774,0.0,
028f26b8-86b0-4aaf-aa4c-57e4f9a00450,4.4,-0.0004,0.7902,0.12813,0.0,
028fb17a-fcb1-4db5-a021-6044afba66a6,8.44,-0.0004,1.0,0.11902,1e-05,
028fcf31-b8c1-44b1-9c61-19978469fb72,11.08,-0.0001,0.908,0.12749,0.0,
028fe65c-6db3-4b15-a1c7-1b4f05f5920b,5.92,-0.0002,0.8941,0.14281,0.0,
02900f4e-f581-470d-8aea-0404c5912458,3.12,-0.0001,0.944,0.10731,0.0,
02901397-cae0-43ae-b21c-1bb22c60c2c9,6.52,-0.0001,1.0,0.13449,1e-05,
02906243-bea1-43be-b58f-46d85bec5e7d,2.76,-0.0,0.898,0.09075,0.0,
0290696a-9350-4fd8-b56a-35e5e7df4aba,6.56,0.0001,0.763,0.09387,0.0,
02907172-296e-4961-bda9-a99900823356,7.12,-0.0001,0.7104,0.09581,0.0,
02907799-64c8-476d-8f79-bcaf4e8c247d,16.0,-0.0,0.8439,0.1063,0.0,
0290aae2-9337-4ae2-a4b9-044406206949,8.68,-0.0002,1.0,0.13806,1e-05,
0290cc8e-98e8-459f-ba58-2519301d7d5b,3.85,-0.0,0.9998,0.10816,2e-05,
02910e05-39a0-4697-946e-fa51119c1b35,13.4,-0.0,0.845,0.13037,0.0,
02911a2d-3522-40bd-b49e-ebc41735c456,9.36,-0.0003,0.8499,0.10511,0.0,
02912cbb-00b7-463d-a7d2-ffcdb8c23878,3.0,-0.0,0.4417,0.07766,0.0,
02913d36-4325-4943-8573-d8e177b01a6d,5.91,0.0015,1.0,0.10692,1e-05,
02916749-51d3-4dd7-a90e-1c0b6961910f,4.0,-0.0003,0.8581,0.13429,0.0,
0291a592-6c7b-4a48-8847-774bf254d0f3,10.5,-0.0,0.8415,0.13085,0.0,
0291af25-6619-4b42-ab0f-3425e56047c0,9.67,-0.0,0.8568,0.13781,0.0,
0291dcf6-b8a3-492f-888f-06a3023ab2ef,10.16,-0.0003,1.0,0.14088,1e-05,
0291e647-7828-47a8-aae2-84ca65bbfec6,12.16,0.0,0.8487,0.13035,0.0,
0291e915-4f07-486c-b69b-3f5ec3743c14,12.17,-0.0,0.8566,0.15374,0.0,
02920c8d-12db-4772-aaf5-db6fdee8d327,5.28,-0.0002,0.5732,0.08422,0.0,
02923d4c-f420-469c-81e6-403f6b0dc2bb,4.29,-0.0,0.8411,0.13803,0.0,
02923e35-8c7b-4e63-8fdf-cbc618f6c7e3,9.28,-0.0004,1.0,0.1355,1e-05,
029283a5-8891-492b-aba2-ad6babdf2f2d,7.12,0.0,0.7392,0.1322,0.0,
0292abe8-6239-48fe-82ab-bc85b50adf1d,6.96,-0.0002,0.872,0.14024,0.0,
02930977-1952-47d4-a125-b2e36f3b77d1,4.32,-0.0002,0.7111,0.10065,0.0,
029316ba-60a6-4a22-93e4-7f8ece82bbd1,8.84,-0.0002,0.8011,0.10391,0.0,
0293170e-1c9f-47c5-a4cd-469baf66e1ea,12.12,-0.0004,0.8688,0.113,0.0,
02933393-a324-4b0b-8635-455fa757e864,12.24,-0.0001,0.734,0.09183,0.0,
029336c9-b045-4c41-bcce-b317f7106b0e,6.44,-0.0001,0.9631,0.13574,0.0,
0293fcf9-608b-4fab-9960-ba91d2e920ee,10.43,-0.0001,0.9562,0.14337,0.0,
0294623c-d4e3-4045-b023-527dd47055ef,9.24,-0.0,0.7713,0.08634,0.0,
02947a5f-143b-4910-a183-3c482c44e77f,5.08,-0.0005,0.9985,0.12801,0.0,
02949e27-7d1b-4316-81e2-fe0a2ff626b8,4.68,-0.0,1.0,0.1035,3e-05,
0294b28a-f48b-4307-9ad1-f31f018961b7,12.99,-0.0,0.8919,0.13598,0.0,
0294df5b-d837-4073-8650-5fd1d4d3dcac,6.88,-0.0004,0.9024,0.12984,0.0,
02950634-834e-4e64-8bc5-f2e09f170ca6,5.52,-0.0002,0.9079,0.13961,0.0,
02951554-1d86-437a-8a6c-c772ec10ded5,7.08,-0.0002,0.8443,0.10977,0.0,
0295695f-dc27-40b7-b608-b4559538a6a5,8.57,-0.0,0.8607,0.12966,0.0,
02957a44-56ad-448e-bc19-7abe33f8957e,5.52,0.0,0.6574,0.11646,0.0,
0295928d-5e33-41c4-972f-a991cc0f3a74,4.2,0.0001,0.8351,0.1353,0.0,
0295bd1e-9100-4c2e-a7f1-86134671f0af,6.2,-0.0005,0.8327,0.14421,0.0,
0295eb17-4a66-4a83-a6c7-658303d6faa6,4.0,-0.0001,0.9068,0.12012,0.0,
0295ed66-d737-44a3-8be7-cd375b79cc62,5.68,-0.0002,0.8344,0.13523,0.0,
029655ee-efed-44ef-a2e3-9f65fd55aef2,10.2,-0.0005,0.9955,0.14957,0.0,
029660bf-9a65-43d6-ab85-4b1e34e54000,4.24,0.0003,1.0,0.14119,1e-05,
029668f9-3187-42f8-8da0-70f579f1c5f4,3.42,-0.0,0.8462,0.13832,0.0,
0296bd33-e81b-4e51-85d7-6d1cd0fe84f8,14.48,-0.0003,0.9945,0.10628,0.0,
0296ecc4-a489-4501-bf94-d37970134c57,4.36,-0.0001,0.7749,0.10914,0.0,
029746ac-9eba-4322-8990-6749d8aca907,5.8,-0.0,0.8391,0.10864,0.0,
02975ba9-e50e-444b-9731-694f8c96d6f8,5.32,-0.0004,0.9843,0.12887,0.0,
02979ce7-e481-46a8-990b-4e0b0fd705df,8.8,-0.0007,1.0,0.17228,1e-05,
0297af96-6096-41c0-9c53-e30ba540f551,6.28,-0.0004,0.747,0.11755,0.0,
0297e3f8-0d74-40d3-9d8d-e31943368eba,7.33,-0.0001,0.9996,0.09303,1e-05,
0297efe2-82f1-46ed-bde4-1ea2dc7990d6,7.2,-0.0002,0.4674,0.07618,0.0,
029805ea-354d-403a-9c71-27214c796a7d,8.68,-0.0,0.7684,0.11661,0.0,
0299e665-cc84-4605-b7d6-c2b8ed7cb5eb,10.96,-0.0001,0.9412,0.08759,0.0,
0299ef40-18f3-492b-bedb-5b3ba1ac3ed4,5.96,-0.0002,1.0,0.12237,1e-05,
0299f36d-4746-4687-a61a-d9b3646efe37,9.23,-0.0,0.9987,0.1308,0.0,
029a4c5a-6e54-40b5-b3b5-d8f020af11c6,3.36,-0.0002,0.6895,0.08348,0.0,
029a77fb-a0ff-4c00-bbe6-852937c3d288,8.2,-0.0001,0.9246,0.1183,0.0,
029b0143-19f6-4390-91b5-65a019205fca,3.44,-0.0,0.8614,0.12805,0.0,
029b58ff-d5ec-456b-9ba4-725ac2c47fda,5.4,-0.0007,0.939,0.18784,0.0,
029b6b3d-efb7-471f-bb5d-e08c32acd075,8.12,0.0001,0.7976,0.11511,0.0,
029b8afd-1ece-4a94-84d8-d6e25443d911,5.88,-0.0002,1.0,0.14074,1e-05,
029bb9aa-8091-4bbd-bdd6-55acd33c3fcf,6.52,-0.0006,1.0,0.15618,1e-05,
029c15b4-3479-49ed-9e39-19444abf573f,4.48,-0.0004,1.0,0.13538,1e-05,
029c1c48-70b9-48b1-9f5a-af85b9fa0c18,4.68,0.0,0.6452,0.08905,0.0,
029caa66-d0a9-4233-8c4a-d8c404fe20bc,5.2,-0.0002,0.5767,0.0725,0.0,
029cae0c-11d9-4a9d-84e0-4bff8a575d94,4.24,-0.0004,0.8499,0.11813,0.0,
029d0d1c-1ef8-48c3-90bb-c381758a1b55,8.44,-0.0001,1.0,0.17014,7e-05,
029d5670-a4bc-4b34-8eba-cc382d766399,7.8,-0.0003,1.0,0.12931,1e-05,
029d679f-4723-4914-9f80-fbe44cc9a165,10.77,-0.0001,0.8766,0.14819,0.0,
029d7147-cc3e-4593-b8c3-142361e55df3,8.6,-0.0003,0.5046,0.0542,0.0,
029d7438-2e46-4687-800b-44933fb0deb2,3.48,0.0002,0.8961,0.12111,0.0,
029d77c2-f2bc-4a5e-a317-c6a0d1b59089,6.2,-0.0001,0.9149,0.13402,0.0,
029dfeb5-db74-4c7d-b66b-2fb3856ab63b,7.48,-0.0002,0.8908,0.14569,0.0,
029e4c5d-1ccf-4bbf-aec5-4b4eabeb7f36,3.69,-0.0,0.302,0.03768,0.0,
029e6b04-bbd6-42f5-bad9-c02fb1149050,4.24,-0.0001,0.8712,0.08605,0.0,
029e7c1a-eab4-4ad3-a374-2fc3bfb29e90,5.4,-0.0005,1.0,0.16938,5e-05,
029e7f7e-3fdd-404f-b6f7-d08de87f3592,6.73,0.0002,1.0,0.1245,1e-05,
029e917c-8862-4308-b0b1-8d1cb4948402,8.32,-0.0002,1.0,0.15685,0.0001,
029eb206-474c-4568-83cb-1dddcc26ad4f,4.0,0.0001,0.8042,0.09391,0.0,
029f48b2-b6d9-4ab9-896d-ed33655b7d70,8.8,-0.0001,0.7362,0.10129,0.0,
029f7538-a881-4a75-a04d-15150059b12c,16.0,0.0,0.8468,0.1279,0.0,
029f8fc6-04e1-491f-bc31-dc283440201b,10.04,0.0,0.8701,0.09933,0.0,
029fdc0f-9e6c-4302-8456-188a21a00b8d,9.12,-0.0004,0.831,0.1213,0.0,
029fed04-f40e-4c7c-bc02-ecf148aedf95,1.88,-0.0,0.9988,0.14721,0.0,
02a01010-0aca-4ba7-b179-bd4630412985,5.84,-0.0004,0.445,0.06452,0.0,
02a04a0f-e07b-4b1d-acac-069097391c7b,6.2,-0.0004,0.607,0.07829,0.0,
02a0638b-8667-483c-b453-fe5e612c2781,5.48,-0.0004,0.6397,0.11121,0.0,
02a06667-ad24-437d-806f-4d53f9307c7d,7.0,-0.0003,0.8868,0.12135,0.0,
02a07193-1f14-4461-8503-9440760fe96f,9.0,0.0001,1.0,0.15125,1e-05,
02a0c579-76d7-452a-84b0-8148937943e5,5.92,0.0001,0.9207,0.12977,0.0,
02a0cb21-76ad-4883-9d1d-d66606f8c144,9.68,0.0,1.0,0.15391,1e-05,
02a1039a-7331-4a45-bd7c-c44123d74cd0,12.2,-0.0004,0.9537,0.15232,0.0,
02a13cde-73a7-4ccf-a914-8a92d8f57375,5.8,-0.0003,0.9577,0.12989,0.0,
02a1fba3-a391-49d5-a600-13ca9c411727,6.19,0.0037,1.0,0.09029,1e-05,
02a24415-21fa-482d-a4e6-0b5f7a1e9191,6.64,-0.0004,0.9653,0.15405,0.0,
02a27c68-fd4a-4d18-b27e-c074a9b78dbc,4.48,-0.0003,0.8633,0.13905,0.0,
02a2c759-d268-4e56-926f-e12ab625fdf6,7.16,0.0,0.9549,0.12361,0.0,
02a2e789-e2b6-4a34-ad9f-59f831016d99,9.88,-0.0005,1.0,0.14282,1e-05,
02a31556-7527-4957-86c2-c7bac5322d66,14.12,-0.0,0.7466,0.07758,0.0,
02a326f0-1eed-479d-8b0c-dda2dabaee67,10.56,-0.0004,0.5653,0.07281,0.0,
02a35437-4039-42e6-b2f6-1db684367a78,4.96,-0.0002,0.7922,0.11982,0.0,
02a3850f-6946-4e5c-9d20-e49e15ce0c9b,9.28,-0.0004,0.8455,0.12576,0.0,
02a38aec-b744-485c-a9fd-81ae5cba42da,6.88,-0.0006,1.0,0.19631,1e-05,
02a453da-0f1d-4580-b007-ed0242702ac9,6.01,0.0009,1.0,0.1099,1e-05,
02a45d4c-d6f0-4032-b434-6a1f1303ce09,7.93,-0.0001,0.9998,0.0938,1e-05,
02a46943-e4d7-4313-aa4a-1ac845ea14e9,4.36,-0.0,0.8283,0.11723,0.0,
02a5695e-a7a2-4685-a0cb-99287392cab1,5.2,-0.0004,0.9557,0.12995,0.0,
02a59b84-9fc0-40b8-89d7-a7ab8ba8e6f9,14.0,-0.0004,1.0,0.15553,0.0,
02a5a1ec-4f15-42bd-afc6-8ccb69043b80,6.32,0.0037,1.0,0.10719,1e-05,
02a63bf2-41f9-4238-8407-a7f897fd1805,7.04,-0.0002,0.7664,0.07478,0.0,
02a66e36-e341-4b79-8de3-ce9b820647dc,10.4,-0.0004,0.8859,0.12508,0.0,
02a68df9-82d4-4afe-ae73-f3f66df8ae92,3.8,0.0,0.7473,0.0734,0.0,
02a6ffb4-071c-4fe6-becf-b1dae38a3b54,16.0,-0.0,0.8584,0.14079,0.0,
02a7203a-6181-4eaf-ba89-bf1b2c353251,5.43,-0.0005,0.3091,0.04634,0.0,
02a8309a-bbe4-4cd8-9dca-f7288fae2986,4.48,-0.0004,0.814,0.12036,0.0,
02a8a4f5-fbcf-4516-8494-a72c1ceee942,10.6,-0.0003,0.8953,0.12731,0.0,
02a94efc-411b-4c9c-b307-c9f9aeee33d6,8.08,-0.0002,0.9114,0.10476,0.0,
02a9517f-80c9-4ee1-8df0-2ebbe578728a,10.12,-0.0005,1.0,0.16092,1e-05,
02a9ef06-4ee0-4c0d-acad-838d66948023,3.8,0.0,0.8393,0.14097,0.0,
02aa1bfc-72d5-451a-a2c3-cee9d0121cb2,6.56,-0.0003,0.8858,0.10856,0.0,
02aacbf6-a6fa-46f1-b399-ab20e0fc8d10,2.2,0.0,0.9233,0.11301,0.0,
02aad541-c0d2-4540-88af-9dad152afbc0,3.96,-0.0001,1.0,0.13463,2e-05,
02ab1000-d576-43ca-a668-d271fc2b193b,10.35,-0.0,0.8592,0.14226,0.0,
02ac0c26-b271-402b-95f1-e8cbd70c62fd,8.56,-0.0003,0.5484,0.05683,0.0,
02ac129c-361e-4be0-8321-b8ec36070b64,8.64,-0.0003,1.0,0.1247,1e-05,
02ac1ba1-8e44-4226-88c3-73bc837916a3,7.44,-0.0005,0.7134,0.11599,0.0,
02ac9257-d677-49be-8c26-1d505becae13,3.07,-0.0001,0.3827,0.06886,0.0,
02acbad9-3466-4c96-bd1b-96e87ab7a5d9,7.08,0.0,0.7331,0.08971,0.0,
02acd8af-9151-483f-9dec-f4d5186231a1,13.72,0.0004,1.0,0.17045,1e-05,
02ad2126-0c78-4cac-9474-50d12f2b7ff2,3.76,-0.0004,0.7042,0.10176,0.0,
02ad361d-128a-4e40-982c-7d38690e4971,7.48,-0.0006,0.7709,0.14954,0.0,
02ad4a26-ee08-4f9d-9cc5-342ca1be61b7,5.32,-0.0005,0.7411,0.16127,0.0,
02adc34e-f689-4c8b-bb03-5f48774d0b0d,6.04,0.0,0.7536,0.0831,0.0,
02add9ac-17fe-41e4-b453-754057d37f08,14.02,-0.0,0.8439,0.1241,0.0,
02aeb14e-3c2e-4dc0-99ca-a6286fdaf22c,7.16,-0.0002,0.7731,0.08128,0.0,
02af460a-3065-4de9-b44f-0efde618ebc5,4.65,-0.0,0.9999,0.10249,1e-05,
02af8501-83d9-47e5-95b2-f35fa0528fb7,3.21,-0.0002,0.5462,0.07774,0.0,
02afbac5-98db-43df-86ef-d859cfd8833b,12.78,-0.0001,1.0,0.11508,0.0,
02b00570-11d6-4739-8c41-9a3f6f3b56b0,6.4,-0.0004,1.0,0.17424,1e-05,
02b00ffc-606d-4d08-8f68-8d6238f32c1e,13.16,-0.0002,0.9975,0.13708,0.0,
02b0455c-bcf2-48af-a38c-bcf78bc37008,3.04,-0.0005,0.5511,0.12644,0.0,
02b06078-22e0-42f6-832b-3b69c2718c29,7.28,-0.0001,0.9347,0.11048,0.0,
02b0a7df-fb43-4c8d-b087-202a3fffdebd,6.84,-0.0001,0.804,0.12297,0.0,
02b10845-a560-4b3d-a05d-a1e3d17fc99a,7.12,-0.0001,0.6656,0.09496,0.0,
02b10c58-a7ce-4384-8811-bbfebf098ba8,3.88,-0.0,0.8629,0.13135,0.0,
02b14cfb-c8e0-49bb-8a90-17bd1ea11873,12.87,-0.0001,0.8985,0.12748,0.0,
02b19e89-9735-47e0-b874-f69e6b8dae15,10.28,-0.0,0.8597,0.13395,0.0,
02b1a4d5-ba3e-4e4f-bb33-a57e8507b9e8,6.04,-0.0,0.9659,0.13288,0.0,
02b1a631-70ae-454b-ac69-03fa5332b9b5,9.64,-0.0004,0.7368,0.09634,0.0,
02b24f2a-66fb-4bfb-902f-a3cd92f83d7d,6.4,-0.0008,1.0,0.16039,1e-05,
02b2879d-4181-43b6-bdb8-0a84f126d078,5.56,0.0,0.8111,0.09088,0.0,
02b29d5b-f30a-4d1a-bf81-bf9bd43dcc74,6.08,-0.0002,0.7348,0.07198,0.0,
02b34833-268d-4246-b04c-8dc7e6595c7d,11.96,-0.0004,0.8741,0.13625,0.0,
02b383a5-0096-48f9-831c-890fe9e99dab,6.28,-0.0003,0.7727,0.1246,0.0,
02b3ab13-83cc-4305-97f0-e3ba639f6181,4.18,0.0,0.1985,0.03669,0.0,
02b3b69a-ee5f-4cdd-b835-6af48e0da9f8,9.04,-0.0005,0.7896,0.12641,0.0,
02b3ba8d-341c-4ed9-a18d-364277cd447a,3.93,-0.0,0.3788,0.03644,0.0,
02b3cac4-877e-47cb-900e-3c667fe62688,7.52,-0.0003,0.8246,0.13818,0.0,
02b3e685-2758-4411-8b8a-e3927517e6a1,6.88,-0.0001,0.7739,0.1022,0.0,
02b41379-ecc6-42f1-8064-dc9cef5bd4a5,7.0,-0.0002,0.9966,0.11868,0.0,
02b4863d-aadb-4a87-afa9-dc8c57bf3a59,4.28,-0.0001,0.9937,0.09326,0.0,
02b53aa2-f14f-439e-b04a-6f0478d7a110,11.35,-0.0001,0.8723,0.13157,0.0,
02b5c494-b748-4deb-bb52-0371743983f0,6.12,-0.0002,0.6406,0.10339,0.0,
02b5dd2d-6fd9-40c2-816c-abcf90b6a62c,8.44,-0.0,0.8731,0.09927,0.0,
02b5de93-d24a-4036-9e24-7ea623c31f5e,9.32,-0.0,0.8546,0.14838,0.0,
02b62355-7be2-4b44-9253-4b69a9829af9,6.44,0.0,0.9984,0.11055,0.0,
02b628d5-e34a-43db-8236-832e0980e4c0,4.84,-0.0008,1.0,0.18065,1e-05,
