id,dataset,synthetic,duration_s,lead_zero_ms,trail_zero_ms,start_amp,end_amp
00006fe3-5331-4db2-b30e-65affe00cfbe,chirp3_1,True,6.16,0.0,0.0,0.005279541015625,0.004364013671875
000081dd-b6dc-420c-be34-57bd8224c18f,liva_1,False,12.9651875,0.0,0.0,6.103515625e-05,0.00390625
0000abee-a101-4a2f-bdb5-aecae1187830,chirp3_2,True,5.04,0.0,0.0,0.006134033203125,0.00421142578125
0001e47c-ff52-46ca-8368-380f2a052bed,chirp3_2,True,6.0,0.0,0.0,0.003021240234375,0.001312255859375
00021667-9e19-4e6b-8f5c-af600d298b73,midcentury_1,False,5.509,0.0,0.0,0.079376220703125,0.006561279296875
00027097-da25-4c47-a43a-5c5d2ffe17d3,chirp3_1,True,12.08,0.0,0.0,0.013275146484375,0.0018310546875
0002ae75-9228-4230-a2df-2040db3507f6,chirp3_2,True,4.48,0.0,0.0,0.00518798828125,0.00616455078125
0002e1f1-d00e-4063-816a-c42932faccb2,chirp3_1,True,7.28,0.0,0.0,9.1552734375e-05,0.000274658203125
0002ee44-0df6-4260-afde-5782d3d2b13c,liva_1,False,10.1578125,0.0,0.0,0.001953125,0.00396728515625
000309d6-6d8c-442e-962a-168c4354ee17,chirp3_1,True,7.6,0.0,0.0,3.0517578125e-05,0.0040283203125
00031c38-c73a-45c0-af61-b99fd7230fb4,chirp3_2,True,2.68,0.0,0.0,0.00054931640625,0.000274658203125
000370e9-9e71-4079-8030-079044dd5c01,chirp3_1,True,5.84,0.0,0.0,0.0010986328125,0.00042724609375
000395cd-4871-4827-ba7c-0bf3ab6ef0ac,chirp3_2,True,11.52,0.0,0.0,0.005279541015625,0.002777099609375
00041845-3075-4939-b22a-e158d6e286d4,chirp3_1,True,7.84,0.0,0.0,0.000701904296875,0.000579833984375
00042d88-194b-4dd9-b57b-ff58195704c3,chirp3_1,True,12.52,0.0,0.0,0.0006103515625,0.00048828125
00042d89-9bd0-4c19-afb8-7373ec57f30e,chirp3_1,True,7.48,0.0,0.0,0.0030517578125,0.00421142578125
00043f22-043b-4c18-a5b0-40b85d771df1,liva_1,False,10.124125,0.0,0.0,0.00665283203125,0.000946044921875
00054cf4-e4a9-498a-8816-41dd0c69ca3b,midcentury_1,False,4.908375,0.0,0.0,0.002349853515625,0.008544921875
00058036-56ee-411f-9c3b-cfb6c3de6215,chirp3_1,True,11.0,0.0,0.0,0.00872802734375,0.04083251953125
0005bf20-0d33-428e-bae0-f45b758ceefd,liva_1,False,11.5124375,0.0,0.0,0.001708984375,0.00067138671875
0005c7c1-415f-4a12-a226-ad49724f4582,chirp3_2,True,2.24,0.0,0.0,0.003143310546875,0.0001220703125
0005f00b-437a-42f6-b057-603f4bfad2c4,chirp3_2,True,9.4,0.0,0.0,0.000823974609375,0.003997802734375
0005f388-7ed9-4700-ae5f-0a15059a02dc,chirp3_2,True,4.96,0.0,0.0,0.00140380859375,0.005615234375
0006b31b-e955-4346-bc62-1966fec6f549,midcentury_1,False,3.406875,0.0,0.0,0.00213623046875,0.008026123046875
0006c6b0-9b19-461f-8517-ff8b494d558a,chirp3_2,True,7.92,0.0,0.0,0.000335693359375,0.0009765625
0006e83b-da40-4c89-9684-2608baaeb7fb,chirp3_2,True,9.08,0.0,0.0,0.016815185546875,0.0032958984375
0006f11b-252e-44ed-857f-470e29cc475d,rime_2,True,5.4334375,0.0,0.0,0.0006103515625,0.000762939453125
00075fff-65af-40d7-a609-080d7b773e36,chirp3_1,True,4.12,0.0,0.0,0.011138916015625,0.051849365234375
00079349-93fc-49fa-9cfa-07b578b6e6e8,chirp3_1,True,6.72,0.0,0.0,0.003570556640625,0.01715087890625
0007a870-7ff3-4b5c-b7ab-78ac6f06aa7c,chirp3_2,True,8.08,0.0,0.0,9.1552734375e-05,0.0087890625
0007cbe7-13a3-4db8-a402-83c177c774a0,chirp3_1,True,5.88,0.0,0.0,0.009002685546875,0.000701904296875
0007fc28-e75c-4203-bba3-fca70ed4bc7c,liva_1,False,14.6998125,0.0,0.0,0.002197265625,0.00018310546875
00084e3c-d246-4afb-8571-775197821c2d,chirp3_2,True,5.04,0.0,0.0,0.0106201171875,0.002593994140625
0008b352-b34d-493c-ba3f-8cf615a6fbdb,chirp3_1,True,6.16,0.0,0.0,0.002288818359375,0.000244140625
000a547c-8179-45bb-9227-9e6dc9ba09db,rime_2,True,6.815,0.0,0.0,0.003204345703125,0.00042724609375
000a6785-f42c-4e5f-9d9d-d0c389cb658d,chirp3_2,True,7.16,0.0,0.0,0.00091552734375,3.0517578125e-05
000ab56f-81e3-4b9c-8de8-af596ef9fe56,chirp3_1,True,14.96,0.0,0.0,0.012481689453125,0.0067138671875
000b04dc-a6e9-4775-b2b8-47befe2a2b74,chirp3_1,True,7.64,0.0,0.0,0.01177978515625,0.009490966796875
000b4815-4305-4bd8-a589-48d19e4eea24,chirp3_1,True,7.16,0.0,0.0,0.02496337890625,0.005615234375
000bd4ec-b5f9-4507-b16e-856d432ed464,chirp3_1,True,7.36,0.0,0.0,0.0072021484375,0.03155517578125
000be3a6-6ab4-488d-b1a5-7d580cc1fa94,midcentury_1,False,3.117,0.0,0.0,0.0238037109375,0.00146484375
000c4022-e00f-4f52-869b-059df1de458a,chirp3_1,True,11.72,0.0,0.0,0.003265380859375,0.00067138671875
000c460d-d307-422c-b3a0-39ca7d71c649,chirp3_1,True,6.44,0.0,0.0,0.0343017578125,0.0340576171875
000c4ea0-95c1-4587-8313-a8b51050fb1e,chirp3_1,True,6.0,0.0,0.0,0.004486083984375,0.000274658203125
000c603d-df2b-42ec-8b63-11ffd5dd9309,chirp3_1,True,4.76,0.0,0.0,0.011810302734375,0.004119873046875
000c8197-2d2d-4c62-a75e-816960e38c94,chirp3_1,True,4.12,0.0,0.0,0.031402587890625,0.01458740234375
000c9790-2221-4b1a-aec4-114a494a0c30,chirp3_2,True,2.68,0.0,0.0,0.002716064453125,0.00177001953125
000cbed0-28da-40ff-a51c-e234d4dee703,chirp3_1,True,6.6,0.0,0.0,0.000732421875,0.000152587890625
000cefad-30e3-4590-a7b1-a83c0d8eba28,chirp3_1,True,13.0,0.0,0.0,0.0029296875,0.0091552734375
000d52b8-16df-4742-9b2b-a9a58645a9d9,chirp3_1,True,6.04,0.0,0.0,0.0128173828125,0.021026611328125
000d5bdf-6d25-45a4-ad7a-42acea9f6816,midcentury_1,False,5.2155625,0.0,0.0,0.004730224609375,0.00616455078125
000dae34-596a-4958-9eda-c69f90369ca1,chirp3_2,True,12.24,0.0,0.0,0.000274658203125,0.001617431640625
000dae9f-157b-47af-a27d-012c99cc71cb,chirp3_1,True,3.92,0.0,0.0,0.024505615234375,0.049468994140625
000dbf35-30cd-4737-b5c1-8efe885576c3,chirp3_1,True,3.04,0.0,0.0,0.0025634765625,0.001495361328125
000e3c4d-515c-4ddc-8bd1-f07d50fce3c4,chirp3_1,True,8.88,0.0,0.0,0.0001220703125,0.003021240234375
000e4dcd-1033-47ed-b199-4db780d698d4,chirp3_1,True,7.64,0.0,0.0,0.023956298828125,0.00299072265625
000e4fe1-9677-4894-8ffa-e86b2aff28b1,chirp3_1,True,4.04,0.0,0.0,0.002197265625,0.00128173828125
000e690f-7d7d-4385-9645-acced48a24f2,chirp3_1,True,6.44,0.0,0.0,0.0107421875,0.0096435546875
000ee09a-9de8-4c96-8005-81b2ff48498c,liva_1,False,13.3289375,0.0,0.0,0.006011962890625,0.0205078125
000f8454-1e16-434b-bbaf-26bc9dfcb2d5,chirp3_2,True,6.96,0.0,0.0,0.001678466796875,0.006744384765625
000f8ebb-49ec-4a7b-96f8-6c3260129e9e,chirp3_1,True,6.96,0.0,0.0,6.103515625e-05,0.000152587890625
000fcfb3-17c8-4002-9157-4e2a4e1a6784,chirp3_1,True,3.16,0.0,0.0,0.00152587890625,0.000885009765625
00100618-a653-4bf4-9c41-a9f15d24ae0e,rime_2,True,7.1516875,0.0,0.0,0.011810302734375,0.0157470703125
00101864-980c-434d-a956-cac9430fe3ee,chirp3_1,True,8.0,0.0,0.0,0.005828857421875,0.0003662109375
00107a14-af5a-4190-b3cd-bdd76a74426f,chirp3_1,True,6.12,0.0,0.0,0.01617431640625,0.0101318359375
001087dd-b3e9-4968-8558-4776f84d7c33,chirp3_2,True,17.24,0.0,0.0,0.0186767578125,0.064239501953125
00109981-661b-4140-aba3-ef57c608b4ed,chirp3_1,True,3.92,0.0,0.0,0.00384521484375,0.00775146484375
00110ec2-e20d-4af9-9d61-f10b798fbdd3,chirp3_1,True,9.68,0.0,0.0,0.001708984375,0.000885009765625
00117b17-aaca-47b6-8a55-b2bdaba0eb71,chirp3_2,True,9.32,0.0,0.0,0.005523681640625,0.003265380859375
0011a1fb-35e6-4433-b99c-bc6ed0197c21,chirp3_1,True,6.6,0.0,0.0,0.003021240234375,0.01104736328125
0011adf8-f320-4880-914c-b34bbb371d1f,chirp3_1,True,4.88,0.0,0.0,0.002685546875,0.006134033203125
0011c6e8-f2fc-4d83-96a3-dd258a3a2872,mundo_1,False,3.62,0.0,0.0,0.02813720703125,0.003204345703125
0011eab3-f30a-4db3-b6fa-37d4871f1ebc,midcentury_1,False,4.2264375,0.0,0.0,0.014556884765625,0.021240234375
0012027a-d9d7-4d2f-979e-d63233631b2c,liva_1,False,10.1761875,0.0,0.0,0.007843017578125,0.019439697265625
00124647-bfb7-4eda-bcb6-4dfdf404192f,chirp3_1,True,8.76,0.0,0.0,0.005859375,0.011505126953125
00128947-3fe1-42d6-bb1d-aa1482b46252,chirp3_1,True,15.2,0.0,0.0,0.04229736328125,0.023040771484375
0012926b-8ab2-42a7-87bd-619b50236803,chirp3_1,True,7.2,0.0,0.0,0.004852294921875,0.0050048828125
0012a39f-9819-4c98-9546-5795cf916fdf,chirp3_1,True,6.84,0.0,0.0,0.009521484375,0.000152587890625
0012d02b-6f01-4dc7-97a9-f816ade65f20,chirp3_1,True,11.28,0.0,0.0,0.000701904296875,0.03936767578125
00142d59-6064-46b3-91b3-bb32711940d7,chirp3_1,True,5.72,0.0,0.0,0.00390625,0.00421142578125
00146e47-2ab2-47be-8d83-375774491f94,chirp3_2,True,8.48,0.0,0.0,0.0045166015625,0.00164794921875
0014d740-a350-44de-9c14-31cb82b2ed5e,liva_1,False,12.882625,0.0,0.0,0.008026123046875,0.01116943359375
0014db25-7b67-4081-b13a-2de651cfc39e,chirp3_1,True,5.56,0.0,0.0,0.002288818359375,0.0079345703125
0014f1d0-47f8-4e6a-8560-13621488acf6,midcentury_1,False,3.068,0.0,0.0,0.026092529296875,0.00213623046875
00151f2d-0f58-4ac8-8b38-0f02ba015337,liva_1,False,14.1095625,0.0,0.0,0.006622314453125,0.001312255859375
00154200-56d9-4687-bc50-296b619151b9,chirp3_2,True,5.68,0.0,0.0,0.00543212890625,0.010040283203125
00154588-2a8f-48ba-9f52-7ae2b0b16390,liva_1,False,11.431625,0.0,0.0,0.03948974609375,0.043914794921875
0015b7fa-db6b-48b9-8678-ba4495fff9c5,chirp3_1,True,9.92,0.0,0.0,0.0313720703125,0.029510498046875
0016253d-64fd-485d-bb96-eecdd22c69df,chirp3_1,True,3.84,0.0,0.0,0.003387451171875,0.019500732421875
00166b10-73b5-4ae7-be8f-9ef7d143dfcd,orpheus_endfiller_1,True,7.0826875,0.0,0.0,0.0028076171875,0.0013427734375
0016b51e-ed0d-44c1-943e-de2937ded67b,chirp3_1,True,9.16,0.0,0.0,3.0517578125e-05,0.000640869140625
0016bb2e-1d82-40ff-92a6-4ab7a210bd90,chirp3_1,True,7.76,0.0,0.0,0.0040283203125,0.000274658203125
00172271-3941-4f44-a54c-3c576cfe4d63,chirp3_1,True,9.52,0.0,0.0,0.007476806640625,0.006622314453125
0018761e-31b5-4bc1-a3b0-70f5d45af5f2,chirp3_2,True,11.0,0.0,0.0,9.1552734375e-05,0.000213623046875
0018a285-def0-43a4-ad65-e2b678ebd6b9,liva_1,False,11.943,0.0,0.0,0.014801025390625,0.0108642578125
0019dced-7d53-4d6b-84dc-a465ade073e3,chirp3_1,True,8.6,0.0,0.0,0.014404296875,0.0166015625
001a4018-89b3-40d0-9091-fc80798b4cf5,chirp3_1,True,6.32,0.0,0.0,0.000457763671875,0.000732421875
001abbc8-61c0-4adc-9280-2768eb9e23b6,liva_1,False,10.97875,0.0,0.0,0.0631103515625,0.0159912109375
001ac15b-e84e-419b-9c0d-92ef3a3e481c,chirp3_1,True,10.12,0.0,0.0,0.000274658203125,0.000274658203125
001ad5b0-abcd-40cf-8f37-7fb64de4d7f2,chirp3_1,True,6.76,0.0,0.0,0.006011962890625,0.00079345703125
001b1fe3-ee88-4fa7-955d-78adcf13b8c2,chirp3_2,True,4.64,0.0,0.0,6.103515625e-05,0.00048828125
001b52ba-b220-4c2e-823f-26a678eb9ed2,chirp3_1,True,7.0,0.0,0.0,0.000152587890625,0.001312255859375
001b5d4d-c0ae-4259-85bf-bf41be3a31a7,chirp3_2,True,9.08,0.0,0.0,0.003143310546875,0.0074462890625
001b6960-71bf-40e0-ac2a-747bb8ae0578,chirp3_1,True,8.72,0.0,0.0,0.004241943359375,0.00299072265625
001b6d62-1a3e-4026-87d8-a43031addce7,chirp3_2,True,20.24,0.0,0.0,0.0006103515625,0.001556396484375
001bc892-c1d4-4d33-afe4-77751bdc8116,chirp3_2,True,3.6,0.0,0.0,0.000335693359375,0.000732421875
001c174a-62cc-45f0-89c0-f7980e1073c9,chirp3_1,True,5.92,0.0,0.0,0.004058837890625,0.007659912109375
001c267f-ff0f-4d8b-9431-cfe7ca6e65a4,chirp3_1,True,7.08,0.0,0.0,0.001220703125,0.000885009765625
001c9355-dc7e-4667-8a53-3e477971c29f,chirp3_1,True,5.32,0.0,0.0,3.0517578125e-05,0.001556396484375
001cd569-35cf-40e5-95ec-f118673cc577,chirp3_1,True,10.88,0.0,0.0,0.00152587890625,0.017547607421875
001d00fb-b97d-45ae-98e4-863e749a4830,chirp3_1,True,12.96,0.0,0.0,0.011199951171875,0.010955810546875
001d1b13-119a-4fec-a3bc-09f4e2593748,chirp3_1,True,7.0,0.0,0.0,0.0015869140625,0.0086669921875
001d218c-84a2-4f65-9d08-cb8200750f3e,human_5,False,7.18125,0.0,0.0,0.002716064453125,0.039794921875
001d2e6e-1f08-42c1-abbb-fa50ae7e0cf4,chirp3_1,True,9.56,0.0,0.0,0.025390625,0.01141357421875
001d508c-f948-4ca5-bb7d-892a6dc49a9d,liva_1,False,12.1756875,0.0,0.0,0.00677490234375,0.00250244140625
001d770f-d628-4c7c-a5de-b03a20f95c6f,chirp3_1,True,11.96,0.0,0.0,0.027862548828125,0.001068115234375
001db9fa-c4ac-4e8f-94e1-39c780794242,chirp3_2,True,6.4,0.0,0.0,0.017364501953125,0.012786865234375
001dea92-14a7-474b-88d7-218423dda66b,chirp3_2,True,4.96,0.0,0.0,0.02105712890625,0.009429931640625
001dee74-3b2a-4d84-b673-c6b1c115f76a,chirp3_1,True,6.6,0.0,0.0,0.000885009765625,0.00518798828125
001e46c2-2203-4c28-b21f-dadd02217f59,chirp3_1,True,15.36,0.0,0.0,0.05401611328125,0.03729248046875
001edde0-c612-4cc9-9fff-a29d1a394fa6,chirp3_1,True,2.76,0.0,0.0,0.0101318359375,0.009429931640625
001f1061-a4a9-4fdf-a02b-60ab9297f8f0,liva_1,False,9.7419375,0.0,0.0,0.035614013671875,0.014739990234375
001f7e89-fdf5-440b-8926-111f633851ce,chirp3_1,True,11.96,0.0,0.0,0.000335693359375,0.000732421875
001fa4d0-e8e5-4669-8849-fa2ad5af73b5,chirp3_2,True,6.52,0.0,0.0,0.017547607421875,0.0003662109375
001fda21-4f14-46f1-a7a8-0c3c679e9916,chirp3_2,True,3.68,0.0,0.0,0.0428466796875,0.002777099609375
001fdd88-42aa-4035-86cf-e52b72291217,chirp3_1,True,13.56,0.0,0.0,0.018157958984375,0.012969970703125
001fe357-c69c-4332-9044-4db1756757e7,chirp3_1,True,5.96,0.0,0.0,0.0001220703125,0.000152587890625
002010ad-817e-4b4e-a73c-280678bc3d21,chirp3_2,True,3.68,0.0,0.0,0.015716552734375,0.0067138671875
00204637-16a5-419c-b6c6-f07336b7044b,chirp3_1,True,10.4,0.0,0.0,0.013763427734375,0.000701904296875
002077dd-1ca7-430f-b0ee-b006579475d4,midcentury_1,False,4.307875,0.0,0.0,0.002471923828125,0.000640869140625
002093c2-8654-4fe1-9397-c49277294323,liva_1,False,10.5705625,0.0,0.0,0.01849365234375,0.014312744140625
0020a695-6853-46a7-98ff-ef5a24c1db25,rime_2,True,6.1765,0.0,0.0,0.0025634765625,0.000701904296875
0020a79e-43e0-46ae-a2e7-9423741faf0b,chirp3_2,True,3.04,0.0,0.0,0.00299072265625,0.001556396484375
0020b142-e467-4394-8686-d6b3da005cdb,chirp3_2,True,4.48,0.0,0.0,6.103515625e-05,0.0001220703125
0020bf3d-5bbc-4f99-baa5-c3aa181f8efb,chirp3_2,True,5.36,0.0,0.0,0.040130615234375,0.004180908203125
0020f137-badc-41b4-a61f-3ec0af8b811d,chirp3_2,True,3.96,0.0,0.0,0.04364013671875,0.005218505859375
00210924-cce4-4f56-a925-46d4cb72e629,chirp3_1,True,8.4,0.0,0.0,0.029388427734375,0.033233642578125
00211738-3a9b-422a-80c6-aa348ee20c4a,orpheus_midfiller_1,True,7.424,0.0,0.0,0.000213623046875,0.000885009765625
002128ec-c194-4748-863c-8c2ba8d65260,chirp3_1,True,7.4,0.0,0.0,0.0179443359375,0.061614990234375
0021562c-a4da-41e1-9166-6b24d33cf3b1,chirp3_1,True,9.68,0.0,0.0,0.002410888671875,0.008148193359375
00217ebc-01ad-4ed1-9279-943d4a22953d,orpheus_grammar_1,True,6.997375,0.0,0.0,0.0006103515625,0.00152587890625
002191de-728d-4329-9766-052a682bae01,chirp3_1,True,4.8,0.0,0.0,0.00531005859375,0.00213623046875
0021feb7-e9eb-42c8-91b3-8bed864e98de,chirp3_1,True,4.92,0.0,0.0,0.0003662109375,0.007415771484375
00220894-3cd1-4a35-b611-1908b89c0f91,chirp3_1,True,12.64,0.0,0.0,0.00042724609375,0.001495361328125
00220949-6595-4ca7-9e8d-aa0ee7f8158d,chirp3_1,True,4.0,0.0,0.0,3.0517578125e-05,0.002227783203125
00225890-a310-45db-b6bc-9ed4c16e886b,chirp3_1,True,9.56,0.0,0.0,0.00341796875,0.002227783203125
00225e8b-43ee-4b61-ba5a-d77f257ac25a,chirp3_1,True,7.76,0.0,0.0,0.002227783203125,0.03021240234375
0022de60-8b7a-4685-af87-98ef0225d1c4,chirp3_1,True,3.36,0.0,0.0,0.001708984375,0.012908935546875
002341e2-97e9-4b3a-9de6-f54ff3d52401,chirp3_1,True,7.0,0.0,0.0,0.000518798828125,0.0018310546875
0023ad86-5a2f-40cb-adfd-23ff1b5e3f4f,chirp3_2,True,9.2,0.0,0.0,0.00518798828125,0.000518798828125
0023b36b-0ecd-4b97-8072-00b1eb871266,chirp3_1,True,2.36,0.0,0.0,0.00250244140625,0.033355712890625
0023ce03-f499-4304-b709-74a9b8a84a2b,chirp3_1,True,7.44,0.0,0.0,0.000823974609375,0.004730224609375
0023ce91-cb5b-4ea8-b85a-3fd261b770af,chirp3_1,True,12.92,0.0,0.0,0.0062255859375,0.00567626953125
00246b3f-9e51-4edd-ad95-21658764a54f,chirp3_1,True,10.0,0.0,0.0,0.001922607421875,0.000213623046875
00248c87-1201-410e-9d5d-ceb7a2359c9d,chirp3_2,True,4.36,0.0,0.0,0.077545166015625,0.016021728515625
00249afb-94ac-4f03-8b9a-32bd031f90e5,liva_1,False,16.0,0.0,0.0,0.0047607421875,0.01495361328125
0024b6cd-4988-45df-b67c-297e757e7b5d,orpheus_grammar_1,True,2.4746875,0.0,0.0,0.000579833984375,0.000244140625
0024de79-bbd8-435a-969c-b952beef0d95,chirp3_2,True,9.04,0.0,0.0,0.029205322265625,0.00665283203125
0025110d-861c-46a5-83b2-300062fef70d,chirp3_1,True,1.72,0.0,0.0,0.0040283203125,0.0008544921875
002545a0-c033-444f-b0f4-27ec1f1f5caa,chirp3_1,True,5.24,0.0,0.0,0.00653076171875,0.00238037109375
00255cc5-2cbc-4574-8266-945f4828b89c,liva_1,False,12.8005625,0.0,0.0,0.003448486328125,0.000396728515625
00259f44-a687-43fa-a574-1f4db5e5d97b,liva_1,False,11.172125,0.0,0.0,0.020965576171875,0.03094482421875
0025c5d9-adcc-4e57-b0a5-99e6cf975c23,liva_1,False,13.3428125,0.0,0.0,0.0380859375,0.009246826171875
0025d6e2-f31d-4946-bd2e-399b3d780032,chirp3_1,True,4.64,0.0,0.0,0.000457763671875,0.0013427734375
00262a88-5cb4-4aa8-9fdf-69623884549a,chirp3_1,True,7.0,0.0,0.0,0.0001220703125,0.000518798828125
00263b57-fd17-41c1-8337-348b20b7940d,chirp3_1,True,3.96,0.0,0.3125,9.1552734375e-05,0.0
00266c1b-fd35-4c7c-ab72-a5705587d439,chirp3_1,True,9.32,0.0,0.0,0.00946044921875,0.00250244140625
0026d102-0e94-4188-bb08-86a176c30364,chirp3_1,True,5.4,0.0,0.0,3.0517578125e-05,0.00128173828125
0026e2b8-bd69-491b-a788-bc9aabd45403,chirp3_1,True,5.68,0.0,0.0,0.001983642578125,0.001861572265625
00277e4f-37ba-4d9d-b8c5-1ab095367f5f,chirp3_2,True,3.96,0.0,0.0,0.005889892578125,9.1552734375e-05
0027d458-9a95-499c-895b-aeb337750212,chirp3_1,True,3.8,0.0,0.0,0.01068115234375,0.00439453125
00284ae0-473d-4d68-9f78-6f27f38df6fb,chirp3_2,True,8.68,0.0,0.0,0.0006103515625,0.0020751953125
0028bdae-f2b7-4961-ae7b-fe54e7a15caf,chirp3_1,True,6.28,0.0,0.0,0.003082275390625,0.001800537109375
0028cf13-8024-486a-a53f-8cfa5278a1d6,chirp3_2,True,8.2,0.0,0.0,0.00286865234375,0.00189208984375
0028d0f3-7eae-4864-b965-352c0022943b,chirp3_1,True,14.64,0.0,0.0,0.00836181640625,0.029541015625
00299c83-1bcd-4c0c-974f-92db6698a73d,chirp3_1,True,9.68,0.0,0.0,0.000732421875,0.001220703125
0029a6f6-7ff6-4f60-8dd3-77435528cc0f,chirp3_1,True,6.16,0.0,0.0,9.1552734375e-05,0.0001220703125
0029a93b-ced5-4386-a669-cea59242fad5,midcentury_1,False,4.87525,0.0,0.0,0.016998291015625,0.008819580078125
002a51ad-2b93-4e1d-b475-37fb3f2cad1f,chirp3_1,True,7.52,0.0,0.0,0.00439453125,0.0118408203125
002a5800-43b0-4a2e-9c93-8d6d2655290a,chirp3_2,True,10.84,0.0,0.0,0.015167236328125,0.009307861328125
002a592d-31df-42e5-9c8b-6fc4a2dca898,chirp3_2,True,6.2,0.0,0.0,9.1552734375e-05,0.000335693359375
002a9794-652d-4ee9-883f-cc7679acf47d,chirp3_1,True,7.6,0.0,0.0,6.103515625e-05,0.008880615234375
002ab493-60e7-433b-9f42-545f6e75d7bd,chirp3_1,True,9.24,0.0,0.0,0.015838623046875,0.016143798828125
002ab907-c703-4365-9430-17e07ac07b91,chirp3_1,True,6.64,0.0,0.0,0.0057373046875,0.0001220703125
002b5e69-534b-439a-a1a4-d98ff64167bf,chirp3_1,True,8.52,0.0,0.0,0.011810302734375,0.00994873046875
002be122-75f1-4847-95f8-6af637cb9f1f,chirp3_1,True,10.76,0.0,0.0,0.00299072265625,0.00323486328125
002bf713-f34d-4081-b1cf-5a32d4d7e898,chirp3_1,True,7.76,0.0,0.0,0.007293701171875,0.003173828125
002c1875-d043-461d-8fd2-8a360839fa55,orpheus_grammar_1,True,7.5946875,0.0,0.0,0.010406494140625,0.018524169921875
002c18f1-08d3-4eb0-85ca-9401cfbe2a2b,mundo_1,False,7.924,0.0,0.0,0.068817138671875,0.0108642578125
002c2eaf-2144-4d31-a5ef-d3fc97e6d59d,chirp3_1,True,7.6,0.0,0.0,0.002197265625,0.01007080078125
002c4715-ce68-4eaf-917b-cf5bcf1688d4,chirp3_1,True,3.84,0.0,0.0,0.001129150390625,0.005462646484375
002c74b7-c430-4a99-8d4f-5d08fa8fedc5,chirp3_1,True,3.96,0.0,0.0,0.010498046875,0.01409912109375
002c9a6f-5775-44df-89ea-3abf9bf32e9c,midcentury_1,False,3.262,0.0,0.0,0.287200927734375,0.06939697265625
002ce78d-97e8-488b-937e-f3287fbad6b4,chirp3_1,True,15.0,0.0,0.0,0.0762939453125,0.007843017578125
002d2cb8-c567-4e5a-ac0f-8242f0afd710,chirp3_1,True,12.88,0.0,0.0,9.1552734375e-05,0.00103759765625
002db1ce-a85a-4db3-8ac0-67936ebda218,chirp3_2,True,8.36,0.0,0.0,0.00543212890625,0.004852294921875
002e38b4-3489-42a3-b0be-836d0362d319,chirp3_1,True,5.28,0.0,0.0,0.002288818359375,0.000457763671875
002e4cdb-9210-49d1-ae19-a905d979c6a9,chirp3_1,True,6.36,0.0,0.0,0.002960205078125,0.00048828125
002e4d73-3c63-45de-8bd0-a44fa8fdcc33,chirp3_1,True,13.12,0.0,0.0,0.00323486328125,0.002899169921875
002e8e2f-ab0f-4bab-be02-0cc639ad8158,chirp3_1,True,12.72,0.0,0.0,0.000213623046875,0.0018310546875
002ebc8a-62a7-4398-b9f5-08297424b323,liva_1,False,10.9673125,0.0,0.0,0.008087158203125,0.001678466796875
002ef19d-375f-465c-9cdd-48c8bb1d50cf,chirp3_1,True,2.68,0.0,0.0,6.103515625e-05,0.00128173828125
002ef98c-0ec2-4e34-bb07-5fdfdd5f18e5,chirp3_1,True,2.44,0.0,0.0,0.012603759765625,0.009552001953125
002f3b1e-f140-4525-a99f-afb126b5c585,chirp3_1,True,7.24,0.0,0.0,0.007415771484375,0.037200927734375
002f71f3-d5fa-4753-a82e-a1bfc61303ab,chirp3_2,True,4.96,0.0,0.0,0.0382080078125,0.007781982421875
002fa5e4-3e64-4c86-8aaf-7cdbc6d66106,rime_2,True,6.1068125,0.0,0.0,0.002044677734375,0.005157470703125
003079fd-9c67-4604-a7d9-8d2d64916e2f,mundo_1,False,2.004,0.0,0.0,0.001739501953125,0.009521484375
00308be6-23af-4957-bfeb-1ea8166bd6bd,chirp3_2,True,10.76,0.0,0.0,0.0010986328125,0.001190185546875
0030c448-f1ec-41b0-be08-e63a57c444a1,orpheus_midfiller_1,True,5.888,0.0,0.0,0.049072265625,0.00323486328125
00313dc2-ee6c-4164-8add-9110dcfe93b0,chirp3_2,True,10.56,0.0,0.0,0.00750732421875,0.002044677734375
0031486d-e230-4e68-8f5a-3f59e98da7fd,chirp3_1,True,8.16,0.0,0.0,0.011260986328125,0.001495361328125
0031982f-c6bc-44b0-82b6-949b2051e8e7,chirp3_2,True,9.8,0.0,0.0,0.045074462890625,0.01422119140625
0031b608-93d5-41ce-83d5-e409675f1761,chirp3_2,True,5.56,0.0,0.0,0.001007080078125,0.00238037109375
0031d8af-cca0-4c1f-9de4-0c865f584feb,chirp3_2,True,7.76,0.0,0.0,0.00067138671875,0.001861572265625
0031f852-870e-4c7b-a9f6-d31d9bfc3eeb,chirp3_1,True,8.8,0.0,0.0,0.03515625,0.00677490234375
0032cdcc-81e2-4d59-b610-016c6c5756a2,chirp3_2,True,6.44,0.0,0.0,0.013031005859375,0.016448974609375
0032e85b-d6a1-45ce-9bc6-eda54f034a2d,chirp3_1,True,7.8,0.0,0.0,0.000946044921875,0.059356689453125
0033e616-ca4a-4cbd-834f-db185cd34fdb,chirp3_1,True,11.56,0.0,0.0,0.030975341796875,0.002044677734375
00340941-9c6c-4c26-bd94-55dd51765c4f,liva_1,False,10.246375,0.0,0.0,0.01177978515625,0.00689697265625
00340f5e-55fb-4432-a32f-503d9a4fadcc,liva_1,False,8.8114375,0.0,0.0,0.008056640625,0.0067138671875
00341fd1-4e25-416b-a48e-dd26772b980f,liva_1,False,14.08875,0.0,0.0,0.00213623046875,0.011871337890625
00342155-983a-48f9-9e6d-72897b0add85,chirp3_1,True,8.88,0.0,0.0,0.006561279296875,0.008453369140625
0034479c-f827-43d4-b335-68102e405b5b,chirp3_2,True,7.32,0.0,0.0,0.018890380859375,0.05389404296875
0034e5ef-ad65-4017-af5a-50ddc425e0fa,chirp3_2,True,9.56,0.0,0.0,0.006439208984375,0.01568603515625
0034f5bd-2bdc-49d5-bb87-67640532b6ac,chirp3_1,True,2.36,0.0,0.0,0.007354736328125,0.010406494140625
00356a6c-720d-4734-b0f6-4c83da5138a1,chirp3_1,True,3.16,0.0,0.0,0.01007080078125,0.001129150390625
00359443-a336-4b20-9800-bbd11007080f,liva_1,False,12.307125,0.0,0.0,0.002471923828125,0.004730224609375
00359b6f-4ab4-4f6a-9b7e-085e6d8d2b1d,orpheus_grammar_1,True,4.693375,0.0,0.0,0.00762939453125,0.001312255859375
0035b37e-3cd5-415f-903c-4de4fb9fd306,chirp3_1,True,11.96,0.0,0.0,0.033233642578125,0.010498046875
0035c559-adef-4e17-a53f-3764cd596ff4,chirp3_1,True,10.6,0.0,0.0,0.0001220703125,0.000579833984375
00367a9c-adc7-402c-8f96-b89cb82ad0e5,chirp3_1,True,3.72,0.0,0.0,0.001861572265625,0.00177001953125
00368f4a-ab7b-4aa8-bc26-416c3558227b,midcentury_1,False,3.82,0.0,0.0,0.02618408203125,0.015106201171875
0036d875-8e4c-4318-9136-78daf69c0283,mundo_1,False,6.884,0.0,0.0,0.00244140625,0.024169921875
0036dd03-fe11-4e64-b20b-71d33466c481,chirp3_1,True,5.68,0.0,0.0,0.00439453125,0.008575439453125
00370724-5b67-4c3a-bf6f-a4e754393668,liva_1,False,16.0,0.0,0.0,0.049072265625,0.021392822265625
003762ea-6192-4e1b-b955-f17b91e23845,chirp3_1,True,14.4,0.0,0.0,0.00579833984375,0.016387939453125
0037af08-d8e9-4725-b09c-34880818d7ae,liva_1,False,10.526375,0.0,0.0,0.019744873046875,0.030548095703125
0037d370-9653-49d6-9b76-1704eefc9e76,chirp3_1,True,3.44,0.0,0.0,0.0001220703125,0.00018310546875
0037f9d0-2d6b-4047-ab02-38e22c19bc62,chirp3_2,True,10.84,0.0,0.0,0.000579833984375,0.0040283203125
00382414-c2e6-404e-b8dd-c511b4fade13,chirp3_1,True,6.88,0.0,0.0,0.012603759765625,0.003143310546875
00383a00-cab3-4ab0-adcf-1ab80d996ffe,liva_1,False,11.577375,0.0,0.0,0.00274658203125,0.005584716796875
0038622a-48a1-4217-a3a3-961275c73b0d,chirp3_2,True,7.32,0.0,0.0,0.00067138671875,0.00286865234375
003870e0-b7dc-4b5f-a67b-7f7e4393d837,liva_1,False,12.5606875,0.0,0.0,0.019500732421875,0.003265380859375
00387f48-890d-4599-9a7a-322a3d4da58d,chirp3_1,True,11.44,0.0,0.0,6.103515625e-05,0.0018310546875
0038df9c-9ab4-493d-b4cf-cad81706c332,chirp3_1,True,5.8,0.0,0.0,0.005096435546875,0.013916015625
0038f486-0ea2-4547-9ef7-49b6c4899d67,liva_1,False,13.360625,0.0,0.0,0.0079345703125,0.00653076171875
0039606c-966e-4ac9-89aa-e08d00efff9c,chirp3_1,True,5.6,0.0,0.0,0.00213623046875,0.009674072265625
00398dc8-cb26-4c1e-9df7-6136f0f612b2,chirp3_1,True,12.32,0.0,0.0,0.007781982421875,0.00537109375
0039ff93-2cc7-4fb6-a9b7-70a749bb9aad,liva_1,False,11.4669375,0.0,0.0,0.0001220703125,0.000396728515625
003a67c4-d42c-421f-9d42-c11f99356bba,liva_1,False,12.091625,0.0,0.0,0.143280029296875,0.00579833984375
003a8732-5cb4-47da-9f7d-19f93fe28915,chirp3_1,True,5.6,0.0,0.0,0.00079345703125,0.0010986328125
003ab093-41fd-4397-8434-8631150407f9,human_convcollector_1,False,2.4535,0.0,0.0,0.002960205078125,0.000885009765625
003abb95-27a2-4736-977d-eb2f3d8cc636,chirp3_1,True,7.76,0.0,0.0,0.001373291015625,9.1552734375e-05
003ac3d8-d798-4b56-9dc1-e1fa333da5ee,chirp3_1,True,15.0,0.0,0.0,0.000732421875,0.000396728515625
003ac4de-a31a-4615-89df-2afc538a2373,chirp3_1,True,2.44,0.0,0.0,0.006744384765625,0.013458251953125
003ac71d-20a7-4575-8b5f-c2d4c4da4c72,chirp3_2,True,8.0,0.0,0.0,0.000274658203125,0.000518798828125
003ad086-f481-49d5-90a3-bfb1cf4347e7,chirp3_2,True,7.04,0.0,0.0,0.000396728515625,0.001953125
003ae4c5-df8a-4405-90ba-3e89c5cdb3bc,chirp3_1,True,4.24,0.0,0.0,0.00177001953125,0.018341064453125
003b636c-2a39-424d-b75e-9686aa3b3aba,chirp3_1,True,6.0,0.0,0.0,0.00238037109375,0.004425048828125
003b72e6-249c-4e21-bdb7-181d891b92da,chirp3_1,True,11.16,0.0,0.0,0.007659912109375,0.008331298828125
003b8c15-72d7-4634-829f-41514ae6cb19,chirp3_2,True,9.36,0.0,0.0,3.0517578125e-05,0.0003662109375
003bbbeb-5942-4b4f-9b4c-19abe8cb8ae5,chirp3_1,True,9.0,0.0,0.0,0.000701904296875,0.0013427734375
003be31d-04f5-4fb9-a805-5057d88d489d,chirp3_1,True,4.52,0.0,0.0,0.01116943359375,0.01580810546875
003be661-4aae-4b77-9f1d-b640e9be4f0b,chirp3_2,True,4.24,0.0,0.0,0.0009765625,0.00115966796875
003c345a-d29d-4dd7-9b2d-9fb5c2ce1e89,chirp3_1,True,7.96,0.0,0.0,0.010711669921875,0.005615234375
003c40e7-ad7a-44ed-8796-1e10f2d4bd7c,chirp3_2,True,3.56,0.0,0.0,0.0009765625,0.001434326171875
003c6cfb-ce61-4041-9797-2a5c01a960c8,chirp3_2,True,8.0,0.0,0.0,0.00225830078125,0.001617431640625
003cf18b-2663-4c2d-9328-13ca6a2cc2a3,chirp3_1,True,5.36,0.0,0.0,0.00177001953125,0.014251708984375
003d0c7b-9cf3-4419-ae87-349c198833c1,chirp3_1,True,7.4,0.0,0.0,0.02886962890625,0.021636962890625
003d17d2-7640-4001-918e-2df490bbd9a8,liva_1,False,12.4243125,0.0,0.0,0.000274658203125,0.0008544921875
003d3882-0f37-480f-8536-ae0d4a9d9fa1,chirp3_1,True,4.72,0.0,0.0,0.001068115234375,0.006561279296875
003ec730-80fd-4102-b48c-cfd0a6adee34,chirp3_1,True,9.76,0.0,0.0,0.012847900390625,0.00189208984375
003ed3ce-6874-4795-9292-5d675fcf3132,orpheus_endfiller_1,True,5.5466875,0.0,0.0,0.0045166015625,0.007659912109375
003fd670-0d8a-4634-a1ad-c1e5e9b05e26,chirp3_1,True,8.56,0.0,0.0,0.000885009765625,0.00030517578125
003ff3c2-43c1-42b3-a36d-39d1386734f1,chirp3_1,True,5.8,0.0,0.0,0.000244140625,0.00030517578125
00405df5-f4c4-4d62-b6fb-190eabf764d7,mundo_1,False,2.516,0.0,0.0,0.007568359375,0.015106201171875
00406c65-e435-4403-bcad-2669c54637be,chirp3_1,True,5.04,0.0,0.0,0.021820068359375,0.024810791015625
0040b14c-4f41-496e-94b5-c55917927a00,midcentury_1,False,3.416,0.0,0.0,0.044219970703125,0.002471923828125
0040fda4-43dc-4c5e-bd85-82b6c801a64b,chirp3_2,True,8.72,0.0,0.0,0.02239990234375,0.0084228515625
0041196e-0c02-4d36-82b4-c656c943f795,chirp3_1,True,10.16,0.0,0.0,3.0517578125e-05,0.004425048828125
00415988-4b83-475a-956c-470e344f1aa1,chirp3_1,True,4.56,0.0,0.0,0.009918212890625,0.02532958984375
00417843-d72b-46a1-9b25-ac8d0f17e8c5,liva_1,False,13.8085,0.0,0.0,0.073944091796875,0.00982666015625
004193a1-ef5e-4a66-9b51-b39de26c9dcb,chirp3_2,True,8.32,0.0,0.0,0.031219482421875,0.033172607421875
00420727-9b4b-4a8e-9569-c74eae93d6a7,liva_1,False,11.9051875,0.0,0.0,0.020050048828125,0.005767822265625
0042253f-7024-468b-bdd3-9fb1c500c8ea,chirp3_1,True,11.44,0.0,0.0,3.0517578125e-05,0.000213623046875
004233de-1ece-4d92-a95f-231a394d993b,chirp3_1,True,9.08,0.0,0.0,0.0081787109375,0.005889892578125
00430ce6-7502-416e-927b-53a3f185a0e2,chirp3_2,True,7.48,0.0,0.0,0.003814697265625,0.00042724609375
00434f52-632c-4e96-91fe-72d30adbbd02,liva_1,False,16.0,0.0,0.0,0.004547119140625,0.0067138671875
0043a36c-f8ab-491c-b11e-73ed93049b54,chirp3_1,True,4.36,0.0,0.0,0.00860595703125,0.00054931640625
0043c465-71a9-488e-bb23-0db84b5330e6,chirp3_1,True,8.84,0.0,0.0,0.001800537109375,3.0517578125e-05
00448d10-5427-4b50-9fad-63574d3efd38,chirp3_2,True,4.4,0.0,0.0,0.0008544921875,0.0003662109375
0044a2d2-abb1-4f2e-b347-052e7c70e763,chirp3_1,True,4.96,0.0,0.0,0.003021240234375,0.005401611328125
0044b184-5200-4204-9265-183f6f6ffb7a,chirp3_1,True,7.4,0.0,0.0,9.1552734375e-05,9.1552734375e-05
00450432-d958-44b6-8f3d-1782eb646237,chirp3_2,True,7.2,0.0,0.0,0.000244140625,0.001983642578125
004505de-d55f-49fa-a01e-8f879cc52609,chirp3_1,True,4.6,0.0,0.0,0.0069580078125,0.000640869140625
00454388-5f3d-4b28-ba96-907cd14ecd7b,chirp3_1,True,4.36,0.0,0.0,0.00726318359375,0.002197265625
004557da-dfa3-4a0d-b719-c0539b529b60,chirp3_2,True,6.56,0.0,0.0,9.1552734375e-05,0.000762939453125
0045d4d1-fa49-49d8-8664-7ea32d5a63ee,midcentury_1,False,4.745,0.0,0.0,0.015777587890625,0.013427734375
0045fc3c-9690-486b-a1e0-cf27447be0a7,chirp3_2,True,4.84,0.0,0.0,0.08599853515625,0.006805419921875
00461d90-887e-4ce2-af6a-1bcde0b23549,chirp3_1,True,10.6,0.0,0.0,0.00128173828125,0.006439208984375
0046b3cb-d5cb-4fe4-96ee-405362b13ec8,chirp3_1,True,4.84,0.0,0.0,0.00030517578125,0.00201416015625
0046c4d6-93ae-4a6b-84fe-fa926e2b735c,chirp3_2,True,7.92,0.0,0.0,0.004058837890625,0.003509521484375
0046f6d8-4036-4c69-84f4-a05ff8dfc559,chirp3_2,True,5.96,0.0,0.0,0.011383056640625,0.010528564453125
0046fa14-be3b-4f7e-bcf7-d6d98d1dcbcc,chirp3_1,True,3.76,0.0,0.0,0.00091552734375,0.001922607421875
00470190-1eb1-4b84-9f54-1d8069392876,liva_1,False,11.2375625,0.0,0.0,0.00927734375,0.0096435546875
00473abb-187e-42d5-bbeb-e9620dfe79f5,chirp3_1,True,5.8,0.0,0.0,3.0517578125e-05,0.000457763671875
00478079-c51b-4512-9967-a4376ba27f03,chirp3_2,True,8.88,0.125,0.0,0.0,0.0003662109375
00479e9b-af2c-4842-a784-ce7cddc4de1e,liva_1,False,10.7079375,0.0,0.0,0.002532958984375,0.00048828125
0047ddde-3d10-4cca-b7f2-b4b1700698ac,chirp3_1,True,3.68,0.0,0.0,0.001129150390625,0.0020751953125
00480e9d-1952-41f3-98d4-279e46650f39,chirp3_1,True,8.2,0.0,0.0,0.0008544921875,0.000946044921875
004812be-d3ac-4c31-8639-094a6ee9e738,chirp3_1,True,5.36,0.0,0.0,0.000274658203125,0.0009765625
00481f07-388e-49a4-90c2-b59ea982b455,chirp3_1,True,7.76,0.0,0.0,0.010833740234375,0.0235595703125
0048dab8-238b-41f2-bb1e-ba37e261312e,chirp3_1,True,8.56,0.0,0.0,0.00408935546875,0.036773681640625
0048e36e-9424-486c-a709-99ecd2d527ac,chirp3_1,True,12.32,0.0,0.0,0.000579833984375,0.000152587890625
004903c2-adb1-41c4-8b10-5f54307dec7c,chirp3_2,True,2.52,0.0,0.0,0.013519287109375,0.009033203125
00493a31-5a7e-4bd9-bc13-7aa4c14372a2,chirp3_2,True,6.16,0.0,0.0,0.00067138671875,0.0008544921875
00494bda-3594-478c-9bda-9a825ec7c10c,chirp3_1,True,7.96,0.0,0.0,6.103515625e-05,3.0517578125e-05
004953bb-349e-4f35-b9e6-ca50cf0fb1b1,chirp3_2,True,7.96,0.0,0.0,0.002777099609375,0.00091552734375
0049e736-5ce3-4771-9762-da41ef967f0e,chirp3_1,True,5.08,0.0,0.0,0.001556396484375,0.003631591796875
004a5741-f825-4d80-a5ee-4bf4d3301fcb,rime_2,True,6.4899375,0.0,0.0,0.1737060546875,0.013885498046875
004a59da-b285-4d8b-93d1-1610a84262d7,chirp3_2,True,11.72,0.0,0.0,0.067718505859375,0.005889892578125
004a651d-38cd-44a2-9a23-befa3b90b794,liva_1,False,11.6275625,0.0,0.0,0.005523681640625,0.00067138671875
004a8f5d-3fce-4f52-a086-fe8df18935a0,chirp3_2,True,4.72,0.0,0.0,0.000640869140625,0.021759033203125
004aa4b2-0f31-4212-9420-2c1fd475b48f,chirp3_1,True,5.64,0.0,0.0,0.00262451171875,0.007171630859375
004ac266-1bf6-4174-a1d5-b136d1feed0a,chirp3_1,True,5.44,0.0,0.0,0.00018310546875,0.003875732421875
004b0e97-3544-4931-bc08-87791397684c,rime_2,True,7.9411875,0.0,0.0,0.00445556640625,0.001190185546875
004b0f9e-b4bd-4256-8000-105d89d5133c,chirp3_2,True,4.72,0.0,0.0,0.04827880859375,0.04888916015625
004b1bb1-3ee4-409a-93ca-aeaf35eca263,chirp3_1,True,3.56,0.0,0.0,0.00311279296875,0.038330078125
004ba3fc-cc66-4234-b0cd-a8fb266085e0,chirp3_1,True,7.52,0.0,0.0,0.0015869140625,0.002227783203125
004bb766-40c7-4731-b04f-94ba40ccf50d,orpheus_grammar_1,True,6.912,0.0,0.0,0.01202392578125,0.0609130859375
004be0e6-c3a4-4453-9b7c-e03c7b931131,chirp3_1,True,4.52,0.0,0.0,0.000457763671875,0.000152587890625
004c384b-6753-41a1-b4ee-d4ecd4595ef6,chirp3_1,True,8.08,0.0,0.0,0.0008544921875,0.0008544921875
004c4b9b-215c-43a6-96e4-a73a417f0837,chirp3_1,True,3.68,0.0,0.0,0.00213623046875,0.01055908203125
004c4d24-76f8-44d6-9de7-9bb57240d4eb,chirp3_2,True,4.04,0.0,0.0,0.00042724609375,0.001434326171875
004c4f7d-f942-4f5d-90c8-6cfef8e2b23e,liva_1,False,12.7635625,0.0,0.0,0.001739501953125,0.0360107421875
004c9955-4411-4f43-8cc1-7d1a6aa70dfb,chirp3_1,True,14.04,0.0,0.0,0.00885009765625,0.0009765625
004cfa7f-5c90-4bde-97ea-11391da368f1,chirp3_1,True,5.92,0.0,0.0,0.00030517578125,0.000823974609375
004d0cca-1daa-404f-b9e4-203db4d2e515,chirp3_1,True,6.48,0.0,0.0,0.015777587890625,0.0052490234375
004d85b3-63e6-48ff-b42c-bb1da691c8d6,mundo_1,False,4.148,0.0,0.0,0.003143310546875,0.016571044921875
004da371-b9b2-4d7b-8cb5-52b945040d11,liva_1,False,13.057375,0.0,0.0,0.080078125,0.021240234375
004da9b4-23e1-4bd0-a217-79206f2d983b,chirp3_1,True,5.96,0.0625,0.0,0.0,0.00054931640625
004dc048-f056-4f73-bbeb-37cfdbbea9ce,chirp3_1,True,7.8,0.0,0.0,0.000640869140625,0.002716064453125
004e5b21-c153-423c-a6e2-7c75b31bf2f0,chirp3_2,True,13.76,0.0,0.0,0.00732421875,0.01116943359375
004e6c90-ea66-4266-915b-765f6bd5c571,chirp3_2,True,4.52,0.0,0.0,3.0517578125e-05,0.00189208984375
004ea599-7015-4a94-8ade-4dca346f6321,liva_1,False,16.0,0.0,0.0,0.009735107421875,0.02349853515625
004ed148-7f38-45b4-a363-56213917518a,orpheus_endfiller_1,True,5.717375,0.0,0.0,0.002410888671875,0.00677490234375
004f1176-795e-406e-bab1-eadb05422ab6,chirp3_2,True,4.4,0.0,0.0,0.002471923828125,0.003082275390625
004f9477-09e5-4221-a3bb-3fa04a724539,chirp3_1,True,4.88,0.0,0.0,0.0040283203125,0.0003662109375
004fa669-c006-4e6e-9ac8-b403fa3f4597,chirp3_2,True,6.4,0.0,0.0,0.000732421875,0.001983642578125
004fd55d-e90f-4218-b7e3-201ddfb41bb8,chirp3_1,True,7.28,0.0,0.0,0.014862060546875,0.0179443359375
004fe277-9e7f-492a-839c-1c2e2e87540b,chirp3_2,True,7.44,0.0,0.0,3.0517578125e-05,0.00128173828125
004fe645-3d07-40de-8796-3ceb5ac82c15,chirp3_1,True,14.36,0.0,0.0,0.025970458984375,0.024078369140625
00508a28-c329-4c3c-ac82-97721e847c4b,chirp3_2,True,7.2,0.0,0.0,0.013031005859375,0.0166015625
00509fad-a137-4f99-87d8-1dbcb62e0d53,chirp3_1,True,8.04,0.0,0.0,0.02178955078125,0.0130615234375
0050b4ad-150e-40b8-8447-8304a66f6691,chirp3_1,True,7.12,0.0,0.0,0.000152587890625,0.0025634765625
0051059a-ef2c-46be-9d21-4499a537d092,chirp3_1,True,7.4,0.0,0.0,0.00048828125,0.002227783203125
005113cc-f4cb-4957-aeeb-07b2dbad03b7,liva_1,False,12.9490625,0.0,0.0,0.001708984375,0.030487060546875
005142c4-6897-4f8f-837e-87e0e9d35556,liva_1,False,9.82575,0.0,0.0,0.00384521484375,0.001739501953125
0051d062-4f45-404b-a7e1-06b03b77376e,liva_1,False,10.3798125,0.0,0.0,0.081787109375,0.01788330078125
00523553-cc90-48b4-9b87-70660216dd75,chirp3_1,True,10.56,0.0,0.0,0.00103759765625,0.001373291015625
00524bf0-f41e-4f2b-87c5-8e008c6687c3,chirp3_2,True,6.32,0.0,0.0,0.001434326171875,0.003265380859375
005289c0-6b35-4829-8fa2-787ebb1a1b67,liva_1,False,16.0,0.0,0.0,0.00775146484375,0.009857177734375
005293ec-f8b8-4851-bb28-51b604542257,midcentury_1,False,3.9229375,0.0,0.0,0.00494384765625,0.016021728515625
0052f0c7-6f5d-46bd-984f-962daafab6b2,chirp3_2,True,3.2,0.0,0.0,0.005096435546875,0.00091552734375
00533c82-2817-4539-8914-0477b6c09e15,chirp3_1,True,11.84,0.0,0.0,0.00689697265625,0.010528564453125
0053aa46-1a98-4e29-a0d5-270f37595d53,rime_2,True,6.722125,0.0,0.0,0.005157470703125,0.01611328125
0053e9df-8c17-4a15-979c-d5f08fca3e58,liva_1,False,11.215375,0.0,0.0,0.005462646484375,0.0072021484375
005459b0-303f-491b-af50-7c3c1b0aead1,chirp3_1,True,11.0,0.0,0.0,0.00079345703125,0.005645751953125
00547fa8-218e-4b26-a63d-e0996dc616a1,chirp3_2,True,4.12,0.0,0.0,0.005859375,0.0042724609375
005490ac-d3a9-456b-8a69-f3c39682f0dc,orpheus_grammar_1,True,7.168,0.0,0.0,0.00738525390625,0.040435791015625
0054a5c4-4b2a-4917-ad3f-9efe5c63d1c9,midcentury_1,False,3.732,0.0,0.0,0.008758544921875,0.00067138671875
00551893-e7b2-48c7-b8d0-1ea1c2273b1e,chirp3_2,True,2.08,0.0,0.0,0.0013427734375,0.0003662109375
00552f6e-056e-471e-8218-c90a0fdcb286,chirp3_2,True,6.44,0.0,0.0,0.0194091796875,0.0028076171875
0055b2d0-9fce-420e-a17d-b4c0924aaaf6,chirp3_1,True,8.48,0.0,0.0,0.001068115234375,0.001373291015625
0055c906-7c4a-4648-b589-05adf8c0e64c,chirp3_2,True,10.32,0.0,0.0,0.000396728515625,0.000213623046875
00564f28-57c0-479c-b4f0-342fc77c6f21,liva_1,False,7.1000625,0.0,0.0,0.00042724609375,0.00518798828125
00574ae1-75d7-40dc-8eae-fcd109055d87,chirp3_2,True,4.96,0.0,0.0,0.00115966796875,0.002899169921875
00579a83-0c4b-419a-a20b-fb532d14a9b6,chirp3_1,True,4.08,0.0,0.0,0.000335693359375,0.000244140625
00579c84-f7ad-4507-993c-0f2c3c4fb0af,chirp3_2,True,9.36,0.0,0.0,0.000640869140625,0.028106689453125
00579fab-4341-49dd-a78b-69b8391467fd,chirp3_1,True,11.2,0.0,0.0,0.0003662109375,0.000335693359375
0057a800-1f7a-4d85-8b38-30bfca66291d,chirp3_1,True,5.8,0.0,0.0,0.00225830078125,0.0032958984375
0057a94c-84b7-4388-85ef-912256cd38b1,orpheus_endfiller_1,True,4.352,0.0,0.0,0.012542724609375,0.008575439453125
0057a996-09e5-485c-8a47-534c23acdbd6,chirp3_1,True,8.56,0.0,0.0,0.001434326171875,0.0040283203125
0057f6a2-a8f5-479b-93aa-195db06ebc6c,chirp3_1,True,12.68,0.0,0.0,0.00048828125,9.1552734375e-05
0058737c-4c5c-40f3-9076-b2fb5fc9e4ea,chirp3_1,True,7.48,0.0,0.0,0.00250244140625,0.00103759765625
0058a80a-20b5-4387-932c-66835d0fa25d,liva_1,False,13.7605625,0.0,0.0,0.00054931640625,0.000335693359375
00590487-bd88-44f0-a390-9887bb82e915,chirp3_1,True,5.6,0.0,0.0,0.003326416015625,0.000396728515625
00590bc9-e8a0-43d4-ab74-a63f45deb805,chirp3_1,True,15.08,0.0,0.0,0.003631591796875,0.00555419921875
005918ad-9829-4c94-9b65-3efdaf7991ec,chirp3_1,True,4.72,0.0,0.0,0.0006103515625,0.014312744140625
0059284c-b235-430a-aed5-4860005d7bff,chirp3_1,True,8.44,0.0,0.0,0.009857177734375,0.0084228515625
00592a58-9e3c-4ba6-8b92-4729b11638b0,chirp3_1,True,5.08,0.0,0.0,0.00274658203125,0.00079345703125
00593b7e-1d7c-4559-b498-70c22cbd9ddd,chirp3_2,True,8.12,0.0,0.0,0.01251220703125,0.000244140625
0059613d-16f1-417a-8026-decc3e757813,chirp3_1,True,5.48,0.0,0.0,0.001434326171875,0.000335693359375
00598e66-95f5-4406-8df9-5ed4df729e12,liva_1,False,13.0175625,0.0,0.0,0.003692626953125,0.01641845703125
00599221-ad8c-4d09-9135-b7c4bd35744c,chirp3_2,True,4.76,0.0,0.0,0.009246826171875,0.001312255859375
00599b06-258e-4d32-ab34-ce5d50366941,liva_1,False,11.484375,0.0,0.0,0.00726318359375,0.00543212890625
0059c16d-85ca-4621-b8eb-cc4b229ee6d6,chirp3_1,True,5.44,0.0,0.0,0.00146484375,0.00164794921875
0059cdd7-8e21-49d1-bbcb-743bc1a8f9af,chirp3_1,True,6.36,0.0,0.0,0.003021240234375,0.00787353515625
0059e2d5-eb8e-42b9-bf8f-066159d96233,human_5,False,2.624,0.0,0.0,0.0250244140625,0.031524658203125
0059f316-3bef-40f3-924e-9dd76942ce72,chirp3_1,True,7.56,0.0,0.0,0.0013427734375,0.0030517578125
005a8dce-5b28-4475-9cb6-b50bec1f1771,chirp3_2,True,8.52,0.0625,0.0,0.0,0.0009765625
005accaa-69c6-4df0-8067-ebee0bd96d87,liva_1,False,11.3113125,0.0,0.0,0.007354736328125,0.004150390625
005ad1f8-a1dd-451f-8e0b-1f98ba0f2266,chirp3_2,True,11.08,0.0,0.0,0.001251220703125,3.0517578125e-05
005b0b72-bc2f-4ab3-bdc4-57a61c9fb920,chirp3_1,True,6.08,0.0,0.0,0.005950927734375,0.000457763671875
005b94e6-60f8-4c96-bc22-0fdca63618de,chirp3_1,True,9.84,0.0,0.0,0.00360107421875,0.000701904296875
005c0e01-bed8-48bf-bfe6-bdfc0ff8275a,chirp3_2,True,11.0,0.0,0.0,0.041107177734375,0.00537109375
005c780f-e996-42f5-8119-c319135d8152,chirp3_1,True,4.04,0.0,0.0,0.000579833984375,0.00048828125
005c8f28-5ffb-49ee-8659-9f04f98f651b,chirp3_1,True,6.64,0.0,0.0,0.005462646484375,0.038818359375
005d15f2-6d6b-44e7-abc0-8c64f1a593a2,chirp3_1,True,4.92,0.0,0.0,0.000396728515625,0.0013427734375
005d1d45-27d5-4f69-b6cb-faece4292e28,liva_1,False,12.4815,0.0,0.0,0.000701904296875,0.002655029296875
005d6cec-8e3e-4288-9833-80886172f39d,orpheus_grammar_1,True,8.6186875,0.0,0.0,0.014739990234375,0.011016845703125
005d7a4e-4e34-4d00-9ab6-189d66df5db7,chirp3_1,True,9.84,0.0,0.0,0.008087158203125,0.011077880859375
005d8628-6284-44db-b07e-3b8599253abc,liva_1,False,15.7076875,0.0,0.0,0.001251220703125,0.001617431640625
005d95c0-44d2-4c3e-8a19-5685dbeb1e94,mundo_1,False,7.486,0.0,0.0,0.007843017578125,0.001708984375
005d9db5-18a4-4ed6-85b0-c85985716b49,chirp3_1,True,7.48,0.0,0.0,0.000457763671875,0.000762939453125
005da57e-8b7c-4cee-a70a-6d0647a2dbc3,chirp3_1,True,7.48,0.0,0.0,0.00262451171875,0.003082275390625
005defc6-afd5-4152-97f3-ee455adb4d32,chirp3_1,True,7.56,0.0,0.0,0.00689697265625,0.000762939453125
005e0169-463b-44b5-8dd0-5e024c6f8181,chirp3_1,True,4.28,0.0,0.0,0.037384033203125,0.01495361328125
005e2783-9d7c-46b8-b744-a20094500c49,chirp3_1,True,9.16,0.0,0.0,0.001983642578125,0.00579833984375
005e27f3-7dfe-4a9e-a006-22cfb46160cb,chirp3_2,True,6.92,0.0,0.0,0.001434326171875,0.007659912109375
005e3ff0-3821-4e4b-90a6-d76b3eda7b57,chirp3_1,True,3.52,0.0,0.0,0.000457763671875,0.000213623046875
005e6fdc-d130-48dd-8351-9e002fa987fd,chirp3_1,True,9.16,0.875,0.25,0.0,0.0
005e898b-1a84-4989-805a-3e0e0684a407,midcentury_1,False,3.053,0.0,0.0,0.0067138671875,0.01068115234375
005e91a0-15b2-449f-920f-7395afb03c97,chirp3_1,True,7.44,0.0,0.0,0.0023193359375,0.00787353515625
005e9af9-14fa-42e6-b670-f50789571d3b,chirp3_1,True,7.48,0.0,0.0,0.03594970703125,0.02301025390625
005ea026-5635-40a6-b164-d8e50a4d20fa,chirp3_2,True,9.44,0.0,0.0,0.003448486328125,0.0057373046875
005ef3d8-eaa5-4668-9f6a-5715ce93c6c2,chirp3_1,True,3.4,0.0,0.0,0.0101318359375,0.00543212890625
005fedae-ebd7-4dc0-8a58-1ace7e16f50a,chirp3_1,True,4.08,0.0,0.0,0.00634765625,0.018768310546875
006035fb-c921-48be-8dc5-1629cfd44d0a,chirp3_1,True,8.52,0.0,0.0,0.01068115234375,0.018768310546875
006043cc-b38d-4b5e-b2ca-f4f41de53223,chirp3_2,True,6.36,0.0,0.0,0.005096435546875,0.008056640625
006048a7-e7bb-490c-990f-6fcc5e35da16,chirp3_1,True,8.6,0.0,0.0,0.019439697265625,0.01251220703125
00609064-761f-4101-be97-a83dd66f4d66,chirp3_1,True,6.36,0.0,0.0,0.000213623046875,0.000885009765625
00609adf-55ec-4b95-ad0a-685aa9096a80,chirp3_1,True,12.04,0.0,0.0,0.004486083984375,0.001190185546875
006176e4-627f-42f1-801c-3bed1493ada3,chirp3_1,True,10.76,0.0,0.0,0.01861572265625,0.018524169921875
0061a71e-f996-4a99-8382-dad838f4246e,chirp3_2,True,4.72,0.0,0.0,0.00140380859375,0.001617431640625
00623d30-bbaf-4652-881d-52b356726a77,chirp3_1,True,7.96,0.0,0.0,0.005584716796875,0.010040283203125
00626d08-cfda-4408-a665-e39b8d6b944c,chirp3_1,True,3.72,0.0,0.0,0.0029296875,3.0517578125e-05
00627eba-7475-4527-956e-20383862d4d2,chirp3_1,True,6.52,0.0,0.0,0.009857177734375,0.00579833984375
0062b4fc-d9cd-45ef-94c8-99b241bf08c3,chirp3_1,True,8.6,0.0,0.0,0.0029296875,0.0103759765625
006303f4-b70c-4175-9d97-b7b75f5bcef8,chirp3_1,True,5.32,0.0,0.0,0.0006103515625,0.0064697265625
0063a480-6bd1-4303-ae20-8ae861b51a79,chirp3_1,True,9.84,0.0,0.0,0.002044677734375,0.00433349609375
006411b8-b95a-404f-a2d5-cbe4308f869f,chirp3_2,True,6.72,0.0,0.0,0.0023193359375,0.012786865234375
0064135a-32d1-4376-aaec-6b20d4d4a544,chirp3_1,True,7.84,0.0,0.0,0.000396728515625,0.006439208984375
00645d1b-9c3c-4405-b339-0c95098e39bf,chirp3_1,True,4.04,0.0,0.0,0.005340576171875,3.0517578125e-05
0064bd5a-f29c-4eed-b77f-ce75a7e8daad,chirp3_2,True,3.04,0.0,0.0,0.00164794921875,0.002227783203125
00653214-9a17-4eb2-a10f-e766f6ca5e4f,liva_1,False,13.5139375,0.0,0.0,0.0015869140625,0.0015869140625
00660fbc-bfe7-449d-be38-7f3760a118a1,chirp3_2,True,2.76,0.0,0.0,0.00042724609375,0.00146484375
0066608c-4bb8-4ff1-a7ac-56bd0f82ebaf,chirp3_1,True,9.04,0.0,0.0,0.00518798828125,0.02117919921875
00669211-dba7-4305-82fe-fa02ee11d462,liva_1,False,14.2563125,0.0,0.0,0.01727294921875,0.0107421875
00671294-e570-4e2f-bfe0-92092f453015,human_5,False,8.32825,0.0,0.0,0.004791259765625,0.015533447265625
0067288c-9e41-47f8-8073-9c9405f64254,orpheus_midfiller_1,True,4.7786875,0.0,0.0,0.001434326171875,0.0001220703125
0067756b-3dda-495e-8450-bcef274b2a65,chirp3_2,True,5.04,0.0,0.0,0.00079345703125,0.007110595703125
00679d31-7f45-4b83-a18e-23b45f18fe99,chirp3_1,True,11.6,0.0,0.0,0.002349853515625,0.006195068359375
0067e86d-f927-4b45-890e-6b4eaec334f9,liva_1,False,9.8675625,0.0,0.0,0.000152587890625,0.004852294921875
0068a2aa-ade0-4f98-b820-e032e86f247f,chirp3_2,True,2.8,0.0,0.0,0.00238037109375,0.000701904296875
0068db20-21c8-4d66-84af-985e68793919,chirp3_1,True,5.64,0.0,0.0,0.003814697265625,0.00189208984375
006901aa-b0f0-4aa2-891a-81eea54b680c,chirp3_1,True,6.04,0.0,0.0,0.00140380859375,0.00054931640625
00690aaa-f9e8-403e-8f84-273323d1d8d1,chirp3_1,True,5.52,0.0,0.0,0.00299072265625,0.001861572265625
006912b1-7d87-4e89-9270-320433c9fc0c,chirp3_1,True,3.6,0.0,0.0,0.001953125,0.0050048828125
0069a645-0740-49bc-b47a-7f05cefa3b56,chirp3_1,True,4.72,0.0,0.0,0.0010986328125,0.00384521484375
0069acc9-769e-4ffc-ae47-47e5cd6a8770,chirp3_1,True,2.96,0.0,0.0,0.004547119140625,0.028228759765625
006a0bd4-b1c3-4eec-ae46-09c8c4722262,chirp3_1,True,9.88,0.0,0.0,0.001556396484375,0.003204345703125
006a0dbc-db0a-4b62-aa9a-4f727df7a5b0,chirp3_2,True,6.16,0.0,0.0,0.013336181640625,0.000701904296875
006b1cb2-a7ab-4e57-8a8b-f0628d50b1a6,chirp3_2,True,11.8,0.0,0.0,0.003387451171875,0.000457763671875
006b20bc-0d1c-4c1a-986f-12405b579145,chirp3_1,True,7.32,0.0,0.0,0.00482177734375,0.00927734375
006c05c6-08c2-45a0-9a99-d972dd582b7b,chirp3_2,True,3.56,0.0,0.0,0.000396728515625,0.0010986328125
006c7897-29a0-49b6-ab63-bfdc9e8b7374,chirp3_1,True,5.0,0.0,0.0,0.00762939453125,0.002960205078125
006c9f34-4bcf-4a2a-b810-62ee1ce490e7,chirp3_1,True,15.64,0.0,0.0,0.00250244140625,0.003204345703125
006ccb32-76ae-46c0-b018-c7afe9de8baa,liva_1,False,4.9234375,0.0,0.0,0.001800537109375,0.015411376953125
006d43b1-0c87-48cb-8b2b-5a2cec7ee42c,chirp3_1,True,5.56,0.0,0.0,0.000732421875,0.00042724609375
006d7319-dac4-427e-ad4a-6bfb79afd83e,liva_1,False,14.9684375,0.0,0.0,0.002899169921875,0.000244140625
006d7a8d-ae0c-4c2a-afcf-3a5d96dec89a,chirp3_1,True,5.04,0.0,0.0,0.00238037109375,0.00360107421875
006d8994-65ab-490f-9e19-97dc778e4d4c,mundo_1,False,4.136,0.0,0.0,0.00146484375,0.005096435546875
006da259-fe42-4d9f-a609-78dd044c5bd5,rime_2,True,9.1254375,0.0,0.0,0.004913330078125,0.00128173828125
006dc22d-f3eb-4541-9fc1-d82e149d2238,chirp3_1,True,3.88,0.0,0.0,6.103515625e-05,0.001129150390625
006dc533-9895-4fc7-a9a9-dbf8ba88afb8,chirp3_1,True,8.56,0.0,0.0,0.0169677734375,0.002349853515625
006e2678-d5cb-4354-b7d6-afdd2ca28e03,chirp3_1,True,8.92,0.0,0.0,0.0009765625,0.0062255859375
006e4aad-c738-4883-8204-e37738c08f08,chirp3_1,True,13.8,0.0,0.0,0.000518798828125,0.0015869140625
006e51e1-adaa-4afc-b0c0-7e17defc0359,chirp3_1,True,5.08,0.0,0.0,0.013275146484375,0.007598876953125
006ea98c-7b7d-4005-bf5d-a85f75f056e9,chirp3_2,True,9.8,0.0,0.0,0.010009765625,0.025787353515625
006eefc0-921f-494e-a170-c7e102ff169d,chirp3_2,True,4.6,0.0,0.0,0.00103759765625,0.0052490234375
006f49ad-6d04-43f3-a009-96007e8b1922,midcentury_1,False,4.735,0.0,0.0,0.0096435546875,0.003082275390625
006faf6e-ec1a-4bdb-8b53-e39e6c320900,liva_1,False,12.0465625,0.0,0.0,0.014892578125,0.016448974609375
006fd5a4-4fc6-4cd3-b549-7ac87a2711ba,chirp3_1,True,5.76,0.0,0.0,0.00164794921875,0.0023193359375
006ffa13-5fbb-4a7c-9b91-15f02a0586db,chirp3_1,True,4.08,0.0,0.0,3.0517578125e-05,0.001190185546875
00702842-cba1-4b2a-9f94-c261bba6e2ab,chirp3_2,True,5.44,0.0,0.0,0.000396728515625,0.00030517578125
007097b6-795f-4c3e-80f1-b31991d667d5,chirp3_2,True,4.96,0.0,0.0,0.01275634765625,0.005859375
0070a0db-a3c5-4dcd-a474-2791a3a30782,chirp3_1,True,9.12,0.0,0.0,0.005279541015625,0.00152587890625
00710154-6352-423c-b192-51953a7f7a69,liva_1,False,13.515625,0.0,0.0,0.015838623046875,0.004302978515625
00712291-b635-408f-9e0b-8f1bc3dd02b6,chirp3_1,True,7.32,0.0,0.0,0.000762939453125,0.001190185546875
0071244f-eac8-49b7-a110-9d2a78cd6422,chirp3_1,True,5.92,0.0,0.0,0.009552001953125,0.010955810546875
00716383-25cc-463e-94cb-be298c2001a2,chirp3_1,True,5.76,0.0,0.0,0.012359619140625,0.03924560546875
007196d2-98c4-43db-95b1-028bccc43540,chirp3_2,True,7.12,0.0,0.0,0.007598876953125,0.011932373046875
00720c1c-99fc-4b6d-87d9-11da0d9ce948,liva_1,False,11.933875,0.0,0.0,0.006591796875,0.0281982421875
007259b6-15dd-4790-abd1-de3c07f26418,chirp3_1,True,7.08,0.0,0.0,0.005889892578125,0.009735107421875
00727f75-e8c3-4a1e-b52d-13be0dc0fc63,chirp3_1,True,6.04,0.0,0.0,0.00042724609375,0.00408935546875
0072b119-4093-43b1-b528-563a21006876,chirp3_1,True,8.48,0.0,0.0,0.001678466796875,0.0064697265625
0072dce3-cc67-4d1a-a0b0-efdd1f18ee25,chirp3_1,True,14.84,0.0,0.0,0.0042724609375,0.0018310546875
0072f9d5-f144-41fe-8104-6e192750e9b4,chirp3_2,True,7.6,0.0,0.0,0.002899169921875,0.00433349609375
007302c3-000b-422d-a825-def38f526d39,chirp3_2,True,6.76,0.0,0.0,0.000274658203125,0.000274658203125
00731c08-dfe4-4756-9282-db53568cae41,chirp3_2,True,4.48,0.0,0.0,0.000701904296875,0.0015869140625
0073a353-100f-4d5d-9e6e-04963d261748,chirp3_1,True,9.56,0.0,0.0,0.01580810546875,0.00408935546875
0073c5dd-08a8-4752-89bd-b5c0518fce42,chirp3_2,True,6.04,0.0625,0.0,0.0,3.0517578125e-05
0073cdd9-027d-4a38-92f1-876e05bb2c23,chirp3_1,True,6.36,0.0,0.0,3.0517578125e-05,0.003265380859375
007426c3-71c2-4dda-ae22-8d326207153a,liva_1,False,16.0,0.0,0.0,0.0030517578125,0.002044677734375
007480f4-bb2c-4b6c-8f2a-c524848e8bf9,chirp3_1,True,6.16,0.0,0.0,0.001495361328125,0.002960205078125
0074bf57-fb62-4a49-b9fc-a352b7ca846b,chirp3_1,True,4.56,0.0,0.0,0.0006103515625,0.00128173828125
0074e2b0-694d-4ece-9f2e-e2914d804500,liva_1,False,12.7009375,0.0,0.0,0.001220703125,0.004425048828125
0074e38d-014f-42e5-ac01-403ee9e98fe6,chirp3_1,True,12.44,0.0,0.0,0.0001220703125,0.00286865234375
0074ff02-2574-4409-af5f-959be126395d,liva_1,False,12.577125,0.0,0.0,0.0006103515625,0.0010986328125
007535b5-d422-49ea-9855-0b3ca78413ac,chirp3_1,True,10.96,0.0,0.0,0.0023193359375,0.00054931640625
007566ce-4a44-463a-a3b4-990133faa28a,chirp3_1,True,4.52,0.0,0.0,0.015594482421875,0.014068603515625
0075c292-ce0f-44b8-812a-cc8d99a3eafd,chirp3_1,True,7.24,0.0,0.0,0.00665283203125,0.01556396484375
0075cda7-637f-4b6a-a3a8-df2337057743,human_5,False,4.16,0.0,0.0,0.005615234375,0.0018310546875
00765a61-1144-4f75-b7a8-e04c90d292c0,liva_1,False,9.270125,0.0,0.0,0.01104736328125,0.002227783203125
00765f90-01d9-4529-8afc-29ca16d08b4c,chirp3_1,True,5.96,0.0,0.0,0.020660400390625,0.0347900390625
0076939d-5b6e-4e83-8fa3-bc5a521cf251,chirp3_1,True,4.6,0.0,0.0,0.011871337890625,0.002838134765625
0076acfb-0afc-4ab2-b0c2-63c2af5c2140,human_5,False,7.5759375,0.0,0.0,0.01605224609375,0.044525146484375
0077fe66-8d93-4249-aef2-f0d29bf5ac16,chirp3_1,True,12.0,0.0,0.0,0.0308837890625,0.038238525390625
00780a3c-f237-4e98-86be-d16ad5e1ac71,chirp3_2,True,4.24,0.0,0.0,0.011077880859375,0.016845703125
0078e0d7-259a-4bcd-96ff-313403eb5b18,chirp3_2,True,2.36,0.0,0.0,0.000335693359375,0.003570556640625
00792021-bf05-4ef5-8389-8fed86c5de4f,chirp3_1,True,8.6,0.0,0.0,0.0086669921875,0.010467529296875
00793376-646f-4a29-91ec-3ec366d915b7,chirp3_1,True,11.72,0.0,0.0,0.008331298828125,0.000946044921875
007979fa-f0aa-4491-b9a8-a8c7f554cd65,chirp3_1,True,7.24,0.0,0.0,0.000518798828125,0.00030517578125
007986fc-2424-444d-bc48-981d92406ac0,liva_1,False,11.2745,0.0,0.0,0.002655029296875,0.011871337890625
0079e9be-f175-4a13-be30-7eddea6bf755,chirp3_1,True,6.72,0.0,0.0,0.000457763671875,0.00128173828125
007a0e5b-a212-4cc3-82d4-e028d0315913,rime_2,True,5.4566875,0.0,0.0,0.0020751953125,0.001251220703125
007a67e9-19b4-4700-857f-2bb74aa6711f,chirp3_1,True,10.72,0.0,0.0,0.001739501953125,0.01019287109375
007a8f02-097e-4495-aeda-8af84626175f,liva_1,False,11.97375,0.0,0.0,0.000762939453125,0.0059814453125
007accfe-db88-49ab-a005-c284b0abeda1,chirp3_1,True,5.72,0.0,0.0,0.0001220703125,0.000762939453125
007b0e19-684c-420b-bcaf-b3b72f4d720d,midcentury_1,False,3.603875,0.0,0.0,6.103515625e-05,0.003875732421875
007b6e26-5ca0-4df3-835d-1d6afe6bfa3f,chirp3_1,True,7.4,0.0,0.0,0.000335693359375,0.00054931640625
007b9ecd-ce91-49b0-9aa3-9ee9ab1f985a,chirp3_2,True,3.8,0.0,0.0,0.006500244140625,0.010345458984375
007ba1b3-54bd-40e0-8e58-02d553ae7c85,chirp3_1,True,4.12,0.0,0.0,0.000640869140625,0.000701904296875
007c154d-1023-4e46-979c-5c157cb15ab4,chirp3_2,True,7.84,0.0,0.0,0.004638671875,0.007781982421875
007c6ab7-068b-4eeb-850c-19ebdbb1e175,chirp3_1,True,14.2,0.0,0.0,0.0208740234375,0.033111572265625
007c77a0-342d-4675-95ee-d89dfdf6dd8e,liva_1,False,13.2803125,0.0,0.0,0.016754150390625,0.001312255859375
007c8335-2a41-4e9f-bb11-32fa1050fe4f,liva_1,False,11.778875,0.0,0.0,0.00140380859375,0.00091552734375
007cb524-b7c7-4836-aa6f-c9f886e6b424,human_5,False,8.1346875,0.0,0.0,0.004241943359375,0.014862060546875
007d0a60-c7d2-4bbc-aa17-b7386f7dd16f,chirp3_2,True,6.92,0.0,0.0,0.00079345703125,0.003326416015625
007d1134-ca26-4d0d-bab6-ac13f00655f0,chirp3_1,True,8.88,0.0,0.0,0.002349853515625,0.000732421875
007d7538-17f2-4954-b4f1-c049261f2a27,chirp3_1,True,13.0,0.0,0.0,0.0009765625,0.001373291015625
007dc59f-81be-45f8-af49-08a5f50d0c30,chirp3_1,True,10.12,0.0,0.0,0.005645751953125,0.0023193359375
007e4e1e-1f03-49e1-bc57-6a18af8bda73,chirp3_2,True,5.84,0.0,0.0,0.002838134765625,0.00244140625
007e814d-f5f7-447a-a61b-3c8efd8f34b5,liva_1,False,15.131125,0.0,0.0,0.042755126953125,0.00146484375
007eceef-9a7a-4e8f-ae93-b7c1b081e652,chirp3_2,True,5.6,0.0,0.0,0.002197265625,0.012939453125
007f4896-9c37-4cf8-a487-9fad12efa1a4,chirp3_1,True,13.24,0.0,0.0,0.000274658203125,0.0003662109375
007f6459-9d8b-4034-acbb-0bc246308d96,chirp3_1,True,8.56,0.0,0.0,0.023529052734375,0.014801025390625
007f8aba-087f-4a3d-a572-5c3e1eed9bd6,midcentury_1,False,3.018,0.0,0.0,0.00946044921875,0.020965576171875
007fa96d-9393-4e60-ae5e-b7aca9955507,chirp3_2,True,5.08,0.0,0.0,0.019378662109375,0.00103759765625
007fd92b-0378-4251-9923-403cd5b1401f,chirp3_1,True,4.28,0.0,0.0,0.00128173828125,0.005340576171875
0080194d-f067-4c31-9f97-4b1c8feb5b76,midcentury_1,False,4.30575,0.0,0.0,0.0001220703125,0.00042724609375
0080299f-1aaf-478d-8fb9-ceaba50e7486,chirp3_1,True,14.96,0.0,0.0,0.01220703125,0.003448486328125
00805b83-6f71-42d0-9395-421602e3730d,chirp3_1,True,10.04,0.0,0.0,0.003265380859375,0.00311279296875
00808c65-041a-4c01-9610-2bd525fc21ce,chirp3_1,True,8.56,0.0,0.0,0.000274658203125,0.000762939453125
0080d20c-c891-4172-bf68-b1b331d6c9f5,chirp3_2,True,5.2,0.0,0.0,0.0006103515625,0.00726318359375
0080ee35-1bcf-4658-bc69-810a2a5e3d6b,chirp3_2,True,6.28,0.0,0.0,0.0020751953125,0.002044677734375
00815ad6-e541-46b5-9188-3912b2ccccd0,chirp3_2,True,4.84,0.0,0.0,0.0008544921875,9.1552734375e-05
0081c16e-01c5-43aa-8665-cd22d0c0665a,chirp3_1,True,4.92,0.0,0.0,0.000244140625,0.00341796875
0081f7de-c0e8-478a-9a85-2834c557391d,chirp3_1,True,9.04,0.0,0.0,0.0133056640625,0.0096435546875
00820cff-6919-4269-a80a-b38be2b4de22,liva_1,False,11.4314375,0.0,0.0,0.000823974609375,0.0003662109375
008238c2-be4a-4f52-a1d7-ebd1991b3f79,chirp3_1,True,11.12,0.0,0.0,0.0009765625,0.001495361328125
00824ea3-b138-4e5f-8aa7-ed44926172d5,chirp3_1,True,6.84,0.0,0.0,0.00018310546875,0.005096435546875
008280cc-226e-4ae4-a466-7669bcbbed89,chirp3_1,True,6.6,0.0,0.0,0.000701904296875,0.0001220703125
0082be85-3c82-4f45-b7b6-6be8becb7990,chirp3_1,True,4.76,0.0,0.0,0.0009765625,0.004852294921875
0082bfb7-6450-41c8-b81f-d15c63da5bbf,chirp3_1,True,10.84,0.0,0.0,0.007843017578125,0.0040283203125
0082cf08-37d7-4dd7-b7c8-125dca3194fa,human_5,False,2.578125,0.0,0.0,0.001861572265625,0.0166015625
00835959-f165-4d31-a34f-2d64811472fc,chirp3_2,True,5.64,0.0,0.0,0.0018310546875,0.0023193359375
0083c402-060c-45bb-9806-8f986b050a23,chirp3_2,True,10.56,0.0,0.0,0.006439208984375,0.001068115234375
0083fa99-430e-4b60-91b9-e1178d5d0e34,liva_1,False,10.8326875,0.0,0.0,0.0250244140625,0.02239990234375
008429f6-00a9-432e-9132-626f34a80cbb,chirp3_1,True,6.28,0.0,0.0,0.00726318359375,0.01025390625
00842eb0-0279-43c1-b07f-7375b8ae2baa,chirp3_2,True,4.52,0.0,0.0,0.00775146484375,0.00408935546875
00843e0e-8562-40dc-ae65-80969685063e,liva_1,False,9.898125,0.0,0.0,0.000244140625,0.010009765625
0084809b-12ad-4aed-aea8-3475ea5d33a2,orpheus_grammar_1,True,9.3866875,0.0,0.0,0.001312255859375,0.003448486328125
00849c05-79eb-4dd3-8fb5-e92f757fe227,liva_1,False,11.5973125,0.0,0.0,0.01025390625,0.000701904296875
0084a8f5-0505-4441-a0a2-ba181af1bede,chirp3_1,True,8.4,0.0,0.0,0.00140380859375,0.008544921875
0084aaf7-b6ab-4053-a952-a821c9ec122d,chirp3_2,True,7.24,0.0,0.0,0.026702880859375,0.0111083984375
0084bd2f-c06e-4a59-9124-d247d242e467,chirp3_1,True,6.88,0.0,0.0,0.017608642578125,0.009918212890625
00853684-7057-4c70-a59f-d67403d8da70,liva_1,False,11.04375,0.0,0.0,0.036956787109375,0.023834228515625
00854924-25f6-4125-a51b-3d749c990250,chirp3_1,True,5.24,0.0,0.0,0.002685546875,0.001312255859375
00854951-8a9c-40b2-8f12-a7772e41d005,chirp3_1,True,5.6,0.0,0.0,0.00396728515625,0.0106201171875
0085600b-1f6e-4b3c-aa86-dcb1702bc364,chirp3_1,True,7.8,0.0,0.0,0.00030517578125,0.0015869140625
00858d4d-9935-472c-ac5b-6504ce4ba8ba,chirp3_1,True,6.52,0.0,0.0,0.000244140625,0.001495361328125
00859bad-546c-4529-a63e-049d374559e0,chirp3_1,True,5.76,0.0,0.0,0.001617431640625,0.001251220703125
0085a1b4-7b65-4363-b2f8-1406f7ded85d,rime_2,True,6.2345,0.0,0.0,0.001708984375,0.00537109375
0085cb9c-5a7c-4d28-a66f-8d4d5464b5e8,liva_1,False,12.160875,0.0,0.0,0.034271240234375,0.048980712890625
0085db2b-ad07-45e6-b16e-1c09c5cdf782,chirp3_2,True,8.44,0.0,0.0,0.0018310546875,0.002899169921875
00861acc-a29d-484e-8ff3-c800f2ba198e,chirp3_1,True,7.16,0.0,0.0,0.018310546875,0.047149658203125
00862e29-3818-42aa-84cc-3e9ec3c834a6,chirp3_1,True,7.84,0.0,0.0,0.003692626953125,0.003509521484375
00866d7b-878b-4663-9967-a61d3bcd5161,chirp3_1,True,4.6,0.0,0.0,0.00164794921875,0.0068359375
00867a27-bfc4-426a-9f7f-bb462efc4cf1,midcentury_1,False,3.314,0.0,0.0,0.011871337890625,0.001983642578125
0086a83f-3858-499a-bd06-dc22dd71d3a9,rime_2,True,8.4288125,0.0,0.0,0.02178955078125,0.02728271484375
0086c115-477d-450e-a188-a180b633cf7e,chirp3_1,True,3.32,0.0,0.0,0.00555419921875,0.033172607421875
0086ec76-8e63-45da-b0ca-ca49c6b8ff03,chirp3_1,True,7.96,0.0,0.0,0.0008544921875,0.00079345703125
0087126d-51fd-4848-9715-8820c32d0b74,chirp3_1,True,5.44,0.0,0.0,0.001434326171875,0.000518798828125
00876378-d41b-4e3b-a52c-08e8d87ef698,chirp3_2,True,13.48,0.0,0.0,0.000762939453125,0.003173828125
00878131-bdd0-4b6b-a300-1b4cc8f827d9,chirp3_1,True,8.76,0.0,0.0,0.002227783203125,0.003265380859375
0087c5a4-54be-4d5f-8fed-7f399af6ff4b,chirp3_1,True,5.64,0.0,0.0,0.01708984375,0.00384521484375
0088ad4f-1496-419d-bf61-dba42d986988,chirp3_1,True,10.68,0.0,0.0,0.0125732421875,0.022613525390625
0088dc70-870f-4f69-af42-0ac3b8797a37,liva_1,False,13.1024375,0.0,0.0,0.00299072265625,0.0050048828125
0088e3af-ab91-4b5f-b537-d828136d3fe3,chirp3_1,True,15.24,0.0,0.0,0.011505126953125,0.001922607421875
008982d3-8871-4c87-b776-be93b8d1cdea,chirp3_1,True,4.24,0.0,0.0,0.0074462890625,0.018768310546875
0089f970-76bc-4dbb-874d-3a7df50f5640,chirp3_2,True,6.32,0.0,0.0,0.011383056640625,0.002960205078125
008a0873-1231-47a3-b42a-6ca1be591884,liva_1,False,16.0,0.0,0.0,0.142608642578125,0.00439453125
008a4d17-95c2-49a9-b19f-80fedfab0242,chirp3_2,True,5.2,0.0,0.0,0.002288818359375,0.02752685546875
008a64a0-976a-4fa0-ac0e-b03f7e59dd76,chirp3_2,True,10.24,0.0,0.0,6.103515625e-05,0.000244140625
008a7455-794e-4903-9bd1-a68273627a5d,liva_1,False,13.2581875,0.0,0.0,0.02398681640625,0.0008544921875
008a89c3-8de0-4ac5-9728-61f6c2fbbaa2,chirp3_2,True,7.8,0.0,0.0,0.0003662109375,0.002532958984375
008aaafd-b4d7-4401-aee2-63db3d38c120,chirp3_1,True,4.16,0.0,0.0,0.001495361328125,0.00238037109375
008ac280-e7ec-4417-bdd5-b9edbbf0eb4c,chirp3_1,True,4.76,0.0,0.0,0.001251220703125,0.007110595703125
008adfc2-f795-4497-a50f-306cf998a984,chirp3_2,True,4.08,0.0,0.0,0.001312255859375,0.002288818359375
008aed59-3a6f-4566-be87-a04c30397bfb,chirp3_1,True,8.84,0.0,0.0,0.02685546875,0.050506591796875
008af21e-7c37-4e2a-b614-ef788b65c6f2,midcentury_1,False,3.49,0.0,0.0,0.003753662109375,0.0050048828125
008b1797-42fa-4d49-b919-223eed517ee3,chirp3_2,True,4.6,0.0,0.0,0.00592041015625,0.01422119140625
008b73b5-61d9-4892-a72e-bb95a3c12936,chirp3_1,True,5.2,0.0,0.0,0.000274658203125,0.001129150390625
008b7dd1-81be-40e9-bccd-36f241df2f41,liva_1,False,8.562875,0.0,0.0,0.004180908203125,0.000579833984375
008bb8b6-50e2-4ae6-8203-b89ebee0a62f,chirp3_1,True,5.68,0.0,0.0,0.000885009765625,0.024658203125
008c13df-a8a2-4482-96e0-ff166c35f02e,chirp3_2,True,15.4,0.0,0.0,0.002044677734375,0.01751708984375
008c7b28-c017-4198-adc9-6ab546d6e812,midcentury_1,False,3.008,0.0,0.0,0.028228759765625,0.01007080078125
008cb678-f388-4fcf-beb5-21a69ef1c75a,chirp3_2,True,3.52,0.0,0.0,0.012054443359375,0.014984130859375
008cbb35-a3e0-4431-978e-ce1829a98eea,midcentury_1,False,5.632,0.0,0.0,0.063873291015625,0.01043701171875
008cf54f-02cf-4734-8a1b-7ec4e0cdbf25,chirp3_2,True,8.84,0.0,0.0,0.00555419921875,0.00384521484375
008d2a24-622a-4710-a4d3-5d940e09e115,chirp3_1,True,4.56,0.0,0.0,0.005035400390625,0.00830078125
008d6ef8-c6b5-4e3a-96a5-e47f6b3ea53a,chirp3_1,True,14.64,0.0,0.0,0.0006103515625,0.00323486328125
008d81e8-094b-468a-9193-fdcee80f7bee,orpheus_endfiller_1,True,7.509375,0.0,0.0,0.00347900390625,0.00091552734375
008db1bc-d645-417c-9343-37fea5020eaf,mundo_1,False,4.17,0.0,0.0,0.0006103515625,0.004608154296875
008e23bb-cdc8-4b21-9816-2228202f6080,chirp3_1,True,9.4,0.0,0.0,0.001190185546875,0.002532958984375
008e95e9-1131-439d-93b4-5a921a070e34,midcentury_1,False,3.423,0.0,0.0,0.00628662109375,0.1939697265625
008eb08f-2fd0-4f9a-8f4b-d38707f59e2b,chirp3_2,True,6.88,0.0,0.0,0.0301513671875,0.000396728515625
008ee80d-135e-470a-8f9a-2de83633ad53,chirp3_1,True,11.36,0.0,0.0,0.00335693359375,0.006011962890625
008eed90-90f1-41ff-9851-25fd00dc1e05,chirp3_1,True,7.2,0.0,0.0,0.00390625,0.004119873046875
008ef7f3-c13f-49e0-a25f-436d091d40da,orpheus_endfiller_1,True,2.9866875,0.0,0.0,0.00225830078125,0.01690673828125
008fe6ec-1ad2-47dc-87fd-0a2b67a31d37,chirp3_1,True,4.48,0.0,0.0,0.000518798828125,0.000946044921875
009031db-201b-489a-8c25-d396ffe4407f,chirp3_1,True,3.0,0.0,0.0,0.0006103515625,0.01458740234375
00905e5f-088e-45d4-a841-f1acb2e01d69,chirp3_2,True,11.4,0.0,0.0,0.014007568359375,0.022186279296875
00905f93-0a09-4474-878c-a2266b98944b,chirp3_1,True,9.08,0.0,0.0,0.000152587890625,0.00262451171875
009079fe-a95f-4c4f-b862-13103dd76d46,chirp3_1,True,9.72,0.0,0.0,0.00030517578125,0.01123046875
0090a2d4-be08-4dd4-857b-0e43ca57aef9,liva_1,False,8.9645625,0.0,0.0,0.050537109375,0.00018310546875
0090bd2e-daaa-4a51-a660-a1fa339800cc,chirp3_2,True,7.72,0.0,0.0,0.000244140625,0.052825927734375
00912771-1c00-4706-b034-991fe415c024,chirp3_2,True,8.88,0.0,0.0,0.00836181640625,0.00189208984375
00913ca1-73f4-4f58-addc-f999fed78f54,chirp3_1,True,5.96,0.0,0.0,0.00042724609375,0.00927734375
009163a1-6a5a-4d53-b898-e0bffed64834,chirp3_1,True,14.0,0.0,0.0,0.00494384765625,0.000396728515625
0091a8fb-1f77-476b-a695-0d4ed5369592,chirp3_1,True,9.96,0.0,0.0,0.018218994140625,0.0126953125
009205bc-68e0-4da4-b2a2-3e3246133cc5,chirp3_2,True,12.8,0.0,0.0,0.000244140625,0.0001220703125
00923100-6c76-432d-9471-0373fcb2b823,chirp3_2,True,5.16,0.0,0.0,0.034393310546875,0.0140380859375
0092353b-a9db-4b82-b7e5-6b8887b0ba0a,chirp3_1,True,10.56,0.0,0.0,0.02178955078125,0.020416259765625
00923837-a3c2-4306-abc4-79d61a1d9f16,midcentury_1,False,3.244,0.0,0.0,0.055419921875,0.01971435546875
0092bf98-0605-4ee3-a6d4-9a0200613466,liva_1,False,11.217125,0.0,0.0,0.00048828125,0.001190185546875
00931e3b-feca-4ce7-a30c-ed61d39999e6,chirp3_2,True,6.4,0.0,0.0,0.00604248046875,0.00494384765625
0093217c-7e83-4d60-8130-1ecd52ead8a7,midcentury_1,False,3.063,0.0,0.0,0.18408203125,0.014068603515625
0093c577-45ca-4ae4-8f44-4898911e6131,chirp3_1,True,9.56,0.0,0.0,0.000152587890625,0.000701904296875
0093cddc-6ebc-46fd-8e55-87314378117c,chirp3_1,True,8.56,0.0,0.0,0.00616455078125,0.003387451171875
0093f21d-87de-4e62-8fce-65a6d1db0764,chirp3_1,True,9.52,0.0,0.0,0.003265380859375,0.00201416015625
009422c5-9823-4f5c-bed7-dc8f559904df,chirp3_2,True,2.88,0.0,0.0,0.014678955078125,0.0072021484375
0094dba4-9ae0-4faf-a58d-fab0e8f2e8e6,chirp3_1,True,6.4,0.0,0.0,0.000274658203125,0.0001220703125
00951dd8-b31d-472a-9118-ea896a772176,chirp3_1,True,7.36,0.0,0.0,0.020721435546875,0.004638671875
009550be-f5f9-415c-acbd-2ed40ebaa31c,chirp3_1,True,6.04,0.0,0.0,0.00244140625,0.0028076171875
00957735-2424-4b84-94a3-fc33d3310ebc,chirp3_2,True,12.76,0.0,0.0,0.000274658203125,9.1552734375e-05
00957ddf-f45c-422b-b54f-62f474c2afaf,orpheus_endfiller_1,True,9.3866875,0.0,0.0,0.001434326171875,0.0147705078125
0095aa5a-236b-44eb-8c84-4bfe18297771,chirp3_1,True,5.64,0.0,0.0,0.00250244140625,0.002471923828125
009638b5-fd71-481f-bd5e-56a71e665275,chirp3_1,True,10.72,0.0,0.0,0.011627197265625,0.003692626953125
0096c4b7-b408-4ac1-8525-965546066b86,chirp3_2,True,9.44,0.0,0.0,0.035308837890625,0.030181884765625
0096fa53-fc8e-424d-ad40-f5242a09e567,chirp3_2,True,4.68,0.0,0.0,0.001678466796875,0.001861572265625
009717ef-d2ed-4692-85d2-d6209387409f,chirp3_2,True,12.52,0.0,0.0,0.000518798828125,0.007904052734375
0097181d-2184-4a50-82da-ffd7c7561276,chirp3_2,True,6.68,0.0,0.0,0.006103515625,0.00054931640625
0097362b-c345-410a-a3d5-a60a80ff0e08,chirp3_2,True,3.76,0.0,0.0,0.001312255859375,0.0018310546875
0097574e-3cec-402d-bd40-c96dde55def8,chirp3_1,True,8.52,0.0,0.0,0.00054931640625,0.0029296875
0097dc59-af2a-433c-916d-c1df2ca13789,chirp3_2,True,5.72,0.0,0.0,0.001373291015625,0.00592041015625
0098afc5-8411-4d4e-8242-4ba69139377c,chirp3_1,True,5.08,0.0,0.0,0.005218505859375,0.003387451171875
0099032c-ff20-464f-b6de-68c1cbcd8a67,chirp3_1,True,5.48,0.0,0.0,9.1552734375e-05,0.001800537109375
00991957-e915-4dcb-b509-78066a080542,chirp3_1,True,13.24,0.0,0.0,0.0125732421875,0.00738525390625
00993c43-7e25-419e-8251-23b207560018,chirp3_1,True,8.4,0.0,0.0,0.009613037109375,0.010345458984375
00997df8-13ed-48b1-a8c7-9d111fac943c,rime_2,True,6.5015625,0.0,0.0,0.0093994140625,0.003509521484375
009993de-6c19-4d57-91e4-a338ef46a63b,chirp3_1,True,8.24,0.0,0.0,0.002716064453125,0.0008544921875
0099ac00-ed05-43cd-8e2b-e0d287c24cd8,chirp3_1,True,8.04,0.0,0.0,0.000732421875,0.001251220703125
0099ba6d-d520-4e74-80ac-babb2a517b79,chirp3_1,True,8.72,0.0,0.0,0.004974365234375,0.00640869140625
0099dabb-a577-4e04-b1a6-a78b2cc30aa0,chirp3_1,True,5.08,0.0,0.0,0.000244140625,0.00762939453125
009a69be-4c6d-48e1-9d84-f86d4dbbb3cb,liva_1,False,11.3174375,0.0,0.0,0.009063720703125,0.007354736328125
009aa5b7-25d9-4726-ac3e-fa54c6f0bbdd,liva_1,False,4.1315,0.0,0.0,0.001312255859375,0.01104736328125
009af80e-2dee-454a-9e4a-23acdca9836e,chirp3_1,True,10.96,0.0,0.0,0.009429931640625,0.015167236328125
009b1193-13ab-4363-98a1-facf905b615d,orpheus_grammar_1,True,2.9866875,0.0,0.0,0.073577880859375,0.01116943359375
009b6eb5-62ef-4e69-bd3f-7c1a52df7692,liva_1,False,10.477625,0.0,0.0,0.0164794921875,0.01324462890625
009c56b9-bd2d-43aa-b938-b564abed11a1,liva_1,False,2.6674375,0.0,0.0,0.00067138671875,0.00213623046875
009c9a4d-f60b-4527-bf9b-8e425b90d10b,chirp3_2,True,10.52,0.0,0.0,0.00616455078125,0.002777099609375
009cefcd-53b2-426b-9648-fa52e2f9fdbb,chirp3_2,True,10.48,0.0,0.0,0.002716064453125,0.007293701171875
009cfd51-f8fd-4a4b-8a1f-4a82d49091a8,chirp3_2,True,6.28,0.0,0.0,0.030029296875,0.01531982421875
009d1824-59ea-4703-80bd-87cde55ebab2,chirp3_1,True,10.12,0.0,0.0,0.00048828125,0.00054931640625
009d2bf5-621b-42df-9da6-4e6cf11fbe7c,chirp3_2,True,7.32,0.0,0.0,0.00030517578125,0.00128173828125
009d676c-8eb1-4a02-b317-ed14fa4148f7,liva_1,False,11.9096875,0.0,0.0,0.01275634765625,0.000640869140625
009d67d6-be33-4c64-ab2e-c4568303a2a2,chirp3_2,True,9.8,0.0,0.0,0.042022705078125,0.017242431640625
009db512-0471-463f-abbd-b8f2f137fd14,liva_1,False,7.46375,0.0,0.0,0.00048828125,0.0008544921875
009dc906-99dc-48a8-8aa0-0a5410c437ef,chirp3_1,True,10.28,0.0,0.0,0.00592041015625,0.00439453125
009de9f9-3ec5-4b32-9469-332de805e4cf,chirp3_1,True,6.28,0.0,0.0,0.006439208984375,0.000457763671875
009e01c4-a3e3-46ae-9699-1f440e627f85,human_5,False,1.734375,0.0,0.0,0.20001220703125,0.161285400390625
009e593b-f7be-48e8-91ef-84128b0fd6f1,chirp3_1,True,6.88,0.0,0.0,0.0115966796875,0.002838134765625
009e624b-4333-48c5-b4f2-249a24c34ce4,liva_1,False,14.3888125,0.0,0.0,0.001708984375,0.00335693359375
009e748c-56fa-4600-b9bc-d1ff71bbd95c,chirp3_2,True,7.84,0.0,0.0,0.007293701171875,0.009490966796875
009eb409-d2ac-4332-8eae-f856c57d58ef,chirp3_1,True,5.6,0.0,0.0,0.043212890625,0.0682373046875
009ebe51-2ff8-4810-80c0-26dd3a22a142,orpheus_endfiller_1,True,3.2426875,0.0,0.0,0.0142822265625,0.0018310546875
009f2704-5532-4131-9ad0-531029430d47,chirp3_1,True,9.48,0.0,0.0,0.0015869140625,0.006561279296875
009f44de-615d-4d09-a761-82ecbd17b48c,human_convcollector_1,False,5.488375,0.0,0.0,0.000762939453125,0.0020751953125
009fc1ef-778c-44bc-a9e6-6173b6dabb82,chirp3_1,True,3.72,0.0,0.0,0.002288818359375,0.003387451171875
00a02041-c3e7-44a8-be6d-b56dc2254795,chirp3_2,True,10.88,0.0,0.0,0.002655029296875,0.00042724609375
00a03354-4abe-4d81-b75e-e9e874e0b1a6,chirp3_1,True,5.68,0.0,0.0,0.002655029296875,0.019287109375
00a04802-9a90-4b31-a256-dcc44028607b,chirp3_1,True,5.2,0.0,0.0,0.00823974609375,0.00225830078125
00a08709-ce4e-40d9-8443-915cb0dedfea,chirp3_1,True,12.76,0.0,0.0,0.001861572265625,0.001220703125
00a088f7-cb8c-47db-abc3-23b88705ca14,chirp3_1,True,8.72,0.0,0.0,6.103515625e-05,0.001190185546875
00a0b00a-0b43-415e-8dd2-209c4808790a,chirp3_2,True,3.36,0.0,0.0,0.005859375,0.0003662109375
00a16e55-cee6-4a65-abcb-d54fb551c736,chirp3_2,True,4.12,0.0,0.0,0.001068115234375,0.000732421875
00a177cd-d28a-46a8-8cdc-fa0932fca7aa,chirp3_2,True,7.16,0.0,0.0,0.001678466796875,0.066375732421875
00a1b916-686c-46eb-b71a-016962c3bf31,chirp3_1,True,8.64,0.0,0.0,0.006866455078125,0.00054931640625
00a1f0df-4e93-4409-9376-91becffc540a,mundo_1,False,4.804,0.0,0.0,0.02227783203125,0.00164794921875
00a279c1-ec66-434e-8383-6bd3c6886a63,chirp3_1,True,6.12,0.0,0.0,0.025421142578125,0.0234375
00a29fd6-fb0f-417f-8e28-9e9cea0e04a3,chirp3_2,True,6.68,0.0,0.0,0.0008544921875,0.000579833984375
00a2c8a9-18c1-42c8-88f9-272cc283b25c,chirp3_1,True,3.64,0.0,0.0,0.000701904296875,0.00213623046875
00a2d295-47d5-40c9-8e5b-b2a0ca1108c2,chirp3_1,True,11.4,0.0,0.0,0.009918212890625,0.022796630859375
00a2e6dd-67dd-4889-93c0-0e306f6ea423,chirp3_1,True,7.36,0.0,0.0,0.0008544921875,0.0106201171875
00a31bec-d1e8-423b-8112-2ba360039bae,liva_1,False,8.5841875,0.0,0.0,0.004913330078125,0.005218505859375
00a33715-b59b-46ae-9752-5322c366f3e9,chirp3_2,True,12.08,0.0,0.0,0.00140380859375,0.00604248046875
00a3ac2a-d9b7-472f-b98e-f1cc0a248ca7,liva_1,False,13.1760625,0.0,0.0,0.00860595703125,0.00494384765625
00a3b183-5145-42b8-b17f-a9b6d75dc2df,chirp3_1,True,8.6,0.0,0.0,0.003662109375,0.0074462890625
00a41069-fe6f-47d4-b308-5c8e44e0a358,chirp3_2,True,6.28,0.0,0.0,0.0146484375,0.01495361328125
00a46555-f020-4b85-8fef-20e22a6499f0,liva_1,False,13.514625,0.0,0.0,0.001739501953125,0.008697509765625
00a4cbb4-3d41-491e-ba35-80e124275afc,chirp3_2,True,4.72,0.0,0.0,0.003326416015625,0.03436279296875
00a542e0-fa62-4e7d-9d56-cec8b8ed5e53,chirp3_1,True,9.56,0.0,0.0,0.000732421875,0.00469970703125
00a565a0-4f1d-4749-819b-2c03186a31a5,mundo_1,False,3.076,0.0,0.0,0.027740478515625,0.00335693359375
00a589e5-3ce3-42bb-926a-a688b5c588c4,midcentury_1,False,4.2319375,0.0,0.0,0.019378662109375,0.015411376953125
00a5ca28-1df4-4c7c-81af-13fb49472f38,chirp3_1,True,2.64,0.0,0.0,0.0185546875,0.049346923828125
00a62217-c101-4412-98cf-ca60f08eb63b,chirp3_1,True,5.84,0.0,0.0,0.001190185546875,0.000518798828125
00a65c6e-9f1c-4b4d-aa3c-d02f481667f4,chirp3_2,True,1.92,0.0,0.0,0.003204345703125,0.000762939453125
00a675d2-0b24-4035-8958-1f2040876a7b,chirp3_1,True,10.04,0.0,0.0,0.071380615234375,0.018218994140625
00a6dc62-0e04-4b5a-a11e-a9b79867548e,chirp3_2,True,5.96,0.0,0.0,0.00128173828125,0.01165771484375
00a73b53-1601-400f-9fc8-db8f6f8a5996,chirp3_1,True,5.92,0.0,0.0,0.00128173828125,0.016937255859375
00a78120-64ad-4f68-b52c-e0be10b6da88,liva_1,False,6.5900625,0.0,0.0,0.003387451171875,0.004486083984375
00a7a674-2dc7-4527-a3c3-e48e48685712,chirp3_1,True,6.72,0.0,0.0,0.02117919921875,0.04547119140625
00a7c589-81cd-437d-998c-71c8940e12f0,chirp3_2,True,9.16,0.0,0.0,0.000244140625,0.000946044921875
00a7d23c-7aba-46f4-9815-067ba4898b3b,chirp3_2,True,6.28,0.0,0.0,0.04400634765625,0.02520751953125
00a7d4d0-816e-458a-b636-5254bb280e54,chirp3_1,True,10.76,0.0,0.0,0.00091552734375,0.00177001953125
00a82233-85c5-4d96-9e61-11b43892bf7c,chirp3_2,True,4.2,0.0,0.0,0.000885009765625,0.003265380859375
00a827ed-e9e1-4b7e-b826-81ae35568fc7,chirp3_2,True,3.96,0.0,0.0,0.001190185546875,0.004058837890625
00a82807-ebcb-452e-bb10-76e4d4ed3d70,chirp3_1,True,8.72,0.0,0.0,0.0050048828125,0.01861572265625
00a8509d-8722-45d2-8f71-a3f8f879af54,chirp3_1,True,9.84,0.0,0.0,0.00726318359375,0.019134521484375
00a93823-5f17-4801-bb5a-9142dbf69350,chirp3_2,True,8.12,0.0,0.0,0.071014404296875,0.012176513671875
00a93b71-df06-40a3-b352-73e7fc98ce93,chirp3_1,True,6.44,0.0,0.0,0.001556396484375,0.006317138671875
00a9ddf3-da4b-4801-8c57-5c09bfb53701,chirp3_1,True,8.84,0.0,0.0,0.0018310546875,0.002532958984375
00a9dec1-c884-4adc-990a-0b01d4013c77,chirp3_2,True,8.8,0.0,0.0,0.012786865234375,0.0159912109375
00aa4a1c-6e26-4611-8997-1b4663c4ae3c,chirp3_1,True,5.32,0.0,0.0,0.0113525390625,0.0009765625
00aaaf2f-78ab-47be-a452-e37228305e77,chirp3_1,True,6.08,0.0,0.0625,0.00018310546875,0.0
00ab1201-e2a8-412e-9e2f-bc12548e635c,rime_2,True,3.633875,0.0,0.0,0.003662109375,0.00274658203125
00ab2a8a-fdc9-4b9d-b002-b9b7209ae714,liva_1,False,10.1699375,0.0,0.0,3.0517578125e-05,0.000213623046875
00ab64e9-f731-4d3d-90a5-8d5994fc2c12,chirp3_1,True,11.68,0.0,0.0,0.08685302734375,0.018524169921875
00ab747e-47e9-429c-8279-771c6c850255,chirp3_1,True,8.36,0.0,0.0,0.001251220703125,0.0025634765625
00abbba6-d5d7-4815-8e08-240e5d85b37f,chirp3_1,True,12.92,0.0,0.0,0.00384521484375,0.00567626953125
00abe2ad-c8a4-4d52-9a59-9264557dc4eb,chirp3_2,True,3.16,0.0,0.0,0.000244140625,0.0003662109375
00ac5d12-492e-4ba7-b72b-123159255d31,chirp3_1,True,13.0,0.0,0.0,0.00146484375,0.0013427734375
00ac8676-df4e-49a8-bb63-67b5afbad771,chirp3_2,True,7.32,0.0,0.0,0.077056884765625,0.009979248046875
00ad0a52-7ac5-4240-b544-e3471ba0b508,chirp3_2,True,12.6,0.0,0.0,0.001373291015625,0.00079345703125
00ad305d-f2a3-4af3-8c23-915bfa0dc5db,rime_2,True,7.883125,0.0,0.0,0.014190673828125,0.001434326171875
00adb58d-c251-4345-ba49-746cced73212,human_5,False,3.392,0.0,0.0,0.02484130859375,0.008270263671875
00ae07ca-7033-4978-80f2-c88f06425dc3,chirp3_2,True,16.6,0.0,0.0,0.02349853515625,0.0211181640625
00ae7e72-ce25-49ba-95d8-d10ede83c975,chirp3_1,True,9.4,0.0,0.0,0.00054931640625,0.00750732421875
00aead23-0814-4c29-b03b-f865e54b1496,chirp3_1,True,6.24,0.0,0.0,3.0517578125e-05,0.00299072265625
00aec220-22fa-4b8e-94e0-ad0563c0bcec,chirp3_2,True,9.6,0.0,0.0,0.071929931640625,0.033538818359375
00aec5df-2c60-45e2-a80d-1b94d7efeb53,midcentury_1,False,5.0856875,0.0,0.0,0.0020751953125,0.00042724609375
00aec6b8-699c-4f0b-96dd-37c2348df5f4,chirp3_1,True,4.04,0.0,0.0,0.01812744140625,0.032928466796875
00aef58d-a0fd-4a0a-a444-9487e75e9ad7,chirp3_2,True,5.64,0.0,0.0,0.0030517578125,0.003173828125
00af3912-16a5-4874-9919-0073d89e4d73,chirp3_2,True,8.84,0.0,0.0,0.0035400390625,0.009368896484375
00af46b1-420f-4d04-bfa5-19fa5529eb62,chirp3_1,True,8.8,0.0,0.0,0.012969970703125,0.001617431640625
00afadbb-c89e-46a8-8eae-9f068895fbbe,chirp3_1,True,5.84,0.0,0.0,0.0018310546875,0.0074462890625
00b00922-d13c-44bc-b8c0-d3991ac2fc3b,chirp3_1,True,8.64,0.0,0.0,0.01068115234375,0.030853271484375
00b02a82-2aed-4ce0-89a0-829f687fd0b5,chirp3_1,True,5.04,0.0,0.0,0.0013427734375,0.001800537109375
00b0c672-59ef-4498-807c-74ad3614ec9a,chirp3_1,True,5.8,0.0,0.0,0.000152587890625,0.006134033203125
00b1c79f-948d-43f7-92f3-1f905f4a54ec,chirp3_2,True,2.88,0.0,0.0,0.001251220703125,0.003143310546875
00b202ee-f8cf-44d6-834d-b8d32fe15c2a,chirp3_2,True,7.12,0.0,0.0,0.002227783203125,0.0146484375
00b2041d-5e09-4ee1-90a9-0c589b0b740a,chirp3_2,True,3.04,0.0,0.0,0.003143310546875,0.00048828125
00b2b4d1-f7c4-4115-b917-56b22650dedb,chirp3_2,True,4.04,0.0,0.0,0.005859375,0.029632568359375
00b2b8c4-2ead-4bd5-9f43-294269bf4429,liva_1,False,14.1774375,0.0,0.0,0.004058837890625,0.004150390625
00b2c198-1e49-4583-a166-0bf1f40c52b9,liva_1,False,15.3795,0.0,0.0,0.029205322265625,0.000152587890625
00b2fdd4-b587-4cab-98dd-5955d04718c2,orpheus_endfiller_1,True,3.7546875,0.0,0.0,0.00079345703125,0.0113525390625
00b34176-f35b-4d2f-adb8-7ab8d539335b,chirp3_2,True,9.08,0.0,0.0,0.00421142578125,0.00555419921875
00b39d42-813d-4284-80a4-af853afd097f,chirp3_2,True,5.32,0.0,0.0,0.0003662109375,0.00115966796875
00b3e097-e277-4bb6-8d76-ce4e7e052c22,chirp3_1,True,6.52,0.0,0.0,0.0018310546875,0.005126953125
00b3f65e-8589-4c08-9e5a-3f3cb456e37a,chirp3_2,True,5.12,0.0,0.0,0.0089111328125,0.0118408203125
00b42660-932a-42f0-ab3e-03f78127279f,chirp3_1,True,5.32,0.0,0.0,0.00341796875,0.00018310546875
00b47472-1c8e-4cd9-b38e-cdb5439f7208,chirp3_1,True,8.28,0.0,0.0,0.0035400390625,0.01531982421875
00b48eec-0ee6-4b13-ad1d-93ea7116f20f,midcentury_1,False,4.03675,0.0,0.0,6.103515625e-05,0.000152587890625
00b4a3f4-2cb2-4da4-a476-0d3016b3a430,chirp3_1,True,8.32,0.0,0.0,0.039520263671875,0.006317138671875
00b4e3ae-9502-4c2b-b491-c6ff16145b12,chirp3_1,True,4.0,0.0,0.0,0.002685546875,0.003509521484375
00b4e7c1-fe56-4818-9b1e-aca5a5d7fd00,chirp3_2,True,6.24,0.0,0.0,0.023284912109375,0.006591796875
00b51f86-d422-4fe4-9b5d-a48a8ec6b357,chirp3_2,True,5.08,0.0,0.0,0.0015869140625,0.00323486328125
00b52ebd-c0d1-4264-8426-22a12fda5d7b,chirp3_2,True,6.88,0.0,0.0,0.025146484375,0.00921630859375
00b530e8-227d-4fd7-8308-0ed3cfc96ccd,chirp3_2,True,3.24,0.0,0.0,0.03387451171875,0.019195556640625
00b552b7-0a76-4fa6-98a7-2368953a03bb,chirp3_1,True,10.52,0.0,0.0,0.001373291015625,6.103515625e-05
00b5739f-50e7-4772-82a3-b9a5cb875424,chirp3_1,True,9.04,0.0,0.0,0.0013427734375,0.0013427734375
00b5b657-3c49-42a8-818c-f41d507f4d8c,chirp3_2,True,5.68,0.0,0.0,0.005035400390625,0.025115966796875
00b5c14a-d2ad-486f-a394-bebd279055ca,chirp3_1,True,8.36,0.0,0.0,0.0225830078125,0.05255126953125
00b5c560-b2f5-45ca-b059-758111a9210d,chirp3_2,True,16.24,0.0,0.0,0.0068359375,0.00518798828125
00b69a81-1b48-4c49-b0e8-c55693c24c26,rime_2,True,6.269375,0.0,0.0,0.0120849609375,0.004486083984375
00b6c2d0-fd97-4467-98f6-da9b346d9256,chirp3_1,True,5.68,0.0,0.0,0.004791259765625,0.014556884765625
00b6e54f-dcf3-4ef0-8f08-369e08d9f01e,liva_1,False,15.05325,0.0,0.0,0.0135498046875,0.01318359375
00b71e37-7b44-407f-95aa-79eed83dab4a,chirp3_1,True,12.16,0.0,0.0,0.002716064453125,0.001617431640625
00b74912-e940-4edb-b75b-31fd4befebb1,chirp3_1,True,6.88,0.0,0.0,3.0517578125e-05,0.00787353515625
00b77b44-3a99-4b60-ac69-7e4118b235fd,chirp3_1,True,9.24,0.0,0.0,0.002777099609375,0.03759765625
00b8406d-c368-429d-a550-6078d716f08b,chirp3_2,True,10.84,0.0,0.0,0.00335693359375,0.00048828125
00b8675c-ec50-4490-b3bd-73e3d90acae7,chirp3_1,True,5.84,0.0,0.0,0.003143310546875,0.00244140625
00b86e40-a848-4c7e-b97d-d8f939fda7ce,liva_1,False,11.273875,0.0,0.0,0.004547119140625,0.0037841796875
00b8a41e-d5c5-4258-8ca7-8c65dcb6905a,chirp3_1,True,4.68,0.0,0.0,0.0009765625,0.010650634765625
00b90208-ee08-4c25-97db-0ec113093b2e,chirp3_1,True,5.52,0.0,0.0,0.01055908203125,0.003021240234375
00b9e617-12ce-4a8c-a745-436160dceb63,liva_1,False,12.574875,0.0,0.0,0.011138916015625,0.005889892578125
00b9f538-831d-48c7-8e9b-483b43b7083a,chirp3_1,True,4.24,0.0,0.0,0.055877685546875,0.0234375
00ba6ade-0bfc-4133-a7e9-48ca5e8fd864,liva_1,False,11.4249375,0.0,0.0,0.028106689453125,0.0008544921875
00ba75ef-a065-4aeb-9a1b-de7a6b3d78e7,chirp3_1,True,4.52,0.0,0.0,0.002471923828125,0.0045166015625
00bab0cd-cad0-4537-868f-d1da5b3a7b94,liva_1,False,16.0,0.0,0.0,0.00433349609375,0.00848388671875
00bac925-f977-47d5-8840-dbc15c520fc7,chirp3_1,True,7.28,0.0,0.0,0.009033203125,0.0257568359375
00bafbcb-511c-4cba-8482-435c957bf035,chirp3_1,True,8.24,0.0,0.0,0.005462646484375,0.006011962890625
00bb2569-2630-400c-a07e-6425d97594a0,chirp3_2,True,7.0,0.0,0.0,0.002685546875,0.01361083984375
00bb3029-af1e-4c60-b36d-a1478d6ebcf0,chirp3_1,True,9.8,0.0,0.0,0.000579833984375,0.016876220703125
00bb44fc-5ba9-41e8-b8fe-0c70dffda2e8,chirp3_1,True,5.68,0.0,0.0,0.01690673828125,0.010650634765625
00bb7355-c6a8-4dc9-9d69-7466b5f908ed,chirp3_1,True,8.16,0.0,0.0,0.0006103515625,0.000823974609375
00bb8a16-7446-4fc0-b774-a6529763bf58,liva_1,False,12.5559375,0.0,0.0,0.000274658203125,0.000885009765625
00bba57f-dd21-4ff6-8576-09dea06546fd,chirp3_2,True,1.8,0.0,0.0,6.103515625e-05,0.0035400390625
00bbc154-b84b-4f04-bf36-bf87071eabad,chirp3_1,True,6.72,0.0,0.0,0.00054931640625,0.001434326171875
00bc13c1-ae74-4fec-8f59-9b81f300bed3,chirp3_2,True,6.12,0.0,0.0,0.0052490234375,0.002655029296875
00bc17e4-c65d-413b-bdfe-200f45d7f88a,chirp3_1,True,10.12,0.0,0.0,0.002593994140625,0.00079345703125
00bc37ae-e09e-4d9f-84a4-8116f271542e,chirp3_2,True,5.2,0.0,0.0,0.00360107421875,0.00067138671875
00bc3fff-33f6-4164-934a-394fec9b0bdd,chirp3_1,True,9.28,0.0,0.0,0.0018310546875,0.002899169921875
00bcd806-7142-4698-b39d-9f5882c4f633,chirp3_2,True,7.48,0.0,0.0,0.027740478515625,0.03167724609375
00bce99c-96d7-4b09-b6ab-ed409e98f965,chirp3_2,True,2.92,0.0,0.0,0.000457763671875,0.0147705078125
00bcfedd-1879-474e-90b4-e35f214e84cf,chirp3_1,True,6.52,0.0,0.0,0.00128173828125,0.0010986328125
00bd5d02-1f39-4598-a06d-7bcdaf43a041,chirp3_1,True,6.92,0.0,0.0,0.004058837890625,0.008148193359375
00bdc599-a0e5-49bd-b533-bd3bf0536fdd,chirp3_2,True,7.96,0.0,0.0,0.001312255859375,0.00238037109375
00bdddc9-e8de-4231-ae49-43b9bb251248,liva_1,False,6.797375,0.0,0.0625,0.016937255859375,0.0
00bdfbc8-7a11-4d33-a52c-6903b7517320,chirp3_1,True,5.16,0.0,0.0,0.003204345703125,0.009796142578125
00be4440-d746-4c1f-980c-84f7a73078c5,orpheus_grammar_1,True,4.608,0.0,0.0,0.004974365234375,0.026580810546875
00beefdc-ed84-4089-933a-4752bd0a5ee4,chirp3_1,True,4.56,0.0,0.0,0.0445556640625,0.019805908203125
00bf0289-a547-4d5a-9b3e-216c8540f0bd,chirp3_2,True,6.2,0.0,0.0,0.0042724609375,0.047821044921875
00bf1e58-82a3-4ce2-9924-1f35e6ee6bd7,chirp3_1,True,7.72,0.0,0.0,0.00128173828125,0.00091552734375
00bf498a-74ba-44cd-9b1b-5b33e418b1bd,chirp3_2,True,6.76,0.0,0.0,0.00128173828125,0.0106201171875
00bf849d-26ad-46e3-8049-ffe5503dbb05,chirp3_1,True,4.36,0.0,0.0,0.001800537109375,0.0009765625
00bf9ce1-7a0a-4815-8a2e-63b2161f9571,chirp3_1,True,12.4,0.0,0.0,0.0079345703125,0.0657958984375
00bfcc35-f024-4e62-bcdb-03cd50e938f5,chirp3_1,True,12.8,0.0,0.0,0.012451171875,0.000213623046875
00c009f6-b722-4be2-b38b-d6b8769961d1,chirp3_2,True,8.48,0.0,0.0,0.00518798828125,0.000335693359375
00c01ea3-db80-40b5-ba36-dc54d3e16ee8,chirp3_2,True,4.48,0.0,0.0,0.001617431640625,0.002410888671875
00c025bb-52a8-4396-8ee5-1f65f735dcf0,chirp3_2,True,8.16,0.0,0.0,0.004608154296875,0.012969970703125
00c02a65-f0c4-4f0e-97bd-af1afa6d561c,chirp3_1,True,8.12,0.0,0.0,0.006011962890625,0.000701904296875
00c06535-c8e0-4272-9394-a069fd2a575f,chirp3_1,True,7.24,0.0,0.0,0.0006103515625,0.000701904296875
00c0775a-5bf6-4689-9a2f-5466ba98ba85,chirp3_2,True,11.92,0.0,0.0,0.0128173828125,0.0042724609375
00c0c5ce-1b18-4900-a5a5-2537e39a0406,chirp3_2,True,5.72,0.0,0.0,0.003936767578125,0.01995849609375
00c1356e-a73c-4e97-be3b-058154c96b72,chirp3_1,True,2.88,0.0,0.0,0.00103759765625,0.00360107421875
00c1635a-529b-4611-b1e5-912255db9ea8,chirp3_1,True,4.44,0.0,0.0,0.000885009765625,0.00030517578125
00c184ab-0ac1-494a-baf7-daa3e9980502,chirp3_1,True,7.76,0.0,0.0,0.018524169921875,0.063873291015625
00c1af19-f286-4c4c-9e26-85a60ee4cc03,chirp3_1,True,10.2,0.0,0.0,0.0001220703125,0.002044677734375
00c22272-a561-4461-af5c-c5fdd8d12165,chirp3_1,True,7.32,0.0,0.0,0.000213623046875,0.005615234375
00c27b06-fab9-4d73-803c-bb8f39d70cbb,chirp3_2,True,10.24,0.0,0.0,0.005859375,0.00335693359375
00c2858c-a697-460f-ac0e-9c588a90c557,liva_1,False,12.8636875,0.0,0.0,6.103515625e-05,0.000640869140625
00c31ec8-21fd-49ae-b9a4-cb67c35abdb1,chirp3_1,True,5.08,0.0,0.0,0.001190185546875,0.005828857421875
00c31f09-7f06-41ed-a366-95603cc84517,chirp3_1,True,6.44,0.0,0.0,0.000701904296875,0.009002685546875
00c3206b-b3a5-4418-9d39-a9aa959b6be7,chirp3_1,True,5.52,0.0,0.0,0.00244140625,0.0067138671875
00c3327b-36dc-4863-92f2-03266aa6c184,chirp3_1,True,15.08,0.0,0.0,0.000946044921875,0.00274658203125
00c377a8-e475-463c-a4e7-d907f7a04e21,chirp3_1,True,10.44,0.0,0.0,0.0015869140625,0.00360107421875
00c3945e-aa5d-480b-9bd0-52d66bb70048,chirp3_1,True,13.96,0.0,0.0,0.004302978515625,0.01153564453125
00c3b960-e918-4476-92c8-c49ea33c623b,orpheus_endfiller_1,True,2.4746875,0.0,0.0,0.00067138671875,0.0008544921875
00c3b9a7-fd9d-4d32-90ac-046d480c3743,chirp3_1,True,7.88,0.0,0.0,0.000396728515625,0.002166748046875
00c3bb4e-5e58-4b87-abbe-f34da14bddf3,chirp3_1,True,6.0,0.0,0.0,0.00921630859375,0.00726318359375
00c41abf-5308-417d-94ab-21c147a60181,chirp3_2,True,8.64,0.0,0.0,0.00042724609375,0.00042724609375
00c4ee05-fe17-4710-81c8-f53e24723c0c,chirp3_2,True,10.84,0.0,0.0,0.01416015625,0.00238037109375
00c50267-b89d-40f9-9fee-b4a515c739a4,chirp3_1,True,9.4,0.0,0.0,0.005279541015625,0.00146484375
00c5b44d-8cd2-4cb3-bae5-431a2dc039e4,chirp3_2,True,3.08,0.0,0.0,0.00164794921875,0.00146484375
00c5c862-2243-43b4-ad9f-7397b7815a98,chirp3_1,True,8.44,0.0,0.0,0.00213623046875,0.003509521484375
00c65625-8683-4d90-8854-869705193f46,chirp3_2,True,7.76,0.0,0.0,0.00225830078125,0.000335693359375
00c680a3-e6fd-400a-a915-488773122ab5,chirp3_2,True,22.16,0.0,0.0,0.0006103515625,0.00738525390625
00c69e14-23dc-4de6-8017-096ac8c2be29,chirp3_1,True,2.92,0.0,0.0,0.000213623046875,0.0006103515625
00c7b457-9c7c-402c-98b4-49ef37287849,chirp3_1,True,10.88,0.0,0.0,0.003692626953125,0.010772705078125
00c7ca0d-18eb-45d0-ac2c-0fa351bd6ecd,rime_2,True,5.7353125,0.0,0.0,0.0263671875,0.005279541015625
00c7d8e0-c73b-420d-85b3-ab9c06cc0cfa,chirp3_1,True,7.12,0.0,0.0,0.007049560546875,0.007965087890625
00c80bdc-50e5-44ce-8e59-6e611a604d44,chirp3_2,True,3.24,0.0,0.0,0.0006103515625,0.000701904296875
00c83b68-223d-443b-85e1-357633c526c1,chirp3_2,True,3.36,0.0,0.0625,0.0040283203125,0.0
00c85b74-cb38-4222-b043-8a525eb0a0e9,human_convcollector_1,False,0.825625,0.0,0.0,0.00347900390625,0.001129150390625
00c8697e-4848-4241-8acd-91765609238f,chirp3_1,True,4.64,0.0,0.0,0.026611328125,0.024688720703125
00c87dda-f30a-4e24-bfc3-d67b2f469ffb,chirp3_1,True,5.32,0.0,0.0,0.001678466796875,0.005859375
00c8c640-2b97-4173-8ad7-e2f0aeb5afbb,chirp3_1,True,8.44,0.0,0.0,0.005401611328125,0.0006103515625
00c8f29a-2b11-463f-b5c8-e41273158b05,chirp3_1,True,9.6,0.0,0.0,0.001983642578125,0.001708984375
00c9660a-6271-448f-8c88-dbda6dfddac8,chirp3_1,True,7.28,0.0,0.0,0.000762939453125,0.001678466796875
00c972a3-cf56-41d9-8435-f09899c446eb,chirp3_1,True,6.8,0.0,0.0,0.00177001953125,0.006195068359375
00c9eb82-5ebb-43dc-b1e4-094b28799b52,chirp3_1,True,5.72,0.0,0.0,3.0517578125e-05,0.004119873046875
00caa3ed-d229-43b0-a8c6-8350b6849751,chirp3_2,True,7.24,0.0,0.0,0.020233154296875,3.0517578125e-05
00cad21f-7859-472d-a46d-e39ab4534b2d,chirp3_1,True,3.6,0.0,0.0,0.048919677734375,0.028717041015625
00cae43d-df86-4a39-acd4-12ddac00c37a,chirp3_1,True,9.12,0.0,0.0,0.008636474609375,0.02032470703125
00cafab4-a6a7-461a-9ff7-a95270b04672,liva_1,False,12.3411875,0.0,0.0,0.00555419921875,0.005126953125
00cb0051-5a93-410f-a5cb-7e4c54c7d195,chirp3_1,True,6.2,0.0,0.0,0.000946044921875,0.008087158203125
00cb7755-bd4e-495b-9906-38d300e602dd,chirp3_1,True,4.64,0.0,0.0,0.005157470703125,0.00042724609375
00cb9f0c-3d03-4c6f-a700-f665f7d072fb,chirp3_1,True,6.76,0.0,0.0,0.0081787109375,0.007049560546875
00cba5ea-ca43-4507-9bac-196bf5a388e1,chirp3_1,True,8.6,0.0,0.0,0.0040283203125,0.0069580078125
00cbb680-b951-43e6-84ce-0b14e5f3729f,chirp3_1,True,12.16,0.0,0.0,0.001068115234375,0.00079345703125
00cc0d7d-180f-433a-baf9-3667e2f1ed4e,chirp3_1,True,6.4,0.0,0.0,0.013641357421875,0.002655029296875
00cc58ef-f037-4328-8bdc-7292ed8f95f7,chirp3_2,True,13.04,0.0,0.0,0.00469970703125,0.01446533203125
00cc7c1f-984f-4a71-b180-994f3814fb0d,chirp3_2,True,8.0,0.0,0.0,0.000396728515625,0.00201416015625
00ccb1a7-f304-456c-83d0-0d1d8abc5e57,orpheus_endfiller_1,True,1.7066875,0.0,0.0,0.011444091796875,0.00885009765625
00ccc4f9-67ba-4d3c-99b9-ae099203b4d5,chirp3_2,True,7.36,0.0,0.0,0.003936767578125,0.000152587890625
00cce681-d859-4842-94a6-81397693d70c,chirp3_1,True,3.32,0.0,0.0,0.00030517578125,0.00482177734375
00cd00b4-8f0d-46b3-8a66-f9793467943f,chirp3_1,True,5.48,0.0,0.0,0.0013427734375,0.000396728515625
00cdd404-b7bd-49b6-a916-4d3409770365,liva_1,False,12.067,0.0,0.0,0.000152587890625,0.014801025390625
00ce325e-e069-492e-ab93-70ebe66ced22,chirp3_2,True,5.6,0.0,0.0,0.00018310546875,0.000640869140625
00ce3502-fc87-4aa4-99c3-10c5097d4e9d,chirp3_1,True,9.56,0.0,0.0,0.003173828125,0.0015869140625
00ce4677-ae1d-4f84-bfc3-d064899ac184,liva_1,False,9.68825,0.0,0.0,0.000823974609375,0.000274658203125
00cee06b-18a1-41f4-a376-b5a204d154a7,midcentury_1,False,3.3505,0.0,0.0,0.00152587890625,0.0015869140625
00cee8ef-c923-4fa5-afc1-69f1c968da4d,chirp3_1,True,10.2,0.0,0.0,0.004669189453125,0.002685546875
00cf4045-b4ea-4ba6-b0d4-af7be8188b5f,chirp3_1,True,4.92,0.0,0.0,0.002960205078125,0.00048828125
00cf781b-f7c3-4143-9e81-0687f6ab3e39,chirp3_2,True,7.12,0.0,0.0,0.00048828125,0.00042724609375
00cfa8f6-accd-4be0-87d3-ad31d2486183,chirp3_2,True,3.32,0.0,0.0,0.002899169921875,0.0006103515625
00cfb9de-1f01-4a83-b83f-eb12e5333a93,rime_2,True,7.4535625,0.0,0.0,0.00970458984375,0.00836181640625
00d00c21-3bbb-4943-9453-abf3b6fd39ca,chirp3_2,True,3.16,0.0,0.0,0.002227783203125,0.00079345703125
00d051b8-632d-415c-b3ca-3581e5b9941e,chirp3_2,True,3.36,0.0,0.0,0.01153564453125,0.036773681640625
00d09b66-e06c-47fd-88a5-e7ee124573bd,chirp3_1,True,3.12,0.0,0.0,0.0107421875,0.00897216796875
00d0b905-edf6-4a5e-b66d-c50b4ad44461,chirp3_1,True,7.84,0.0,0.0,0.00592041015625,0.003662109375
00d0d5bf-647b-498d-bb85-38d7c454d797,chirp3_1,True,9.28,0.0,0.0,0.001007080078125,0.01153564453125
00d11f8b-f17f-4ae5-804d-4b4d18939b3b,chirp3_1,True,9.16,0.0,0.0,0.002593994140625,0.00653076171875
00d19050-8b80-4772-bcdd-f1f1eed247e3,chirp3_2,True,10.12,0.0,0.0,0.002716064453125,0.00164794921875
00d1eec1-b56c-4627-b2cf-2eb9de0b11ae,liva_1,False,12.282625,0.0,0.0,0.014862060546875,0.002593994140625
00d29e43-098c-46d4-bfef-85a6bb037751,orpheus_midfiller_1,True,9.8986875,0.0,0.0,0.025970458984375,0.01043701171875
00d2a1fa-77b6-43d9-9b25-5634cae9d007,chirp3_2,True,5.56,0.0,0.0,0.0003662109375,0.02984619140625
00d2ad33-f5f3-4bb3-87a0-8cb0249fc5a8,liva_1,False,14.9663125,0.0,0.0,0.00439453125,0.001708984375
00d2c836-90e1-41be-bcb0-80d528a50d7a,chirp3_2,True,11.2,0.0,0.0,0.03485107421875,0.031494140625
00d2f42c-2b62-4fa7-a73b-2b79e4eebb1c,chirp3_2,True,11.6,0.0,0.0,0.00048828125,0.001007080078125
00d32a16-e25b-4df1-a33f-153bb9691420,chirp3_1,True,6.08,0.0,0.0,0.00054931640625,0.002227783203125
00d35dc0-2192-4dc9-ab26-a2b8e032033d,chirp3_2,True,5.32,0.0,0.0,0.020843505859375,0.005340576171875
00d38620-225c-486a-8dba-0f28875719b9,chirp3_2,True,4.84,0.0,0.0,0.000823974609375,0.0013427734375
00d38fd1-8ed1-4302-b3e5-5e79e3358c7a,chirp3_1,True,12.24,0.0,0.0,0.009185791015625,0.03436279296875
00d3b2c5-4c92-44fc-92ba-de90e169c16f,chirp3_1,True,8.56,0.0,0.0,3.0517578125e-05,0.00341796875
00d3c095-0018-4391-bd2d-6e42b8bb3c37,chirp3_2,True,5.96,0.0,0.0,0.00018310546875,0.0009765625
00d3dd6a-36df-4dda-90be-ca25b28a0a05,chirp3_2,True,6.88,0.0,0.0,0.0003662109375,0.002349853515625
00d45651-4d85-4154-bef5-1734fd37559d,chirp3_1,True,7.68,0.0,0.0,0.009063720703125,0.0050048828125
00d46271-5a90-43f2-a432-45991a95a349,chirp3_1,True,7.76,0.0,0.0,0.01544189453125,0.00347900390625
00d47f98-0993-4073-95fc-924cc7450543,chirp3_2,True,3.4,0.0,0.0,0.0035400390625,0.001800537109375
00d50646-d2c2-4ebd-b3b2-dd5f0d46b04e,chirp3_2,True,3.48,0.0,0.0,0.0450439453125,0.028350830078125
00d52ad9-bd08-458e-a559-0bcd5ed5042b,liva_1,False,13.0724375,0.0,0.0,0.003997802734375,0.005218505859375
00d537ca-4c2e-456d-8151-7ebae45ffa08,chirp3_2,True,11.68,0.0,0.0,0.004425048828125,0.00244140625
00d56e62-d079-4ed1-bb25-e9a1c565893e,chirp3_1,True,13.56,0.0,0.0,3.0517578125e-05,0.001678466796875
00d5a942-01c2-4a02-a3ca-4b38f514bebe,chirp3_2,True,1.64,0.0,0.0,9.1552734375e-05,6.103515625e-05
00d5ee5b-06e2-40c8-baeb-20a6af920084,chirp3_1,True,7.12,0.0,0.0,0.001434326171875,0.00244140625
00d5fac8-a95b-4f45-9f99-b96ca1a2c87e,chirp3_1,True,5.44,0.0,0.0,0.00360107421875,0.00665283203125
00d613da-4f84-46a8-b586-fac40219b5ea,chirp3_1,True,13.16,0.0,0.0,0.00262451171875,0.00299072265625
00d61b8c-85df-4e89-891a-27d361a31f66,chirp3_2,True,8.2,0.0,0.0,0.000396728515625,0.0006103515625
00d62855-0d09-417c-b7af-2ee3ebaa124a,chirp3_1,True,6.96,0.0,0.0,3.0517578125e-05,6.103515625e-05
00d6578c-fb63-4c0a-9142-c08e080f4fa0,chirp3_1,True,10.52,0.0,0.0,9.1552734375e-05,6.103515625e-05
00d65fe6-8fea-477b-a4d6-e730004926b0,liva_1,False,11.3348125,0.0,0.0,0.027435302734375,0.040679931640625
00d6c189-08e4-421f-9839-d0619d0864af,chirp3_2,True,3.52,0.0,0.0,0.00262451171875,0.001922607421875
00d6fd7c-538c-4fa3-aba5-13619693a513,chirp3_1,True,9.76,0.0,0.0,0.0091552734375,0.03973388671875
00d70596-cb1e-4a03-b805-4d8dba861434,chirp3_2,True,3.56,0.0,0.0,0.003387451171875,0.001953125
00d709d7-6aba-4bfd-9748-38e86bcb7256,chirp3_1,True,5.56,0.0,0.0,0.002960205078125,0.019378662109375
00d719d7-661a-4836-8c28-64d28c560398,chirp3_1,True,6.96,0.0,0.0,0.02166748046875,0.005035400390625
00d75c51-038b-4528-82dc-f7473d103329,chirp3_1,True,7.0,0.0,0.0,0.0233154296875,0.0079345703125
00d7be30-f8ce-4df1-ba44-1dfee1592834,chirp3_1,True,7.84,0.0,0.0,0.00274658203125,0.000640869140625
00d7c7bd-c56e-441a-a40b-258e5e38f6d3,chirp3_1,True,5.84,0.0,0.0,0.0003662109375,0.007293701171875
00d7d5fe-4faf-447f-80cc-c51a5ca20d9a,liva_1,False,14.32425,0.0,0.0,0.003936767578125,0.00030517578125
00d9200f-dfc0-41f4-82b9-fb70bf66b30a,chirp3_1,True,9.68,0.0,0.0,0.00872802734375,0.00848388671875
00d95a2d-6d9e-4f99-b50d-8a5d5649eed0,chirp3_1,True,6.28,0.0,0.0,3.0517578125e-05,0.00128173828125
00d963db-39b6-4b53-8b60-8d68cc1fc4ad,liva_1,False,15.4180625,0.0,0.0,0.000457763671875,0.003204345703125
00d98597-099e-4738-9981-23ead45b4a3b,chirp3_1,True,6.76,0.0,0.0,9.1552734375e-05,0.00042724609375
00d98b5d-33c1-408e-aa6d-f4f83cc0061f,liva_1,False,13.2,0.0,0.0,0.005706787109375,0.000823974609375
00d9c696-3565-4104-ae5b-2df7ae28352b,chirp3_2,True,4.4,0.0,0.0,0.045623779296875,0.041473388671875
00d9c882-cd80-4ae6-87f2-2df6ee339c72,chirp3_2,True,5.96,0.0,0.0,0.000457763671875,0.002685546875
00d9faf7-1fdf-4b52-bb37-0007a5761c31,chirp3_1,True,10.68,0.0,0.0,0.0084228515625,0.00726318359375
00da18c3-bbe4-4532-a264-9e1e7f665d6b,chirp3_1,True,9.96,0.0,0.0,0.004425048828125,0.013336181640625
00da2723-7593-49bd-8560-a557a54403ab,chirp3_1,True,6.88,0.0,0.0,0.0133056640625,0.008544921875
00da3120-f82a-4324-8ff1-14aec3fddbe4,chirp3_1,True,7.08,0.0,0.0,0.075958251953125,0.030792236328125
00da91ae-92c2-4439-b85c-593b897c64ce,chirp3_1,True,3.76,0.0,0.0,0.002044677734375,0.00091552734375
00daffcc-e253-41bf-8ffe-dd1d2c162291,chirp3_1,True,8.24,0.0,0.0,9.1552734375e-05,0.000518798828125
00db07c4-0fff-43ea-8330-ed8b931ace9f,chirp3_1,True,4.72,0.0,0.0,0.0020751953125,0.00115966796875
00db4389-ce4c-4466-852f-499fd9a658b3,chirp3_1,True,4.08,0.0,0.0,6.103515625e-05,0.001068115234375
00db658d-8692-4ed6-a80a-e42d585e8670,chirp3_1,True,6.76,0.0,0.0,0.00018310546875,0.00042724609375
00dbabed-1f87-4dde-beda-2cdba3c338ed,chirp3_1,True,2.68,0.0,0.0,0.01177978515625,0.00628662109375
00dbdece-1634-4e19-8d0f-f830e435b06b,chirp3_1,True,10.84,0.0,0.0,0.0184326171875,0.0146484375
00dbf83a-e0da-4ee1-87d7-693a9374e666,chirp3_1,True,11.2,0.0,0.0,0.00042724609375,0.000701904296875
00dbf8bf-b574-442c-991a-9bb2186accc3,chirp3_2,True,8.92,0.0,0.0,0.011077880859375,0.011962890625
00dc0735-d807-4cee-9158-3ed7281454d2,liva_1,False,11.15475,0.1875,0.0,0.0,0.000152587890625
00dc2c69-6cd3-4df6-bf83-8e2c2f377a88,chirp3_1,True,5.56,0.0,0.0,0.020751953125,0.02056884765625
00dc3f07-499a-48f7-b241-5dab4bd5af79,midcentury_1,False,3.235,0.0,0.0,0.044097900390625,0.006195068359375
00dcb7a6-3640-4eda-a382-6a7c5f1706cd,chirp3_1,True,9.16,0.0,0.0,0.000946044921875,0.019927978515625
00dd3977-32d7-439e-8e98-a448dce946f9,chirp3_1,True,5.84,0.0,0.0,0.000457763671875,0.0067138671875
00dd3bfb-89a5-4b96-b399-f701a9f0f470,chirp3_1,True,5.36,0.0,0.0,0.00213623046875,0.00634765625
00dd4209-0f93-4d48-8100-8c0f46ec1481,chirp3_2,True,8.52,0.0,0.0,0.0035400390625,0.005157470703125
00dd6c2d-b894-4203-9577-e7d33338b59a,chirp3_1,True,6.64,0.0,0.0,0.004425048828125,0.015655517578125
00dda73e-49ee-4ba4-8fb1-6781caf076ff,chirp3_1,True,10.24,0.0,0.0625,0.000244140625,0.0
00de8625-7a43-4a4a-ae4d-4ff51f8cd997,chirp3_1,True,13.56,0.0,0.0,0.0096435546875,0.0159912109375
00df0a51-7e38-4be4-a828-85e633bcd5a6,chirp3_1,True,10.24,0.0,0.0,0.001373291015625,0.004669189453125
00df117e-fab5-4bf3-a8f6-c426b99c774e,chirp3_2,True,3.24,0.0,0.0,0.01873779296875,0.0216064453125
00df2520-9acb-4ae9-b20f-7ca49e613b5c,chirp3_2,True,4.12,0.0,0.0,0.0020751953125,0.001708984375
00dfc893-42c8-48ea-b98a-0f782e031fae,chirp3_1,True,3.4,0.0,0.0,0.01812744140625,0.021575927734375
00e11586-d4f5-46f2-9b74-7ac62738dcbc,chirp3_2,True,8.68,0.0,0.0,9.1552734375e-05,0.00604248046875
00e142a3-15e3-4829-8b62-9aa3bd13461f,liva_1,False,11.70875,0.0,0.0,0.00177001953125,0.00201416015625
00e1462a-f1f7-4799-a6c6-ed40770738cb,chirp3_1,True,6.32,0.0,0.0,0.004241943359375,0.00018310546875
00e1509b-c473-4058-b6ff-61b825b9fc4a,chirp3_1,True,9.0,0.0,0.0,0.016693115234375,0.01513671875
00e16761-1c48-4f90-b4e1-22a57c3c0ad2,orpheus_grammar_1,True,5.888,0.0,0.0,0.00238037109375,0.13360595703125
00e2dd1a-92df-4bb1-b5d6-74fbf68b8263,chirp3_1,True,8.44,0.0,0.0,0.025787353515625,0.037078857421875
00e32cd9-8fee-438c-8de0-82f18935336b,chirp3_2,True,8.08,0.0,0.0,0.001007080078125,9.1552734375e-05
00e3465b-b5e3-4248-acb8-86c66be28b3f,chirp3_1,True,11.2,0.0,0.0,0.001373291015625,9.1552734375e-05
00e3468b-1e3b-410a-a10c-432a5939e3f1,chirp3_1,True,10.0,0.0,0.0,0.00079345703125,0.0006103515625
00e3cec0-7beb-484a-92aa-871755ef5cc2,liva_1,False,12.890125,0.0,0.0,0.001312255859375,0.04400634765625
00e412cd-f12d-42ba-a6a2-9d8ae8fbccfa,chirp3_1,True,6.4,0.0,0.0,0.0023193359375,0.000396728515625
00e460c6-4ec7-472f-8882-fe564b72fc22,chirp3_1,True,8.56,0.0,0.0,0.007110595703125,0.00836181640625
00e47797-38aa-44c7-af6c-2d45bf10791c,chirp3_1,True,7.84,0.0,0.0,0.005523681640625,0.002532958984375
00e4c910-ecf7-4d4c-9cb3-315f666a5fca,liva_1,False,12.696625,0.0,0.0,0.015167236328125,0.019561767578125
00e54da7-be22-48dc-ac62-7d9df6644946,midcentury_1,False,3.405,0.0,0.0,0.001068115234375,0.000244140625
00e5e935-a0b3-4b5e-9ec9-1dc41b3dd079,chirp3_1,True,4.44,0.0,0.0,0.00054931640625,0.00115966796875
00e6f443-20e6-49f7-a95d-aeb85b96364b,chirp3_1,True,9.12,0.0,0.0,0.00128173828125,0.00048828125
00e720c6-caea-454b-a909-db1c62518487,chirp3_1,True,7.68,0.0,0.0,0.054931640625,0.009765625
00e75c19-57f7-4d96-aaab-109990f4c00d,chirp3_1,True,6.24,0.0,0.0,0.0048828125,0.0223388671875
00e76801-f965-4b93-b2e7-527ae1b27c45,liva_1,False,16.0,0.0,0.0,0.0015869140625,0.00048828125
00e795b1-defe-41e5-92cd-274d7569b24c,liva_1,False,11.793375,0.0,0.0,0.004119873046875,0.00103759765625
00e79ecb-7a1c-4c94-b840-612cbfd5f67c,midcentury_1,False,3.957,0.0,0.0,0.043548583984375,0.003997802734375
00e7bad7-9759-4d97-8d94-09f597965bca,chirp3_1,True,13.04,0.0,0.0,0.00018310546875,0.00018310546875
00e7d852-13ba-4c51-b5ea-c28db4390111,chirp3_1,True,9.2,0.0,0.0,6.103515625e-05,6.103515625e-05
00e7d944-35d9-4ffc-b5f5-c26ae879f120,chirp3_1,True,6.44,0.0,0.0,0.00262451171875,0.0133056640625
00e8bd8c-f17a-41b4-a283-b1e874b94caa,chirp3_2,True,3.72,0.0,0.0,0.01434326171875,0.006195068359375
00e8c3c0-93f4-400d-957d-8fd2ee7d0abe,chirp3_1,True,15.2,0.0,0.0,0.001007080078125,0.0015869140625
00e92bd2-ed60-40b3-8b4e-79d9dff60d1f,chirp3_1,True,10.24,0.0,0.0,0.03094482421875,0.041412353515625
00e979d1-ee0e-41c7-8ab4-008145e3ca01,chirp3_1,True,8.2,0.0,0.0,0.004150390625,0.01885986328125
00e996ee-6b28-4858-91d2-1884f9200047,chirp3_1,True,9.76,0.0,0.0,0.010498046875,0.00115966796875
00e999bb-8708-4c19-bde3-0994f72b9258,chirp3_2,True,9.64,0.0,0.0,0.0001220703125,0.004852294921875
00e9d619-40bd-4ced-a9a4-3e574f9f088f,chirp3_1,True,6.28,0.0,0.0,0.002044677734375,0.007568359375
00e9f97e-1953-4c08-a1a8-f5f54f8ef113,midcentury_1,False,4.419625,0.0,0.0,0.074310302734375,0.01654052734375
00e9fe4a-897d-4106-881b-731b921915ef,chirp3_1,True,7.28,0.0,0.0,0.014984130859375,0.030303955078125
00ea26d4-28ec-45a2-9884-6c92b9240b35,chirp3_2,True,5.84,0.0,0.0,0.008758544921875,0.032196044921875
00ea71e5-eba5-4a64-a2c6-4cfafdbd557e,chirp3_2,True,5.84,0.0,0.0,0.0032958984375,0.010101318359375
00ea7bb1-267f-451a-ba50-0219197ce6db,chirp3_1,True,7.08,0.0,0.0,0.0037841796875,0.000762939453125
00eaa078-f656-4348-9e48-3fd8ca6ae860,chirp3_2,True,3.96,0.0,0.0,0.00653076171875,0.005401611328125
00ead498-0945-49b7-bd2c-191e79cbe355,midcentury_1,False,3.068,0.0,0.0,0.032135009765625,0.01055908203125
00eaef7b-670e-422e-b2bd-62c4daa707a5,chirp3_1,True,6.04,0.0,0.0,0.00018310546875,3.0517578125e-05
00eb0162-f6ab-4b73-a7eb-f5d1ef03dc8f,human_5,False,3.0,0.0,0.0,0.017578125,0.01513671875
00eb2f33-80ee-4eec-8dca-069dc7a2d2a5,chirp3_1,True,5.48,0.0,0.0,0.08221435546875,0.001708984375
00eb4166-dae6-41b8-b909-299080b0ff7e,chirp3_1,True,11.2,0.0,0.0,0.0010986328125,0.001129150390625
00eb70c3-eeb3-4b03-baa3-9481903a5547,chirp3_1,True,10.4,0.0,0.0,0.001495361328125,0.01458740234375
00eb7acf-5f59-46e0-9955-64c3de100cec,chirp3_1,True,4.4,0.0,0.0,0.002471923828125,0.002288818359375
00ebdca2-68fc-4c48-b70c-1b2141daf60f,chirp3_1,True,5.72,0.0,0.0,0.00244140625,0.01904296875
00ec25bf-139e-4eea-98a0-e3c42e0199b2,chirp3_1,True,8.0,0.0,0.0,9.1552734375e-05,0.00018310546875
00ed0585-7932-4cb5-87a4-c6c1df607184,chirp3_2,True,6.24,0.0,0.0,0.004730224609375,9.1552734375e-05
00eda32e-b254-49b3-b90c-7b34c40b8a75,chirp3_1,True,6.4,0.0,0.0,0.012054443359375,0.002716064453125
00edcd49-d2f8-43cb-a1cc-d429b08a1a0c,chirp3_2,True,3.8,0.0,0.0,0.020172119140625,0.010345458984375
00edcf99-1ea1-4eed-8681-3b0f5111a054,chirp3_1,True,2.44,0.0,0.0,0.01690673828125,0.003662109375
00ede614-c107-4ded-9a22-649adfc3305f,chirp3_2,True,5.32,0.0,0.0,0.01947021484375,0.012908935546875
00ee1cc7-33f7-48ae-8b25-296996cde802,liva_1,False,10.4628125,0.0,0.0,0.00146484375,0.000732421875
00ee44fd-dfd1-4214-ac7c-e3f311511b6c,liva_1,False,14.1525,0.0,0.0,0.00164794921875,0.005859375
00ee4773-21de-4795-b8b6-b5ddf02776de,chirp3_1,True,13.08,0.0,0.0,0.009124755859375,0.01983642578125
00ee8884-f917-4cdb-87e4-edd7da3b8955,orpheus_grammar_1,True,4.352,0.0,0.0,0.001617431640625,6.103515625e-05
00ee9466-0046-40bf-822e-95eef692c723,chirp3_1,True,8.56,0.0,0.0,0.002044677734375,0.002471923828125
00eee320-6cb7-4e5d-b84e-80400827ea93,chirp3_2,True,9.8,0.0,0.0,0.001373291015625,0.0089111328125
00eef27a-7874-4f8e-a8bc-2499e5a1d0f3,chirp3_1,True,8.92,0.0,0.0,0.03076171875,0.00897216796875
00ef276d-7986-4fee-8207-dde929a96b7b,liva_1,False,11.57125,0.0,0.0,0.002227783203125,0.01239013671875
00ef88ab-a64c-46c7-9f74-2338332375cd,liva_1,False,8.1506875,0.0625,0.0,0.0,0.00103759765625
00ef9ecc-5a8a-40f5-8a49-e4be87fbdd4f,human_5,False,2.95375,0.0,0.0,0.002716064453125,0.00201416015625
00efb4b2-990f-42ae-bcc3-bf4490be270d,chirp3_1,True,4.44,0.0,0.0,0.001617431640625,0.005035400390625
00f021e7-a765-45c6-a8f5-c8f4afe39741,chirp3_1,True,11.48,0.0,0.0,0.089599609375,0.00616455078125
00f040e1-5b22-4f99-951a-e7c06bf4e089,chirp3_1,True,6.2,0.0,0.0,0.007659912109375,0.014251708984375
00f0918b-f902-4dd4-be21-631c4e4c1e31,chirp3_1,True,6.08,0.0,0.0,0.0230712890625,0.005706787109375
00f0d47b-d067-4424-89ea-2d1ca7ab876a,chirp3_1,True,5.96,0.0,0.0,0.01153564453125,0.012359619140625
00f11696-6e70-4bc2-ba15-b14c2f0c6231,chirp3_1,True,11.2,0.0,0.0,0.00030517578125,0.003173828125
00f16a3a-a7bb-4580-91db-6ed94f6090b1,chirp3_1,True,11.36,0.0,0.0,0.006195068359375,0.006591796875
00f17d9b-87fa-4eb5-994d-b1ebc0acc8f9,liva_1,False,8.651,0.0,0.0,0.008270263671875,0.0029296875
00f1e193-66bb-431a-85b0-06fce2aece76,chirp3_2,True,2.44,0.0,0.0,0.031158447265625,0.054473876953125
00f24ecf-c3f1-4e1a-8c88-71f7b1bc7777,chirp3_1,True,10.28,0.0,0.0,9.1552734375e-05,0.00299072265625
00f257ad-eb9b-49a0-9ce2-ba185e3ce21b,chirp3_2,True,5.88,0.0,0.0,0.00164794921875,0.0013427734375
00f27f52-ec08-4736-9930-c276d8556152,chirp3_1,True,5.32,0.0,0.0,0.00927734375,0.001495361328125
00f28ab9-985e-483a-bbb4-be5cfec8cdc4,midcentury_1,False,4.57,0.0,0.0,0.304931640625,0.004119873046875
00f2b1f0-7ab2-4c68-bf91-01654ec58620,chirp3_1,True,12.0,0.0,0.0,0.00091552734375,0.006378173828125
00f2be2e-8fdb-41bf-92c6-d00998ece46b,chirp3_1,True,8.64,0.0,0.0,0.000457763671875,0.019256591796875
00f2eeea-5311-4618-934d-670d47caebb8,chirp3_1,True,6.12,0.0,0.0,0.000274658203125,0.0023193359375
00f34d73-21a4-4357-913a-aa6cb1c956aa,chirp3_1,True,6.16,0.0,0.0,0.024383544921875,0.009185791015625
00f37abf-00d3-4813-afca-9210eb7d490c,chirp3_1,True,3.4,0.0,0.0,0.038726806640625,0.015716552734375
00f3cf12-efc8-45e3-9e7e-55b0ff0f3e7f,chirp3_1,True,6.88,0.0,0.0,0.004730224609375,0.002288818359375
00f3cff3-d87f-4283-97ac-5aab0147dbf9,chirp3_1,True,9.2,0.0,0.0,0.00262451171875,0.00213623046875
00f3da0f-a02b-491e-a2d0-8b9dd8f8ab5d,chirp3_1,True,7.6,0.0,0.0,0.000244140625,0.0030517578125
00f43f88-07c8-42a6-ac9f-849593000043,chirp3_1,True,11.44,0.0,0.0,0.004730224609375,0.001190185546875
00f44481-57f3-4dab-8387-850b84d40ec4,chirp3_2,True,7.6,0.0,0.0,0.004547119140625,0.0072021484375
00f4ce07-85e0-4d1c-b2f7-159912af15fd,chirp3_1,True,7.96,0.0,0.0,0.000823974609375,0.001129150390625
00f4efd8-908d-4cc4-9f95-a3766dd138ef,liva_1,False,10.8270625,0.0,0.0,0.000274658203125,0.000701904296875
00f4facc-3205-4082-b144-3e6548631001,chirp3_1,True,3.16,0.0,0.0,0.000274658203125,0.003692626953125
00f6337f-7981-445f-9b78-344b2b07dee1,chirp3_2,True,5.48,0.0,0.0,0.005126953125,0.00933837890625
00f6fbe1-74f0-4617-96aa-8b6e310c12fe,chirp3_2,True,6.64,0.0,0.0,0.008941650390625,0.00433349609375
00f72cb9-19d8-4685-983e-31a104ca48cb,chirp3_1,True,4.68,0.0,0.0,0.00018310546875,0.000152587890625
00f76b1a-1e39-490e-8b72-22d321818d6a,liva_1,False,16.0,0.0,0.0,0.01251220703125,0.008758544921875
00f76d83-a3b8-43c1-a92b-39b25f47adee,chirp3_1,True,8.44,0.0,0.0,6.103515625e-05,0.000213623046875
00f7850a-44a8-4354-a6db-2a8d3a4a0073,rime_2,True,2.972125,0.0,0.0,0.00042724609375,0.009429931640625
00f7c71b-5f74-4543-8618-01f2a6611dcf,chirp3_2,True,6.32,0.0,0.0,0.00115966796875,0.01007080078125
00f80251-358c-4666-aa6a-24880f2e2699,chirp3_2,True,7.28,0.0,0.0,0.000213623046875,0.0050048828125
00f816d3-69a7-48f6-8943-6b4a240318ca,chirp3_1,True,2.96,0.0,0.0,0.004119873046875,0.000823974609375
00f8243c-a968-4314-83dd-b9b846517d63,human_5,False,6.8,0.0,0.0,0.015960693359375,0.02301025390625
00f86e90-5ecd-4ee1-8ece-c51d8ddc0c88,chirp3_2,True,7.84,0.0,0.0,0.019317626953125,0.01275634765625
00f8ac90-83a9-4c73-95e9-f67afb18f8f7,chirp3_1,True,8.08,0.0,0.0,0.00933837890625,0.004974365234375
00f91ca9-ed48-4b1b-b990-8e0377bc9fce,midcentury_1,False,4.096,0.0,0.0,0.04693603515625,0.011993408203125
00f968ac-a79b-4e72-b0bf-50373b7ed6dd,midcentury_1,False,4.2489375,0.0,0.0,3.0517578125e-05,3.0517578125e-05
00f9e8c6-cb2f-46b1-a569-681f20286ab5,chirp3_1,True,13.04,0.0,0.0,0.003814697265625,0.003021240234375
00f9ef99-f669-4c31-92e2-f6b14aa04b85,chirp3_2,True,6.4,0.0,0.0,0.00439453125,0.003814697265625
00f9f237-6f36-4937-a1dd-d7bd750b1677,liva_1,False,14.2065625,0.0,0.0,0.001495361328125,0.000579833984375
00f9fb6b-22e9-4766-9568-d557d96a48dd,mundo_1,False,4.533,0.0,0.0,0.0108642578125,0.02398681640625
00facd1d-a63d-4a04-b045-cfe039fc380d,chirp3_2,True,2.08,0.0,0.0,0.0048828125,0.011199951171875
00fb42e2-dd54-4fdc-b2fb-49180ab6e9f3,rime_2,True,6.7918125,0.0,0.0,0.01348876953125,0.000457763671875
00fb7d66-a1fd-40a2-bfaf-6835a83d5ec3,chirp3_1,True,4.4,0.0,0.0,0.006195068359375,0.0186767578125
00fb84d2-ff22-49eb-a2c9-a729783391ac,chirp3_2,True,8.44,0.0,0.0,0.00341796875,0.0013427734375
00fbb2fd-3e8b-485e-8ed5-17a0404bc1c1,chirp3_1,True,3.24,0.0,0.0,0.0428466796875,0.032501220703125
00fc0040-46f8-4628-87b5-43b64e9354f5,midcentury_1,False,3.747,0.0,0.0,0.05975341796875,0.032440185546875
00fc2182-2eb9-4b3f-8c9a-03f38736d939,chirp3_2,True,5.16,0.0,0.0,0.00286865234375,0.010894775390625
00fc2b36-6b35-4b08-9e08-e853120499a6,chirp3_1,True,15.16,0.0,0.0,0.001495361328125,0.002532958984375
00fc2ecc-4db8-40c1-93c9-7d28adbdd261,chirp3_1,True,6.76,0.0,0.0,0.02667236328125,0.029083251953125
00fce7f0-5a19-4715-929b-071099d33697,human_5,False,2.95375,0.0,0.0,0.000518798828125,0.0003662109375
00fcf45c-d899-459c-8f85-70d43c86d56e,chirp3_1,True,9.16,0.0,0.0,0.00018310546875,0.00543212890625
00fd0ace-9843-4a42-9400-8e061b00e6ae,chirp3_1,True,7.76,0.0,0.0,0.0001220703125,0.001373291015625
00fd1d8b-972a-4617-b8a4-46fec8a070af,midcentury_1,False,2.679,0.0,0.0,0.006011962890625,0.00482177734375
00fd2edf-9f0f-4ca0-ab5d-37b94e285022,chirp3_1,True,11.56,0.0,0.0,0.00347900390625,0.00531005859375
00fd41c4-8d7d-4962-a0f0-27cd8a4e8369,chirp3_1,True,13.24,0.0,0.0,0.0013427734375,0.0006103515625
00fd59f3-8b6e-43bc-a590-1f7773a7762c,chirp3_1,True,6.48,0.0,0.0,0.00152587890625,0.008941650390625
00fd736d-3f2f-4e76-b474-44d0149e1100,chirp3_1,True,6.92,0.0,0.0,0.00384521484375,0.008880615234375
00fdbbf4-1850-4ec4-b45e-5d710f2676ab,chirp3_1,True,9.28,0.0,0.0,0.00177001953125,9.1552734375e-05
00fdc0e8-fec7-4edb-bcd1-d01f3f10a9c9,chirp3_2,True,6.4,0.0,0.0,0.012908935546875,0.005096435546875
00fdc2d0-49cc-465c-afdf-4646c0303e7e,chirp3_1,True,13.16,0.0,0.0,0.00048828125,0.012451171875
00fddeff-fabe-40b2-9968-ffe45f8e2ad8,chirp3_1,True,4.84,0.0,0.0,0.009521484375,0.002288818359375
00fe89b9-ea0a-4bbe-9496-513d1c97bf2a,liva_1,False,10.799875,0.0,0.0,0.00164794921875,0.016845703125
00fe905d-6009-4bbb-a811-0bd4257225f3,chirp3_2,True,5.04,0.0,0.0,0.007568359375,0.00274658203125
00fe9907-e447-47d5-853a-b27881f3fdd4,chirp3_2,True,5.76,0.0,0.0,0.04132080078125,0.013641357421875
00fefa42-bd0b-4429-91ce-5e81398b198b,chirp3_1,True,2.92,0.0,0.0,0.117462158203125,0.02398681640625
00ff2185-5876-4012-bfa6-3cbd1948eb6d,chirp3_1,True,9.04,0.0,0.0,0.000152587890625,0.000518798828125
00ffdbdc-21a2-4d36-b816-e1d5b6a4f923,chirp3_1,True,13.84,0.0,0.0,0.000701904296875,0.003326416015625
01001c9b-5a8a-4e40-9401-fd18b813e3ae,chirp3_2,True,10.04,0.0,0.0,0.0029296875,0.005828857421875
0100535f-2ee5-4fff-b5fd-69cbdd0270aa,chirp3_1,True,2.84,0.0,0.0,0.00140380859375,0.00848388671875
0100863b-ac64-489c-b5d6-4acd09df3def,chirp3_1,True,8.32,0.0,0.0,0.019622802734375,0.036956787109375
0100b75c-2032-4830-b6f7-1b2ba39e6436,chirp3_2,True,5.36,0.0,0.0,0.000396728515625,0.0003662109375
0100d9eb-320f-4737-8759-122ee3d6068c,liva_1,False,12.252375,0.0,0.0,0.000640869140625,0.00048828125
01014f2f-ef32-4a5e-bb1b-9bbfb4d6cd5b,chirp3_2,True,8.24,0.0,0.0,0.00115966796875,0.006439208984375
01019388-7c8d-47ba-9bae-eec43353fb5f,mundo_1,False,5.14,0.0,0.0,0.000152587890625,0.015045166015625
0101c63a-1920-44a7-bc8d-b5dac5048acb,liva_1,False,10.573625,0.0,0.0,0.00299072265625,0.00189208984375
01020d27-5ff8-419a-9845-8304f203344f,chirp3_1,True,7.52,0.0,0.0,0.00042724609375,0.009765625
01024774-3460-4733-84b3-95a06daaf12c,chirp3_1,True,14.96,0.0,0.0,0.000701904296875,0.000213623046875
010265c1-febb-41af-adbe-9c9ecb98d6c8,chirp3_2,True,9.68,0.0,0.0,0.000213623046875,0.000823974609375
01027df0-d705-4a84-91a8-4dee69455fc9,chirp3_2,True,6.8,0.0,0.0,0.0360107421875,0.0078125
01028509-690d-4659-b8d5-2a87548a594b,midcentury_1,False,3.104,0.0,0.0,0.015838623046875,0.003143310546875
0102bb99-6435-4266-b846-5a4a067df350,chirp3_1,True,9.32,0.0,0.0,3.0517578125e-05,0.000244140625
0102c12c-75d1-4a1c-a986-ff0d9edc4577,chirp3_2,True,5.4,0.0,0.0,0.0003662109375,0.0008544921875
0103202d-2602-4ac6-ba93-06254ca978b8,liva_1,False,14.2103125,0.0,0.0,0.016204833984375,0.02252197265625
01032afd-97ab-4106-9dbd-28691ab7364d,chirp3_1,True,3.64,0.0,0.0,0.0126953125,0.00079345703125
01033650-9cf4-45d3-9274-8f0934fd808e,liva_1,False,11.50725,0.0,0.0,0.006103515625,0.001220703125
0103ecac-19ec-4aab-be53-7fa16b5be530,chirp3_1,True,2.84,0.0,0.0,0.02264404296875,0.01055908203125
01040407-0a2f-4f04-a8e8-58ad054f9389,chirp3_1,True,9.16,0.0,0.0,0.006591796875,0.00048828125
01043031-a30d-4e14-8ce1-b7ed4d340c09,chirp3_2,True,4.76,0.0,0.0,0.01824951171875,0.023101806640625
01044b69-ed09-43ce-9359-85fb777fade9,chirp3_1,True,9.16,0.0,0.0,0.01910400390625,0.008758544921875
01045966-25da-4e46-9614-7242a7a0d69f,chirp3_2,True,5.72,0.0,0.0,0.069488525390625,0.018798828125
01045d22-125b-4845-8e71-799be882f5b1,chirp3_2,True,7.32,0.0,0.0,0.030181884765625,0.02337646484375
01046386-28e7-4e9d-b57a-d446dd0a16bf,chirp3_1,True,11.16,0.0,0.0,0.001129150390625,0.0009765625
01047664-88d5-44fd-b127-c2427e962976,chirp3_1,True,8.52,0.0,0.0,0.002227783203125,0.00616455078125
0104e01b-0b2f-4eec-a0e2-b14b680c4709,liva_1,False,6.9171875,0.0,0.0,0.018524169921875,0.00775146484375
0104fa71-70c7-4fbd-b0a5-bb83ab4a465a,chirp3_2,True,2.36,0.0,0.0,0.01068115234375,0.023345947265625
01050258-1fb2-4290-a55c-2a1349cc1fd5,chirp3_2,True,10.6,0.0,0.0,0.02459716796875,0.08319091796875
010528ce-ab3e-4fe6-8891-f7c7f23cec55,chirp3_1,True,9.92,0.0,0.0,0.004119873046875,0.005828857421875
01054254-d08d-47c0-b0d4-9fdb23e811a2,chirp3_1,True,11.0,0.0,0.0,0.00079345703125,0.003021240234375
01056319-2b38-4920-880c-48741beb43a0,chirp3_1,True,7.08,0.0,0.0,0.01055908203125,0.001129150390625
0105dd9e-989b-4b2c-975a-c38dc17a7944,chirp3_2,True,7.04,0.0,0.0,0.00146484375,0.00030517578125
01063e98-e5c0-4793-81eb-ec68821cb737,chirp3_2,True,8.68,0.0,0.0,0.000579833984375,0.0029296875
0106b6ff-9a6a-4443-bf92-7a1182fe290e,chirp3_2,True,3.2,0.0,0.0,0.006591796875,0.041229248046875
01073c1e-c733-4804-ad12-8e22debfd761,chirp3_2,True,6.08,0.0,0.0,0.019561767578125,0.005157470703125
01075ea2-3556-49cb-a860-48e2405da5b0,chirp3_2,True,5.96,0.0,0.0,0.008453369140625,0.02227783203125
01076bd8-05ff-4a7d-a79d-71a853612652,chirp3_1,True,5.2,0.0,0.0,0.018646240234375,0.108428955078125
01077485-c0d7-467a-8d93-ff12b134fb65,chirp3_1,True,4.72,0.0,0.0,0.01165771484375,0.003662109375
0107e2b8-9365-40f1-b16b-e30b8e487874,chirp3_1,True,4.72,0.0,0.0,0.006134033203125,0.0035400390625
0107e8f3-1ec5-4b38-b533-1357f7b6b52b,chirp3_1,True,6.48,0.0,0.0,0.00042724609375,0.000946044921875
0108290f-b3ed-4a91-b47b-31daa85c408e,chirp3_1,True,4.0,0.0,0.0,0.001922607421875,0.00048828125
01085b78-32c6-45e6-9f9f-3e61517005ee,chirp3_2,True,9.96,0.0,0.0,0.00335693359375,0.022369384765625
010889ae-39ef-4a27-9a5f-0219f1f5db64,chirp3_1,True,7.08,0.0,0.0,6.103515625e-05,0.00018310546875
01089f16-587a-41ad-8e7a-61d1d15610d9,midcentury_1,False,4.0455,0.0,0.0,0.00909423828125,0.018524169921875
01091f33-a97d-4df5-97d5-8c9147f5e769,chirp3_2,True,12.68,0.0,0.0,0.01007080078125,0.016021728515625
010995c0-67ad-44ee-b6d7-9db167d6a6ad,orpheus_midfiller_1,True,9.216,0.0,0.0,0.00018310546875,9.1552734375e-05
0109c05e-4ec9-463c-91c5-bb1306f3f0f9,chirp3_2,True,5.16,0.0,0.0,3.0517578125e-05,0.003387451171875
0109ee92-33ef-4559-bfa4-f979cd26fdbb,chirp3_1,True,4.08,0.0,0.0,0.001373291015625,0.002166748046875
0109f18f-d477-44c8-ac56-1f97457a13e1,mundo_1,False,3.732,0.0,0.0,0.01019287109375,0.00152587890625
010a0d0f-45e5-4a97-ba99-a9d6d9250aa0,mundo_1,False,4.308,0.0,0.0,0.00927734375,0.019439697265625
010a13aa-12d1-46a3-a301-4a85a5ba26a1,chirp3_1,True,4.48,0.0,0.0,0.00262451171875,0.001129150390625
010a32ba-dc8c-4a60-8912-7e7d2a3e8fa4,chirp3_1,True,12.0,0.0,0.0,0.01171875,0.0140380859375
010a81ea-a093-4fcd-afa8-9f64db00613e,chirp3_2,True,4.6,0.0,0.0,0.0008544921875,0.001068115234375
010ba6bb-f8a9-458b-97e1-6184a13b17af,liva_1,False,13.83,0.0,0.0,0.127593994140625,0.034637451171875
010baedd-4fcf-4a8c-ab0e-02590853aaf5,chirp3_2,True,6.88,0.0,0.0,0.00732421875,0.02587890625
010bfc3e-8e83-4bc8-af4c-e0d5cb299838,chirp3_1,True,11.56,0.0,0.0,0.017852783203125,0.01531982421875
010c1baf-2d2b-44d2-a7af-c8d258e7f3a9,chirp3_1,True,5.44,0.0,0.0,0.000213623046875,0.001007080078125
010c9e91-4e27-4a1f-beea-4e09f264c50d,midcentury_1,False,3.1943125,0.0,0.0,0.004852294921875,0.008392333984375
010cb580-76d1-477d-afb6-fe1ede20cf50,chirp3_1,True,10.72,0.0,0.0,0.01513671875,0.029510498046875
010cd1be-6ae8-473e-af19-bf112d625d0d,chirp3_1,True,7.0,0.0,0.0,0.02716064453125,0.001800537109375
010d085c-554b-4403-a0fb-f5ead9ca4610,midcentury_1,False,3.183,0.0,0.0,0.060302734375,0.01837158203125
010d76a4-ec0b-4699-8207-db6b1b938f01,chirp3_1,True,9.76,0.0,0.0,0.0030517578125,0.016143798828125
010e1a77-d81b-4e29-9bc4-26ec4c2a2875,chirp3_1,True,3.68,0.0,0.0,0.0001220703125,0.001495361328125
010e8635-10a7-4fdb-8248-6795408b7b21,liva_1,False,16.0,0.0,0.0,0.003082275390625,0.00128173828125
010ea8c1-a815-468c-a043-024a6fc4460a,liva_1,False,15.810625,0.0,0.0,0.01763916015625,0.003509521484375
010ee337-a841-4ab5-a28e-93f11b2c2dcc,chirp3_2,True,4.08,0.0,0.0,0.000946044921875,0.011810302734375
010ef743-d4e4-43ac-afe5-3e008ff66604,chirp3_1,True,10.28,0.0,0.0,0.0009765625,0.002044677734375
010f1cdd-47ee-4482-a9cb-ba5f9fc7a41e,chirp3_1,True,8.76,0.0,0.0,0.005218505859375,0.002105712890625
010f6edc-028f-4b28-b3ef-9ce66658011e,human_convcollector_1,False,1.6046875,0.0,0.0,0.026763916015625,0.006622314453125
01101d99-ed29-4603-a511-c5f5a1c0a78d,rime_2,True,6.5131875,0.0,0.0,0.0048828125,0.024993896484375
01102c75-ffc4-4dc1-8ccd-ff871b32f52c,chirp3_2,True,6.04,0.0,0.0,0.001129150390625,0.01495361328125
011053d8-0335-40f0-b67f-c7feba2d2f34,chirp3_2,True,6.28,0.0625,0.0,0.0,0.001068115234375
01108853-6117-42ce-b3db-14a60bc0e10a,chirp3_1,True,9.24,0.0,0.0,0.00067138671875,0.000152587890625
011093c7-b623-4959-8e37-1acf1132fe82,chirp3_1,True,5.36,0.0,0.0,0.00018310546875,0.026824951171875
0110f48b-0939-48e4-b902-c8527001d51b,chirp3_1,True,4.76,0.0,0.0,0.008331298828125,0.000518798828125
011175db-0071-4360-9165-917756e79164,chirp3_1,True,4.2,0.0625,0.0625,0.0,0.0
0111d811-597a-4c8e-978a-28ebb02c7924,chirp3_1,True,13.0,0.0,0.0,0.00048828125,0.032318115234375
0111f9e0-7b3a-47c8-a419-3d2d508c3419,chirp3_1,True,9.64,0.0,0.0,0.000457763671875,0.000579833984375
01120ef1-4f95-4058-a1a4-8f4b436f7f6c,chirp3_1,True,4.68,0.0,0.0,0.063751220703125,0.039520263671875
0112676e-d3fb-4882-b6cb-6e3f784bbbe8,chirp3_1,True,4.16,0.0,0.0,0.001007080078125,0.0064697265625
0112af31-3673-46ee-8e1e-018b751b1e55,chirp3_1,True,4.0,0.0,0.0,0.000640869140625,0.000457763671875
0112c18e-af6c-495d-8923-af5f6fd4e474,chirp3_1,True,5.2,0.0,0.0,0.003143310546875,0.00146484375
0113413a-f6a4-451f-9fb7-4fd6825c5596,liva_1,False,16.0,0.0,0.0,0.00787353515625,0.003936767578125
011352b0-11c6-4dd8-b527-cf2512e9cb53,chirp3_1,True,11.36,0.0,0.0,0.001068115234375,0.000244140625
011370f4-fe6c-4790-977a-b6fa9e21e85e,chirp3_1,True,10.28,0.0,0.0,0.002105712890625,0.001312255859375
0113765f-a8c0-4900-9ba6-ac48c8b22bcd,chirp3_1,True,6.76,0.0,0.0,0.008819580078125,0.010406494140625
0113a8dc-7d93-4b3b-8675-ea2b885cc19a,chirp3_1,True,5.88,0.0,0.0,6.103515625e-05,0.00042724609375
0113b3a1-3d4d-457b-acb5-a6c36c76986a,chirp3_2,True,5.44,0.0,0.0,0.00115966796875,0.001495361328125
0113c338-4fc2-4285-bb91-57d5445c4217,chirp3_2,True,5.72,0.0,0.0,6.103515625e-05,0.00067138671875
0113cec1-9d52-4d96-974b-d6ea48253987,chirp3_1,True,4.56,0.0,0.0,0.0003662109375,0.00091552734375
0113d6f3-a506-4e32-af4b-bcfa34940268,chirp3_2,True,4.68,0.0,0.0,0.000701904296875,0.010406494140625
0113e439-ec83-42ec-8b4e-3f7d992205c0,liva_1,False,13.6756875,0.0,0.0,0.014312744140625,0.010162353515625
0113f13e-b99d-4120-ba7d-7276ad75f265,orpheus_grammar_1,True,4.352,0.0,0.0,0.004180908203125,3.0517578125e-05
01140631-82e2-476a-a95c-153e9bbe7b0c,chirp3_1,True,6.4,0.0,0.0,0.00177001953125,0.000732421875
01141358-5d8d-4153-9724-ab4457941828,chirp3_1,True,5.92,0.0,0.0,0.00030517578125,0.000701904296875
01142aa7-fb18-4ce0-bc86-2f0b7f493364,orpheus_midfiller_1,True,8.021375,0.0,0.0,0.005462646484375,0.00244140625
0114632f-13d0-41ef-943e-f7943f2457c0,human_convcollector_1,False,2.88375,0.0,0.0,0.003143310546875,0.0006103515625
01148dc8-6b1a-43a4-bce5-1f263e3c5b5a,chirp3_1,True,5.72,0.0,0.0,0.01409912109375,0.028594970703125
01150a31-3545-455c-b183-2cb0f8328f4e,chirp3_1,True,6.64,0.0,0.0,0.0029296875,0.001617431640625
01150b38-baff-492f-b76a-b7456f588b52,chirp3_2,True,11.64,0.0,0.0,0.0001220703125,0.0037841796875
01153fca-cb0c-4007-9423-6aa9e31b1e52,chirp3_1,True,7.52,0.0,0.0,0.0006103515625,0.0067138671875
011541c1-5432-4742-bfe0-ce9349c1829e,chirp3_1,True,8.48,0.0,0.0,0.01080322265625,0.01092529296875
01157d1d-8972-411e-ba00-9ab8620904df,chirp3_2,True,10.12,0.0,0.0,0.003082275390625,0.008819580078125
0115acb5-eb13-4e28-9b58-d2f92be51060,chirp3_1,True,13.44,0.0,0.0,0.003021240234375,0.03076171875
0115c90b-1122-4b73-b621-fa10f002e34f,chirp3_1,True,3.36,0.0,0.0,0.011077880859375,0.0054931640625
011659a1-1c12-472d-b273-450714427d97,chirp3_2,True,8.36,0.0,0.0,0.00213623046875,0.042236328125
01168e4f-4277-48aa-8f9e-a4b56e0a0d23,chirp3_2,True,9.0,0.0,0.3125,3.0517578125e-05,0.0
0116a7b7-5996-4ca2-a739-0808d355b180,midcentury_1,False,3.0484375,0.0,0.0,0.000152587890625,0.0001220703125
011705bf-e109-47bc-b97a-f119e8a97fd7,chirp3_3_short,True,1.72,0.0,0.0,0.00030517578125,0.004302978515625
01173545-9f54-40c6-bf0f-0818f034af1f,chirp3_1,True,8.44,0.0,0.0,0.009613037109375,0.000152587890625
01173f68-db49-4066-9ea3-fc0549077c49,chirp3_2,True,4.48,0.0,0.0,0.010833740234375,0.000274658203125
0117fd11-75da-404f-944c-e59d16cef8fc,chirp3_2,True,4.72,0.0,0.0,0.00750732421875,0.003448486328125
01181936-97e5-4594-8587-c7ed3a611b28,chirp3_1,True,3.36,0.0,0.0,0.000518798828125,0.000152587890625
011899bd-4f2a-462e-919b-66ced7d0fd72,chirp3_1,True,9.16,0.0,0.0,0.00030517578125,0.00189208984375
01192187-f243-489c-9ee7-758c6c9991e6,chirp3_1,True,5.2,0.0,0.0,0.000396728515625,0.000579833984375
01194aa4-1055-44f9-b935-d3173ebb1ef0,chirp3_3_short,True,0.92,0.0,0.0,0.0067138671875,0.006195068359375
011996d1-3cc7-4562-b5e6-629137d5c653,chirp3_1,True,14.0,0.0,0.0,0.001953125,0.00421142578125
01199f3f-c415-46bb-9124-f2ba29928c2a,chirp3_2,True,6.16,0.0,0.0,0.015106201171875,0.010711669921875
0119a346-2a85-4d29-905d-8708e2ced7ab,liva_1,False,13.3295,0.0,0.0,0.006011962890625,0.0035400390625
0119e45f-13cd-4884-8393-6fe1aa2b01a2,liva_1,False,10.5673125,0.0,0.0,0.00689697265625,0.009429931640625
011a5746-87d3-486b-b05a-e225abf605c9,liva_1,False,12.69575,0.0,0.0,0.21942138671875,0.01129150390625
011ac94e-bc00-4a2d-bb60-8e7b6c62f218,chirp3_1,True,4.0,0.0,0.0,0.002777099609375,0.00390625
011b6797-b161-4e26-90b2-69609b6e5d9d,chirp3_2,True,2.56,0.0,0.0,0.000457763671875,0.00177001953125
011bea72-6283-4724-85bb-2617c5047048,chirp3_2,True,5.24,0.0,0.0625,0.00030517578125,0.0
011bec6b-ee59-4498-995c-f061f1931b87,chirp3_2,True,7.36,0.0,0.0,3.0517578125e-05,0.000213623046875
011ca102-c9c9-49b6-b709-e66b8d8ab557,chirp3_1,True,7.56,0.0,0.0,0.0284423828125,0.012054443359375
011d2b8e-4305-4c22-a866-7cf49259d67a,chirp3_1,True,9.64,0.0,0.0,0.003021240234375,0.00323486328125
011d7f74-0d25-4362-a2cf-dd5f89013139,chirp3_1,True,7.36,0.0,0.0,0.001251220703125,0.000762939453125
011d88c6-3986-4cb0-aff2-560c41c99b83,chirp3_1,True,13.64,0.0,0.0,0.000701904296875,0.001953125
011d931a-3af2-4997-899e-13aef513667d,chirp3_1,True,11.28,0.0,0.0,0.001495361328125,0.001129150390625
011e077f-e93f-4e1a-b350-459ccc3cd960,chirp3_1,True,6.08,0.0,0.0,0.002349853515625,0.000396728515625
011e4f3d-434c-4a39-b736-47f96189449a,chirp3_1,True,6.04,0.0,0.0,0.00091552734375,0.001708984375
011eb740-26d4-44d3-bd41-6f7219a13f4a,chirp3_2,True,7.6,0.0,0.0,0.007568359375,0.002166748046875
011f34e5-9680-4feb-bb69-3b9ae15a3720,chirp3_1,True,6.96,0.0,0.0,0.020477294921875,0.002227783203125
011fc9bd-4c85-4c02-83f1-c0bdcf9a3217,chirp3_1,True,10.16,0.0,0.0,0.00274658203125,0.004241943359375
01203399-4ece-4c4f-b7bf-7afdf3cbe930,chirp3_1,True,7.92,0.0,0.0,6.103515625e-05,0.00048828125
01206580-4a1a-49b1-b92c-8ba06941d686,liva_1,False,12.660625,0.0,0.0,0.004425048828125,0.00787353515625
01209236-6f1b-45b3-9a96-7579d49c5d6f,chirp3_2,True,11.32,0.0,0.0,0.00079345703125,0.00018310546875
01215b4d-87da-4813-a0a0-91cfdec369bf,chirp3_2,True,4.96,0.0,0.0,0.002960205078125,0.001495361328125
01216ea2-3aae-4132-9dbc-948d0cc939b3,chirp3_1,True,6.4,0.0,0.0,0.005950927734375,0.000335693359375
012170db-cbc5-478a-adf1-f374ea1f041e,chirp3_1,True,7.52,0.0,0.0,0.000244140625,0.000579833984375
01217ad7-7f81-4b26-b1e1-352d605c580a,chirp3_1,True,5.36,0.0,0.0,0.00360107421875,0.00994873046875
0121eb48-5a49-4375-b04d-103f50fb36f0,liva_1,False,13.3904375,0.0,0.0,0.00665283203125,0.000640869140625
01221887-5544-41ec-91c0-c5bc99ca35be,chirp3_1,True,6.8,0.0,0.0,0.008544921875,0.026336669921875
01226acf-b300-49ef-9ca2-428c92bc09e1,liva_1,False,11.9245625,0.0,0.0,0.00921630859375,0.002288818359375
012289f1-5827-47c6-97bf-f79c20634944,chirp3_2,True,6.68,0.0,0.0,0.03955078125,0.018280029296875
01229320-c75f-4785-a3c8-8577da8fa14e,chirp3_2,True,7.36,0.0,0.0,0.003662109375,0.001678466796875
0122e751-9406-46f2-9c31-517122229841,liva_1,False,15.808125,0.0,0.0,0.004180908203125,0.00384521484375
012301cd-7f28-4e4e-897b-1b4699076ce0,chirp3_1,True,4.84,0.0,0.0,0.0067138671875,0.00299072265625
01235fd5-938d-48df-8dc9-0964da9ce83b,chirp3_2,True,5.32,0.0,0.0,0.004791259765625,0.003387451171875
01238916-1fe3-4704-b229-51b2f62aef10,chirp3_1,True,4.64,0.0,0.0,0.003082275390625,0.003753662109375
01239922-4cf4-4c21-b8c9-689de0149d43,chirp3_2,True,7.88,0.0,0.0,0.000244140625,0.000274658203125
01246252-779b-4db3-b58b-e31f787d8f66,chirp3_2,True,3.52,0.0,0.0,0.005889892578125,0.000457763671875
0124b390-8680-408d-96d9-2f6fd3ce9e31,chirp3_1,True,4.84,0.0,0.0,0.001678466796875,0.00054931640625
01251244-ac95-4fbc-991b-14b876bff241,chirp3_1,True,3.92,0.0,0.0,0.00347900390625,0.002166748046875
0125578f-5cfd-41b3-bc91-27e19261d437,chirp3_1,True,7.84,0.0,0.0,0.01318359375,0.0086669921875
0125fee5-bf67-435b-806f-ccb7de538a65,chirp3_1,True,12.28,0.0,0.0,3.0517578125e-05,0.001953125
012609cc-d473-4386-a1fe-77b53c54eefa,chirp3_2,True,4.44,0.0,0.0,0.03228759765625,0.007537841796875
0126146d-c035-462c-81ee-0ef6cb6e4aa8,chirp3_1,True,8.68,0.0,0.0,0.00030517578125,0.000152587890625
012641db-665c-43e1-aaf4-862b479297a9,liva_1,False,9.3430625,0.0,0.0,0.0006103515625,0.005859375
01268701-a8d3-48c8-bc7f-14308e234261,chirp3_1,True,4.68,0.0,0.0,0.015594482421875,0.0357666015625
0126c192-d967-4245-a7d2-e74714ff8ad0,chirp3_1,True,5.92,0.1875,0.0,0.0,0.00048828125
0126ed5f-bddf-4d5c-a4bf-669475fcc7b6,chirp3_1,True,7.4,0.0,0.0,0.003021240234375,0.00518798828125
0127163a-7881-471e-833a-d94764ec54c7,chirp3_2,True,9.64,0.0,0.0,0.000213623046875,0.000518798828125
01279fc1-7d3b-49fb-8485-45b81a457a76,chirp3_1,True,6.56,0.0,0.0,3.0517578125e-05,0.000213623046875
0127b17e-9784-4df8-9655-0d88e0eb6292,chirp3_1,True,8.28,0.0,0.0,0.005218505859375,0.00335693359375
0127d9b8-16da-4604-a6fd-7cc5cebd5692,chirp3_1,True,10.96,0.0,0.0,0.003448486328125,0.0048828125
01280f79-b4e6-4116-bed1-0dccaa8bac55,chirp3_1,True,5.2,0.0,0.0,0.000244140625,0.0015869140625
01286b38-cbd0-4b49-b342-934ba951c9ee,chirp3_1,True,6.52,0.0,0.0,0.002593994140625,0.008697509765625
01288efe-409f-469b-bccb-5b687ed19f9d,chirp3_1,True,6.76,0.0,0.0,0.001251220703125,0.0023193359375
0128ba66-2303-4787-afb2-ed9b1fa128f2,chirp3_1,True,3.24,0.0,0.0,0.02398681640625,0.013580322265625
0128eb73-6eab-4806-95da-3039316f6faa,chirp3_2,True,7.48,0.0,0.0,0.008453369140625,0.0040283203125
0129a7bc-7e69-4c81-90e5-7ba0885a1a3c,chirp3_2,True,5.48,0.0,0.0,0.014556884765625,0.02252197265625
0129cded-e5aa-466b-ad96-6f0c8b705ae4,liva_1,False,6.0075,0.0,0.0,0.005218505859375,0.001739501953125
0129d7d8-5df2-4351-81cc-139edc329e4c,chirp3_1,True,8.96,0.0,0.0,6.103515625e-05,0.000274658203125
0129ef97-5003-4c7e-82d9-94ce98bda5e2,chirp3_2,True,10.2,0.0,0.0,0.00653076171875,0.000274658203125
012a3782-33a2-4c41-b669-4a7c2d7fca71,chirp3_1,True,8.4,0.0,0.0,0.00018310546875,0.0008544921875
012a5739-2140-4f68-b7df-14c873571e56,mundo_1,False,2.596,0.0,0.0,0.0870361328125,0.08587646484375
012b094b-0e10-470a-b9b6-5db4c4eac54b,chirp3_1,True,8.64,0.0,0.0,0.0177001953125,0.023193359375
012b0d71-4b3c-4eab-aedc-d1c935c24385,chirp3_1,True,4.16,0.0,0.0,0.033355712890625,0.002532958984375
012b9760-e771-4c8b-9739-d0b6061fc9e8,human_convcollector_1,False,2.1744375,0.0,0.0,0.012542724609375,0.014312744140625
012bebad-9b93-408a-bf4a-e2f89f9bc447,chirp3_1,True,5.36,0.0,0.0,0.0135498046875,0.027587890625
012c0f99-35fd-4506-8654-f7c485451a46,chirp3_1,True,7.64,0.0,0.0,0.008636474609375,0.004150390625
012c3ded-db99-4867-8717-39f5800de4a8,chirp3_1,True,4.36,0.0,0.0,0.00299072265625,0.001190185546875
012c6a85-962c-47b3-98d6-a97c665bed88,rime_2,True,8.37075,0.0,0.0,0.009185791015625,0.00299072265625
012c7c4c-ee4e-483d-b1d0-d24ab67dfe4a,chirp3_1,True,11.84,0.0,0.0,0.00018310546875,3.0517578125e-05
012c8337-1672-4afe-9075-d4e9a3145b9d,chirp3_1,True,4.16,0.0,0.0,0.006561279296875,0.001190185546875
012cf2a7-f67f-4be3-8d42-2cf55f636529,chirp3_2,True,2.88,0.0,0.0,0.008209228515625,0.024658203125
012d15be-7d9e-4627-ad17-052f59a4facc,chirp3_2,True,7.96,0.0,0.0,0.0479736328125,0.009918212890625
012d2082-31bd-4b76-b28d-65062a54daf0,chirp3_1,True,7.88,0.0,0.0,0.008575439453125,0.000579833984375
012d3dcd-963a-4280-bc54-b9df86eebcd0,chirp3_2,True,3.08,0.0,0.0,0.000274658203125,0.00079345703125
012d5f11-9b4c-44c6-afa3-fe560e61e2f8,liva_1,False,10.843625,0.0,0.0,0.005523681640625,0.005035400390625
012ed891-12cd-4bff-8284-3f50e85b591b,chirp3_2,True,4.16,0.0,0.0,0.0003662109375,0.001220703125
012f23ec-8b98-464e-9200-8d6de960d39c,chirp3_1,True,6.92,0.0,0.0,0.032806396484375,0.008148193359375
012f2466-c390-489c-91cf-b3552eac2a1a,chirp3_1,True,6.8,0.0,0.0,0.01055908203125,0.00347900390625
012f3c33-4b8e-4d08-97fd-93cd72071398,liva_1,False,9.76525,0.0,0.0,0.012542724609375,0.021240234375
012f4aae-f2a1-4c8a-a02f-18d64f9dc6fc,chirp3_2,True,9.56,0.0,0.0,0.00457763671875,0.001434326171875
012f74d6-0a08-4b6a-bd9d-0c6cb33c1929,liva_1,False,12.5785625,0.0,0.0,0.029998779296875,0.00115966796875
012fdde7-9cdd-4197-bcfa-3bf396ef0b8e,chirp3_2,True,5.52,0.0,0.0,0.000701904296875,0.001129150390625
0130e7f8-64bf-492a-9b3a-e49c67863814,chirp3_2,True,3.36,0.0,0.0,0.000152587890625,0.00042724609375
0130fad5-2d9d-4e66-98fc-7542676a9e1f,chirp3_2,True,7.28,0.0,0.0,0.000152587890625,0.000335693359375
0130fea4-9bdd-433a-a564-221abb01edc4,chirp3_1,True,8.12,0.0,0.0,0.004974365234375,0.0025634765625
0130fefa-1a97-4848-976c-8da644e6e68e,mundo_1,False,6.26,0.0,0.0,0.008148193359375,0.000396728515625
013119da-5492-4e2b-9ced-8a215fa84bfa,chirp3_2,True,3.16,0.0,0.0,0.021728515625,0.044647216796875
0131f3f5-7acb-4bf1-b3ec-a13fa14bac06,chirp3_2,True,4.16,0.0,0.0,0.00030517578125,0.00054931640625
01322fa9-e5e7-4062-81e3-ff23ec213a7c,liva_1,False,11.9039375,0.0,0.0,0.004058837890625,0.00592041015625
0133599d-b5d7-42a5-8e11-65993a3af103,chirp3_1,True,8.24,0.0,0.0,0.000152587890625,0.008544921875
01335b18-439d-43bc-8ede-c18201c65c61,liva_1,False,11.897875,0.0,0.0,0.008697509765625,0.0159912109375
013392f6-3ed7-41a8-85a0-f99042656bec,chirp3_2,True,7.28,0.0,0.0,0.007537841796875,0.001129150390625
0133e150-25fc-47e3-bc49-5893634a7ba7,chirp3_2,True,3.28,0.0,0.0,0.013946533203125,0.010284423828125
0133fc94-2d60-4c7d-9ab4-94b119d4841c,chirp3_1,True,5.8,0.0,0.0,0.03375244140625,0.00732421875
01349407-0fcc-4c92-a8f5-4a3a8d16bcb5,chirp3_1,True,7.4,0.0,0.0,0.001495361328125,0.007293701171875
0135fbfd-4089-472c-9e47-6df55b58812e,chirp3_1,True,5.72,0.0,0.0,0.000946044921875,0.0001220703125
01369924-b30d-4f83-9d71-e125cf62b60a,chirp3_1,True,12.28,0.0,0.0,0.00714111328125,0.102691650390625
0136a941-fa18-43e5-b396-fc5a018175f1,chirp3_1,True,9.76,0.0,0.0,0.005584716796875,0.011962890625
0136b1b5-b2bb-4f9c-8130-19a18a7ea2f8,human_5,False,5.455625,0.0,0.0,0.028839111328125,0.015380859375
0136edd1-f6b1-417c-a364-95240122f010,orpheus_grammar_1,True,5.0346875,0.0,0.0,0.005767822265625,0.004852294921875
0136f15f-09ea-45b5-b7cc-f85018849cd3,chirp3_1,True,9.12,0.0,0.0,0.000732421875,0.001556396484375
01372b26-ebd3-4f6e-9af8-94044440f583,chirp3_1,True,4.4,0.0,0.0,0.00390625,0.00244140625
01373773-6acc-42bc-899b-0bf6a3dca94e,chirp3_1,True,7.48,0.0,0.0,0.00341796875,0.02728271484375
01376330-32c0-48fe-8a4b-91f1939315f6,chirp3_1,True,8.12,0.0,0.0,0.003265380859375,0.005889892578125
0137dcc0-9017-474a-ba4a-c34d67e54afb,liva_1,False,10.766625,0.0,0.0625,0.000213623046875,0.0
01380c32-e227-4c90-8f39-111767877638,chirp3_2,True,4.28,0.0,0.0,3.0517578125e-05,0.001800537109375
0138629f-cfb4-4058-829a-9924803bd397,chirp3_2,True,6.88,0.0,0.0,0.019378662109375,0.011688232421875
0138da88-d3fd-4a0f-a716-e4e07d9600ac,chirp3_1,True,7.24,0.0,0.0,0.00665283203125,0.00634765625
0138fe21-5bed-45c8-9d4a-b26f4b277850,midcentury_1,False,2.8819375,0.0,0.0,0.00152587890625,0.00067138671875
01393d06-7f04-4ea7-a5a7-18aed27aff56,chirp3_1,True,4.56,0.0,0.0,0.00238037109375,0.00616455078125
013951cf-b998-49ff-9318-2b92fdaff316,chirp3_1,True,3.8,0.0,0.0,0.001068115234375,0.00140380859375
013955e3-455c-492f-a9fc-d3483a32ce65,chirp3_1,True,6.52,0.0,0.0,0.00286865234375,0.003509521484375
013acfc5-eddf-4f7a-b12e-dd5cc2ed72f9,chirp3_2,True,2.4,0.0625,0.0,0.0,0.000823974609375
013b0df7-389f-4c68-a7b5-3de6a301757a,chirp3_1,True,3.48,0.0,0.0,0.015472412109375,0.00128173828125
013b3152-1363-40e6-9bc2-1b925af6b164,chirp3_1,True,11.12,0.0,0.0,0.00103759765625,0.00250244140625
013b8fa3-66ec-4113-a211-96b81e1630af,liva_1,False,12.81625,0.0,0.0,0.016754150390625,0.00933837890625
013bace4-2833-4fcd-a8eb-87ccb91d93bc,chirp3_1,True,8.56,0.0,0.0,0.001739501953125,0.009063720703125
013bcfa7-41d3-4187-8432-fd32da24b30b,chirp3_2,True,6.04,0.0,0.0,0.0894775390625,0.051605224609375
013be3b3-2d3b-48e3-8e85-6094aae00ddc,chirp3_2,True,4.8,0.0,0.0,0.00048828125,3.0517578125e-05
013beb99-c5ae-4eaa-998a-c79cec3e3379,chirp3_2,True,4.96,0.0,0.0,0.0477294921875,0.013916015625
013c4203-4f45-44f5-a719-ff36a1a76cb2,chirp3_1,True,7.84,0.0,0.0,0.000640869140625,0.000152587890625
013cd59e-6e6f-4bbb-af41-60ba980bf5bb,chirp3_2,True,4.0,0.0,0.0,0.012420654296875,0.00421142578125
013cd712-4f2b-4f83-ad1a-0e3297ea0ee3,chirp3_2,True,6.6,0.0,0.0,0.03851318359375,0.0230712890625
013cdee9-bc14-4476-a7d1-1003e51c2137,chirp3_1,True,6.52,0.0,0.0,0.0010986328125,0.002288818359375
013cf93d-0c3c-4c4f-a1bb-7805174ddf04,chirp3_2,True,9.72,0.0,0.0,0.03289794921875,0.02838134765625
013d3094-c7ee-433b-b31e-8099c273498c,midcentury_1,False,3.5860625,0.0,0.0,0.01031494140625,0.002532958984375
013d45e1-836b-41bc-af06-dc8c774c517d,chirp3_1,True,8.12,0.0,0.0,0.010223388671875,0.00250244140625
013dbd7a-6e82-4f94-af69-d63055d981a5,chirp3_2,True,6.36,0.0,0.0,0.014007568359375,0.017852783203125
013dd0df-2f3a-4967-9fe7-7bd6fb344760,chirp3_2,True,3.16,0.0,0.0,0.00201416015625,0.0009765625
013ddc65-3241-45ad-a2ac-c0e77a1a47d1,chirp3_1,True,8.44,0.0,0.0,0.0010986328125,0.0020751953125
013e193c-00af-45c5-9d88-9fe5ea3516d6,chirp3_1,True,11.84,0.0,0.0,0.012420654296875,0.002227783203125
013e2287-7816-4066-96b5-a1f1e885ce6d,chirp3_1,True,7.96,0.0,0.0,0.00592041015625,0.000244140625
013ed4a5-7db5-44df-aa12-ef79650e5c21,chirp3_1,True,12.72,0.0,0.0,0.001007080078125,0.000732421875
013ee617-cd88-4d3d-abc8-d70c41d351e6,chirp3_1,True,4.44,0.0,0.0,0.00177001953125,0.00164794921875
013efbe5-0eaa-4c91-9746-3512946b2ffa,chirp3_2,True,6.56,0.0,0.0,0.0247802734375,0.004425048828125
013f4191-be65-4365-ad1c-d6cc1d951d32,liva_1,False,13.28075,0.0,0.0,0.01373291015625,0.000152587890625
013f6f34-3c8d-4abf-8301-94844f590e0e,chirp3_1,True,8.12,0.0,0.0,0.001251220703125,0.00079345703125
013f7241-919e-4d03-92de-ef915af3d422,chirp3_2,True,8.04,0.0,0.0,0.001190185546875,0.0135498046875
013f742f-95ed-4770-b66e-7355d05403c4,chirp3_1,True,9.76,0.0,0.0,0.00213623046875,0.014312744140625
013fd5c3-c9f4-4d16-9fec-b6e417ee9a31,liva_1,False,9.5876875,0.0,0.0,0.007720947265625,0.00762939453125
013fe7fd-dff4-4957-aa5d-dba0a32b15f9,chirp3_2,True,7.16,0.0,0.0,0.000244140625,0.001007080078125
014018f1-2755-4b32-8a1c-47a9de33e022,chirp3_1,True,8.2,0.0,0.0,0.0174560546875,0.009765625
0140648d-92fe-46e5-9f27-ac7b4578de3f,chirp3_2,True,11.08,0.0,0.0,0.014251708984375,0.014312744140625
0140741c-296d-40f6-bc0d-c6be9b027e84,chirp3_1,True,4.68,0.0,0.0,0.001739501953125,0.001373291015625
014078c7-e165-4f3f-a1e4-1e8b048bc8f9,chirp3_1,True,6.2,0.0,0.0,6.103515625e-05,0.00042724609375
01407eb7-00b3-426c-9aac-04d48e9f8398,chirp3_2,True,13.4,0.0,0.0,0.005157470703125,0.00341796875
0140cde9-c54e-43dc-892f-e9030252eda2,liva_1,False,10.2353125,0.0,0.0,0.003814697265625,0.012451171875
01412369-0bfc-4759-994d-6a3aa760aa45,chirp3_2,True,2.48,0.0,0.0,0.012969970703125,0.005767822265625
0141486b-50cc-4c55-ab18-5069906f2545,chirp3_1,True,3.72,0.0,0.0,0.00103759765625,0.00537109375
0141b348-9301-437c-b5a0-b473837a3be7,chirp3_2,True,4.96,0.0,0.0,0.012603759765625,0.02392578125
014223cb-5f43-4780-aceb-f2a4d76e1bf6,chirp3_1,True,11.68,0.0,0.0,0.000579833984375,0.001983642578125
01423455-357b-48d9-93b2-fee2121c5f9a,orpheus_grammar_1,True,7.0826875,0.0,0.0,0.001251220703125,0.017547607421875
01424fc7-c074-4549-b511-1992b0ab96d3,midcentury_1,False,3.193875,0.0,0.0,3.0517578125e-05,0.000579833984375
01426de2-2610-4ec3-a070-03ca0b86c790,chirp3_2,True,7.04,0.0,0.0,0.00115966796875,0.0009765625
0142736c-ad91-46f3-af0b-4af8dd532091,chirp3_1,True,4.88,0.0,0.0,0.008941650390625,0.00750732421875
01427cc5-5bed-4153-883c-88bfe04c25d7,liva_1,False,11.9808125,0.0,0.0,0.001983642578125,0.0030517578125
0142a07c-c788-48e8-8dc8-1fcbad489a7d,chirp3_1,True,13.68,0.0,0.0,0.008148193359375,0.005859375
0142bf01-673c-46e6-a8d2-0e8b22340484,chirp3_1,True,6.08,0.0,0.0,0.000213623046875,0.001739501953125
0142c060-c5c2-4a7b-bbec-ad86ee03efe8,liva_1,False,11.559,0.0,0.0,0.033599853515625,0.0111083984375
0143021d-70e2-4ab7-8476-6938c88a0e7e,liva_1,False,6.5971875,0.0,0.0,0.005523681640625,0.001220703125
01434326-7d5e-4341-9f5e-c89b0b7f4188,chirp3_1,True,5.64,0.0,0.0,0.00042724609375,0.00189208984375
0143b398-7e30-4a2f-9748-a6d16a555222,midcentury_1,False,2.14825,0.0,0.0,0.009033203125,0.0054931640625
0143d96f-d28e-49af-9af8-5ca9ed526821,rime_2,True,4.4698125,0.0,0.0,0.00714111328125,0.0311279296875
014416d2-fe88-42a5-abd4-97e368e8b08c,chirp3_2,True,4.92,0.0,0.0,0.001861572265625,0.00738525390625
01443c4b-48a5-41fb-a9d3-e1ca1053a059,chirp3_1,True,4.36,0.0,0.0,0.008087158203125,0.022064208984375
014450e4-57dd-4260-9691-403060c53301,human_5,False,3.30125,0.0,0.0,0.00103759765625,0.001190185546875
01447203-51b9-4c54-ad0a-ba4574818a26,chirp3_1,True,6.04,0.0,0.0,0.005523681640625,0.002593994140625
014482c7-3853-4bca-9a3a-05ca1c8ac389,chirp3_2,True,4.28,0.0,0.0,0.002532958984375,0.004547119140625
0144ac2d-9662-49fc-ab46-b1fafdd1269b,orpheus_midfiller_1,True,1.9626875,0.0,0.0,0.00238037109375,0.011444091796875
0144e9ba-b269-43c3-8862-4dd9675c911a,liva_1,False,11.57725,0.0,0.0,0.001220703125,0.0047607421875
0145a6de-5d88-481f-b2ea-a0702034b6a5,human_5,False,5.1384375,0.0,0.0,0.035400390625,0.19757080078125
0145abf7-8f03-4689-ba2a-04d39ba9ec8a,liva_1,False,10.3876875,0.0,0.0,0.00494384765625,0.019622802734375
0145fcbd-70c2-4329-944e-923207399b84,chirp3_2,True,4.08,0.0,0.0,0.000640869140625,0.00396728515625
01464c04-9391-4dc0-8125-ce9eda050adc,chirp3_2,True,6.88,0.0,0.0,0.000579833984375,0.000396728515625
01465f5b-cc93-4de0-829d-7ccead9e4563,chirp3_1,True,9.64,0.0,0.0,0.0020751953125,0.000946044921875
01472b5c-8599-4ea8-9f94-544c1f6c49a0,liva_1,False,3.317375,0.0,0.0,0.002532958984375,0.01416015625
014808a1-abb1-4548-a8bb-ff17703ec49f,midcentury_1,False,3.242,0.0,0.0,0.00628662109375,0.0091552734375
01483fcc-58f8-45b5-a87d-2c734a8beea7,liva_1,False,9.5908125,0.0,0.0,0.008392333984375,0.012725830078125
014843fa-4366-4b4a-a815-e92a82dcb0ab,chirp3_1,True,9.12,0.0,0.0,0.011932373046875,0.0072021484375
01484e40-4b60-44c6-99cf-509477aeb5b1,liva_1,False,9.585875,0.0,0.0,0.000457763671875,0.000213623046875
014859ad-fa09-4772-855c-c86135f42044,chirp3_1,True,9.04,0.0,0.0,0.00457763671875,0.0068359375
01485ddc-b4f2-4a2c-abac-47786be79695,chirp3_1,True,4.96,0.0,0.0,0.012603759765625,0.084259033203125
01497e1a-066c-4258-9b26-cd6c56c6dec3,chirp3_2,True,12.2,0.0,0.0,0.005035400390625,0.01068115234375
014ab1e4-e937-40a2-8c29-54e583adc142,chirp3_2,True,7.2,0.0,0.0,0.007232666015625,0.01263427734375
014ad059-e432-467e-b542-027a6cc24b8b,chirp3_1,True,14.52,0.0,0.0,0.000274658203125,0.004547119140625
014b1772-6cb0-4b75-9891-972b2eb5988e,chirp3_2,True,9.12,0.0,0.0,0.001312255859375,0.0030517578125
014b6654-38e1-40fc-aa94-326bb2985d35,chirp3_1,True,4.04,0.0,0.0,0.00030517578125,0.00103759765625
014b7b81-aa38-4f51-93de-5745e95d58c4,midcentury_1,False,2.0385625,0.0,0.0,0.00079345703125,0.004547119140625
014ba34b-a33e-474b-8edf-dda1e348e50f,liva_1,False,13.5916875,0.0,0.0,0.03192138671875,0.000732421875
014c64b9-ef6b-485f-8d20-756a3e4815c8,chirp3_2,True,4.0,0.0,0.0,0.00274658203125,0.053436279296875
014c767f-b06c-4cf9-89ab-f301ae0efc89,chirp3_2,True,9.8,0.0,0.0,0.003936767578125,0.029296875
014c8cf8-cd0d-489e-81dd-2818056a51ac,chirp3_1,True,5.2,0.0,0.0,0.00189208984375,0.017364501953125
014cc119-2702-4f37-bc2a-98afaa6f4466,human_5,False,3.475,0.0,0.0,0.018341064453125,0.021026611328125
014d3ae7-fe8d-4a9c-aa8b-230cc3fe809b,chirp3_1,True,12.28,0.0,0.0,0.000396728515625,0.00341796875
014d682d-12de-442a-b1ad-bd91f2044672,chirp3_2,True,4.24,0.0,0.0,0.013671875,0.00335693359375
014d8eff-3ef8-46b5-9329-482f6c4aaec9,midcentury_1,False,3.019,0.0,0.0,0.009246826171875,0.035980224609375
014dcfdf-069a-4be8-b2fe-292d5f3860a9,chirp3_1,True,5.16,0.0,0.0,6.103515625e-05,0.000213623046875
014e1718-a84b-485f-bed7-6f641ea279cb,chirp3_1,True,2.56,0.0,0.0,0.01763916015625,0.0057373046875
014e1c4f-3e9c-4f7b-9225-e096706d59cc,chirp3_1,True,2.28,0.0,0.0,0.000579833984375,0.0162353515625
014e569a-6681-4f46-8057-55e1069bcdc3,chirp3_1,True,10.92,0.0,0.0,0.001983642578125,0.02685546875
014e664d-6918-4916-aa92-a39da345457c,chirp3_1,True,15.64,0.0,0.0,3.0517578125e-05,3.0517578125e-05
014e9239-a55a-4267-9509-309b6d521487,liva_1,False,11.4135,0.0,0.0,0.0289306640625,0.003326416015625
014ed4ed-3514-4936-9273-0c6f5e36e97a,chirp3_1,True,7.88,0.0,0.0,0.003173828125,6.103515625e-05
014f0afa-74cc-4a3d-afaf-5f98164f68e4,chirp3_1,True,9.6,0.0,0.0,0.000274658203125,0.00115966796875
014f10d3-0b7c-46ec-ab1f-1501bfc238b3,chirp3_1,True,10.56,0.0,0.0,0.00628662109375,0.006561279296875
014f3da0-8351-48b4-b1c8-4b399570950b,chirp3_2,True,5.08,0.0,0.0,0.000762939453125,0.000457763671875
014f7d1e-6b1d-4f28-9480-05755eb8e05f,chirp3_1,True,14.0,0.0,0.0,0.003021240234375,0.001800537109375
014f988e-b8ae-45b5-85f3-5d53a5834701,chirp3_2,True,6.16,0.0,0.0,0.008819580078125,0.02288818359375
015006a2-9319-46ee-9415-03b676748fd0,chirp3_2,True,8.76,0.0,0.0,0.000762939453125,0.00018310546875
01501342-6122-4b68-b0d2-f082237aca82,chirp3_1,True,6.76,0.0,0.0,0.001983642578125,0.002044677734375
01502d94-a467-43d4-9ea1-f92543c23fef,chirp3_2,True,5.32,0.0,0.0,0.00592041015625,0.02569580078125
01507726-a760-4191-8ede-895518764ab8,chirp3_2,True,8.92,0.0,0.0,0.000457763671875,0.000152587890625
0150817f-107c-46f6-9ee8-f63b750598fc,chirp3_2,True,9.84,0.0,0.0,0.00213623046875,0.00274658203125
01508445-b166-4658-ab82-5e35b775637a,chirp3_1,True,4.96,0.0,0.0,0.007537841796875,0.00775146484375
01511b82-1985-4a7e-8f49-4ea9de76b61b,chirp3_1,True,11.32,0.0,0.0,0.01654052734375,0.00372314453125
0151257e-52b2-4cb3-a573-040f0b82a92a,liva_1,False,9.262875,0.0,0.0,0.017242431640625,0.02349853515625
015158a9-8746-4981-81ca-869e10a2463f,chirp3_1,True,5.84,0.0,0.0,0.008148193359375,0.0064697265625
0151de2b-0e25-4622-b924-3fd7c1af8a7b,chirp3_1,True,4.48,0.0,0.0,0.035003662109375,0.007537841796875
015296ee-aea1-440b-a5c3-afc027a58e7f,chirp3_1,True,8.36,0.0,0.0,0.00311279296875,0.003570556640625
0152e7fa-685d-4d40-a72d-b3c91adc51c3,chirp3_1,True,11.56,0.0,0.0,0.002197265625,0.0008544921875
01532746-3301-4ab7-ae2d-451560edf180,chirp3_2,True,10.12,0.0,0.0,0.000762939453125,0.005279541015625
0153815d-5daa-4461-adc2-e018fda0945c,orpheus_endfiller_1,True,6.5706875,0.0,0.0,0.0003662109375,0.00579833984375
01539756-4fb8-4f47-b101-4127447b9da8,liva_1,False,8.6093125,0.0,0.0,0.005523681640625,0.00262451171875
0153be9a-9c71-473d-be9b-c1a1c2ab98ce,chirp3_1,True,8.32,0.0,0.0,0.002593994140625,0.00164794921875
0153ff27-6f0a-4d15-b103-fe842afae14e,chirp3_1,True,7.76,0.0,0.0,0.0079345703125,0.0491943359375
01542ee6-b127-4507-b8bd-21d14a9388e5,chirp3_1,True,8.44,0.0,0.0,0.00054931640625,0.00579833984375
01545b45-1732-4eae-976c-ab9cd923514c,chirp3_1,True,5.56,0.0,0.0,0.000244140625,0.005889892578125
0155397f-abc3-4ea4-bb53-2ce79dda218b,chirp3_1,True,8.76,0.0,0.0,0.00079345703125,0.01202392578125
01559dc7-1737-47bd-b37c-effbfbe9be26,chirp3_1,True,10.24,0.0,0.0,0.0003662109375,0.002777099609375
0156cecf-5339-4921-b332-24e8c4f3d06b,chirp3_1,True,9.36,0.0,0.0,0.000335693359375,0.000335693359375
01572322-4394-4048-95f8-706b29550b98,chirp3_1,True,4.28,0.0,0.0,0.000274658203125,0.0030517578125
01572c81-3e9c-4f1f-a75f-3914ff762686,chirp3_2,True,9.52,0.0,0.0,0.00506591796875,0.001068115234375
01576515-a019-4106-8588-2270e0d5632a,chirp3_1,True,9.04,0.0,0.0,0.000213623046875,0.00018310546875
01576f44-400b-4f0b-ad50-f8466808a9c7,rime_2,True,6.6989375,0.0,0.0,0.01678466796875,0.011566162109375
0157b0b1-5de3-4fdb-b353-0979fccf2bab,chirp3_1,True,3.36,0.0,0.0,0.0306396484375,0.00018310546875
01580a61-acf8-412e-a85e-1e1479f19bac,chirp3_2,True,3.52,0.0,0.0,0.000152587890625,0.01971435546875
01580eae-581c-4d27-b4e1-24bc9a02a7c2,chirp3_2,True,3.32,0.0,0.0,0.01129150390625,0.00555419921875
01583c2d-7d21-40e6-93ec-9463a0fdfc9e,chirp3_1,True,9.12,0.0,0.0,0.002197265625,0.002197265625
0158aa13-b825-4ea0-bbd7-59bf72b07f46,chirp3_1,True,6.32,0.0,0.0,0.016632080078125,0.014862060546875
0158eab7-83ea-4dc4-b0bf-3b9649021dc0,chirp3_1,True,6.0,0.0,0.0,0.00091552734375,0.000518798828125
015912cc-d79f-4060-bb89-7d45aa718f39,chirp3_2,True,13.6,0.0,0.0,0.021514892578125,0.021331787109375
0159b1d5-ab04-4e13-a4a5-f635cce4d774,human_5,False,8.465625,0.0,0.0,0.0048828125,0.02178955078125
0159c44d-da85-44b2-937a-db2874fea22d,chirp3_2,True,4.76,0.0,0.0,0.00067138671875,0.00152587890625
0159ca32-b6a2-47a9-b0fd-8a2e3578574e,chirp3_2,True,10.32,0.0,0.0,0.002532958984375,0.0037841796875
0159caa1-394c-4d6c-a1cb-8157cfecb322,chirp3_2,True,11.8,0.0,0.0,0.006744384765625,0.0015869140625
0159e112-8578-4b91-a6ab-3562d85d3ff8,chirp3_2,True,3.04,0.0,0.0,0.009735107421875,0.007843017578125
015a138c-2716-45af-b004-02bef88f473b,chirp3_1,True,5.12,0.0,0.0,0.002044677734375,0.0035400390625
015a1be0-1e3f-4732-8187-b0911e69c979,chirp3_2,True,3.96,0.0,0.0,0.00018310546875,0.0020751953125
015a5854-ed31-4cd8-82a8-ce23ed31b711,chirp3_2,True,5.72,0.0,0.0,9.1552734375e-05,0.00341796875
015a5f28-cfd9-441c-b0a4-2a9ff0fa0e34,chirp3_1,True,7.2,0.0,0.0,0.003143310546875,0.001190185546875
015a5f5c-d3e6-4451-aa69-ab26fba78f19,liva_1,False,13.8879375,0.0,0.0,0.01080322265625,0.007904052734375
015a737d-bcc9-4ca3-810b-df2722bfe288,chirp3_1,True,4.28,0.0,0.0,0.001434326171875,0.00286865234375
015a7538-81e1-4f6c-8813-ec90263e7eb6,midcentury_1,False,3.036,0.0,0.0,0.02490234375,0.01568603515625
015a9dcb-74fc-497f-9d09-c602d6490357,chirp3_1,True,9.32,0.0,0.0,0.036376953125,0.00677490234375
015acbd4-dcc0-4931-8cac-34be1fc2f3ce,liva_1,False,12.5458125,0.0,0.0,0.001190185546875,0.0008544921875
015ad0e8-6980-4318-b826-acccdbbfb073,chirp3_1,True,3.64,0.0,0.0,0.0048828125,0.00189208984375
015ad6ba-aa68-4120-8d9e-3104b82d282c,liva_1,False,11.77175,0.0,0.0,0.003173828125,0.07794189453125
015ba13a-e898-43d2-8a81-9f9b3ec904e6,liva_1,False,9.106125,0.0,0.0,0.00494384765625,0.00103759765625
015bd200-30ad-43db-9c9e-8bb8a13f0f07,liva_1,False,11.1159375,0.0,0.0,0.003204345703125,0.000518798828125
015be709-080c-4b6c-b59a-c6f65980dd7c,chirp3_2,True,16.72,0.0,0.0,0.001129150390625,0.00164794921875
015be8c8-f974-41f6-b4dd-b8e1232a64cd,chirp3_2,True,9.72,0.0,0.0,0.0006103515625,3.0517578125e-05
015c3eef-a234-4a91-b521-7ec739b4e9cb,chirp3_1,True,5.04,0.0,0.0,0.001556396484375,0.000457763671875
015c59cc-f2cc-4354-8d31-0dea39c029de,chirp3_1,True,5.16,0.0,0.0,0.004364013671875,0.006011962890625
015c9922-d677-40ab-9746-e321366847ae,chirp3_2,True,3.4,0.0,0.0,0.000732421875,0.004180908203125
015d029c-c48f-4fbd-b380-a9bd4330f087,liva_1,False,12.2255625,0.0,0.0,0.015594482421875,0.01416015625
015d3187-a02c-4fbd-ac60-c1f22f8ade7c,chirp3_2,True,8.2,0.0,0.0,0.005889892578125,0.006134033203125
015dda2a-c8c5-476e-a099-3bdafd627d48,chirp3_2,True,8.2,0.0,0.0,0.0040283203125,0.02862548828125
015e354b-4f3c-429b-bf83-47ddfbf2ef20,chirp3_2,True,11.44,0.0,0.0,0.002349853515625,0.00030517578125
015e43dd-0150-4079-92de-69a4b1321f80,liva_1,False,13.356,0.0,0.0,0.007568359375,0.009796142578125
015e5d7c-9c6a-4046-83fc-a82830e931ae,chirp3_2,True,3.72,0.0,0.0,0.001312255859375,0.000457763671875
015e8d45-45bf-46de-81bf-9e5edd4fb1f9,chirp3_2,True,12.2,0.0,0.0,3.0517578125e-05,0.0006103515625
015e8e16-31e8-4b6e-877e-27057e4c9703,chirp3_1,True,13.8,0.0,0.0,0.000885009765625,0.00140380859375
015e9687-c4b2-4b1c-8320-2d5351d42a14,liva_1,False,13.6010625,0.0,0.0,0.00714111328125,0.001556396484375
015e9fb0-b038-4cfc-a46e-f8d0933bdcbd,chirp3_1,True,4.36,0.0,0.0,0.000244140625,0.000274658203125
015eb6d7-db49-4cbe-96ca-3d9eb156eab3,chirp3_2,True,7.96,0.0,0.0,0.09796142578125,0.074737548828125
015ed2b2-1588-426b-858e-2d922b4309e5,chirp3_2,True,11.88,0.0,0.0,0.009307861328125,0.003631591796875
015ee4be-ed6d-4419-8381-1181b19711c1,mundo_1,False,3.3,0.0,0.0,0.00140380859375,0.001495361328125
015ee9a8-e261-41e0-8fec-9b4c9c573ee0,chirp3_1,True,8.32,0.0,0.0,0.03607177734375,0.00408935546875
015f1e32-b366-43a7-a685-0d23f7e20bf9,chirp3_2,True,7.96,0.0,0.0,0.003143310546875,0.004608154296875
015f40e3-ea99-434a-ab90-28053b22e9aa,chirp3_1,True,4.52,0.0,0.0,0.007080078125,0.001251220703125
015fa3df-285a-430e-aaa8-a9296da18ca9,chirp3_1,True,8.2,0.0,0.0,0.00115966796875,0.009307861328125
015fd680-ef0e-44f8-a2b3-5cfaa7c79ec5,chirp3_1,True,7.52,0.0,0.0,0.00811767578125,0.0101318359375
01600f8d-3c7e-4537-b2ea-798f5fd292ec,liva_1,False,16.0,0.0,0.0,0.005035400390625,0.00079345703125
0160bab2-aaac-44a2-8a9a-d6386ef877a9,liva_1,False,11.122125,0.0,0.0,0.0032958984375,0.002166748046875
0160c0d2-7f46-41cf-99ab-c5b0f598871d,chirp3_2,True,4.88,0.0,0.0,0.008758544921875,0.012176513671875
0160c1b3-7490-4f5d-9986-5c547763b935,chirp3_1,True,13.48,0.0,0.0,0.018585205078125,0.003509521484375
0160c1ce-8a3a-4fc3-a2c9-356a4a587ae3,liva_1,False,12.18925,0.0,0.0,0.014495849609375,0.008026123046875
0160e27a-6118-405e-b297-905ef21245d1,chirp3_1,True,9.36,0.0,0.0,0.002899169921875,0.00421142578125
01614610-c9ba-492b-a9b2-fb0f0a6bfbb4,human_5,False,5.770625,0.0,0.0,0.025634765625,0.134521484375
016170ba-bdc5-4849-b2af-34a5481c7619,chirp3_1,True,8.6,0.0,0.0,0.00439453125,0.0018310546875
0161858b-85ee-46cb-8c3a-8e2ba60c6708,liva_1,False,15.137625,0.0,0.0,0.0093994140625,0.016021728515625
0161c5f5-a064-42be-9218-7141c7940720,chirp3_2,True,7.08,0.0,0.0,0.001312255859375,0.0035400390625
0161ea6d-4f02-4f78-9c3e-7822351dc5ab,chirp3_1,True,7.24,0.0,0.0,0.001251220703125,0.000274658203125
0161f6eb-20e7-46ed-b564-84c0342265dd,liva_1,False,13.6569375,0.0,0.0,0.01080322265625,0.008209228515625
0161fa56-988a-49d0-bd3f-73dedd7188ce,chirp3_2,True,10.92,0.0,0.0,0.0029296875,0.017364501953125
016262f5-86c1-48b8-9e85-9047da60e79a,chirp3_1,True,9.04,0.0,0.0,0.017852783203125,0.09722900390625
01626b16-bb1d-40c7-a557-65b38cc1fe5a,chirp3_1,True,12.56,0.0,0.0,0.01165771484375,0.00091552734375
0162ef53-89d9-4f22-96fe-8b5087b6c377,chirp3_2,True,7.92,0.0,0.0,0.0081787109375,0.003173828125
0162fd53-67de-4d0e-9d55-b40dcd670810,human_5,False,6.49125,0.0,0.0,0.0029296875,0.004608154296875
016353d1-67a6-4eb2-a4ff-acd320b46c2f,chirp3_1,True,7.72,0.0,0.0,0.001220703125,0.002105712890625
01639d57-5319-4e14-9e42-8e334197c9c6,chirp3_2,True,5.08,0.0,0.0,0.007904052734375,0.0028076171875
0163aa22-4636-4796-8b13-8675008dcba2,chirp3_1,True,5.72,0.0,0.0,0.00390625,0.0333251953125
0163b369-1513-4f4f-aa20-07d7b102bfc8,chirp3_2,True,9.56,0.0,0.0,0.002349853515625,0.000732421875
0163c124-47cc-4d71-8e62-da4a7369ab1f,chirp3_1,True,4.64,0.0,0.0,0.000823974609375,0.00640869140625
0163f65f-b577-4689-863c-b94a659903e2,liva_1,False,11.3704375,0.0,0.0,0.01483154296875,0.001739501953125
01640a6a-6bf7-4c7d-a029-1c9fbfaa462e,chirp3_1,True,13.24,0.0,0.0,0.001922607421875,0.0048828125
0164528f-6c02-4e06-92b6-5605e3c9cc7c,liva_1,False,14.288625,0.0,0.0,0.015045166015625,0.004638671875
01645fd5-c912-4259-824c-55ead74e96e9,chirp3_2,True,10.68,0.0,0.0,0.02435302734375,0.04339599609375
01652400-d4b2-429f-8edc-870bc02b36bb,chirp3_1,True,12.64,0.0,0.0,0.0008544921875,0.001495361328125
01653009-5774-44e0-96a8-7814408ce0ba,chirp3_2,True,6.76,0.0,0.0,0.00860595703125,0.003265380859375
0165b827-06ec-40f3-abba-2efe950e560b,liva_1,False,13.76425,0.0,0.0,0.00341796875,0.004241943359375
0165d6a7-7c1f-40d2-b484-b9187aace584,chirp3_1,True,5.68,0.0,0.0,0.000823974609375,0.000701904296875
016648a6-b335-4b4c-a37b-61474e0860c2,liva_1,False,8.7404375,0.0,0.0,0.000335693359375,0.0040283203125
0166f683-de9d-4d9b-8310-d45de56c83f1,chirp3_1,True,11.96,0.0,0.0,0.0008544921875,0.0009765625
01670839-810e-45db-b770-64208c683eb9,chirp3_1,True,5.4,0.0,0.0,0.0025634765625,0.00091552734375
01672898-f191-40c5-87d9-88bd6a89246c,rime_2,True,3.7848125,0.0,0.0,0.00390625,0.0037841796875
01672901-a715-4afa-b166-edf970d71761,chirp3_1,True,7.04,0.0,0.0,0.011260986328125,0.00958251953125
01674e3b-175a-4887-aa81-8bfe5fd6261e,chirp3_1,True,2.8,0.0,0.0,0.01031494140625,0.028564453125
01675018-d423-47ec-a5a4-1d001e4fc5fb,chirp3_1,True,8.52,0.0,0.0,0.01055908203125,0.025054931640625
0167b477-4403-48c0-91db-328eefd1de65,chirp3_1,True,4.56,0.0,0.0,0.015838623046875,0.004791259765625
0167ca2d-5b36-43e9-a233-d12c88f4dd13,chirp3_1,True,4.08,0.0,0.0,0.001953125,0.00396728515625
0167ed34-40df-43fc-bc06-f4e40f7d1efb,human_5,False,3.0028125,0.0,0.0,0.024322509765625,0.0025634765625
016883c7-47aa-4893-8a9c-f9a6ed3d340b,chirp3_2,True,7.96,0.0,0.0,0.001373291015625,0.00067138671875
0168d6da-6194-4ef3-aecd-a8980c787efd,liva_1,False,12.2950625,0.0,0.0,0.000701904296875,0.000457763671875
0168f0c3-a7c9-4147-a3f8-1e9e78b73add,chirp3_2,True,10.0,0.0,0.0,0.0008544921875,0.000762939453125
0169342b-e6bd-4690-a7cd-0fc3868f2ae9,chirp3_1,True,12.64,0.0,0.0,0.0096435546875,0.00543212890625
01694419-12ac-4449-b1dd-ca55ae1d1ac8,chirp3_2,True,11.32,0.0,0.0,0.0037841796875,0.008453369140625
01694a97-5fd8-4002-9c53-23d2b4916460,chirp3_1,True,4.72,0.0,0.0,0.000885009765625,0.003204345703125
0169906a-b6dd-4bde-9ee6-f721a0411a27,chirp3_1,True,6.32,0.0,0.0,0.000762939453125,0.00213623046875
0169c709-1c85-4bd7-bf30-2ad9c3949464,midcentury_1,False,3.125,0.0,0.0,0.028594970703125,0.0052490234375
016a1b31-fe20-43a3-ad80-89e99a450d1d,chirp3_1,True,3.48,0.0,0.0,0.00640869140625,0.005615234375
016a2497-fbc0-4f95-9f1b-5a82c8afecef,chirp3_1,True,5.44,0.0,0.0,0.001922607421875,0.00128173828125
016a721c-d144-4947-8098-8fc41f929450,chirp3_1,True,7.68,0.0,0.0,0.01385498046875,0.0174560546875
016a76b1-b79e-424f-a2bd-fcc80f0b9872,chirp3_2,True,7.44,0.0,0.0,0.000152587890625,0.031890869140625
016a7cf0-a504-43f2-b61e-7d7fbd89279c,chirp3_1,True,7.32,0.0,0.0,0.003753662109375,0.001922607421875
016b37dc-3d47-4209-a6f7-e149c92969fd,mundo_1,False,3.124,0.0,0.0,0.004302978515625,0.003204345703125
016b40eb-b34e-44d0-bf6d-41927bb383e9,chirp3_1,True,6.16,0.0,0.0,0.004364013671875,0.01007080078125
016b770b-bfbf-4230-895b-c87627f0ea42,liva_1,False,12.173875,0.0,0.0,0.001190185546875,0.002288818359375
016bc00e-c801-4dd3-a25f-d04efd795a85,liva_1,False,13.225125,0.0,0.0,0.00018310546875,3.0517578125e-05
016bda96-a552-46ae-b123-a1fd5450c63a,chirp3_1,True,6.72,0.0,0.0,0.050079345703125,0.02294921875
016c0849-982c-4357-810b-6c4140f5bdad,orpheus_grammar_1,True,7.936,0.0,0.0,0.001495361328125,0.00482177734375
016c1cec-0f85-4636-9d0a-32f5465e07c9,chirp3_1,True,4.36,0.0,0.0,0.008697509765625,0.017120361328125
016c5fc6-01e1-4c8c-9281-e4e0c3f30119,chirp3_1,True,8.08,0.0,0.0,0.000152587890625,0.00518798828125
016c70e1-6bf2-4a88-9ab1-7082fab8bc8a,chirp3_1,True,7.88,0.0,0.0,0.00164794921875,0.019012451171875
016c854f-c0c1-4ec8-bd48-a6afa026e15d,rime_2,True,6.559625,0.0,0.0,0.00244140625,0.0069580078125
016cc041-24f0-4e40-a3d6-5b28631d0e00,orpheus_endfiller_1,True,5.5466875,0.0,0.0,0.000396728515625,6.103515625e-05
016d67f2-5afd-4ba8-b8a2-12585cd82896,chirp3_2,True,6.56,0.0,0.0,0.0008544921875,0.0052490234375
016de886-d085-44a1-857a-c3d556e32f60,chirp3_1,True,4.96,0.0,0.0,0.00213623046875,0.00335693359375
016dfe8e-5a81-4b51-a3d8-df97fd13ec66,chirp3_1,True,0.36,0.0,0.0,0.005096435546875,0.003143310546875
016e117f-ab44-48a9-aba8-25ca4bd23d0f,chirp3_1,True,6.96,0.0,0.0,0.005615234375,0.0208740234375
016e7c5c-e231-427a-8790-74f6bcf82bd4,chirp3_1,True,6.76,0.0,0.0,0.001312255859375,0.007781982421875
016ecc72-8c81-4bdc-b695-527d0df87d49,chirp3_1,True,6.12,0.0,0.0,0.003570556640625,9.1552734375e-05
016edbcd-bcb3-48de-bb83-72bc3531c02e,chirp3_1,True,6.48,0.0,0.0,0.00018310546875,0.00146484375
016f636a-a942-4cf1-955b-7b6eecd04a98,chirp3_1,True,6.12,0.0,0.0,0.001312255859375,0.01385498046875
016f6db1-6273-4043-bea1-ba61becd61a1,chirp3_2,True,10.28,0.0,0.0,0.0001220703125,0.0001220703125
01703ae5-0e53-41b3-9ffc-ad17b579f39f,chirp3_2,True,4.0,0.0,0.0,0.002899169921875,0.0009765625
017100f5-234f-47eb-aba0-0f3cd0f861ea,rime_2,True,5.003875,0.0,0.0,0.0025634765625,0.000152587890625
0171164e-e9c0-415e-94e4-e9f0b0bcf44f,chirp3_1,True,6.08,0.0,0.0,0.0140380859375,0.012603759765625
01714f4f-d9a9-4739-b356-7a7f8f472b26,chirp3_1,True,6.8,0.0,0.0,0.015106201171875,0.001983642578125
0171906c-45eb-44d7-a327-f9e168a12710,chirp3_2,True,5.04,0.0,0.0,0.042755126953125,0.003875732421875
0171f57b-8817-45a5-b930-a021dde92674,human_5,False,4.06125,0.0,0.0,0.00201416015625,0.014434814453125
01724bd3-eeb8-4bb0-af70-3e195d22f0de,chirp3_1,True,9.24,0.0,0.0,0.0048828125,0.02557373046875
0172caa3-0881-4ef8-bcae-e9b455a4fadc,chirp3_2,True,11.04,0.0,0.0,0.005035400390625,0.005401611328125
0173469f-1a55-4072-8887-2c1db6a3822b,chirp3_1,True,6.24,0.0,0.0,0.0037841796875,0.00860595703125
01735fbe-91e0-45c2-b5c4-3997bef8faba,chirp3_2,True,3.96,0.0,0.0,0.00079345703125,0.014984130859375
01736bde-7e73-4707-ae33-2e7b8946e5f7,chirp3_1,True,5.32,0.0,0.0,0.016082763671875,0.079376220703125
0173a892-a52b-4e00-8a62-1764a96cd9d7,chirp3_1,True,5.4,0.0,0.0,0.00189208984375,0.004638671875
0173c3d3-7dac-4455-97db-f323abe3c67f,chirp3_1,True,15.32,0.0,0.0,0.001708984375,0.000762939453125
0173c7b1-81f3-41ba-afae-77c1ba3f5219,chirp3_1,True,9.0,0.0,0.0,0.00042724609375,0.002227783203125
01741f0f-d84a-463b-ae8d-e51724854e7e,chirp3_1,True,4.76,0.0,0.0,0.015167236328125,0.0107421875
01746061-f6bb-42c1-b5e4-2191ad59662c,chirp3_1,True,7.76,0.0,0.0,0.016693115234375,0.0123291015625
017475f9-3f2c-423d-90e9-8af35abd3f9d,chirp3_1,True,3.32,0.0,0.0,0.009521484375,0.030792236328125
0174d021-a986-4a86-ac9a-3d83f63c0aa8,chirp3_2,True,11.52,0.0,0.0,0.0015869140625,0.00018310546875
0174ff5d-eb57-4a65-9c11-fac2fc0e18fc,liva_1,False,8.833125,0.0,0.0,0.001495361328125,0.04400634765625
017545ce-3768-4ad0-bc3c-a1a6988447e4,chirp3_1,True,14.96,0.0,0.0,0.00701904296875,0.007232666015625
017547e7-4011-4333-ae5c-755ea3753313,chirp3_2,True,5.52,0.0,0.0,0.007904052734375,0.009063720703125
01754895-639c-47ac-a0f9-d9fada29b53a,chirp3_1,True,7.16,0.0,0.0,0.001312255859375,0.001861572265625
01754c43-6fc6-4c95-93b4-5529c169d7ff,chirp3_2,True,9.52,0.0,0.0,0.009613037109375,0.01055908203125
01757017-7a2a-46c9-81fb-d4709d2fe766,chirp3_1,True,3.96,0.0,0.0,0.007110595703125,0.0284423828125
01757275-859f-4ed1-acac-d120509d0e11,human_5,False,3.3675,0.0,0.0,0.00128173828125,0.002777099609375
01760dc3-9f5b-4e05-a0a6-d02043c155ee,chirp3_2,True,9.24,0.0,0.0,6.103515625e-05,0.0001220703125
01761a51-6bdc-4a10-89c5-6c7eaf7a4f75,chirp3_2,True,7.6,0.0,0.0,0.096954345703125,0.02899169921875
01769661-2ad9-450f-8882-c13191606db6,chirp3_1,True,6.16,0.0,0.0,0.001617431640625,0.00439453125
0177037d-4f26-4b70-95b5-2c27ca574f90,orpheus_grammar_1,True,4.7786875,0.0,0.0,0.00146484375,9.1552734375e-05
0177570f-2c32-4889-814b-e8a020e1e2bf,chirp3_1,True,8.84,0.0,0.0,0.003387451171875,0.00262451171875
0177cbd9-d11b-4a26-9d32-41f6c311f92f,chirp3_1,True,7.52,0.0,0.0,0.011962890625,0.0167236328125
0177d5cb-b26c-44b5-a47e-d66652aec939,chirp3_1,True,8.04,0.0,0.0,0.012359619140625,0.00299072265625
0177ddf6-623b-4c1a-940e-e19cab7adffc,chirp3_1,True,5.84,0.0,0.0,0.000579833984375,0.00103759765625
0177fb1a-a6ec-4adc-b2ed-ff7c807eb15b,chirp3_1,True,5.68,0.0,0.0,0.004638671875,0.00115966796875
0178af0b-e087-4475-b2f8-ce6ab0d09b8c,chirp3_2,True,4.08,0.0,0.0,0.0023193359375,0.00152587890625
01796fc6-92bb-40c6-8ec7-3e0726d14878,chirp3_1,True,15.56,0.0,0.0,0.00830078125,0.021240234375
01799831-60a9-4f69-a8c6-3c797210d207,chirp3_2,True,4.08,0.0,0.0,0.002593994140625,0.000640869140625
0179c139-35e9-4f87-84e5-e7737fc7be30,chirp3_1,True,8.2,0.0,0.0,0.001495361328125,0.0010986328125
0179c369-58de-45f0-b09a-d47d3b8ed038,chirp3_1,True,4.64,0.0,0.0,0.022369384765625,0.00311279296875
017a524a-1895-425b-9f74-753547fcbb61,chirp3_1,True,12.4,0.0,0.0,0.013763427734375,0.000518798828125
017a8c6d-3159-4541-a650-0fcc5d13d2f1,liva_1,False,15.1934375,0.0,0.0,0.000274658203125,0.0013427734375
017ae50e-41bc-43b5-b3d4-1accf6cc1588,chirp3_1,True,10.0,0.0,0.0,0.01043701171875,0.00262451171875
017b144a-3555-4c2b-a20f-973d5db047a8,chirp3_1,True,4.12,0.0,0.0,0.001800537109375,0.007415771484375
017b5d66-ae2a-40b0-9a92-40e8ffefc6d7,chirp3_1,True,9.36,0.0,0.0,0.003997802734375,0.000732421875
017b8530-7bbf-4733-a1db-5aa03e797d87,chirp3_1,True,7.8,0.0,0.0,0.000457763671875,0.00054931640625
017ba230-0c4d-46e6-a7c8-4a812cbe7103,chirp3_1,True,6.16,0.0,0.0,0.000762939453125,0.000579833984375
017bfcad-d4a7-4f90-9e28-f0b2b455390f,chirp3_2,True,7.84,0.0,0.0,0.045501708984375,0.029571533203125
017c4030-a35a-48a1-9ba5-638ee03a246c,liva_1,False,10.2864375,0.0,0.0,0.0037841796875,0.00830078125
017c6b5c-e5e7-4a8e-a37a-c748d19ef7a3,chirp3_2,True,5.84,0.0,0.0,0.003631591796875,0.00604248046875
017c95c9-1d1d-4455-90c2-748ee5edf191,chirp3_1,True,7.6,0.0,0.0,0.0003662109375,0.000213623046875
017caf4f-f5a5-4da8-9246-1f04d9afcbf1,rime_2,True,6.4783125,0.0,0.0,0.038909912109375,0.03912353515625
017cbb65-af12-4c4a-ab99-0743b1e9c3b4,chirp3_2,True,10.24,0.0,0.0,0.000946044921875,0.00274658203125
017ce973-dfbb-4f56-8529-9fcdc59eae07,chirp3_1,True,5.52,0.125,0.0,0.0,0.00146484375
017d3ffd-dae4-49f1-a5b3-512d5ae56d69,liva_1,False,13.03725,0.0,0.0,0.00592041015625,0.0081787109375
017d84ba-d544-4a13-ab3d-e60e682db1b4,chirp3_1,True,8.84,0.0,0.0,0.002685546875,0.003997802734375
017e3de9-91ed-48e3-88f6-ea5d10ab73cf,chirp3_2,True,13.32,0.0,0.0,0.006805419921875,0.001953125
017e4d40-1664-46f3-bbf3-e5f0e30761df,chirp3_2,True,8.16,0.0,0.0,0.018341064453125,0.004791259765625
017e8451-2761-456c-b23f-4f023d7b7ca5,chirp3_2,True,5.16,0.0,0.0,0.0115966796875,0.01611328125
017eac53-7c04-4868-9207-f7a1fb360d11,chirp3_1,True,9.72,0.0,0.0,0.0076904296875,0.021728515625
017edd08-d8ca-40a4-ad07-6b952f21097c,chirp3_1,True,7.28,0.0,0.0,0.000701904296875,0.00140380859375
017efb61-d59d-475a-b0e0-695177551186,chirp3_1,True,12.48,0.0,0.0,0.003631591796875,0.018707275390625
017f294f-eaf4-4b1f-b0cf-fb380a4f3a30,chirp3_2,True,2.52,0.0,0.0,0.004974365234375,0.002960205078125
017fbcb5-0997-4cf9-be64-5484f7af65c0,chirp3_1,True,6.44,0.0,0.0,0.021636962890625,0.00750732421875
0180481b-3f62-4cbe-87cc-7229ec1e3598,chirp3_1,True,5.84,0.0,0.0,0.004119873046875,0.00335693359375
018095d3-77d9-4254-a599-4e3c1296d000,chirp3_1,True,5.84,0.0,0.0,0.000946044921875,0.001434326171875
0180c902-73c2-4ceb-9ab1-d9d4db70fe96,chirp3_1,True,6.24,0.0,0.0,0.0001220703125,0.020721435546875
0180eae4-844b-4f28-97a6-2bd9a7f8dfc7,chirp3_2,True,5.76,0.0,0.0,0.00018310546875,0.000518798828125
018116e3-78e7-4f00-9fdf-1128f4e1e7dc,mundo_1,False,4.26,0.0,0.0,0.0045166015625,0.0028076171875
01811eaf-bd22-47d7-9ad3-da38482890aa,chirp3_3_short,True,1.12,0.0,0.0,0.01287841796875,0.006591796875
01813a65-a959-4da7-bedd-f46b64d1929f,chirp3_1,True,8.08,0.0,0.0,0.0020751953125,0.003265380859375
018192be-bc3c-43cb-bb5f-bcc9c9ea83a2,chirp3_1,True,5.08,0.0,0.0,0.013092041015625,0.011383056640625
0181cf8f-7e56-4c1c-9ae5-0e151d7837f5,rime_2,True,6.7801875,0.0,0.0,0.030517578125,0.00079345703125
018236ee-3d96-4512-87fd-10c57a2dacff,human_5,False,3.1275,0.0,0.0,0.033447265625,0.0003662109375
01825517-1b90-4d10-9616-782cebb34f7a,liva_1,False,10.414125,0.0,0.0,0.0028076171875,0.00177001953125
018279bb-b6ad-4692-b5ec-00ada8639b43,chirp3_1,True,6.96,0.0,0.0,0.009033203125,0.004150390625
0182a40d-50dd-449e-9791-cdefad17154a,chirp3_1,True,6.2,0.0,0.0,0.001220703125,0.003173828125
0182da8e-efce-4454-a001-1863a5dabac9,chirp3_2,True,8.76,0.0,0.0,0.001220703125,0.002899169921875
01830f05-909d-40ae-a564-0b405fbc9935,liva_1,False,14.4319375,0.0,0.0,0.004608154296875,0.00140380859375
01835b9b-80f7-4d19-9b4c-d6ce492880e2,orpheus_grammar_1,True,6.229375,0.0,0.0,0.009521484375,0.004730224609375
0183be8c-a349-40e0-aacc-392666bc06f6,chirp3_2,True,7.44,0.0,0.0,0.034088134765625,0.01556396484375
018419f7-c764-48c9-94dc-4cd15f51e9a6,liva_1,False,12.4878125,0.0,0.0,0.024383544921875,0.035919189453125
0184314b-fb42-4c7d-85ad-9d17089cc4eb,chirp3_2,True,2.68,0.0,0.0,0.001434326171875,0.00213623046875
0184b70b-b5bc-4404-be93-9bf957ae545f,chirp3_1,True,4.2,0.0,0.0,0.002288818359375,0.00372314453125
018520b0-7278-4fb8-9733-6d803c543f41,chirp3_1,True,3.56,0.0,0.0,0.003753662109375,0.005584716796875
01855669-0843-4a10-903a-c20af7421ad5,chirp3_1,True,6.12,0.0,0.0,3.0517578125e-05,3.0517578125e-05
0185a88c-32b0-4584-98ef-a84668bed53b,chirp3_1,True,5.44,0.0,0.0,0.004852294921875,0.00567626953125
01863047-83b2-479e-926f-518b3a489b64,chirp3_1,True,6.16,0.0,0.0,0.0023193359375,0.000640869140625
01871144-10f1-49c7-906c-cdb13c685311,chirp3_2,True,2.84,0.0,0.0,0.001251220703125,0.000396728515625
018765ee-e0e2-420d-9566-01aaa935555d,chirp3_1,True,9.36,0.0,0.0,0.001007080078125,0.000335693359375
01876c1e-c993-467d-ab38-1a5a57dab25f,liva_1,False,13.860625,0.0,0.0,0.00079345703125,0.00201416015625
0187a64f-e89a-4070-876d-8abb0d8b08e8,chirp3_1,True,6.6,0.0,0.0,0.00457763671875,0.003936767578125
0187b7cb-2e7f-4d8b-9c82-d5fbee115b98,chirp3_1,True,5.76,0.0,0.0,0.0057373046875,0.003265380859375
0187dc30-3a8e-4c95-9e20-020c0d1486eb,chirp3_1,True,12.88,0.0,0.0,0.00225830078125,0.01641845703125
0187f27b-3541-4252-bbad-637008bf0273,chirp3_2,True,9.48,0.0,0.0,0.006500244140625,0.005035400390625
0187fe87-1692-4186-a90b-56fc2630458e,chirp3_2,True,5.32,0.0,0.0,6.103515625e-05,0.000640869140625
01881f41-9aca-474e-ae0f-fff385b71e57,chirp3_1,True,8.12,0.0,0.0,0.002044677734375,0.001007080078125
0188b5a8-7966-4a90-9b5a-2aa6595670f2,chirp3_2,True,7.08,0.0,0.0,0.001983642578125,0.001617431640625
0188d14e-3480-49eb-92d6-bd14f486bc1d,chirp3_2,True,5.44,0.0,0.0,0.003631591796875,0.0047607421875
0188ddca-e7a4-496b-b06d-c3bbe0aad024,chirp3_2,True,6.28,0.0,0.0,0.00347900390625,0.005096435546875
0188e45a-5920-4668-8b73-6402ae50288c,liva_1,False,15.5953125,0.0,0.0,0.004486083984375,0.012481689453125
0188f735-05e6-4e59-83b3-406562160184,chirp3_1,True,7.8,0.0,0.0,0.003204345703125,0.003814697265625
01897116-dd9a-42a7-a9f4-dec84aec0883,chirp3_2,True,6.92,0.0,0.0,0.00042724609375,0.00067138671875
018977af-827a-49df-9003-f08116696a36,chirp3_1,True,6.28,0.0,0.0,0.00225830078125,0.00457763671875
01899f5e-e99d-41c7-9901-e6cac9b60522,liva_1,False,14.576125,0.0,0.0,0.00299072265625,0.0035400390625
0189fef1-37a5-454b-8a76-c572730086f6,chirp3_2,True,14.56,0.0,0.0,0.00177001953125,0.00885009765625
018a0c70-39ce-4d20-b63c-259ab6ca37b4,chirp3_1,True,4.32,0.0,0.0,0.006500244140625,0.001708984375
018a17f5-d419-4184-a9ad-114615029a3b,chirp3_2,True,3.16,0.0,0.0,0.00213623046875,3.0517578125e-05
018a7d0a-107b-4130-abd2-82791ee0d85d,chirp3_1,True,8.68,0.0,0.0,0.006500244140625,3.0517578125e-05
018a8072-c60d-4a26-881f-fc381f1a81c2,chirp3_2,True,7.48,0.0,0.0,0.00775146484375,0.02801513671875
018a8409-70d7-4b20-96ce-93d1e18ea417,chirp3_1,True,9.76,0.0,0.0,0.022247314453125,0.01959228515625
018ad167-b21b-45ce-b279-3aec5ad7f8dc,midcentury_1,False,3.417125,0.0,0.0,0.009674072265625,0.027252197265625
018b06f8-0f8a-46c9-aa11-288a46a53d1e,chirp3_1,True,4.76,0.0,0.0,0.0068359375,0.00506591796875
018b27d1-ca16-4314-a799-3767d0a28cf8,chirp3_2,True,5.04,0.0,0.0,0.014129638671875,0.008544921875
018b35c0-598d-4efa-872f-4aeedc538ce4,chirp3_1,True,11.28,0.0,0.0,0.007720947265625,0.003753662109375
018b5783-9eae-48fd-b2c3-cb9fa61aa161,chirp3_1,True,7.84,0.0,0.0,6.103515625e-05,0.00042724609375
018b93d4-bb9c-4c0c-8433-ec4de4d722f3,chirp3_2,True,5.96,0.0,0.0,0.016265869140625,0.011810302734375
018ba493-d2f1-41dc-86fd-d2e15a921c89,chirp3_1,True,11.12,0.0,0.0,0.00738525390625,0.00274658203125
018bcd7a-e6a1-46bc-9d86-966bff96fb47,chirp3_1,True,6.0,0.0,0.0,0.003265380859375,0.00091552734375
018c086a-2431-48d4-bbc2-523a4b7fa4f1,chirp3_1,True,8.52,0.0,0.0,0.00164794921875,0.000244140625
018c7114-3397-4a6d-ad51-a4247d956b41,chirp3_2,True,7.44,0.0,0.0,0.00421142578125,0.002960205078125
018c992b-cd2e-45db-ad03-fb0430d49553,liva_1,False,9.834125,0.0,0.0,0.002166748046875,0.0047607421875
018cb3e1-2c07-404a-bcd4-0baf8ba94473,chirp3_1,True,8.6,0.0,0.0,0.001861572265625,0.00299072265625
018d6feb-a87c-45f0-b428-8fcaac78259c,chirp3_1,True,5.32,0.0,0.0,0.014129638671875,0.025665283203125
018d8392-0603-43c6-a01d-f3ead4ed9fa5,chirp3_1,True,9.88,0.0,0.0,3.0517578125e-05,0.001312255859375
018d8bf4-7e92-49d2-81de-5d97f78998c8,chirp3_1,True,4.64,0.0,0.0,0.00048828125,0.004913330078125
018e8744-9d1c-457a-ace0-9ce0e54b7dc6,chirp3_1,True,8.6,0.0,0.0,0.01080322265625,0.008270263671875
018ebaa5-9789-4a1d-a948-a0ce74261d3a,orpheus_endfiller_1,True,10.496,0.0,0.0,0.001068115234375,0.001068115234375
018efc35-8dde-4b60-8633-e9fa86d8468f,chirp3_2,True,5.28,0.0,0.0,0.026336669921875,0.000823974609375
018f4e7c-7935-46f4-83ec-7ac46696c524,orpheus_grammar_1,True,3.328,0.0,0.0,0.001556396484375,0.000732421875
018fd3c4-8409-4ac2-b800-788b524be2d8,chirp3_2,True,5.28,0.0,0.0,0.001007080078125,0.00146484375
019048aa-6015-452e-a78c-79e1c6dd6e0e,chirp3_2,True,5.76,0.0,0.0,0.000762939453125,0.00262451171875
0190b4f2-a2fd-4b11-8f1e-567989808493,chirp3_1,True,10.36,0.0,0.0,0.0003662109375,0.003173828125
0190dfc0-48f3-48c0-8f7b-bbb3bd069a55,chirp3_1,True,12.56,0.0,0.0,0.00146484375,0.000823974609375
01914f46-92eb-47fa-b2a4-acf9e92232df,chirp3_1,True,13.08,0.0,0.0,0.00067138671875,0.00177001953125
01916039-317a-42a4-8390-c6ac788c8c69,chirp3_1,True,8.44,0.0,0.0,0.001068115234375,0.00189208984375
019199b0-5f93-415e-a0a6-6da381c7fed8,liva_1,False,9.434375,0.0,0.0,0.007537841796875,0.002716064453125
0191c966-9823-46a3-9b9c-564436540deb,liva_1,False,14.4096875,0.0,0.0,0.00067138671875,0.00543212890625
0191cb18-779c-4d6b-b842-062ff989fe24,chirp3_2,True,7.52,0.0,0.0,0.000701904296875,0.0001220703125
0191e4a9-6f7b-4b63-be81-05761e1ed1bd,chirp3_2,True,10.48,0.0,0.0,0.006927490234375,0.001556396484375
0191ecb8-d63b-4875-878a-740a1b9d3c91,chirp3_2,True,6.28,0.0,0.0,3.0517578125e-05,0.000396728515625
01922c70-91c1-4312-a1cb-b8c652600fb5,chirp3_2,True,7.32,0.0,0.0,0.013885498046875,0.01544189453125
019285f8-9561-4b84-beaa-d512c7fa7c90,chirp3_1,True,7.16,0.0,0.0,0.002593994140625,0.0008544921875
0192cd67-3198-4a54-9699-8d250ff75000,liva_1,False,16.0,0.0,0.0,0.00274658203125,0.00018310546875
0192f7ee-9981-4812-9077-ba4520662139,midcentury_1,False,3.15,0.0,0.0,0.023284912109375,0.02056884765625
01933f1a-19fb-4953-b704-9de9aeaa97ac,chirp3_1,True,6.48,0.0,0.0,0.000732421875,0.000732421875
0193625c-f0ac-4336-94ee-8ad33091135c,chirp3_1,True,6.16,0.0,0.0,0.0032958984375,0.003204345703125
0193730f-8ce6-4ee7-a168-594dd539b6e3,chirp3_1,True,3.88,0.0,0.0,0.014923095703125,0.01983642578125
019382f0-381a-4e43-b558-b8229f8dee35,chirp3_2,True,3.96,0.0,0.0,6.103515625e-05,0.00250244140625
0193cac4-52c3-4452-af07-a96f2b624038,chirp3_1,True,10.84,0.0,0.0,0.002532958984375,0.000213623046875
0193d724-4597-499f-b021-6c565fbbb33d,chirp3_2,True,6.16,0.0,0.0,0.00164794921875,0.00177001953125
0193d82a-40be-4722-8f6b-6d1a79652731,chirp3_1,True,2.88,0.0625,0.0,0.0,0.0401611328125
0194a55e-7a29-4ef0-a26e-398c79311c12,chirp3_1,True,5.0,0.0,0.0,0.004791259765625,0.0009765625
0194a7f0-d1af-4b7f-b47b-82e87fc6c6bc,chirp3_2,True,4.16,0.0,0.0,0.0460205078125,0.04156494140625
0194b627-7455-4688-8737-32e2c8086996,chirp3_1,True,5.52,0.0,0.0,0.000762939453125,0.000946044921875
0194ea03-2e5a-4b5a-bca6-34be802187c5,chirp3_1,True,6.0,0.0,0.0,0.005126953125,0.019500732421875
0194fb0e-c225-495d-85c5-c6c0039e7d75,chirp3_1,True,5.72,0.0,0.0,0.011566162109375,0.003631591796875
0195ca41-5857-4f73-b3f1-5780a65ed70b,chirp3_1,True,6.48,0.0,0.0,0.0115966796875,0.037017822265625
0195decf-fb53-43bc-99be-299fbeea823a,liva_1,False,13.13875,0.0,0.0,0.002227783203125,0.003082275390625
01960e9d-d90a-4f02-8ee1-9edb9fa6895f,chirp3_2,True,6.32,0.0,0.0,0.001068115234375,0.00335693359375
01961a51-7633-4164-9a82-cc93453c350f,chirp3_1,True,6.92,0.0,0.0,0.00311279296875,0.0135498046875
01962b56-e67f-45b6-bac9-bd5686985c9a,chirp3_2,True,4.04,0.0,0.0,0.00677490234375,0.004425048828125
019648f3-a277-4c7e-a67f-ffaea946a4fa,chirp3_1,True,4.24,0.0,0.0,0.003875732421875,0.01824951171875
01964e99-2066-4103-8b8a-74d0d2e6575d,chirp3_2,True,9.4,0.0,0.0,0.02117919921875,0.003082275390625
01969117-db7b-4675-9a61-d1cf484472f8,chirp3_1,True,9.24,0.0,0.0,0.013519287109375,0.001495361328125
0196a792-8029-4f7f-a53b-aeb6541ef091,chirp3_1,True,9.64,0.0,0.0,0.002777099609375,0.000396728515625
0196e294-fd84-4a66-8307-a3af8e642a10,orpheus_grammar_1,True,5.205375,0.0,0.0,0.025146484375,0.005706787109375
0196f837-d36a-4d73-836c-1e36c19fad45,chirp3_1,True,5.0,0.0,0.0,0.075225830078125,0.008270263671875
019751ab-87cd-4962-aa1b-89a58f522cc6,chirp3_1,True,10.4,0.0,0.0,0.003570556640625,0.001953125
019779aa-12da-488c-976a-8330e92a594b,chirp3_1,True,12.36,0.0,0.0,0.0013427734375,0.03179931640625
019823b9-098f-465a-afbd-6b9eb1da2c67,chirp3_1,True,7.92,0.0,0.0,0.000732421875,0.00213623046875
01985c87-8d3c-42e1-a5e5-4b6e8ce4fcda,chirp3_1,True,7.88,0.0,0.0,0.022857666015625,0.00958251953125
01985e84-a712-409e-8683-708af806f846,liva_1,False,10.1069375,0.0,0.0,0.00067138671875,0.018463134765625
0198b4f9-66b0-4a1a-a064-e5182ddb54f2,chirp3_1,True,8.84,0.0,0.0,0.03045654296875,0.005035400390625
0198e449-e93f-4574-9492-ba9124b618a2,chirp3_2,True,4.48,0.0,0.0,0.002166748046875,0.00732421875
019974e7-1156-4c3a-87ca-1f61a7ecc985,liva_1,False,3.343875,0.0,0.0,0.000396728515625,0.002899169921875
0199b4db-5fca-4ded-a621-c5f12f604309,chirp3_2,True,8.48,0.0,0.0,0.009796142578125,0.00054931640625
019b4c95-a7ec-440a-8a96-6879877757a0,liva_1,False,15.0655625,0.0,0.0,0.012176513671875,0.00592041015625
019b7e5b-a96d-4114-91a1-cda522a74efa,chirp3_1,True,5.44,0.0,0.0,0.000640869140625,0.00146484375
019b8e79-601f-4ca6-9d22-78f7e4948eb0,chirp3_1,True,6.56,0.0,0.0,0.003753662109375,0.00164794921875
019b95ae-7205-4084-8472-d0759e4214b3,midcentury_1,False,3.064,0.0,0.0,0.00457763671875,0.005218505859375
019b962d-a41a-4ed0-bef0-3e0f37bad45c,chirp3_2,True,4.04,0.0,0.0,0.0009765625,0.00067138671875
019ba44c-3466-440d-ac47-4ec152be858b,liva_1,False,11.6635,0.0,0.0,0.01849365234375,9.1552734375e-05
019bc767-c609-45c7-933d-2f89769faeef,chirp3_2,True,4.84,0.0,0.0,0.0035400390625,0.040740966796875
019bc7e1-21ae-4a24-b257-49017bae0ece,chirp3_1,True,7.96,0.0,0.0,0.007659912109375,0.0018310546875
019bd47f-d282-4920-9e67-b6d3c2d1c3df,chirp3_1,True,12.32,0.0,0.0,0.002227783203125,6.103515625e-05
019bd68f-518f-4a5b-a5c2-456d24ad3f82,liva_1,False,12.094,0.0,0.0,0.018280029296875,0.012939453125
019c3e6f-80af-4272-9751-bc923c5aa9ee,chirp3_1,True,6.56,0.0,0.0,0.0048828125,0.0008544921875
019c3fb7-7fa8-4a11-a82a-1feedb3ab031,chirp3_1,True,7.72,0.0,0.0,0.018280029296875,0.02960205078125
019ca44b-e462-4aa2-a329-fa3c8c80754e,chirp3_1,True,8.44,0.0,0.0,0.00030517578125,0.002960205078125
019cc7b0-499e-4d54-b041-ee82e7f88560,chirp3_1,True,4.36,0.0,0.0,0.00311279296875,0.000762939453125
019cd695-2427-4edb-92f6-e2fab5a29682,chirp3_2,True,7.72,0.0,0.0,0.000244140625,0.004608154296875
019d040d-d820-45ad-ae44-5dbfb64b7f6f,chirp3_2,True,2.8,0.0,0.0,0.050048828125,0.025360107421875
019d14d0-e6c9-428e-93c1-d407a0244147,chirp3_1,True,7.32,0.0,0.0,6.103515625e-05,0.004913330078125
019d4ae7-f57d-4626-b622-3c984e6af0a0,chirp3_1,True,9.28,0.0,0.0,0.00848388671875,0.00469970703125
019d6223-dd03-40ec-9387-ce61e353353d,chirp3_1,True,8.56,0.0,0.0,0.00482177734375,0.001434326171875
019d7cf9-6537-4a9f-b1ab-2575e9ac573c,chirp3_2,True,4.48,0.0,0.0,0.02777099609375,0.0013427734375
019d89e3-7953-40eb-9f3d-bfc9603909c6,chirp3_1,True,7.08,0.0,0.0,0.010772705078125,0.011383056640625
019de1f8-1570-44dd-8abf-a42d79af5b95,chirp3_2,True,6.04,0.0,0.0,0.01800537109375,0.011383056640625
019de711-d2bd-4541-804d-7d02d0fd47fd,chirp3_1,True,6.64,0.0,0.0,0.002105712890625,0.004913330078125
019e5cbe-d3a5-4370-ab67-e96a33d13367,chirp3_2,True,8.36,0.0,0.0,0.024688720703125,0.004058837890625
019eb958-6e4e-44fa-870e-8bd99131bcd1,chirp3_1,True,2.24,0.0,0.0,0.00030517578125,0.000244140625
019ec9bd-b891-4fcc-940f-c48b991070a6,chirp3_2,True,8.08,0.0,0.0,0.02294921875,0.014923095703125
019ecd2f-ab16-4431-a4c5-21289e579e1a,chirp3_1,True,4.0,0.0,0.0,0.010894775390625,0.004364013671875
019ed04e-ca70-49d8-a4aa-5a70c1ba7745,orpheus_midfiller_1,True,5.8026875,0.0,0.0,0.00042724609375,0.00054931640625
019ef484-7312-4394-be9a-3106607e3e32,chirp3_2,True,7.64,0.0,0.0,0.00018310546875,0.01104736328125
019ef5c1-e1c8-4ae6-bfbd-5025e4977416,chirp3_1,True,6.68,0.0,0.0,0.0001220703125,0.006561279296875
019ef7ab-7382-43f2-a03c-f29546612aae,liva_1,False,11.50775,0.0,0.0,0.022613525390625,0.001739501953125
019f4013-9eeb-4bb8-8441-8d1b645bbed1,chirp3_1,True,9.92,0.0,0.0,0.003448486328125,0.000518798828125
019f7e30-3ddf-40e6-bfb7-13e53a9904e8,chirp3_1,True,8.72,0.0,0.0,0.001251220703125,0.00030517578125
019fcc3f-e5f9-4671-97d6-ac2b3953770f,chirp3_1,True,4.0,0.0,0.0,0.023223876953125,0.014862060546875
01a0026e-0089-41be-94bc-6284ebbbd591,chirp3_1,True,6.24,0.0,0.0,0.019622802734375,0.003021240234375
01a003fd-7bc7-4ab7-ba6c-bf97e14af9e7,chirp3_2,True,7.84,0.0,0.0,0.000274658203125,0.0001220703125
01a00a14-be30-4b5a-91f0-709053090af5,midcentury_1,False,4.3138125,0.0,0.0,0.00506591796875,0.000213623046875
01a04888-ed4a-4e99-9672-b1cae3733712,chirp3_2,True,2.96,0.0,0.0,0.000732421875,0.000152587890625
01a056ab-60b8-4c07-ad71-99fb77e2f56a,chirp3_1,True,6.4,0.0,0.0,0.021881103515625,0.000213623046875
01a060ac-7d55-4cbf-bce2-2b8172b5665e,chirp3_1,True,15.68,0.0,0.0,0.0130615234375,0.016693115234375
01a06121-2cd7-420e-b229-063052620ab8,chirp3_1,True,4.84,0.0,0.0,9.1552734375e-05,0.0032958984375
01a0869a-4692-4dee-8378-5b5387f291f6,mundo_1,False,4.852,0.0,0.0,0.00238037109375,0.004119873046875
01a10065-2056-46f6-8ac7-6d510940146e,chirp3_1,True,7.88,0.0,0.0,0.000244140625,0.00421142578125
01a26940-5322-4900-aeda-bc945f95e56e,chirp3_1,True,4.0,0.0,0.0,0.0025634765625,0.004058837890625
01a28fea-1ad6-4b50-be1d-8e7c4e8944c7,chirp3_1,True,7.44,0.0,0.0,0.001708984375,0.0120849609375
01a2d3ce-b818-4b58-888e-0f398b58cfb2,liva_1,False,7.5635625,0.0,0.0,0.01055908203125,0.000396728515625
01a2f695-0fd3-47f9-a083-646329968a63,liva_1,False,13.7299375,0.0,0.0,0.036651611328125,0.001190185546875
01a30812-028e-48ff-9cd1-4f5a659f792b,chirp3_2,True,9.56,0.0,0.0,0.00128173828125,0.0089111328125
01a37b5c-a53f-411b-b7f3-4407ef686283,mundo_1,False,3.762,0.0,0.0,0.004150390625,0.008819580078125
01a3baea-25bb-4988-a1da-e9e07e35a7ba,chirp3_1,True,5.88,0.0,0.0,0.005096435546875,0.000457763671875
01a3bfa1-d3ff-4c67-9ed2-73f3a9de4eb1,chirp3_2,True,5.88,0.0,0.0,0.01348876953125,0.070037841796875
01a44a93-0e1a-4edf-87f1-c6bb90f5fa03,chirp3_1,True,3.56,0.0,0.0,0.001861572265625,0.004058837890625
01a4727f-cc0e-4bc3-9640-8ba5661bbf78,chirp3_1,True,7.36,0.0,0.0,0.002166748046875,0.00390625
01a49e35-291d-4d34-9303-ecd47d02adfe,chirp3_1,True,9.88,0.0,0.0,0.001556396484375,0.0013427734375
01a4d572-247c-4cbc-9659-645e2e45eeee,liva_1,False,12.3684375,0.0,0.0,0.012115478515625,0.014007568359375
01a4e777-3605-4e85-8c51-f18f41a0acc2,chirp3_1,True,9.24,0.0,0.0,0.0240478515625,0.052490234375
01a52a1b-c2a2-4ad7-bf1f-fb862a4b3db1,chirp3_1,True,6.88,0.0,0.0,0.02142333984375,0.040008544921875
01a53edc-00c6-461e-8f55-756ba822e7e2,chirp3_1,True,9.48,0.0,0.0,0.000457763671875,0.00836181640625
01a68b32-ac43-45cf-a221-20539f85dc3e,chirp3_1,True,11.6,0.0,0.0,0.000396728515625,0.004119873046875
01a6a56b-632c-4af8-a78a-103ecbbbb01a,chirp3_1,True,4.0,0.0,0.0,0.00103759765625,0.00079345703125
01a6dc72-eade-4bf1-a8cc-3086c298daaf,chirp3_1,True,5.12,0.0,0.0,0.002532958984375,0.02032470703125
01a6dfcb-d39f-43c7-9345-3a9dcae3d928,chirp3_2,True,19.68,0.0,0.0,0.007720947265625,0.0074462890625
01a723d7-ed1d-40aa-90a2-5c17ef9dd8a6,mundo_1,False,6.625,0.0,0.0,0.00140380859375,0.004302978515625
01a74d75-e769-471c-ab26-da64ea51ed67,chirp3_2,True,2.6,0.0,0.0,0.007476806640625,0.00909423828125
01a78678-6386-4244-a93b-0a984c901601,chirp3_2,True,3.48,0.0,0.0,0.00054931640625,0.00054931640625
01a820ad-81ce-4fe7-a5a0-69c1df73aaaf,chirp3_1,True,6.24,0.0,0.0,0.0054931640625,0.004638671875
01a8346a-ab71-4327-bddd-992d756f0b6c,liva_1,False,12.106625,0.0,0.0,0.007415771484375,0.041748046875
01a837a2-c3d2-4bc6-9416-7a599a25dc46,chirp3_1,True,9.92,0.0,0.0,0.00238037109375,0.02557373046875
01a867ac-04d8-4f75-bf0f-d50b14c18f00,chirp3_1,True,7.24,0.0,0.0,0.000396728515625,0.002349853515625
01a8d8b8-3256-4097-bb83-74e75433b86d,chirp3_1,True,15.44,0.0,0.0,0.014373779296875,0.019317626953125
01a903a7-34c9-4e5d-8527-160a9c5fbcba,midcentury_1,False,3.43025,0.0,0.0,0.02001953125,0.0289306640625
01a90ae2-83c2-40ac-ae9c-881bd828061c,chirp3_2,True,9.56,0.0,0.0,0.009796142578125,0.003326416015625
01a94dc5-0a8e-4b60-931a-161ca6094d2e,chirp3_1,True,5.52,0.0,0.0,0.000152587890625,0.003997802734375
01a99952-43fb-4311-8fad-df430c4b87df,chirp3_1,True,7.24,0.0,0.0,0.00128173828125,0.001922607421875
01a9b714-ff70-45c4-9563-f572db96f454,chirp3_1,True,8.56,0.0,0.0,0.00604248046875,0.002105712890625
01a9bf38-6600-4bdb-9148-b8c6277fcbc5,midcentury_1,False,3.3135,0.0,0.0,0.000457763671875,0.0018310546875
01a9c291-a94e-48ba-8324-c87c03785ec6,chirp3_1,True,12.92,0.0,0.0,0.020599365234375,0.0289306640625
01a9d3ff-1878-4954-b168-adcc2f7413a8,chirp3_2,True,6.84,0.0,0.0,0.0015869140625,0.002288818359375
01a9d9d2-5f1c-4565-acdb-02fe65c25ce4,chirp3_1,True,5.68,0.0,0.0,0.001953125,0.000457763671875
01aa67c0-5c6b-4b31-a946-7bf19cce7711,chirp3_1,True,11.12,0.0,0.0,0.00042724609375,6.103515625e-05
01aa6bca-4f6e-40ce-8005-a52e0b42874b,chirp3_2,True,5.68,0.0,0.0,0.0001220703125,0.001708984375
01aa72fb-6212-494c-bea7-ee9f4e66e0fc,chirp3_1,True,5.64,0.0,0.0,0.003631591796875,0.00042724609375
01aaf979-420b-43da-963c-5c96e90aee79,chirp3_1,True,4.36,0.0,0.0,0.004180908203125,0.000701904296875
01ab1ed9-0d18-42dd-bf64-7a14909dab18,liva_1,False,16.0,0.0,0.0,0.042083740234375,0.021240234375
01ab216d-6866-4775-a05b-99a5e302b801,chirp3_1,True,5.28,0.0,0.0,0.000244140625,0.015838623046875
01ab368e-d338-4ec3-bd87-0e89661a5e4e,chirp3_2,True,5.92,0.0,0.0,0.003509521484375,0.000274658203125
01abaf07-753c-40e3-bffb-1d56a7e464b4,chirp3_1,True,6.96,0.0,0.0,0.000274658203125,0.001007080078125
01abd212-2ee8-4f45-b80f-55dff15ba99d,chirp3_1,True,6.08,0.0,0.0,0.004638671875,0.0006103515625
01ac0759-7d98-46e0-b946-ebcaf23c0e91,chirp3_2,True,5.68,0.0,0.0,0.001129150390625,0.006988525390625
01ac0fdb-92bf-4e1d-8ccf-f715aa6b9d9b,chirp3_2,True,6.08,0.0,0.0,0.000244140625,0.003509521484375
01ac90bc-fdcd-4ec3-99b2-bc287ab50b7e,chirp3_2,True,3.8,0.0,0.0,0.0421142578125,0.00518798828125
01aca1ac-db2d-44f9-8e7a-d0ec0915e8c0,chirp3_2,True,8.52,0.0,0.0,0.00091552734375,0.00238037109375
01ad3e24-9d5f-40fc-b2d1-9af5388158e6,chirp3_1,True,4.52,0.0,0.0,0.0006103515625,0.001068115234375
01add76e-1b89-4de5-be2c-05be0a30aacf,midcentury_1,False,3.7544375,0.0,0.0,0.000244140625,0.00042724609375
01aed32e-95fd-4d49-b533-aadefd59da83,chirp3_1,True,4.44,0.0,0.0,3.0517578125e-05,0.00030517578125
01af7842-f46b-4196-aaab-3e20e475bc12,chirp3_1,True,10.0,0.0,0.0,0.00439453125,0.028472900390625
01afbb36-799a-4402-95ef-775b01e815c8,midcentury_1,False,3.86,0.0,0.0,0.185516357421875,0.006988525390625
01afe84b-f61b-41a8-a2de-db03ed7d9dfc,liva_1,False,10.7499375,0.0,0.0,0.00152587890625,0.002044677734375
01b02709-5e5a-429d-9907-ae39b5b8080d,orpheus_endfiller_1,True,7.3386875,0.0,0.0,0.00146484375,0.001220703125
01b0a6c6-899b-4630-ac4e-6cc9dce9c038,chirp3_1,True,6.88,0.0,0.0,0.008636474609375,0.000152587890625
01b0a8ab-1860-4b7b-a664-ec07131458ee,chirp3_2,True,8.24,0.0,0.0,0.003631591796875,0.00885009765625
01b0bd1a-ffcd-49b6-9acb-4eee2273f1fc,chirp3_2,True,9.76,0.0,0.0,0.001708984375,0.0072021484375
01b0e399-daf8-4675-baa2-42b46372a89e,chirp3_2,True,4.56,0.0,0.0,0.0025634765625,0.012237548828125
01b0f7b8-9bd0-4628-aa9f-df4c2609f818,chirp3_2,True,5.32,0.0,0.0,0.003570556640625,0.00286865234375
01b12b79-2540-4440-aacc-b65d2b92763e,chirp3_1,True,7.48,0.0,0.0,0.0245361328125,0.032989501953125
01b1527e-26e8-406d-8f22-b76e4a8b59c8,chirp3_1,True,5.04,0.0,0.0,0.002105712890625,0.002685546875
01b185ab-14e7-4cb9-83bd-0d727f305756,midcentury_1,False,3.614,0.0,0.0,0.005584716796875,0.00286865234375
01b18958-ff79-4aa4-89d8-ac76e41456d1,chirp3_2,True,4.72,0.0,0.0,0.0029296875,0.005889892578125
01b1d7e8-5a28-4667-aba5-089bcf278737,chirp3_1,True,10.04,0.0,0.0,0.003265380859375,0.002532958984375
01b1ee5f-6e24-42dd-b4ad-d059cca6ab85,chirp3_1,True,7.84,0.0,0.0,0.02374267578125,0.009674072265625
01b20926-ba48-4383-bcd3-b4276b0d8c62,chirp3_1,True,11.08,0.0,0.0,0.001800537109375,0.0035400390625
01b281a6-0036-4304-b6ae-81c4d1b1f24b,chirp3_1,True,7.56,0.0,0.0,0.01788330078125,0.008453369140625
01b29293-a02c-4af3-8fad-91d0af70c946,chirp3_2,True,3.2,0.0,0.0,0.015380859375,0.01141357421875
01b297ee-e4a5-4f46-9dc2-40d3de21654c,chirp3_1,True,5.36,0.0,0.0,0.009613037109375,0.0076904296875
01b2b529-8f02-49ae-b5b9-787c153822b4,chirp3_2,True,4.48,0.0,0.0,0.010528564453125,0.004058837890625
01b3abb6-ac7c-4f25-8af7-268b0970967a,chirp3_1,True,3.88,0.0,0.0,3.0517578125e-05,0.010650634765625
01b3c72f-f0bb-4ba6-b724-53de88d7fee1,chirp3_1,True,5.0,0.0,0.0,0.02496337890625,0.009124755859375
01b3e2e7-a53f-4c65-9227-883f2812741f,chirp3_1,True,5.6,0.0,0.0,0.006622314453125,0.041839599609375
01b3ed0f-d1eb-4cfc-a4d8-741d6e17fe99,human_convcollector_1,False,4.0,0.0,0.0,0.000152587890625,0.000152587890625
01b3f5ac-76e3-4ba6-8783-468504681218,chirp3_1,True,5.08,0.0,0.0,0.0045166015625,0.00177001953125
01b3ff09-3a70-44c7-8607-c9903a477f47,liva_1,False,12.935125,0.0,0.0,0.001983642578125,0.01837158203125
01b442be-630d-44f4-ab9c-657f64f7f2dc,chirp3_1,True,13.08,0.0,0.0,0.0003662109375,0.00079345703125
01b4bd4d-95a0-4664-9d74-f93f7af30870,chirp3_1,True,7.16,0.0,0.0,0.0009765625,0.001190185546875
01b4d1ea-d58d-4ad3-8e51-7e90c672537a,chirp3_2,True,5.68,0.0,0.0,0.00262451171875,0.031646728515625
01b4f06f-8582-486e-8549-c99372c34828,chirp3_2,True,3.88,0.0,0.0,0.002532958984375,0.001617431640625
01b51d28-6d2e-458e-a0a4-5a8effee1e7a,chirp3_1,True,5.04,0.0,0.0,0.0023193359375,0.0018310546875
01b54bed-c95f-4679-923f-03d564534aca,chirp3_2,True,5.48,0.0,0.0,0.0001220703125,0.00616455078125
01b5bb3a-5c31-4551-ab87-950e6742e5f1,chirp3_2,True,5.28,0.0,0.0,0.01239013671875,0.00555419921875
01b6069e-701c-4203-8e13-d6071809ffda,chirp3_1,True,5.24,0.0,0.0,0.001312255859375,0.0230712890625
01b6c424-3252-4d33-9564-6f64625968c4,liva_1,False,16.0,0.0,0.0,0.499114990234375,0.010406494140625
01b710bd-35f2-435b-86ae-60c1a044932a,chirp3_1,True,9.8,0.0,0.0,0.045806884765625,0.00982666015625
01b76c3c-dd16-4597-a7f3-5ee6190f2136,chirp3_1,True,9.88,0.0,0.0,0.00091552734375,3.0517578125e-05
01b7848a-f0bb-4095-8cfe-6c3bb8fa5550,liva_1,False,13.841,0.0,0.0,0.00030517578125,0.000457763671875
01b7af2d-9242-41f4-a1ba-a4247694e51e,chirp3_1,True,10.76,0.0,0.0,0.002655029296875,0.00067138671875
01b7d795-2a55-4964-8d74-0569a6722564,liva_1,False,14.075625,0.0625,0.0,0.0,0.00482177734375
01b7de18-d5e5-42ce-989a-cf22d986c803,orpheus_midfiller_1,True,8.021375,0.0,0.0,0.00482177734375,0.000213623046875
01b810ea-a512-4ff4-9d63-4988a6e0c9d3,liva_1,False,12.5495,0.0,0.0,0.005340576171875,0.029205322265625
01b81869-1506-4986-99f2-ddb41f0cda0d,chirp3_1,True,5.84,0.0,0.0,0.006744384765625,0.0028076171875
01b82509-96fe-4573-a9ad-2f9aa9433346,midcentury_1,False,3.637,0.0,0.0,0.090850830078125,0.054840087890625
01b82932-6691-4eb4-ac2c-fc614c9b7a39,chirp3_1,True,4.04,0.0,0.0,0.0025634765625,0.004302978515625
01b838c0-edcb-4558-8bff-115ea5c64414,chirp3_1,True,4.92,0.0,0.0,0.000579833984375,0.00927734375
01b8430b-cab7-46bc-a947-b2c79d4c0a76,chirp3_1,True,8.52,0.0,0.0,0.00543212890625,0.0009765625
01b8543f-8607-4464-a7b7-44505ac4e9cb,chirp3_1,True,9.72,0.0,0.0,0.00299072265625,0.007568359375
01b8790e-0ac3-4537-a43f-e2fbd6ba5186,chirp3_2,True,5.76,0.0,0.0,0.00042724609375,0.000244140625
01b8a5f6-339c-4cdf-8d2f-2cbc3d061a96,chirp3_2,True,4.96,0.0,0.0,0.004974365234375,0.00250244140625
01b8f025-561b-45a5-b93d-41d10c9ecd44,chirp3_1,True,5.8,0.0,0.0,0.045318603515625,0.005859375
01b91d12-32c7-4916-a703-d3e8707d8d72,liva_1,False,11.7611875,0.0,0.0,0.00018310546875,0.00494384765625
01b94d80-53ad-44b8-a003-a7480edb8aa4,chirp3_2,True,9.68,0.0,0.0,0.022003173828125,0.013916015625
01b96685-05c5-4531-afb6-eeeb871ff251,chirp3_1,True,11.56,0.0,0.0,0.0001220703125,0.001800537109375
01b99ea7-9261-465f-a26d-715f1d4f9940,chirp3_2,True,6.72,0.0,0.0,0.01080322265625,0.004241943359375
01b9c5c7-b6e0-4cc3-b9f1-0e495a9380fd,chirp3_2,True,5.12,0.0625,0.0,0.0,0.0013427734375
01ba8a98-f3a2-4490-82f7-48d601fee0b8,chirp3_1,True,14.44,0.0,0.0,0.000640869140625,0.001617431640625
01ba8d54-b6c7-4b02-8c87-fe387447d51c,chirp3_1,True,6.96,0.0,0.0,0.000152587890625,0.00115966796875
01baaa45-5cd7-4456-b1c5-7d4291c7feec,liva_1,False,11.910875,0.0,0.0,0.006927490234375,0.000152587890625
01bb137d-2e06-405c-ad48-18e9b1edc202,chirp3_1,True,5.48,0.0,0.0,0.00457763671875,0.008026123046875
01bb274c-506e-4938-acf2-44aa5fb29be2,chirp3_1,True,6.6,0.0,0.0,0.0009765625,0.001007080078125
01bb9fbc-a947-4d9d-a5ef-5d97dbb0ae09,chirp3_1,True,8.48,0.0,0.0,0.000152587890625,0.001434326171875
01bbaa04-e00d-4fa0-943f-1c6c7fa19621,chirp3_2,True,7.56,0.0,0.0,0.003204345703125,0.000274658203125
01bbcfe3-a218-4003-b30f-274dbeb6aa18,chirp3_1,True,7.36,0.0,0.0,0.00140380859375,0.000946044921875
01bc2dae-3786-4fd0-a84d-3d7953b6c6bf,chirp3_1,True,6.76,0.0,0.0,0.0028076171875,0.000518798828125
01bc62c1-43f9-494d-aded-21b7042e4c9f,chirp3_1,True,8.64,0.0,0.0,0.001007080078125,0.000762939453125
01bc6691-b247-4f30-b3ea-bf98ae37e77d,chirp3_2,True,6.44,0.0,0.0,0.0009765625,3.0517578125e-05
01bc8093-e78e-4306-a598-c65942b7b135,chirp3_1,True,4.96,0.0,0.0,0.000152587890625,0.000640869140625
01bc9b2d-d393-4c50-b44c-3e25ce2d7885,chirp3_1,True,11.12,0.0,0.0,0.016815185546875,0.011444091796875
01bca2f7-44c8-40d9-8ba6-244ef508ea1c,chirp3_1,True,7.64,0.0,0.0,0.0174560546875,0.006011962890625
01bcdfc3-7254-4f04-b5af-e07c5d583804,chirp3_1,True,7.08,0.0,0.0,0.069305419921875,0.00665283203125
01bdb226-ba27-456e-89ae-aad31041467d,chirp3_2,True,4.68,0.0,0.0,0.01336669921875,0.000946044921875
01bde487-0a60-4a19-9400-6f215605dedf,chirp3_1,True,7.8,0.0,0.0,0.007171630859375,0.0087890625
01bdf4a4-9775-4fc4-9cd5-5470586427c3,chirp3_1,True,14.32,0.0,0.0,0.00274658203125,0.00384521484375
01bea838-8e9f-4011-9506-290546aaffa6,chirp3_1,True,12.52,0.0,0.0,0.015533447265625,0.004730224609375
01bec651-9ddd-41b1-b875-6092e3c22c0e,chirp3_2,True,9.96,0.0,0.0,0.00274658203125,0.002716064453125
01becb2d-3967-4a35-b226-bf22b4a58235,chirp3_1,True,7.04,0.0,0.0,0.030029296875,0.050872802734375
01bef022-774c-4abe-a641-365ca953356f,liva_1,False,7.3240625,0.0,0.0,0.037628173828125,0.000457763671875
01bf017a-d57f-456d-8332-349b735dac28,chirp3_2,True,5.32,0.0,0.0,0.006927490234375,0.019683837890625
01bf12b2-6609-4482-becd-002b69aea5b3,chirp3_1,True,4.36,0.0,0.0,0.00018310546875,0.00030517578125
01bf404b-44ac-4746-9e99-d45aba7135f0,chirp3_1,True,4.28,0.0,0.0,0.001556396484375,0.00439453125
01bfe510-3a3c-4f6f-b874-ea0170e62de4,orpheus_grammar_1,True,4.693375,0.0,0.0,0.012359619140625,0.002685546875
01c04152-bafb-4516-a8c1-d44fd8008a81,chirp3_1,True,7.6,0.0,0.0,0.035491943359375,0.013336181640625
01c06646-cf7f-42d1-8ece-82286aa28e4d,chirp3_1,True,3.88,0.0,0.0,0.00262451171875,0.01934814453125
01c06c9f-e51f-4a0e-84c9-d95a6c650245,chirp3_2,True,1.84,0.0,0.0,9.1552734375e-05,0.000244140625
01c0d7ae-a835-41f7-8ea3-dd8bf57fea21,chirp3_2,True,3.6,0.0,0.0,0.0001220703125,0.000579833984375
01c16bdf-f1bd-441f-969b-4be5d4ae553c,chirp3_1,True,5.32,0.0,0.0,0.0010986328125,0.003509521484375
01c1f8f6-b1b1-4254-be75-7b1fbf6c0a97,chirp3_2,True,13.96,0.0,0.0,0.007080078125,0.00628662109375
01c20ced-afbf-4415-8c6a-8cb01494bd7e,chirp3_1,True,14.12,0.0,0.0,0.006195068359375,0.00469970703125
01c261a5-0bff-404d-a581-e26eda1433a5,chirp3_2,True,7.4,0.0,0.0,0.00018310546875,0.00140380859375
01c27113-9898-4212-a097-ac862ba00502,chirp3_1,True,3.36,0.0,0.0,0.025909423828125,0.0042724609375
01c2827b-9b4f-4a6d-b2cd-b73788195117,chirp3_1,True,7.48,0.0,0.0,0.000274658203125,0.001739501953125
01c2f7bb-c32a-4718-959a-f68cdfbccfdf,chirp3_1,True,10.24,0.0,0.0,0.00396728515625,0.017974853515625
01c34934-de4b-4861-86e2-ea18801ddb92,chirp3_1,True,4.28,0.0,0.0,0.003631591796875,0.0018310546875
01c35f9d-0d97-495d-8e14-c496fe75a689,chirp3_1,True,12.04,0.0,0.0625,0.0025634765625,0.0
01c372d8-6dd7-4fd0-bd55-07c7782f2480,mundo_1,False,5.7,0.0,0.0,0.001007080078125,0.00115966796875
01c3a5b3-9640-4eec-8157-6d5b0d9bdf28,chirp3_1,True,8.04,0.0,0.0,0.00030517578125,0.00225830078125
01c3db5f-9462-492d-95a0-d9f292e37174,chirp3_1,True,13.36,0.0,0.0,0.0001220703125,0.000152587890625
01c407ca-d2a9-433e-a776-c269a240c71e,chirp3_2,True,5.48,0.0,0.0,0.025634765625,0.028411865234375
01c42eef-cd54-46be-84cf-946549e2a8f6,chirp3_2,True,16.6,0.0,0.0,0.04351806640625,0.0062255859375
01c45dd5-5e3f-48ca-8a1a-e528bd0d0e64,chirp3_2,True,4.32,0.0,0.0,6.103515625e-05,0.003570556640625
01c4abb0-1531-4987-993b-2183310205a6,chirp3_1,True,5.84,0.0,0.0,0.0172119140625,0.029876708984375
01c58fbb-c85f-4ce9-a14f-c5cb0ce6fa47,chirp3_1,True,8.12,0.0,0.0,0.001800537109375,0.000579833984375
01c59928-506d-4555-886a-19ff78058765,chirp3_1,True,6.48,0.0,0.0,0.005157470703125,0.068572998046875
01c5c686-7504-443e-9864-bd580ede9ebf,chirp3_1,True,7.72,0.0,0.0,0.025299072265625,0.022308349609375
01c61b49-1e35-424c-9601-4ac1699b39e6,chirp3_2,True,4.88,0.0,0.0,0.005645751953125,0.00897216796875
01c639ff-8198-4585-9543-e8a6d574ef25,chirp3_2,True,4.24,0.0,0.0,3.0517578125e-05,0.000213623046875
01c68c35-03aa-49d5-8d69-abcf4fbf3386,chirp3_1,True,6.44,0.0,0.0625,0.077880859375,0.0
01c6a3f3-955f-4ffb-ac76-1c32fa439ad5,chirp3_1,True,6.68,0.0,0.0,0.003814697265625,0.00091552734375
01c6f1df-0099-42d4-9b84-6233f813feb1,chirp3_2,True,5.16,0.0,0.0,0.01080322265625,0.00042724609375
01c7116b-33fc-41fc-9c3d-4eec9d43479b,human_5,False,7.1615625,0.0,0.0,0.01861572265625,0.016448974609375
01c72822-64aa-4a25-a037-5d584a8d8ce2,chirp3_1,True,5.48,0.0,0.0,0.000823974609375,0.000518798828125
01c72844-0593-4a4f-8e75-fe1ba5c42eb3,chirp3_1,True,9.52,0.0,0.0,0.00054931640625,3.0517578125e-05
01c72880-e555-4554-b116-92c544261fb5,chirp3_1,True,9.52,0.0,0.0,0.003509521484375,0.00665283203125
01c75a39-a567-4601-a366-3657537fd901,chirp3_1,True,9.84,0.0,0.0,0.005096435546875,0.0418701171875
01c764e2-5ef9-4866-b090-8e31b10a21d7,chirp3_1,True,7.96,0.0,0.0,0.004180908203125,0.004119873046875
01c78a6b-ad26-4915-a782-813e69d9b562,liva_1,False,9.621125,0.0,0.0,0.017669677734375,0.015777587890625
01c7c2f3-1a78-4702-a5fd-36be6811f8f1,chirp3_1,True,4.36,0.0,0.0,0.0281982421875,0.027130126953125
01c7c7d9-4e33-44c4-83df-4a2e51d8f354,liva_1,False,8.4159375,0.0,0.0,0.004852294921875,0.011749267578125
01c7debd-3dbf-4192-aec6-9f4a7b967dbe,chirp3_1,True,6.64,0.0,0.0,0.006072998046875,0.00982666015625
01c7f77c-fa60-4f5a-8f3f-965bf4e7214d,chirp3_1,True,5.76,0.0,0.0,0.088623046875,0.059051513671875
01c83793-35dc-4026-98a7-37e625d9b1d7,chirp3_3_short,True,0.76,0.0,0.0,0.003082275390625,0.004547119140625
01c86088-6848-43b1-8baf-e02d062c1f7c,chirp3_1,True,12.72,0.0,0.0,0.011444091796875,0.01708984375
01c89331-5edc-4521-881b-f656c4c504e9,liva_1,False,12.1334375,0.0,0.0,0.003021240234375,0.00396728515625
01c8f471-3cf5-427a-9f39-4b51980e67db,chirp3_2,True,14.0,0.0,0.0,0.00653076171875,0.001800537109375
01c93ccc-7558-4813-8d10-cad32711ea31,chirp3_1,True,9.48,0.0,0.0,0.00079345703125,9.1552734375e-05
01c93f5a-7a82-4e89-8217-134bde03692e,chirp3_1,True,15.56,0.0,0.0,0.027313232421875,0.007904052734375
01c97dde-25d1-4c92-a6b2-e28d93d88232,chirp3_1,True,11.44,0.0,0.0,0.01373291015625,0.0343017578125
01c9a856-29ae-4772-b281-c6b6140818fc,chirp3_1,True,8.08,0.0,0.0,0.02392578125,0.00946044921875
01ca29d5-ab64-4ce5-b718-acbf7d232ade,mundo_1,False,3.14,0.0,0.0,0.002532958984375,0.00079345703125
01ca4bba-0956-475e-8f29-e20c297699ef,chirp3_1,True,9.08,0.0,0.0,0.001617431640625,0.006011962890625
01ca5c5b-6667-41a9-bea6-e052bfd2aa1c,chirp3_1,True,4.96,0.0,0.0,0.001922607421875,0.0006103515625
01ca7b1e-e0b4-40ce-8883-faeb6b2d56cf,human_5,False,6.25125,0.0,0.0,0.00067138671875,0.0205078125
01cab908-00a9-45a3-ba73-5261507e409a,chirp3_2,True,7.32,0.0,0.0,0.01104736328125,0.00543212890625
01cc74cf-4225-4c1f-b042-94d097b923c4,chirp3_2,True,10.72,0.0,0.0,0.00146484375,0.00213623046875
01cca531-aa0f-4273-8ebb-2845f6fb312e,chirp3_1,True,7.48,0.0,0.0,0.004150390625,0.00408935546875
01ccdda8-7f47-413f-b4cc-854c689024af,chirp3_1,True,7.0,0.0,0.0,0.016632080078125,0.043365478515625
01cce49f-eac7-4067-8c97-ca137f3bf1eb,chirp3_2,True,10.48,0.0,0.0,0.000213623046875,0.002838134765625
01cd101d-0866-448f-9eb3-66540fe85029,chirp3_1,True,8.4,0.0,0.0,0.00042724609375,0.00286865234375
01cd2e41-f4b1-4c2e-b02b-05d6304ac99f,chirp3_1,True,5.56,0.0,0.0,0.03369140625,0.013275146484375
01cd3220-133c-441b-b77f-4d5de75cbd1f,midcentury_1,False,4.049,0.0,0.0,0.040618896484375,0.038482666015625
01cd4402-8697-474b-9640-06d60b2fdbdc,chirp3_2,True,4.12,0.0,0.0,0.01361083984375,0.050567626953125
01cefa95-21cd-43e9-b25d-df8baed5862d,liva_1,False,15.2898125,0.0,0.0,0.003021240234375,0.0062255859375
01cf062a-99fd-4796-a200-a4c87a64b054,chirp3_2,True,8.36,0.0,0.0,0.003021240234375,0.006927490234375
01cf43a2-dcc0-492d-a1aa-711bf99a1f72,chirp3_2,True,3.04,0.0,0.0,0.002105712890625,0.004425048828125
01d01d04-c2cd-4759-b133-4264ea67dbb2,chirp3_1,True,5.2,0.0,0.0,0.020477294921875,0.023406982421875
01d04068-5678-4c59-99de-87058de6d9f0,chirp3_1,True,4.84,0.0,0.0,0.000701904296875,0.0032958984375
01d0cf3d-bb23-4642-8d58-d3820e1dfadc,chirp3_1,True,14.52,0.0,0.0,0.00390625,0.00091552734375
01d0d9d1-f124-4fba-94e2-e64e3e256139,chirp3_2,True,6.6,0.0,0.0,0.00299072265625,0.003448486328125
01d100fd-46b8-4f38-9356-ce91c9386563,chirp3_2,True,7.28,0.0,0.0,0.00390625,0.001190185546875
01d102e0-1450-46d8-95e9-c935c38c6e91,chirp3_2,True,16.52,0.0,0.0,0.000396728515625,0.000274658203125
01d1192b-1b52-43a1-b1fd-b521e3e68065,chirp3_2,True,10.52,0.0,0.0,0.004669189453125,0.0035400390625
01d180c5-7844-4534-a2b9-4e6dc8bb8a2c,chirp3_1,True,9.4,0.0,0.0,0.00054931640625,0.002471923828125
01d19d72-7ddb-4b76-8016-271ff8fe1d05,chirp3_1,True,7.16,0.0,0.0,0.00244140625,0.000244140625
01d1fa25-0723-4495-a1f9-2dc5f86e1924,liva_1,False,11.73925,0.0,0.0,0.058807373046875,0.02288818359375
01d216a9-e6b2-477b-88c2-1ff9152230d1,chirp3_2,True,7.88,0.0,0.0,0.00201416015625,0.000823974609375
01d22b1d-48da-4d3d-ac58-5b3a35ec49a7,chirp3_2,True,6.44,0.0,0.0,0.000152587890625,0.000518798828125
01d2a732-06a8-4ba0-9799-f43ff56e44ac,chirp3_2,True,3.76,0.0,0.0,0.002593994140625,0.00390625
01d2b31a-eb13-41df-9dce-488fcb44790e,chirp3_1,True,8.28,0.0,0.0,6.103515625e-05,0.001068115234375
01d3df89-98b0-44c3-8f77-c8e7a3361d9a,chirp3_1,True,7.48,0.0,0.0,0.001373291015625,0.0013427734375
01d3eabb-d318-461d-a5f2-ed85ba17dc89,midcentury_1,False,4.9775,0.0,0.0,0.002349853515625,0.01385498046875
01d42ae1-21ca-4225-b253-014396a85fcf,chirp3_2,True,7.84,0.0,0.0,0.007904052734375,0.000640869140625
01d42ce6-e406-4af8-972a-42fef07cf17a,chirp3_1,True,13.92,0.0,0.0,0.00115966796875,0.017364501953125
01d442c2-aa86-4975-967a-72ef9935c7eb,chirp3_1,True,5.68,0.0,0.0,0.00177001953125,0.011016845703125
01d45959-64a7-462a-81be-b24646c995f7,rime_2,True,5.770125,0.0,0.0,0.00872802734375,0.004547119140625
01d4dee7-2731-4f55-ad72-243b4b021582,chirp3_1,True,3.56,0.0,0.0,0.00262451171875,0.002227783203125
01d52114-4048-4954-9399-01ecf73347bf,chirp3_1,True,7.84,0.0,0.0,0.0001220703125,3.0517578125e-05
01d54150-8a56-44d8-b014-c6d066c59206,liva_1,False,11.9288125,0.0,0.0,0.014434814453125,0.001312255859375
01d5684f-2d8a-45dc-9c50-6fb156fef0a7,chirp3_1,True,5.12,0.0,0.0,0.0091552734375,0.0352783203125
01d5728a-c80a-4772-a04a-94b91ec6f830,chirp3_1,True,11.08,0.0,0.0,0.01678466796875,0.021728515625
01d57b1d-7017-43be-85f4-4a2c99ccf1c3,chirp3_1,True,2.52,0.0,0.0,0.013397216796875,0.00909423828125
01d5c52a-e89b-485e-a2a9-a73b79c4eafc,chirp3_2,True,8.28,0.0,0.0,0.006378173828125,0.001007080078125
01d5f0d8-1a6b-4e8d-8a9a-66b65a935471,chirp3_1,True,8.32,0.0,0.0,3.0517578125e-05,0.002105712890625
01d64076-1686-46e5-aca7-acade4ec67c3,chirp3_1,True,4.84,0.0,0.0,0.001678466796875,0.0006103515625
01d6ab15-7d76-4ff1-9420-fa39da287785,chirp3_1,True,6.2,0.0,0.0,0.007965087890625,0.00262451171875
01d6ace8-d511-4d0f-af1b-b8f0976f4d4e,chirp3_2,True,4.32,0.0,0.0,0.001373291015625,0.0057373046875
01d6e187-ed14-4ca4-8e83-323da83c6f63,chirp3_1,True,5.2,0.0,0.0,0.005584716796875,0.006011962890625
01d7d7dc-9ca3-4d9a-a789-38939878941f,chirp3_2,True,7.76,0.0,0.0,0.000244140625,0.008087158203125
01d7e66f-25ba-441b-9fe7-004a9660348c,chirp3_2,True,6.84,0.0,0.0,0.00689697265625,0.017791748046875
01d7e852-ab90-4600-a23e-b64a0c730d43,chirp3_1,True,4.0,0.0,0.0,0.00726318359375,0.00408935546875
01d7fd5f-b50a-4b2d-8b8c-e2ce4fe6fee0,chirp3_1,True,9.16,0.0,0.0,0.001220703125,0.00042724609375
01d8bf84-0d05-49b7-bd70-6d5daec3a2f1,chirp3_1,True,7.92,0.0,0.0,0.0003662109375,0.0030517578125
01d8cb40-f645-42bc-a839-154906bfde39,chirp3_2,True,4.68,0.0,0.0,0.001739501953125,0.0001220703125
01d8db3d-ebb1-431c-9c88-c13dcaa4d474,chirp3_1,True,10.48,0.0,0.0,0.037445068359375,0.0032958984375
01d91701-da50-432a-bfd9-dbc8fa349329,chirp3_1,True,8.68,0.0,0.0,0.009979248046875,0.006622314453125
01d94642-85e3-4ed3-aeed-b36f81d1149c,liva_1,False,11.8013125,0.0,0.0,0.00341796875,0.002410888671875
01d990b8-a631-43cc-8081-8eda6ce8fb50,chirp3_1,True,8.24,0.0,0.0,0.010528564453125,0.003173828125
01d9a49b-3fa0-4d8e-a426-0d37abcd84fd,chirp3_1,True,6.44,0.0,0.0,0.024261474609375,0.0025634765625
01d9b0ce-3155-49de-9448-642616de4aeb,chirp3_2,True,4.4,0.0,0.0,0.00311279296875,0.00274658203125
01da0d08-93a8-4eef-99b1-2b8643e78632,chirp3_2,True,6.48,0.0,0.0,0.000274658203125,0.000213623046875
01da8ddc-1608-4c17-a0e9-619b9bde86dc,chirp3_1,True,11.0,0.0,0.0,0.003692626953125,0.013702392578125
01dacb94-2b80-4dcb-97f3-a9a7a7307fde,chirp3_1,True,5.8,0.0,0.0,0.04168701171875,0.028289794921875
01dad322-e96b-458e-975f-e43209f2dcea,chirp3_1,True,4.64,0.0,0.0,0.006561279296875,0.007843017578125
01dadf89-aab4-4762-a24d-2d4b64a8980b,chirp3_1,True,7.32,0.0,0.0,0.0037841796875,0.01031494140625
01dae41f-4386-40b8-8d44-5e44a37da2be,chirp3_1,True,4.12,0.0,0.0,0.00848388671875,0.029876708984375
01db2a14-dc65-4c78-90aa-d1eef96de999,orpheus_midfiller_1,True,7.253375,0.0,0.0,0.001068115234375,0.020751953125
01dc0dc7-6c3c-4d20-895b-53ad25753e42,chirp3_2,True,4.96,0.0,0.0,0.0040283203125,0.003936767578125
01dc2c18-c620-4dcf-954c-233557ac70df,chirp3_2,True,8.52,0.0,0.0,0.02008056640625,0.016204833984375
01dc84a3-3146-40d2-91e9-3638f3b9b68e,liva_1,False,13.150875,0.0,0.0,0.0010986328125,0.00140380859375
01dcc0eb-e775-430a-875c-bcda8b745dcf,chirp3_1,True,5.64,0.0,0.0,0.001220703125,0.004425048828125
01dcc8c9-86aa-4921-b443-c37875dbaf2e,chirp3_1,True,7.36,0.0,0.0,0.0262451171875,0.017852783203125
01dd0bc9-dc45-4c17-9b5c-ab8e7b666a93,chirp3_1,True,3.92,0.0,0.0,0.002777099609375,0.02252197265625
01dd3a01-a8ba-48c7-8c8c-22d8b05ac90b,liva_1,False,16.0,0.0,0.0,0.005950927734375,0.001953125
01dda595-6c2b-40b5-9b1f-6368915e351e,liva_1,False,13.2538125,0.0,0.0,0.0037841796875,0.001953125
01ddc6b9-6555-4856-b7cb-cb1c197ed3b7,chirp3_1,True,11.32,0.0,0.0,0.00653076171875,6.103515625e-05
01dddcb2-1714-4ccc-af5e-acadf5a58cc0,liva_1,False,16.0,0.0,0.0,0.018524169921875,0.02093505859375
01dde0d9-267a-4d20-8bac-532b0d209fc7,liva_1,False,10.9443125,0.0,0.0,0.009857177734375,0.00653076171875
01de3d1b-5f16-43dd-8585-51b5999fa300,chirp3_2,True,6.16,0.0,0.0,0.026153564453125,0.004119873046875
01de4e07-83a9-4bd8-8b6b-26436a27a4dc,chirp3_2,True,8.68,0.0,0.0,0.0030517578125,0.036895751953125
01de9f96-2f1c-4218-bb5c-270e5180ff03,chirp3_1,True,5.96,0.0,0.0,0.046966552734375,0.017730712890625
01dee5cf-0218-4efc-899c-67a913869a82,mundo_1,False,2.756,0.0,0.0,0.00543212890625,0.010040283203125
01df1e2d-dc9f-4a7b-81f7-8146be546cf8,chirp3_2,True,8.8,0.0,0.0,0.004730224609375,0.00048828125
01df2acf-b64a-4e83-8305-46f1bcb113ea,midcentury_1,False,4.429,0.0,0.0,0.128570556640625,0.00830078125
01df6793-d518-40e5-9524-567fc8885e46,chirp3_2,True,6.88,0.0,0.0,0.0313720703125,0.076507568359375
01df7ced-33c1-42cc-a6c9-fb5453cf62b8,chirp3_1,True,5.76,0.0,0.0,0.014007568359375,0.005035400390625
01dfa9d1-349c-4120-bb4c-71531ac8f67c,liva_1,False,12.9814375,0.0,0.0,0.028167724609375,0.005859375
01dfb6a9-8766-4552-bd75-7fbdf31576ee,liva_1,False,10.1948125,0.0,0.0,0.007720947265625,0.094818115234375
01dfc87a-72b1-43c4-b603-ba48bcc59cfb,midcentury_1,False,3.8076875,0.0,0.0,0.000244140625,0.000335693359375
01dfedaf-469c-4beb-b4e0-3e51aed96ecc,chirp3_3_short,True,1.24,0.0,0.0,0.006195068359375,0.007598876953125
01e0673b-4f46-49d1-b1ad-5e3aa0b73d93,chirp3_2,True,8.8,0.0,0.0,3.0517578125e-05,0.0008544921875
01e0b909-495b-4f77-87a2-f9c90700597c,chirp3_2,True,3.8,0.0,0.0,0.086883544921875,0.0003662109375
01e0eb97-92b8-45dc-a1a8-1a19bac92c14,chirp3_1,True,2.28,0.0,0.0,0.000762939453125,0.00225830078125
01e1096d-8cea-45fc-afa8-e9a8d2d63f31,chirp3_1,True,4.0,0.0,0.0,0.000152587890625,0.001007080078125
01e1373f-8b5e-4743-8b14-64702ed0f5ed,liva_1,False,11.798125,0.0,0.0,0.001678466796875,0.00439453125
01e14795-9dcd-47c9-8daa-72b799a9c333,chirp3_1,True,7.48,0.0,0.0,0.005523681640625,0.006317138671875
01e19056-503e-48b2-afc4-48d533c5d4fe,chirp3_2,True,10.44,0.0,0.0,0.002166748046875,0.0068359375
01e20bec-0991-4a1b-a3af-9c4ac40d39ac,chirp3_2,True,12.12,0.0,0.0,0.014617919921875,0.01318359375
01e216d0-193d-40c3-9085-3c51377a1ec6,chirp3_1,True,9.2,0.0,0.0,0.019256591796875,0.00775146484375
01e23e05-453f-4143-9976-bc45ab3d99fd,chirp3_1,True,5.88,0.0,0.0,0.00164794921875,0.00189208984375
01e2582d-cb5f-4642-a066-9af2d5fb9575,chirp3_1,True,6.88,0.0,0.0,0.0006103515625,0.00396728515625
01e259f4-0324-4308-b47a-ffb644887d7b,chirp3_1,True,4.92,0.0,0.0,0.00103759765625,0.001312255859375
01e26549-855d-4b28-b6a8-c71634f9a949,chirp3_1,True,7.4,0.0,0.0,0.008026123046875,0.017913818359375
01e26a27-6847-45e5-9b40-7b7a12807b5b,midcentury_1,False,3.0713125,0.0,0.0,0.0003662109375,0.000152587890625
01e292fa-00e7-4766-8431-3ac034d5c507,midcentury_1,False,4.191,0.0,0.0,0.025177001953125,0.050567626953125
01e29951-beb6-4a2f-94bb-0663cf235c2d,chirp3_1,True,6.04,0.0,0.0,0.022186279296875,0.00323486328125
01e3974c-5d1e-4732-bf4b-9f920ccca619,rime_2,True,7.4768125,0.0,0.0,0.003204345703125,0.00616455078125
01e3d322-f927-45ee-83fa-2544a68fb1f4,chirp3_1,True,4.16,0.0,0.0,0.0032958984375,0.002288818359375
01e3e945-af64-4769-9430-fe239704710e,liva_1,False,9.69225,0.0,0.0,0.029815673828125,0.001495361328125
01e3e94c-5c55-4a9a-9a50-b3844c6a6cda,human_5,False,2.983125,0.0,0.0,0.0189208984375,0.005584716796875
01e43cea-8420-4114-90bd-4c1a78ba4e29,chirp3_1,True,2.72,0.0,0.0,0.0128173828125,0.0137939453125
01e44cc3-a9e1-402e-a95e-93af5c600023,chirp3_2,True,12.52,0.0,0.0,0.001678466796875,0.004364013671875
01e463a7-9480-4d6a-8952-ec935c784b2d,chirp3_2,True,9.16,0.0,0.0,6.103515625e-05,0.0010986328125
01e48e6f-fb76-4600-8988-eb1546f7147c,chirp3_2,True,10.32,0.0,0.0,0.00799560546875,0.00225830078125
01e4b2bf-8b5e-471b-8148-f9c9df085726,chirp3_1,True,9.16,0.0,0.0,0.0013427734375,0.00537109375
01e4ecc9-99d3-4ae7-9c1f-0018f057dbe4,chirp3_1,True,3.4,0.75,0.0,0.0,0.000213623046875
01e4eef1-e80b-409c-99f9-0a858731a108,chirp3_2,True,4.04,0.0,0.0,0.016204833984375,0.0169677734375
01e4fd22-fda7-43dc-a3ed-b70679be2a79,chirp3_2,True,3.0,0.0,0.0,6.103515625e-05,0.0001220703125
01e50f3a-5f4d-4e5a-8714-21ef5d8d7e5c,chirp3_2,True,6.88,0.0,0.0,0.010467529296875,0.0106201171875
01e52080-ed6c-43c7-b9bb-0bae8a0440c3,chirp3_2,True,7.64,0.0,0.0,0.0382080078125,0.014373779296875
01e52bd4-689d-4310-b2af-72e2b19b8001,chirp3_2,True,8.32,0.0,0.0,0.02716064453125,0.017181396484375
01e54053-4d7b-4966-9355-00ab1b4e69e0,liva_1,False,16.0,0.0,0.0,0.00079345703125,0.00958251953125
01e54749-cce5-4a25-9429-95ef0a2211c7,liva_1,False,10.3911875,0.0,0.0,0.050048828125,0.0078125
01e55680-af29-4eb9-98fb-c4308156e743,chirp3_1,True,4.6,0.0,0.0,0.005889892578125,0.0029296875
01e5aaf3-fddf-40b7-aafb-683b98f0ae1f,midcentury_1,False,3.541,0.0,0.0,0.175140380859375,0.03021240234375
01e5ae11-8658-427b-b927-8920a4478957,chirp3_1,True,6.56,0.0,0.0,0.000640869140625,0.00018310546875
01e5ae82-62dd-4838-a188-ceada14a75ed,chirp3_1,True,8.32,0.0,0.0,0.022125244140625,0.027313232421875
01e5cef9-bec0-4332-bcce-7ba1ccde76fa,chirp3_1,True,8.28,0.0,0.0,0.031768798828125,0.001617431640625
01e633ed-399d-4248-a84e-b5b277fe20da,liva_1,False,11.0004375,0.0,0.0,0.001251220703125,0.00018310546875
01e69c03-19bc-4daf-959b-e31f6db7b107,chirp3_1,True,14.32,0.0,0.0,0.001678466796875,0.00439453125
01e6ee56-165c-4abc-80c8-52dc0b92dacc,chirp3_2,True,7.84,0.0,0.0,0.00311279296875,0.00860595703125
01e74f32-2ee1-4304-aa1f-2fd5e2ee6ce3,chirp3_1,True,9.0,0.0,0.0,0.00482177734375,6.103515625e-05
01e8001f-46bd-45c7-af3c-d514538b8cc0,liva_1,False,8.339625,0.0,0.0,0.003265380859375,0.001861572265625
01e815b3-102e-4787-9c60-e59ce9dad1ec,chirp3_1,True,7.0,0.0,0.0,9.1552734375e-05,0.001617431640625
01e821a2-7b99-480c-ae82-0c4ee92c2bc4,chirp3_1,True,10.36,0.0,0.0,0.0013427734375,6.103515625e-05
01e8620e-4262-4fac-bf8c-d2c8ff8b1760,chirp3_2,True,7.96,0.0,0.0,0.005523681640625,0.01104736328125
01e886e5-5df3-4493-bbf9-d2c32577b011,liva_1,False,12.0680625,0.0,0.0,0.022705078125,0.014923095703125
01e906d9-00e7-4329-89ff-343e2fa29868,liva_1,False,4.6676875,0.0,0.0,0.00311279296875,0.0072021484375
01e9242d-7b23-4d92-9995-3f8a8b83ca5e,chirp3_1,True,13.72,0.0,0.0,0.00091552734375,0.00189208984375
01e95337-e0c1-46b9-be3c-ac5e84b47cc4,chirp3_1,True,5.48,0.0,0.0,0.0023193359375,0.001617431640625
01e973c3-f389-4600-afb4-ad3f9b292135,chirp3_1,True,7.56,0.0,0.0,0.017608642578125,0.069091796875
01e9b19e-df45-434f-87ce-02cf5217d785,human_5,False,3.71,0.0,0.0,0.010040283203125,0.03363037109375
01e9e8b6-511a-4aa1-98f7-4f15642d736e,chirp3_1,True,4.52,0.0,0.0,0.00213623046875,0.003692626953125
01ea1033-6708-40ff-8b8c-7510390200ef,chirp3_1,True,9.64,0.0,0.0,0.004974365234375,0.00372314453125
01ea574b-2e7f-4e5e-b08c-39e4383979e9,chirp3_1,True,14.8,0.0,0.0,0.017181396484375,0.02825927734375
01ea8026-577c-46de-8603-b3190a5ca1ea,chirp3_1,True,9.24,0.0,0.0,0.00177001953125,0.02716064453125
01ea8946-ba2e-49a9-ac48-2e2142fa51a4,chirp3_1,True,10.16,0.0,0.0,0.000640869140625,0.001953125
01eaff85-c634-4099-839d-6a7f5cac5902,chirp3_1,True,5.16,0.0,0.0,0.002288818359375,0.002349853515625
01eb34fa-4573-43ad-8e1c-2a6d043e5992,chirp3_2,True,6.0,0.0,0.0,0.001434326171875,0.003936767578125
01ebd76f-e492-4b07-a6b3-3bbab905926a,chirp3_2,True,7.08,0.0,0.0,0.01019287109375,0.002685546875
01ec14ff-42c0-4bfe-966a-72cc2c066bc6,midcentury_1,False,3.369,0.0,0.0,0.049560546875,0.00201416015625
01ecdd2c-cb59-47d1-8861-773d68d3698b,chirp3_2,True,7.56,0.0,0.0,0.047882080078125,0.0030517578125
01ed0cbc-3d4e-48df-aae7-04a492e21d85,liva_1,False,10.3986875,0.0,0.0,0.023773193359375,0.000640869140625
01ed636c-d281-467a-9f11-481c9ca31038,liva_1,False,11.445625,0.0,0.0,0.005767822265625,0.001556396484375
01edc691-4065-416f-b131-93860a074b6b,chirp3_2,True,8.56,0.0,0.0,0.001068115234375,0.0003662109375
01edc79a-5532-489a-a344-54f501c2b918,chirp3_1,True,6.6,0.0,0.0,0.0009765625,0.0045166015625
01ede51a-ffbf-47df-9e35-9c91a61736c0,chirp3_1,True,6.64,0.0,0.0,0.001983642578125,0.01031494140625
01ee25b0-a97c-4b1b-8391-42d3ffe3391c,chirp3_1,True,6.64,0.0,0.0,0.00286865234375,0.0020751953125
01ee7b0c-516f-4fd5-8e76-111901befad5,chirp3_1,True,6.52,0.0,0.0,0.01727294921875,0.001373291015625
01ee9c79-60d6-47f1-ba36-e91b0e1728d9,chirp3_1,True,8.08,0.0,0.0,0.0013427734375,0.00946044921875
01eebf0f-b138-460f-8469-d5fca274093a,chirp3_2,True,5.48,0.0,0.0,0.001251220703125,0.0040283203125
01eed244-5548-4567-8362-488f2e665368,chirp3_1,True,4.2,0.0,0.0,0.0228271484375,0.003204345703125
01ef4547-72cb-414e-900f-49219270afb2,chirp3_1,True,4.2,0.0,0.0,0.072174072265625,0.002960205078125
01efb1c3-537c-4133-a7df-a0765e8a1b3e,chirp3_1,True,5.52,0.0,0.0,0.04132080078125,0.00146484375
01efb4a3-6311-4c08-9370-a5944053fe52,chirp3_2,True,10.96,0.0,0.0,0.012237548828125,0.000213623046875
01efbcb6-e699-49c3-bfa6-d6ee1e8e0877,chirp3_2,True,6.36,0.0,0.0,0.00274658203125,0.017364501953125
01efbf91-dfc0-4f17-9423-d115ad849ded,chirp3_1,True,4.44,0.0,0.0,0.000701904296875,0.002716064453125
01eff97d-ef3b-493e-99e9-ac76a6777989,chirp3_1,True,7.76,0.0,0.0,0.001007080078125,0.0125732421875
01f03907-ac3d-4bc9-bf5d-c52ba4bcdf2d,chirp3_1,True,6.96,0.0,0.0,0.026458740234375,0.075042724609375
01f070d1-c80c-440e-a798-801585c8c862,chirp3_2,True,5.24,0.0,0.0,0.00048828125,0.001556396484375
01f0718f-ea66-4cb6-9612-7499f54a5bb1,chirp3_1,True,10.6,0.0,0.0,0.000579833984375,0.004150390625
01f07f40-abc9-4fc7-8d11-5623767929e8,chirp3_1,True,5.56,0.0,0.0,0.0020751953125,0.008544921875
01f092c3-d72b-4b97-87a9-e5c980460804,chirp3_2,True,7.08,0.0,0.0,0.00091552734375,0.001251220703125
01f0c496-ae42-47c7-b4c1-7ceb88f795f1,chirp3_2,True,6.4,0.0,0.0,0.009521484375,0.017303466796875
01f0c959-6881-470f-9955-0ba5f9a35c95,chirp3_1,True,7.0,0.0,0.0,0.0032958984375,0.013824462890625
01f0f499-c7ab-4d8b-a60a-7457a94c4bc5,chirp3_1,True,9.68,0.0,0.0,0.001556396484375,0.0067138671875
01f12a00-4add-47ae-9835-f67c6092e85d,chirp3_2,True,7.64,0.0,0.0,0.00482177734375,0.0135498046875
01f138b5-651c-4066-90f6-1b3d89e6b539,chirp3_2,True,4.76,0.0,0.0,0.000885009765625,0.004608154296875
01f1c68f-fb7f-4ead-826c-f7913d6d0494,chirp3_2,True,11.0,0.0,0.0,0.00860595703125,0.006011962890625
01f1e4d8-6344-410c-8c30-f71269361335,chirp3_1,True,3.48,0.0,0.0,0.0009765625,0.011749267578125
01f2615c-2b26-483e-99ae-f66fcb8f6458,rime_2,True,7.8135,0.0,0.0,0.020599365234375,0.024627685546875
01f2761d-e00a-4a2d-89ad-4d071761751d,chirp3_1,True,5.36,0.0,0.0,0.002471923828125,0.004364013671875
01f2a491-d33c-4493-8cf7-bc1bfcc3c42c,chirp3_2,True,4.32,0.0,0.0,0.030548095703125,0.01068115234375
01f30699-b4b7-41c0-9234-06545437e285,chirp3_1,True,6.96,0.0,0.0,0.004638671875,0.000274658203125
01f33ab3-87e1-4fa1-994a-f6612d015d12,chirp3_1,True,9.68,0.0,0.0,0.004638671875,0.00140380859375
01f4a64c-ba9b-4e7b-a85d-e5d4295e76c2,chirp3_1,True,7.16,0.0,0.0,9.1552734375e-05,0.00030517578125
01f4bf11-5cc2-44c2-b884-dfd6adf96d1a,chirp3_2,True,5.84,0.0,0.0,0.000701904296875,0.000335693359375
01f4cca9-241b-4d6e-b33f-bbda91864dac,chirp3_1,True,10.96,0.0,0.0,0.011199951171875,0.046875
01f60552-4df9-4e5d-ba2a-e7383855ff76,chirp3_1,True,4.76,0.0,0.0,0.00213623046875,0.0072021484375
01f60a34-21af-4024-9f24-445adf1da0f1,chirp3_1,True,11.84,0.0,0.0,0.003143310546875,0.002105712890625
01f64882-a7f8-4df1-a84f-fe5c3869dd39,midcentury_1,False,3.158,0.0,0.0,0.009674072265625,0.065673828125
01f6742c-5018-43a2-9760-47ab13ad4b51,chirp3_1,True,4.48,0.0,0.0,0.001678466796875,0.004608154296875
01f685a6-0df2-4055-aa84-e405e2c29102,chirp3_1,True,8.56,0.0,0.0,0.000762939453125,0.014007568359375
01f6869b-4908-4f7e-b2af-2712e80ffdd1,chirp3_1,True,14.72,0.0,0.0,0.000579833984375,0.001068115234375
01f6b104-ebd1-4ac4-87bf-436d2946de2d,chirp3_1,True,10.24,0.0,0.0,0.003997802734375,0.03277587890625
01f6ea22-cd7d-4bb5-ac41-9e53379b0502,chirp3_1,True,2.64,0.0,0.0,0.006195068359375,0.006866455078125
01f72652-1b4c-4e34-9f3c-06b5d32ebd40,chirp3_2,True,5.68,0.0,0.0,0.0006103515625,0.002227783203125
01f75ebd-0afa-4d1c-961c-64cf4032eac5,liva_1,False,3.73525,0.0,0.0,0.003387451171875,0.002532958984375
01f76109-97e5-4f87-9f7c-c45bc73ae4d7,chirp3_1,True,4.92,0.0,0.0,0.001373291015625,0.00079345703125
01f7cbab-e988-4ee7-bce5-c21c2c56fa93,chirp3_1,True,11.52,0.0,0.0,0.0023193359375,0.006134033203125
01f80845-3399-4013-bef7-c7fdc5afb2dc,chirp3_1,True,9.68,0.0,0.0,0.00494384765625,0.003204345703125
01f80989-c6df-4c73-a745-8a52cc128221,chirp3_2,True,8.72,0.0,0.0,0.014678955078125,0.016876220703125
01f81f22-6519-41a0-8669-82ec15bf97c3,chirp3_1,True,4.12,0.0,0.0,0.005889892578125,0.00042724609375
01f88da2-1132-46da-8cc7-41d86129fd32,chirp3_1,True,6.52,0.0,0.0,0.00506591796875,0.00250244140625
01f8c90c-07e4-4ad4-8d60-538b985bfdf9,human_convcollector_1,False,2.314,0.0,0.0,0.000579833984375,0.0006103515625
01f90109-d9ff-4883-8490-c68a16d99fe2,chirp3_1,True,6.32,0.0,0.0,0.001617431640625,0.0006103515625
01f91e52-9b05-4016-a1f7-9a3769b86902,chirp3_1,True,6.32,0.0,0.0,0.00079345703125,0.000213623046875
01f9246c-2799-46c0-9890-c4d790aadda3,mundo_1,False,3.513,0.0,0.0,0.02508544921875,0.0133056640625
01f95614-db60-4702-9ca5-d49422389660,chirp3_1,True,4.96,0.0,0.0,0.002197265625,0.0006103515625
01f99d9a-dbf2-4b70-b3a5-e4fd09a799e5,liva_1,False,12.743375,0.0,0.0,0.013427734375,0.00311279296875
01f9c212-a916-43f5-aadd-dd8bc63c42a5,chirp3_1,True,9.76,0.0,0.0,0.018646240234375,0.012054443359375
01f9e02e-f952-458f-91cb-412fa913065c,chirp3_1,True,4.12,0.0,0.0,0.012176513671875,0.032867431640625
01fa682e-bf0a-4fdb-b4be-d96cc4939b83,chirp3_1,True,10.8,0.0,0.0,0.01031494140625,0.005035400390625
01fae280-91f2-424e-abf8-f451a7977711,chirp3_2,True,3.56,0.0,0.0,0.000152587890625,0.001190185546875
01fb07ae-c00e-46d1-be91-1ddf8036bd1e,chirp3_1,True,13.0,0.0,0.0,3.0517578125e-05,0.00079345703125
01fb0ad1-ba7b-4074-a3d4-e4a6bc4cea65,chirp3_1,True,9.12,0.0,0.0,0.008758544921875,0.0008544921875
01fb85e5-8027-4f1a-9ca7-c98f543087d4,chirp3_1,True,9.88,0.0,0.0,0.006195068359375,0.011260986328125
01fc2a5a-9834-4b73-a8db-3d2b4fbc720b,chirp3_1,True,7.84,0.0,0.0,0.003448486328125,0.004974365234375
01fcadab-36e1-4e3f-92f5-529bd20704e9,chirp3_1,True,5.12,0.0,0.0,0.0008544921875,0.003082275390625
01fce860-676c-4f14-9aa7-2b3e4c8d015d,chirp3_2,True,5.36,0.0,0.0,0.00146484375,0.00115966796875
01fd111e-169f-4ead-a0cf-0815e43d138d,chirp3_2,True,9.36,0.0,0.0,0.007781982421875,0.002166748046875
01fd178f-2c46-4f06-962c-3e250d1b5252,chirp3_1,True,8.32,0.0,0.0,0.020904541015625,0.0545654296875
01fd609d-dac2-485e-b000-319da7c59ce9,chirp3_1,True,7.84,0.0,0.0,0.000579833984375,0.000335693359375
01fdec34-bfd0-49d3-af9e-1fc96d5a5ae4,chirp3_2,True,7.36,0.0,0.0,0.000640869140625,0.001190185546875
01fe0ab8-3fd2-415e-9cda-ad34f4299069,chirp3_1,True,6.4,0.0,0.0,0.0010986328125,0.000946044921875
01fe30f9-744c-46a5-ab2f-013def69c91e,human_5,False,2.368,0.0,0.0,0.0203857421875,0.05078125
01fe9748-32b8-4597-aec4-7ed66a318d24,chirp3_2,True,5.44,0.0,0.0,0.00372314453125,0.005340576171875
01fef2f0-dcef-484e-8ca6-019d7a460c4d,liva_1,False,10.93525,0.0,0.0,0.004486083984375,0.00396728515625
01ff1769-7f84-4a7c-a24e-fa9db50f962d,chirp3_3_short,True,1.6,0.0,0.0,0.012542724609375,0.008087158203125
01ff24d6-230a-4d1d-8ef1-0b4c69521465,chirp3_1,True,5.08,0.0,0.0,0.003936767578125,0.000152587890625
01ff3598-77ce-460b-af9b-1b1d613851b4,liva_1,False,9.2171875,0.0,0.0,0.00946044921875,0.00433349609375
0200902d-92e1-4eda-8fa8-02dd1e004c7a,chirp3_1,True,8.64,0.0,0.0,6.103515625e-05,0.0001220703125
0200bd87-63b1-4f99-a6dc-3e875c96d99e,chirp3_2,True,7.84,0.0,0.0,0.00152587890625,0.00146484375
0200f6f6-e3c4-415d-a300-1b9d3d239005,chirp3_1,True,4.84,0.0,0.0,0.00311279296875,0.00054931640625
020114e8-7685-439f-8c62-a1765effd8e9,chirp3_2,True,5.08,0.0,0.0,0.007415771484375,0.00970458984375
0201872c-3ad3-425d-ab66-61a0fb1c6edb,chirp3_1,True,10.52,0.0,0.0,0.000732421875,0.00543212890625
0201a997-4ac3-4e07-b285-d28eeb3e842f,chirp3_1,True,14.28,0.0,0.0,0.0006103515625,0.005615234375
0201f5ed-0838-4faf-b02d-017f802644ff,chirp3_1,True,10.32,0.0,0.0,0.002105712890625,0.001800537109375
020201dc-688a-4f18-940e-88d9a38429da,chirp3_1,True,6.8,0.0,0.0,0.025909423828125,0.007568359375
0202b276-c507-4e88-9452-1528446d36d9,chirp3_2,True,7.12,0.0,0.0,0.001556396484375,0.00701904296875
0203264d-cbd6-4662-ad9a-579c07897a09,chirp3_2,True,5.12,0.0,0.0,0.01214599609375,0.0030517578125
02034c3e-35b3-41bb-973a-d08e1b84554e,chirp3_2,True,8.32,0.0,0.0,0.052215576171875,0.01788330078125
0203d705-cf53-4f31-8f21-594a93435121,chirp3_2,True,7.6,0.0,0.0,0.000213623046875,9.1552734375e-05
0203ff5b-0b35-4e73-a005-bc0ebe8f4c7f,liva_1,False,10.573125,0.0,0.0,0.004119873046875,0.00567626953125
02041b6e-99c7-42f4-a16b-711f83591ed7,liva_1,False,16.0,0.0,0.0,0.014404296875,0.004119873046875
02042c3c-1865-4b55-817c-96cc1fc2f190,chirp3_1,True,6.28,0.0,0.0,0.002960205078125,0.00469970703125
02048434-4bf9-44a6-aacb-2deab0eec3d8,chirp3_1,True,11.32,0.0,0.0,0.000762939453125,0.00048828125
02052336-7b8a-4163-bb1e-220c3244a065,chirp3_2,True,3.04,0.0,0.0,0.007354736328125,0.022247314453125
0205a110-448b-49be-a4c6-407a297c9c3c,chirp3_1,True,13.6,0.0,0.0625,6.103515625e-05,0.0
02068728-2519-43ef-a36c-936f4aa5924c,chirp3_1,True,9.2,0.0,0.0,0.000732421875,0.00244140625
0206c991-73da-4540-b0df-12f30c450c53,chirp3_1,True,12.0,0.0,0.0,0.00384521484375,0.00360107421875
02070e16-42b8-4fba-af30-fc27bb9e9b1d,chirp3_2,True,11.68,0.0,0.0,0.000213623046875,0.000244140625
0207eb11-0d13-4083-afd1-c25d0604c6e5,chirp3_1,True,7.2,0.0,0.0,0.021087646484375,0.001251220703125
0208083d-911f-43dd-ad0a-0b0f6a31064d,chirp3_2,True,5.2,0.0,0.0,9.1552734375e-05,0.0030517578125
02083b2a-6e47-4513-8abb-60547f0602ab,chirp3_1,True,9.96,0.0,0.0,0.045074462890625,0.015472412109375
0208a37d-dd97-401f-b095-348c92b0fb5f,chirp3_1,True,7.88,0.0,0.0,0.015411376953125,0.016845703125
0208ad59-dcf6-4811-9f15-b088c8919ab5,chirp3_1,True,3.64,0.0,0.0,0.011505126953125,0.009307861328125
0209c6f6-edce-43bf-a6b3-d48650d795f7,chirp3_1,True,6.16,0.0,0.0,0.004119873046875,0.002899169921875
0209c72a-98c5-4ca7-ae85-1d0f0b8ed90f,chirp3_1,True,14.32,0.0,0.0,0.009002685546875,0.0015869140625
020a0088-23fd-4d3a-a8e3-a96b35af7873,chirp3_2,True,8.12,0.0,0.0,0.001617431640625,0.003692626953125
020aa607-b20d-4282-b23d-9d5aa2f423bd,chirp3_2,True,4.44,0.0,0.0,0.006134033203125,0.00311279296875
020aab06-ad42-493d-965f-d1e6644d9e0f,chirp3_1,True,5.92,0.0,0.0,0.0028076171875,0.001556396484375
020aba38-a9a9-4d74-af34-f40eafcb899f,chirp3_1,True,8.68,0.0,0.0,0.0797119140625,0.0008544921875
020af0bf-1186-4a3a-b250-e29ad9d49692,chirp3_1,True,4.08,0.0,0.0,0.00689697265625,0.000640869140625
020af393-a85b-4493-a1f4-e5cf68c29d3e,chirp3_2,True,4.6,0.0,0.0,0.00244140625,0.00274658203125
020b2041-9717-4595-8ea5-77e2cb944fc0,liva_1,False,12.1656875,0.0,0.0,0.000823974609375,0.0006103515625
020b2470-56e1-4bef-a953-5b4f9c16c774,chirp3_2,True,5.44,0.0,0.0,0.0069580078125,0.00347900390625
020b34b3-29b1-45a3-a82d-736c0f9a5244,chirp3_1,True,11.0,0.0,0.0,0.051361083984375,0.0361328125
020b3cb0-47f2-44b8-b42f-9bd82b2f9c62,chirp3_1,True,5.24,0.0,0.0,0.015106201171875,0.020843505859375
020b81aa-0a87-4fe4-91a7-e8f804c0420b,chirp3_1,True,8.6,0.0,0.0,0.005615234375,0.00299072265625
020b98ba-abd1-4bd7-b1d8-da061fa346d4,chirp3_1,True,7.0,0.0,0.0,0.00048828125,0.00018310546875
020b99d9-0a9e-48f0-b53f-931b0884e90c,chirp3_1,True,2.72,0.0,0.0,0.022705078125,0.00921630859375
020baac9-99c5-4c3a-84bc-6edcda8e224f,chirp3_1,True,6.16,0.0,0.0,0.014862060546875,0.01104736328125
020bb335-50e9-4aae-8c5f-b9992e135492,chirp3_2,True,7.32,0.0,0.0,0.0518798828125,0.02728271484375
020bc4e2-1b6c-42cf-89e0-c0b4744c5863,midcentury_1,False,3.729,0.0,0.0,0.028564453125,0.003021240234375
020beeaa-1fdf-44ab-8aec-75ed0da5cee1,chirp3_2,True,2.32,0.0,0.0,0.000457763671875,0.003997802734375
020bf5ce-50b4-427d-ac68-d1263a3e8877,chirp3_1,True,11.52,0.0,0.0,9.1552734375e-05,0.000946044921875
020c0a37-798d-4316-a3c1-07875c23a3a7,chirp3_1,True,5.2,0.0,0.0,0.017120361328125,0.003021240234375
020c392d-57fa-4bd2-85cb-5efa5b67cb30,chirp3_1,True,4.32,0.0,0.0,0.01007080078125,0.00030517578125
020c77bb-1903-4f61-8e3e-6365027287f1,chirp3_1,True,4.76,0.0,0.0,0.001983642578125,0.006256103515625
020ca605-63fa-4be2-ab25-a09de1386d96,chirp3_1,True,3.68,0.0,0.0,0.00103759765625,0.001953125
020cda8e-6647-4342-b8e1-f1f8ed03dae1,chirp3_1,True,4.16,0.0,0.0,0.011016845703125,0.001861572265625
020d64fa-de04-4b02-bb77-1e365c2973e6,chirp3_1,True,3.92,0.0,0.0,0.0003662109375,0.0001220703125
020d778b-2698-481d-b5ce-bd46efe2a52a,chirp3_1,True,5.12,0.0,0.0,0.00128173828125,6.103515625e-05
020de31b-2ec3-47c4-aff8-2104c2ca259a,chirp3_1,True,7.28,0.0,0.0,0.02447509765625,0.004425048828125
020e82c4-e30c-46f2-9c3c-0ada7756596e,chirp3_1,True,9.44,0.0,0.0,0.00738525390625,0.0146484375
020eaa4b-f693-40a4-8224-b449c2bf37bf,chirp3_2,True,11.0,0.0,0.0,0.000457763671875,0.01080322265625
020ebb2c-50be-4d8a-b4a2-f5418f5a41ca,chirp3_1,True,7.76,0.0,0.0625,0.000732421875,0.0
020edbf4-a13f-4497-956b-36228db0d65f,liva_1,False,16.0,0.0,0.0,0.004547119140625,0.000244140625
020f3789-8ce3-4bae-b060-ef4bc0bed035,liva_1,False,13.164625,0.0,0.0,0.006134033203125,0.005706787109375
020f4d33-e33e-4482-8867-3572e4ec44aa,chirp3_1,True,14.96,0.0,0.0,0.000244140625,0.0015869140625
020f83cb-fc6f-485f-aaa5-d79b98a99be5,chirp3_1,True,6.32,0.0,0.0,0.009979248046875,0.01763916015625
020fee41-0be6-493f-809d-ac1e59db9b34,chirp3_1,True,12.56,0.0,0.0,0.0068359375,0.016845703125
02104330-75de-407d-ad38-16941ba73bf7,chirp3_1,True,6.52,0.0,0.0,0.058929443359375,0.010406494140625
02107161-d0b8-40fd-8a91-5690a9317943,liva_1,False,12.5026875,0.0,0.0,0.0032958984375,0.001312255859375
0210970e-40f4-4dd8-81cb-a400201dc9f0,chirp3_1,True,6.12,0.0,0.0,0.001007080078125,0.000457763671875
0211240b-7134-4b2d-9653-c73d8205415c,liva_1,False,11.1681875,0.0,0.0,0.0040283203125,0.008056640625
021158cd-728c-4e76-a373-f7796433cf1f,chirp3_1,True,7.04,0.0,0.0,0.008392333984375,0.001129150390625
0211afdb-70d4-4f5a-bbc0-b3ce566c3be4,chirp3_2,True,7.36,0.0,0.0,0.00225830078125,0.000885009765625
0211d8f3-3f9a-4773-8e96-6964a5ea41b7,chirp3_1,True,4.96,0.0,0.0,0.012298583984375,0.00274658203125
02121c87-b5fd-4272-8588-5608c1b02bca,chirp3_2,True,7.48,0.0,0.0,0.00042724609375,0.002899169921875
021246eb-1686-48f6-99de-c588dcd27a58,chirp3_1,True,12.36,0.0,0.0,6.103515625e-05,0.000152587890625
02126796-6c82-4d27-9349-79cfc79c0d8f,midcentury_1,False,4.2414375,0.0,0.0,0.01202392578125,0.0009765625
0212b3e4-c6b4-4283-9a2f-d0e59fb299e7,chirp3_2,True,4.72,0.0,0.0,0.001495361328125,0.0020751953125
02131a81-03fd-4792-b826-8f6137df2a23,chirp3_2,True,11.96,0.0,0.0,6.103515625e-05,0.000762939453125
0213d7d4-3405-4b65-b92d-ed958535dfbf,chirp3_2,True,14.16,0.0,0.0,0.004180908203125,0.02001953125
02141914-6e11-4e52-9083-851ffb60e5f0,chirp3_1,True,7.6,0.0,0.0,0.001373291015625,0.00677490234375
02147335-aa98-411d-b8d8-6b9662afd01a,chirp3_2,True,9.16,0.0,0.0,0.00238037109375,0.005706787109375
02147ed6-bbf3-407b-a924-5f055a2fc955,chirp3_2,True,4.04,0.0,0.0,0.001007080078125,0.003814697265625
02148553-491b-4a3c-8f83-f48bbc6f3426,liva_1,False,16.0,0.0,0.0,0.042327880859375,0.0399169921875
02148c5c-29de-40be-affd-5822e6452feb,liva_1,False,16.0,0.0,0.0,0.01287841796875,0.001861572265625
02149a70-e78c-4ed7-9bed-8666f42f7071,midcentury_1,False,3.091,0.0,0.0,0.00885009765625,0.00177001953125
0214a4ff-3cf1-4956-b6cb-eaffa355cdef,chirp3_1,True,8.84,0.0,0.0,0.001800537109375,0.00030517578125
0214b314-7d47-498d-863c-6171b45344a2,chirp3_1,True,7.72,0.0,0.0,0.0025634765625,0.004150390625
0214d7e3-7642-4963-b3d0-954d6e80418b,chirp3_1,True,4.28,0.0,0.0,0.03173828125,0.0201416015625
02150503-0491-4f7d-ac70-ca914a45a066,chirp3_1,True,14.84,0.0,0.0,0.001068115234375,0.00164794921875
02152541-291f-4072-bff9-766596f9edb3,chirp3_2,True,6.12,0.0,0.0,0.0145263671875,0.0093994140625
02156192-9c8e-457f-9926-bc39451a3f6f,mundo_1,False,3.753,0.0,0.0,0.01055908203125,0.0157470703125
0215fc53-5065-49d5-b60b-7bd8cacb3ae0,chirp3_2,True,12.56,0.0,0.0,0.000823974609375,0.002105712890625
02160d2a-03b8-4f7e-964d-8ed96ed23214,chirp3_1,True,5.32,0.0,0.0,0.00067138671875,0.000579833984375
0216471e-c29d-4d06-9ecd-928f313b2238,chirp3_1,True,3.84,0.0,0.0,0.00152587890625,0.000457763671875
0216875c-0145-41a1-a2cf-14017d11fd1f,chirp3_2,True,8.72,0.0,0.0,0.0006103515625,0.0010986328125
0216a7fc-9e16-4ce8-8f0b-47c629afd24d,liva_1,False,16.0,0.0,0.0,0.00787353515625,0.00140380859375
0216f3d9-a76e-4050-9403-fa28134c26d6,liva_1,False,12.5935,0.0,0.0,0.00152587890625,0.002960205078125
0216f986-9b7d-4a30-878b-3b246ba1f939,chirp3_1,True,4.64,0.0,0.0,0.000213623046875,0.004180908203125
02172aab-c91a-4082-9aef-2a43373d5746,liva_1,False,6.9188125,0.0,0.0,0.0001220703125,0.01483154296875
021758cd-5c50-4d64-8bab-b826a0d6427d,liva_1,False,14.921625,0.0,0.0,0.0020751953125,0.000762939453125
0217671f-6016-4f8b-b3d4-404b904bd81b,chirp3_1,True,7.92,0.0,0.0,0.00347900390625,0.000946044921875
021779fd-1bef-401a-8370-093e9f549341,chirp3_1,True,4.96,0.0,0.0,0.029083251953125,0.001800537109375
0217a960-5731-480c-874c-c28ebe7306b4,chirp3_1,True,7.52,0.0,0.0,0.0009765625,0.0101318359375
0217bc1a-4ea7-4410-a3ae-075225aea605,chirp3_1,True,5.16,0.0,0.0,0.001678466796875,0.002288818359375
0217d4c7-5f17-4885-93cd-0cdb43953e99,chirp3_1,True,5.4,0.0,0.0,0.00054931640625,0.001861572265625
0217e123-80c5-4b4d-9035-461b7b4c7877,chirp3_2,True,8.0,0.0,0.0,0.064727783203125,0.04034423828125
021806b7-a934-448f-b26e-942b7d82dea7,chirp3_1,True,5.52,0.0,0.0,0.00018310546875,0.003326416015625
02180e30-eff9-4da8-9c4a-f2b845ab72b9,chirp3_2,True,7.4,0.0,0.0,0.000152587890625,0.0003662109375
021823b6-2e62-4f7c-9948-acd27dc2236c,chirp3_2,True,7.32,0.0,0.0,6.103515625e-05,0.0010986328125
0218cff5-f724-4ad6-b9a9-90499688ccf4,chirp3_1,True,8.08,0.0,0.0,0.01861572265625,0.0218505859375
0218dc5f-6ff7-4005-aa2e-a38249f54575,chirp3_1,True,6.12,0.0,0.0,0.006378173828125,0.01324462890625
02194a2d-d082-45bd-947b-143b3c6a504f,chirp3_1,True,7.6,0.0,0.0,0.0003662109375,0.01995849609375
0219708d-bd0c-4301-8e45-ca35f025cdd5,chirp3_1,True,12.04,0.0,0.0,0.039337158203125,0.019561767578125
02198b59-c5e3-4c6a-b36f-0fa66ea798b2,orpheus_grammar_1,True,8.1066875,0.0,0.0,6.103515625e-05,3.0517578125e-05
0219a0dc-634d-4a7a-8b12-98826dfc79b8,chirp3_1,True,7.24,0.0,0.0,0.0015869140625,0.00048828125
0219b411-d782-4203-9e08-8f02d9e96baa,human_5,False,2.816,0.0,0.0,0.009552001953125,0.01483154296875
0219d570-0971-4085-9bfb-85070e12abe1,chirp3_2,True,7.8,0.0,0.0,0.003692626953125,0.0594482421875
021a3fb4-e407-453b-933d-a66797dfca05,chirp3_2,True,9.84,0.0,0.0,6.103515625e-05,0.0003662109375
021a96ba-9b43-46fa-995f-f670eff8056d,chirp3_2,True,3.28,0.0,0.0,0.036529541015625,0.057769775390625
021b39b4-1512-4e25-b577-5cab1e0dcd27,human_5,False,2.60625,0.0,0.0,0.003997802734375,0.004974365234375
021b96ba-fae5-4d81-aaf6-2ffb62ae8270,chirp3_1,True,8.28,0.0,0.0,0.002227783203125,0.004058837890625
021bb425-bcf8-47a0-b8f8-84001b0c774a,chirp3_1,True,5.36,0.0,0.0,0.000823974609375,0.001220703125
021bfdf2-671a-4707-b35f-8ac80061a904,chirp3_1,True,5.48,0.0,0.0,0.0001220703125,6.103515625e-05
021c4735-f95f-40cb-812b-9cb5749dd36e,chirp3_1,True,8.96,0.0,0.0,0.02227783203125,0.0084228515625
021cbaf0-4bc5-411b-af46-35473e562638,chirp3_2,True,10.8,0.0,0.0,0.01800537109375,0.08111572265625
021d45d2-a6ce-4648-bf69-8d9fb786606d,chirp3_1,True,9.56,0.0,0.0,0.0047607421875,0.0028076171875
021d7b8a-fe8b-41c3-a1ee-5e0600290fbc,chirp3_1,True,4.08,0.0,0.0,0.0001220703125,0.000335693359375
021de17d-ccb7-44f2-a379-06b7d372931b,chirp3_1,True,8.32,0.0,0.0,0.002105712890625,0.00018310546875
021dff79-b915-489c-9f7b-f623f2289cce,chirp3_2,True,8.2,0.0,0.0,0.0025634765625,0.000457763671875
021e013a-96ee-457a-b659-ab7f772d6763,chirp3_1,True,4.2,0.0,0.0,0.00030517578125,0.000885009765625
021e2610-409d-483e-9ef6-0ff16eba0732,chirp3_1,True,14.32,0.0,0.0,0.01043701171875,0.027099609375
021e799d-8291-46cf-9eba-54e104dc4d01,rime_2,True,7.31425,0.0,0.0,0.006744384765625,0.0040283203125
021eb133-b26c-43dd-970d-7915aab9a6cf,liva_1,False,11.7336875,0.0,0.0,0.00299072265625,0.00079345703125
021eb94f-7d4b-4788-9228-6a8cf41f5219,chirp3_1,True,6.68,0.0,0.0,0.002593994140625,0.00079345703125
021ed574-0454-4453-9af6-0b92e26b6b6c,chirp3_2,True,8.44,0.0,0.0,0.0068359375,0.004241943359375
021efaf7-b48e-4e96-b49b-977b5e8a0f6c,chirp3_1,True,5.4,0.0,0.0,0.003936767578125,0.0091552734375
021f80ad-7f9a-42ee-9f43-79c580289036,chirp3_1,True,2.56,0.0,0.0,0.0006103515625,0.000213623046875
021fe86f-ba6f-4a68-8e67-f6823a7ab5b3,chirp3_1,True,2.88,0.0,0.0,6.103515625e-05,0.00421142578125
0220976b-b273-422a-8040-f60453c65db1,chirp3_1,True,7.52,0.0,0.0,0.0074462890625,0.004425048828125
0221019e-8792-48cd-9d1f-1a0c5cf24a67,chirp3_2,True,6.16,0.0,0.0,0.0030517578125,0.025970458984375
0221537b-b755-4e5c-9417-6edb9ef68555,chirp3_1,True,3.88,0.0,0.0,0.00244140625,0.0042724609375
02215a4c-3966-4994-9dad-442919e7b258,chirp3_1,True,5.0,0.0,0.0,0.010223388671875,0.005279541015625
02215cc7-228d-46bd-8be8-3f3033f6a04b,orpheus_endfiller_1,True,6.485375,0.0,0.0,0.000274658203125,0.000274658203125
0222168e-377e-4d50-aa33-a20a28ba360d,chirp3_2,True,3.88,0.0,0.0,3.0517578125e-05,0.0025634765625
022221ff-9dad-4ceb-85fc-ecb744d62a84,liva_1,False,11.914625,0.0,0.0,0.0184326171875,0.001251220703125
02228a6d-3bf6-417e-ac0b-c7fdf9093ed3,chirp3_2,True,6.56,0.75,0.0,0.0,0.00030517578125
0222bf21-c7b0-44f8-93c7-777e6062756d,chirp3_1,True,8.92,0.0,0.0,0.002655029296875,0.0169677734375
0222ecb4-6db1-4157-8f94-9b2fb3eae1e2,chirp3_2,True,7.44,0.0,0.0,0.04107666015625,0.026611328125
0222f411-4d11-4282-a176-07c68bb2aed5,chirp3_1,True,3.2,0.0,0.0,0.000244140625,0.00433349609375
0223262c-ecaa-4cce-8cb2-40166d1b4b85,chirp3_2,True,10.24,0.0625,0.0,0.0,0.00042724609375
02236339-7d2d-46ce-a32c-94bd745a1ce5,chirp3_1,True,7.8,0.0,0.0,0.001129150390625,9.1552734375e-05
022390b1-fef7-4e8e-862b-26f1bbbc0641,chirp3_1,True,7.84,0.0,0.0,0.04571533203125,0.00732421875
02240a82-b127-407d-a3e5-270538bbc159,chirp3_2,True,7.48,0.0,0.0,0.0010986328125,0.001068115234375
02243048-d643-4bed-988e-a8968db26ff8,human_5,False,1.93125,0.0,0.0,0.00830078125,0.004425048828125
02244e21-c240-4276-9a32-8c20564ea4e9,chirp3_2,True,4.52,0.0,0.0,3.0517578125e-05,0.003662109375
0224569e-848e-417b-af01-b38aa2f94d17,chirp3_1,True,9.16,0.0,0.0,6.103515625e-05,0.00872802734375
0224598b-a393-4cb7-8a32-374722d867ec,liva_1,False,9.9068125,0.0,0.0,0.0067138671875,0.00048828125
02257101-cd50-4b0a-a710-932b78076e01,chirp3_1,True,5.88,0.0,0.0,0.001373291015625,0.000335693359375
02259284-20ad-48a8-85f1-10a12166fc0e,chirp3_2,True,2.56,0.0,0.0,0.10784912109375,0.0714111328125
02266281-2f96-439a-abcf-6b3414776c00,chirp3_1,True,13.68,0.0,0.0,0.02081298828125,0.0025634765625
0226aaad-d0b0-4196-9bac-b24a0c134afb,chirp3_2,True,4.48,0.0,0.0,0.00030517578125,0.000152587890625
0226c2ef-c415-4ad9-a96e-9ee1453ac5be,chirp3_1,True,5.12,0.0,0.0,0.025604248046875,0.040863037109375
0226d8b5-6c64-4e01-9da9-8c08e7094fa8,chirp3_1,True,8.08,0.0,0.0,0.012176513671875,0.030914306640625
02271558-0622-4605-bbb8-d7cdc87d5380,chirp3_1,True,5.08,0.0,0.0,0.001617431640625,0.000396728515625
022760e9-bbda-4610-b1a9-7905b70d2b17,midcentury_1,False,3.6670625,0.0,0.0,0.001953125,0.000274658203125
02276f89-24ad-4f73-b6f2-749fb5383504,chirp3_2,True,7.16,0.0,0.0,0.001556396484375,0.003021240234375
02289cc7-7b47-44ef-9235-914f68709c44,chirp3_1,True,8.44,0.0,0.0,0.000213623046875,0.000518798828125
02295e85-3eb3-4031-8a24-81b823397ae9,liva_1,False,12.7656875,0.0,0.0,0.046417236328125,0.001953125
0229962c-f5a6-4d5c-9dd5-9671e4c6b442,chirp3_1,True,6.48,0.0,0.0,0.003448486328125,0.007476806640625
0229f0f8-1554-445e-9c8d-4c4b239fa444,chirp3_1,True,7.4,0.0,0.0,0.00030517578125,0.00177001953125
0229fe08-17ca-4819-aa15-6381a91580a0,chirp3_1,True,15.88,0.0,0.0,0.000457763671875,0.000518798828125
022a847a-a1e4-4fa6-90f3-8c4f2cdefcff,chirp3_2,True,2.88,0.0,0.0,0.000396728515625,0.000213623046875
022ab591-97f2-4d32-b346-c9f1bc4102b1,chirp3_1,True,4.84,0.0,0.0,0.022064208984375,0.02679443359375
022af165-0f32-4846-b63b-1e9cabd2a37e,chirp3_1,True,10.64,0.0,0.0,0.0047607421875,0.009552001953125
022b8e3f-2cb8-4b4a-8763-c49f94be18b5,liva_1,False,13.616625,0.0,0.0,0.0010986328125,0.0191650390625
022bbcea-167a-4f6e-82be-053448147bd5,chirp3_1,True,2.52,0.0,0.0,0.00067138671875,0.00390625
022bd2da-3199-43e4-be10-51487ac8fe68,rime_2,True,4.5859375,0.0,0.0,0.000701904296875,0.0047607421875
022bdfe4-cfcb-45f2-9c5d-3b37519f0ceb,chirp3_1,True,15.2,0.0,0.0,0.00396728515625,0.006561279296875
022c22a3-24be-45ac-a2b2-a59decfcfa41,liva_1,False,13.703125,0.0,0.0,0.000640869140625,0.004180908203125
022d0429-cbea-430b-bb08-7cd26bc51085,chirp3_1,True,3.72,0.0,0.0,0.001220703125,0.001800537109375
022d2d68-5f35-46c4-9f9d-b2b7fac48e4e,chirp3_1,True,3.52,0.0,0.0,0.008453369140625,0.02301025390625
022d4631-417f-4363-85b7-60570b41fc3a,chirp3_2,True,8.96,0.0,0.0,0.01898193359375,0.015045166015625
022da0a5-21f8-4623-8517-fa4a705f7754,chirp3_1,True,5.68,0.0,0.0,0.01324462890625,0.01312255859375
022dc5b7-46ac-464d-9236-cf034e517641,liva_1,False,12.765375,0.0,0.0,0.0198974609375,0.003997802734375
022dc7ab-a4e2-4b3e-b386-ca0732fbb187,chirp3_1,True,9.52,0.0,0.0,0.001373291015625,0.0003662109375
022dcf60-a742-4063-97a2-68e0de6f3e2e,human_convcollector_1,False,4.593,0.0,0.0,0.01422119140625,0.0391845703125
022e5065-10f5-4921-84cc-f936d0c0dbf9,liva_1,False,16.0,0.0,0.0,0.0006103515625,0.00262451171875
022eb296-698d-432b-bec4-d21a6291e1d3,chirp3_2,True,10.48,0.0,0.0,3.0517578125e-05,0.000274658203125
022eb2db-516e-43f1-8c9e-98cfd9fad256,chirp3_1,True,11.8,0.0,0.0,0.003204345703125,0.014678955078125
023008c0-c993-4f3e-b5e5-17e4001d55f0,chirp3_1,True,7.12,0.0,0.0,0.0008544921875,0.00286865234375
02304cd0-a245-42cb-80e4-54f6f99cd2b0,chirp3_1,True,3.96,0.0,0.0,0.004730224609375,0.0009765625
0230bed5-d617-48e5-bd68-4fb43543bb3a,chirp3_2,True,15.64,0.0,0.0,0.037017822265625,0.006591796875
0230ec67-f2d4-469b-b3f9-b506e85ab35a,chirp3_2,True,11.64,0.0,0.0,0.00372314453125,0.001251220703125
02311757-0251-42fb-a35e-ac256714c5ce,chirp3_1,True,9.68,0.0,0.0,0.011627197265625,0.017791748046875
02311fd0-2868-464a-8373-e440225abb50,chirp3_1,True,6.64,0.0,0.0,0.0045166015625,0.02484130859375
023126ec-f25c-4df4-b28b-1bfc3297b7e5,chirp3_1,True,9.2,0.0,0.0,0.00384521484375,0.0032958984375
0231c1eb-1723-48d9-ace5-8c589d5edbbe,chirp3_1,True,8.0,0.0,0.0,0.016510009765625,0.004852294921875
02325d02-f7e8-4c44-88e3-164fd95789dc,chirp3_1,True,6.56,0.0,0.0,0.005035400390625,0.001251220703125
02339840-1d7e-40f5-ac25-a6055fb5edd6,chirp3_1,True,4.76,0.0,0.0,0.000640869140625,0.00274658203125
0233b143-dfec-4638-919c-0ffe454240f5,chirp3_2,True,7.6,0.0,0.0,0.00677490234375,0.00982666015625
02347774-44df-4b30-aa44-48848c4b177e,chirp3_1,True,10.0,0.0,0.0,0.004058837890625,0.002777099609375
0234d631-905b-4b06-b050-f99bb4ed6e8e,chirp3_1,True,6.88,0.0,0.0,0.00274658203125,0.005096435546875
0234ee76-bd1b-4fc9-a9dd-aea573430162,chirp3_2,True,9.76,0.0,0.0,0.00164794921875,0.0147705078125
02350c13-89bf-4986-b62c-d996819c64e4,chirp3_1,True,7.6,0.0,0.0,0.033172607421875,0.00604248046875
02351979-587c-4134-bfdc-55571bf95dbd,human_5,False,2.3859375,0.0,0.0,0.015777587890625,0.002166748046875
02353252-1508-4a19-aef8-a13b3e55c547,rime_2,True,7.20975,0.0,0.0,0.0040283203125,0.0023193359375
0235501b-ee95-45fb-91e1-7c3f19df4801,chirp3_1,True,8.68,0.0,0.0,0.0087890625,0.00537109375
0235711b-4992-48ea-a60c-194a09fadfd4,liva_1,False,5.5315,0.0,0.0,0.0035400390625,0.001617431640625
0235de0a-53d8-4c95-951f-59db4e75671d,chirp3_1,True,6.32,0.0,0.0,0.001617431640625,0.0009765625
0235fc5c-d711-4a58-8433-fc952f7966b1,chirp3_2,True,5.88,0.0,0.0,0.000518798828125,0.00152587890625
02361a95-8915-46c8-89ca-ff2b296a58f0,chirp3_1,True,5.24,0.0,0.0,0.000762939453125,0.0008544921875
02361f55-de26-4fca-a30c-eaaad2ffa2bc,chirp3_1,True,5.6,0.0,0.0,0.00421142578125,0.00164794921875
02362788-620e-4598-9924-72451791843e,liva_1,False,13.1015,0.0,0.0,0.3182373046875,0.0247802734375
0236557a-1911-4d60-8b0d-0d4c1db7c7a4,chirp3_1,True,11.44,0.0,0.0,0.04132080078125,0.031524658203125
0236cb7d-c6e3-4ae0-985b-057b310df822,chirp3_2,True,4.72,0.0,0.0,0.001617431640625,0.000335693359375
0236fa31-59bb-4e14-ae63-f8a7bfa02d00,chirp3_1,True,3.8,0.0,0.0,0.00958251953125,0.010955810546875
02374aa1-b0d4-45c1-ae65-6a97c7c77263,chirp3_1,True,3.44,0.0,0.0,0.02886962890625,0.016387939453125
02379c8e-298d-4f9b-845c-141767f4e208,liva_1,False,9.99875,0.0,0.0,0.006317138671875,0.00836181640625
02381503-c885-4a81-806b-5f91f707ffb1,chirp3_2,True,9.4,0.0,0.0,0.003021240234375,0.00042724609375
02382e64-7e9a-4109-99e0-6730f67c6400,chirp3_2,True,3.32,0.0,0.0,0.00830078125,0.00164794921875
023837bc-396a-48ef-b684-7af9f463bf80,chirp3_1,True,10.12,0.0,0.0,0.007232666015625,0.005340576171875
02385e6a-2af0-400f-bada-9313f51589b5,chirp3_1,True,5.16,0.0,0.0,0.0059814453125,0.0087890625
02388eab-b577-4a21-89d1-bb23f094e31f,liva_1,False,12.8615,0.0,0.0,0.00189208984375,0.002777099609375
0238e59d-0f03-4029-a438-cdea3d20bb21,chirp3_1,True,6.16,0.0,0.0,0.01153564453125,0.0263671875
023965b2-f8b5-40c2-bb2d-419278a4b417,mundo_1,False,4.58,0.0,0.0,0.00018310546875,0.018768310546875
0239f01f-ac32-4c0b-b6db-c456cdf0e21b,chirp3_1,True,10.12,0.0,0.0,0.001495361328125,0.000640869140625
023a924f-d9c0-43b0-8cd1-ae313ad72458,rime_2,True,7.198125,0.0,0.0,0.0137939453125,0.012542724609375
023ae892-b11c-4424-8408-118584542a15,chirp3_2,True,4.44,0.0,0.0,0.003448486328125,0.0047607421875
023b06e5-028b-4190-8056-2f6246fc0bdd,chirp3_1,True,10.8,0.0,0.0,0.00140380859375,0.00079345703125
023b2d2f-0fa3-423f-9e82-c3f3b3b618e1,chirp3_1,True,5.56,0.0,0.0,0.009185791015625,0.004180908203125
023b7f7a-27e8-49ee-91bc-077fd0a14e04,chirp3_1,True,7.04,0.0,0.0,0.000823974609375,0.000946044921875
023b8121-c6af-4dd7-90c9-a92297709347,chirp3_1,True,5.44,0.0,0.0,0.00030517578125,0.000244140625
023bd8fa-d5ac-4a9e-859e-7732bb43f85e,chirp3_1,True,8.08,0.0,0.0,0.0050048828125,0.025146484375
023c0718-d502-427c-9ad9-a815e2bfdd7a,chirp3_1,True,11.68,0.0,0.0,6.103515625e-05,0.002655029296875
023c8a12-1b81-4326-8b47-e65b4441e81b,chirp3_1,True,5.76,0.0,0.0,0.000244140625,0.003143310546875
023ca9ee-24f0-45a3-a826-13dd61022df8,chirp3_1,True,14.08,0.0,0.0,0.00054931640625,0.00335693359375
023caf91-4e96-403e-b548-63215d537b30,liva_1,False,14.8708125,0.0,0.0,0.000244140625,0.003387451171875
023cd61e-4dee-418d-9734-f4cd65936466,chirp3_2,True,5.56,0.0,0.0,0.013916015625,0.00341796875
023d0afa-e794-46a5-acb6-6a8114d09506,chirp3_1,True,5.28,0.0,0.0,0.001373291015625,0.000213623046875
023d66f4-8eb8-45f5-97b6-6b653929756b,liva_1,False,15.3658125,0.0,0.0,0.000579833984375,0.005859375
023d7b1d-1761-4f26-abb2-30c292da831a,chirp3_1,True,7.88,0.0,0.0,0.00128173828125,0.004058837890625
023dae6d-1786-4521-b206-b34970c1cea3,chirp3_2,True,13.16,0.0,0.0625,0.001373291015625,0.0
023de69e-849c-4928-a511-10e1b68aaa58,liva_1,False,11.065125,0.0,0.0,0.00189208984375,0.0009765625
023dfeff-7e03-4bbd-800d-7df5e4ee4bd3,chirp3_1,True,6.88,0.0,0.0,0.022613525390625,0.001312255859375
023e6af2-61ef-4c40-bf7f-a2d825649193,chirp3_1,True,6.92,0.0,0.0,0.0015869140625,0.00054931640625
023e8306-b0fd-48af-9a8b-a8dea88fcca4,chirp3_1,True,3.76,0.0,0.0,0.001800537109375,0.005035400390625
023ed880-6013-4d2e-b244-179938323f21,liva_1,False,5.1129375,0.0,0.0,0.004852294921875,0.0001220703125
023ef458-b37f-448a-a3a9-527079d8bc19,chirp3_1,True,9.0,0.0,0.0,0.000244140625,0.00152587890625
023f0012-0c46-4f56-bffa-e19072019d85,chirp3_1,True,9.64,0.0,0.0,0.007415771484375,0.005096435546875
023f0ac5-7bd8-4fcb-ba32-fc6bfd074019,chirp3_1,True,3.84,0.0,0.0,0.000335693359375,0.000213623046875
023f379c-2601-4890-bf15-f29fdb25a442,chirp3_1,True,10.32,0.0,0.0,0.02392578125,0.03076171875
023f3fca-026c-4d42-a9f3-91c40fc5dc02,chirp3_1,True,15.0,0.0,0.0,0.01263427734375,0.009124755859375
023f497d-a292-4d25-a2e9-d94229090d64,chirp3_2,True,4.88,0.0,0.0,0.01483154296875,0.005859375
023f7b78-7cd8-4b96-85d4-a9e39c3753d4,chirp3_1,True,6.8,0.0,0.0,0.004119873046875,0.0037841796875
023ff05c-b83e-4a35-bd8d-b64f3d8fffdc,chirp3_1,True,6.64,0.0,0.0,0.003021240234375,0.005096435546875
02402168-b734-427b-8036-359410f36a8b,chirp3_1,True,11.8,0.0,0.0,0.0020751953125,0.009918212890625
02403195-b13c-4ef6-90ec-b5264d938b98,chirp3_2,True,12.44,0.0,0.0,0.000244140625,0.002532958984375
0240612d-d377-4d62-b535-35df39f5013f,chirp3_1,True,10.52,0.0,0.0,0.001190185546875,0.00384521484375
02408b8c-e349-410b-9e1e-c425715f8274,liva_1,False,12.599625,0.0,0.0,0.004058837890625,0.01776123046875
0240b062-b3cf-487b-863c-e564e8137848,chirp3_1,True,9.6,0.0,0.0,0.003265380859375,0.000762939453125
0240e6f2-bbcf-45ca-b78e-958e1fc015ec,chirp3_1,True,8.92,0.0,0.0,0.005615234375,0.017303466796875
0240ee3c-fe66-4d59-9878-a97962196552,chirp3_2,True,6.16,0.0,0.0,0.00421142578125,0.002532958984375
0240f1c3-ed4b-4748-8c1c-cf35d17a1ebf,chirp3_1,True,7.0,0.0,0.0,3.0517578125e-05,0.007659912109375
0241f411-35fa-4a29-910e-47bea3be791f,liva_1,False,10.0059375,0.0,0.0,0.000823974609375,0.003448486328125
02423ea2-473b-4d68-8b41-b57930ae07d3,chirp3_1,True,13.16,0.0,0.0,0.056671142578125,0.00079345703125
0242ae41-8ac4-4ed5-a257-04ea56169d2b,chirp3_1,True,9.56,0.0,0.0,3.0517578125e-05,0.00079345703125
0242d005-a0d1-47aa-bbb5-4b42b69f188e,liva_1,False,11.5148125,0.0,0.0,0.001312255859375,0.001739501953125
0243492c-6685-4115-9f59-84b8ac6406f9,chirp3_1,True,7.76,0.0625,0.0,0.0,0.01824951171875
0243693a-b41f-46d6-a0ed-fcac2456b795,mundo_1,False,3.051,0.0,0.0,0.001373291015625,0.0062255859375
0243837d-9976-42e7-8631-dd2889ab1981,chirp3_1,True,7.48,0.0,0.0,0.000274658203125,0.00030517578125
0243a9e2-0e49-4752-81d6-0e24f42dc369,chirp3_2,True,10.48,0.0,0.0,0.000274658203125,0.000701904296875
0243ba56-7bb9-4c0a-87c7-e7844d88cb5e,chirp3_1,True,6.6,0.0,0.0,0.000762939453125,0.000701904296875
0243e103-ae80-4bd2-b4eb-6dfa80a31342,chirp3_1,True,8.0,0.0,0.0,0.01043701171875,0.009613037109375
0243f30c-6297-4cde-8b3c-42fe7d246e9c,human_5,False,3.99625,0.0,0.0,0.0460205078125,0.005889892578125
02440d85-d5ac-4586-8244-6d0b8c867cb3,chirp3_1,True,5.48,0.0,0.0,0.0010986328125,9.1552734375e-05
0244b303-284a-481b-8c7c-b96d5b905741,chirp3_2,True,10.12,0.0,0.0,0.000518798828125,0.00067138671875
0244cf8d-fd26-4e27-a23e-d979455c954b,chirp3_1,True,13.84,0.0,0.0,0.027557373046875,0.0140380859375
0244f79d-846d-45fd-9f2a-14789b84ebf1,chirp3_1,True,7.72,0.0,0.0,0.007232666015625,0.009613037109375
0245571b-6290-400c-a106-3f4a571d9b6b,chirp3_1,True,8.28,0.0,0.0,0.00079345703125,0.00054931640625
02456cfe-098f-428a-81d8-c6f2c5da43dc,midcentury_1,False,3.04,0.0,0.0,0.07373046875,0.0003662109375
024572ae-5334-4841-8bd5-c627232c6fd7,chirp3_1,True,5.44,0.0,0.0,0.0096435546875,0.00543212890625
02457638-83f7-4aa6-ab78-68c17eb45083,mundo_1,False,6.678,0.0,0.0,0.0106201171875,0.009613037109375
02458836-ea81-446a-87f2-777a5b0960fb,chirp3_2,True,8.48,0.0,0.0,0.001556396484375,0.003021240234375
0245a20e-59c4-4b9c-ac74-8a001f22a7e2,human_convcollector_1,False,1.6163125,0.0,0.0,0.006378173828125,0.01123046875
024620ab-f15b-453a-a78b-adad0965a5b6,chirp3_2,True,4.36,0.0,0.0,0.0101318359375,0.000640869140625
02466cca-3ad2-4451-9d04-40f8e47c4434,chirp3_2,True,7.12,0.0,0.0,0.039337158203125,0.043670654296875
0246a0e4-35c3-46f3-b078-fd619ef7ee75,chirp3_1,True,7.4,0.0,0.0,0.02734375,0.128021240234375
0246a23e-2c42-4dbf-9983-e54eb335ae8d,chirp3_1,True,8.84,0.0,0.0,0.000274658203125,0.0030517578125
0246aee9-6035-49e2-879a-0e7a32b687f2,mundo_1,False,6.855,0.0,0.0,0.016357421875,0.025115966796875
0246b90a-d933-4b56-9a71-3fd1ae119e80,liva_1,False,13.691875,0.0,0.0,0.00262451171875,0.005401611328125
0246f746-0a88-4889-b767-94a3990f5ecc,chirp3_1,True,11.8,0.0,0.0,0.012786865234375,0.0198974609375
0246f9ac-120b-4e12-952a-8a193f7b0f99,liva_1,False,9.4308125,0.0,0.0,0.00408935546875,0.0040283203125
02474519-0207-4cc3-aa68-4d47f6c46427,chirp3_1,True,5.0,0.0,0.0,0.008697509765625,0.002471923828125
02477159-a5b5-417a-af30-818ccdf26d01,chirp3_1,True,8.56,0.0,0.0,0.022918701171875,0.01593017578125
02481405-37c2-470a-89a2-7615a479f4ac,liva_1,False,13.8879375,0.0,0.0,0.036163330078125,0.014129638671875
02487237-c527-41b6-ab9f-6cd39d970001,chirp3_1,True,10.16,0.0,0.0,0.007476806640625,0.005828857421875
02489382-3949-4122-994c-2ea704820fd4,midcentury_1,False,4.639,0.0,0.0,0.015411376953125,0.000823974609375
024905c9-b887-4648-8742-01b5abb628f5,chirp3_1,True,4.36,0.0,0.0,6.103515625e-05,0.001678466796875
02493565-c32e-416a-b36c-c8f351f7b0cb,liva_1,False,12.9351875,0.0,0.0,0.001251220703125,0.002960205078125
0249a0da-fcff-4c29-8ac3-a88517d1c00d,chirp3_1,True,5.8,0.0,0.0,0.004425048828125,0.004547119140625
024ae9a3-4186-4a78-8476-86d4a846830c,mundo_1,False,2.388,0.0,0.0,0.008636474609375,0.001617431640625
024afde9-925a-43a4-8f80-39bd9399c753,chirp3_2,True,3.32,0.0,0.0,0.002349853515625,0.00677490234375
024b58c5-aaa9-45d3-a598-4396efec0bf8,chirp3_1,True,10.4,0.0,0.0,0.001129150390625,0.000457763671875
024ba77c-195d-4764-86be-4a59bdff62f6,chirp3_1,True,4.48,0.0,0.0,0.00518798828125,0.003448486328125
024bced7-0e3c-456e-b14e-99554d574379,chirp3_1,True,6.08,0.0,0.0,9.1552734375e-05,0.0010986328125
024c93f5-32e6-46d1-8779-b89aae32d3e0,chirp3_1,True,12.96,0.0,0.0,0.00067138671875,0.015380859375
024ccaa9-2473-43cd-803b-d76a9d33a9de,chirp3_2,True,6.28,0.0,0.0,0.0048828125,0.005889892578125
024d1016-4a61-4330-999d-4f31a8503f08,chirp3_1,True,7.48,0.0,0.0,0.00286865234375,0.00213623046875
024d1260-6cdb-4310-aeaf-3438a819f5f7,chirp3_1,True,6.52,0.0,0.0,0.0081787109375,0.00286865234375
024dd39b-0d1d-4817-bdd0-8be9a0facca2,liva_1,False,12.771125,0.0,0.0,0.011138916015625,0.00445556640625
024ddefd-729e-47b0-bdbe-3c1219fc023e,chirp3_1,True,9.16,0.0,0.0,0.008270263671875,0.012786865234375
024dea7a-b8d6-4728-9591-d0a313516f1a,chirp3_1,True,5.12,0.0,0.0,0.007293701171875,0.00408935546875
024debcb-785d-4937-ba47-4d8192c2b37c,chirp3_1,True,4.36,0.0,0.0,0.000823974609375,0.0006103515625
024e374a-7614-4185-b3be-16082b710974,chirp3_1,True,7.8,0.0,0.0,0.01177978515625,0.021697998046875
024e3d5b-128d-4f7f-a0d8-bf5143ffa149,chirp3_2,True,3.24,0.0,0.0,0.001922607421875,0.001220703125
024ed96c-af5b-4bef-b14b-274b07a66c7d,chirp3_1,True,14.4,0.0,0.0,0.000518798828125,0.011932373046875
024f3adc-5d58-440c-b682-8aff04b9231b,chirp3_1,True,6.04,0.0,0.0,6.103515625e-05,0.017364501953125
024f4fd8-3994-4f6c-82e6-a3e0bca19eb7,chirp3_1,True,8.08,0.0,0.0,0.00848388671875,0.007110595703125
024f9470-0383-41aa-a22d-cd48dab9c042,chirp3_1,True,3.24,0.0,0.0,0.02117919921875,0.054046630859375
024f9f7c-0a82-41b9-995e-ff9e1550e0fa,chirp3_1,True,6.96,0.0,0.0,0.008148193359375,0.009033203125
024fe520-2a8e-481e-8755-ae8f39a02f71,chirp3_1,True,13.44,0.0,0.0,0.0047607421875,0.0054931640625
0250311a-b278-4258-b3b8-a869a3baab46,chirp3_1,True,3.0,0.0,0.0,0.00323486328125,0.001007080078125
02506bc4-b670-4415-9d73-5bcf7f136201,chirp3_2,True,3.96,0.0,0.0,0.010589599609375,0.00042724609375
02509aa5-2b23-41af-bb65-2c4f68313c70,liva_1,False,12.8559375,0.0,0.0,0.007171630859375,0.006927490234375
0250e41f-d8e6-477a-a9c1-96894ace4ecf,chirp3_1,True,9.48,0.0,0.0,0.02850341796875,0.00213623046875
0250f407-0fed-4315-b00e-c4eea719b794,chirp3_1,True,10.48,0.0,0.0,0.004608154296875,0.000213623046875
025111bd-4a1b-4317-82ce-575e17358194,chirp3_1,True,9.36,0.0,0.0,0.003997802734375,3.0517578125e-05
02522cfb-b50c-4a06-ba27-048ec1c14576,chirp3_1,True,8.72,0.0,0.0,0.00067138671875,0.00146484375
025263e9-4f61-4953-8a57-5cccb0eec6f5,chirp3_1,True,12.2,0.0,0.0,0.0101318359375,0.01092529296875
02527605-f54d-466f-9254-15b7ae6bbb1d,chirp3_1,True,5.0,0.0,0.0,0.001708984375,0.000152587890625
0252a51e-7332-47af-befb-b47245d88310,chirp3_1,True,6.24,0.0,0.0,0.004241943359375,0.00115966796875
0252d370-72bc-47fd-97b3-81c27052af94,chirp3_1,True,11.92,0.0,0.0,0.0076904296875,0.004608154296875
0252f805-92c3-438d-bbd4-5783c83164c9,chirp3_1,True,4.92,0.0,0.0,0.00079345703125,0.00140380859375
0253496d-7c25-454c-b9be-45ff70154469,chirp3_1,True,6.16,0.0,0.0,0.004241943359375,0.036773681640625
025485b8-6ae1-41d3-ad10-ad146ea92858,chirp3_1,True,8.4,0.0,0.0,0.012969970703125,0.018463134765625
0254ba4d-a8c6-4a5c-beba-0d0b77c4c672,chirp3_1,True,5.68,0.0,0.0,0.00982666015625,0.00836181640625
0254f890-050e-486b-8364-7d8a65356cd6,chirp3_1,True,4.08,0.0,0.0,0.013092041015625,0.025482177734375
025522b4-9859-4642-a4d8-36a00fc867d6,chirp3_1,True,3.32,0.0,0.0,0.00030517578125,0.0032958984375
02555b18-6653-4c55-9698-6eff1b4191e5,chirp3_2,True,4.24,0.0,0.0,0.0162353515625,0.007110595703125
02559325-c164-4e6c-8e59-9e5e565944d7,chirp3_3_short,True,0.76,0.0,0.0,0.0047607421875,0.014556884765625
0255a8a1-46ea-4c88-b791-f9aff187beed,chirp3_2,True,3.16,0.0,0.0,0.01123046875,0.011260986328125
0255c469-9018-4e3c-8be5-1de9e3515bbc,liva_1,False,14.8373125,0.0,0.0,0.000457763671875,0.01458740234375
02567f71-4dca-4e6c-972a-7a7ccafefe74,mundo_1,False,2.468,0.0,0.0,0.0018310546875,0.004791259765625
0256eede-d81e-42d0-b5d7-c018ceca9727,chirp3_1,True,11.72,0.0,0.0,0.00018310546875,0.001190185546875
02573e8b-c15c-4d6c-a208-f3d48a2d8b30,chirp3_1,True,11.56,0.0,0.0,0.001983642578125,0.002349853515625
0257540e-3fa2-4b7c-baae-9174a2534ba3,chirp3_1,True,3.16,0.0,0.0,0.003662109375,0.006072998046875
025779b0-a44a-4254-81f4-1bffccfc8186,chirp3_1,True,11.96,0.0,0.0,0.0419921875,0.053497314453125
02585867-e1b1-4858-ac37-9d077ccc8ff5,chirp3_1,True,10.28,0.0,0.0,0.009368896484375,0.0030517578125
02585aa7-6d59-4b3f-aac8-2b8b4afa5261,chirp3_1,True,7.16,0.0,0.0,0.00067138671875,0.00140380859375
0258865f-a1fe-4324-8d24-5ebe4cc846aa,chirp3_1,True,6.96,0.0,0.0,0.001678466796875,0.0013427734375
0258b7dd-c0cb-43b0-b793-ac491fcf92a8,liva_1,False,13.95,0.0,0.0,0.024810791015625,0.004364013671875
02595358-b61f-4db8-9979-2600e9fbdfc5,liva_1,False,11.6023125,0.0,0.0,0.01025390625,0.00335693359375
02595541-3637-4bd4-9b97-8598d7124d08,chirp3_1,True,3.28,0.0,0.0,0.001251220703125,0.013031005859375
02595824-feef-46ba-b6a4-ed97942eeb22,chirp3_1,True,3.68,0.0,0.0,0.003387451171875,0.0008544921875
0259ef96-1648-4702-85b2-b32675ca9dc5,orpheus_endfiller_1,True,11.605375,0.0,0.0,0.000732421875,0.003448486328125
025a3f15-03de-4fc6-9685-b91b3c0a2b09,chirp3_2,True,4.12,0.0,0.0,0.00732421875,0.003387451171875
025a4ff3-4484-4415-a3d5-72d3d48bcdc1,liva_1,False,11.4215625,0.0,0.0,0.008453369140625,0.00048828125
025aa3d2-ca04-4b53-a27b-31b166097fac,chirp3_1,True,3.84,0.0,0.0,0.00653076171875,0.0126953125
025b399b-b4a4-4c7b-b0d6-96155e3f22b3,liva_1,False,8.45325,0.0,0.0,0.06585693359375,0.03314208984375
025b5119-87c5-4b3e-8ebc-c0d49f83b57f,chirp3_1,True,3.52,0.0,0.0,0.00054931640625,0.0001220703125
025bc7b2-a800-4bec-aaf3-d63f3e9cf9fe,chirp3_1,True,8.8,0.0,0.0,0.010955810546875,0.005950927734375
025c123b-6818-473b-b83a-55c7b336fce7,chirp3_1,True,2.68,0.0,0.0,0.004791259765625,0.00531005859375
025c1a57-ef2c-4bae-bcd1-cc464cccfd1d,chirp3_1,True,3.12,0.0,0.0,0.005462646484375,0.004119873046875
025c62bc-1cad-49ed-8ec5-136e5c809354,chirp3_1,True,8.4,0.0,0.0,0.00030517578125,0.000823974609375
025c7168-d926-4929-836a-de8bf0c268b6,chirp3_1,True,8.32,0.0,0.0,0.00433349609375,0.011688232421875
025c9c54-91f8-46b5-a100-64a78a529639,chirp3_1,True,10.08,0.0,0.0,0.002899169921875,0.00140380859375
025cb0df-ddeb-4d84-adae-dc9801662179,chirp3_2,True,4.52,0.0,0.0,0.001190185546875,0.000518798828125
025dbe08-a935-4537-85d5-c431976cee8c,chirp3_1,True,8.8,0.0,0.0,0.003875732421875,0.049468994140625
025e60ef-aba7-43c0-824f-17bde954aedd,chirp3_2,True,9.68,0.0,0.0,0.041534423828125,0.023284912109375
025f3b9a-2f0e-4880-b618-bffd93733185,chirp3_1,True,5.24,0.0,0.0,0.0155029296875,0.024749755859375
025f3e76-12c5-4817-9e03-553d670e0537,chirp3_1,True,7.2,0.0,0.0,3.0517578125e-05,3.0517578125e-05
025f5ab5-250b-4dac-b86c-c8912b0735d9,chirp3_1,True,6.76,0.0,0.0,0.012115478515625,0.0030517578125
025f94d3-14ac-4eaf-bcc6-de2aaf7be523,liva_1,False,14.1175625,0.0,0.0,0.02117919921875,0.019500732421875
025fa907-0561-4c1f-961d-3406260c38f8,chirp3_1,True,9.16,0.0,0.0,0.005401611328125,0.001251220703125
025fdbef-a645-45bb-bc91-1a6ad369ba35,chirp3_2,True,16.12,0.0,0.0,0.001800537109375,0.01507568359375
0260148d-ec78-4716-b1e1-5c4f9e879fdd,liva_1,False,14.312375,0.0,0.0,0.003753662109375,0.005218505859375
02604db8-b3fb-4857-abf8-e923fd04de81,chirp3_1,True,15.4,0.0,0.0,0.0048828125,0.00433349609375
02607dec-4549-4334-bd14-b745f6f9339a,chirp3_1,True,5.16,0.0,0.0,0.014404296875,0.03173828125
0260d896-5403-440f-ad6e-aa22357c1720,chirp3_1,True,9.72,0.0,0.0,0.00018310546875,0.00238037109375
0261745e-78bd-44d3-ac4f-038fc5997874,liva_1,False,3.58225,0.0,0.0,0.04083251953125,0.030609130859375
0261bc06-ee50-42c2-9ae2-f8bf32986cf1,chirp3_2,True,14.68,0.0,0.0,0.00897216796875,0.00762939453125
0261f521-af5a-4b58-96d7-23f20c9d6976,chirp3_1,True,10.4,0.0,0.0,0.061614990234375,0.03216552734375
02621cb5-8bdd-4ade-8c37-56e0f9172291,liva_1,False,11.9355625,0.0,0.0,0.0013427734375,0.00067138671875
026265ed-1021-4ca7-839d-b00e225ee238,chirp3_1,True,4.48,0.0,0.0,0.015045166015625,0.004669189453125
0262755c-4c5f-4580-9e59-13d707689c9c,chirp3_1,True,5.44,0.0,0.0,6.103515625e-05,0.002655029296875
0262a3d2-a94a-4da8-9f14-a7676d98f0b8,chirp3_1,True,5.04,0.0,0.0,0.00469970703125,0.00933837890625
0262d1e8-c166-4d47-9ab7-e7784d2b10c7,chirp3_2,True,5.0,0.0,0.0,0.019256591796875,0.007659912109375
026322a4-abea-4b06-9d12-93fd00952732,chirp3_2,True,6.12,0.0,0.0,0.007904052734375,0.01922607421875
02632c15-feec-4ae4-b1be-4616e1f2c559,chirp3_1,True,5.04,0.0,0.0,0.022430419921875,0.000335693359375
0263657e-4ac6-4bd5-8589-e3fb5af0bb1f,chirp3_2,True,13.76,0.0,0.0,0.007598876953125,0.021728515625
026385d5-64b7-40b1-afbf-2c3361e5ae94,chirp3_1,True,7.12,0.0,0.0,0.000274658203125,0.0045166015625
02639106-d864-4bf3-8941-1428d0c25c8b,chirp3_1,True,6.04,0.1875,0.0,0.0,0.00341796875
0263f3f7-7fbf-4e59-a440-9e3ca2bd5999,chirp3_1,True,7.96,0.0,0.0,0.010711669921875,0.054290771484375
02640826-9f4c-4051-b8f8-211b30352795,chirp3_1,True,8.72,0.0,0.0,0.003265380859375,0.00244140625
02647361-0369-4c32-a682-2e75e482aba9,liva_1,False,13.0490625,0.0,0.0,0.005950927734375,0.015472412109375
02647ab3-d9bc-4bfe-b8a1-d8d1d627fb6a,chirp3_1,True,7.32,0.0,0.0,0.025177001953125,0.0050048828125
026518e5-69f5-4521-a75a-68c7bcca94bc,chirp3_2,True,7.24,0.0,0.0,0.0009765625,0.012939453125
026537f6-2cf5-436b-bac7-97cfffd24788,chirp3_2,True,9.44,0.0,0.0,0.03253173828125,0.035980224609375
0265fa15-88d9-4812-885e-c095fbb01230,chirp3_2,True,5.24,0.0,0.0,0.00244140625,0.002197265625
0265fac2-9ebf-4bc9-a1bd-1242c8821a6f,chirp3_1,True,5.4,0.0,0.0,0.009307861328125,0.0023193359375
02663335-2b71-4d91-ba2d-f0ffbf8c0c86,chirp3_1,True,10.52,0.0,0.0,0.00421142578125,0.0113525390625
02663bb0-f4c2-4e7c-b6fa-7ea4ce611497,chirp3_1,True,9.76,0.0,0.0,0.007904052734375,0.010772705078125
02670e6b-655e-4066-85e1-6df8c3acfb91,rime_2,True,4.5510625,0.0,0.0,0.000213623046875,0.016632080078125
02674f6f-b9bb-402d-96f0-3243738e1fa0,chirp3_1,True,8.44,0.0,0.0,0.02801513671875,0.001617431640625
02675b5d-a642-49b1-8699-c0d8748a7bff,chirp3_2,True,7.2,0.0,0.0,0.00042724609375,0.003753662109375
0267998c-7bc4-41f6-a357-dded94541154,chirp3_1,True,5.04,0.0,0.0,0.0045166015625,0.000396728515625
0267a403-cef6-461a-9c13-0385a0ad41a8,liva_1,False,7.26625,0.0,0.0,0.006591796875,0.006195068359375
0267ea00-b783-4a81-b4d5-ac887415c321,chirp3_1,True,7.96,0.0,0.0,0.000152587890625,6.103515625e-05
026855db-39ec-41d0-b9a4-22ebba10cbd8,liva_1,False,13.3325625,0.0,0.0,0.012847900390625,0.0028076171875
026896af-f245-41ba-afcf-f57f2a38b01f,chirp3_2,True,4.2,0.0,0.0,0.00811767578125,0.03240966796875
0268db04-98be-41d2-a11b-979109fdf26e,liva_1,False,10.1225625,0.0,0.0,0.00341796875,0.016632080078125
0268db32-dda2-4f4e-a8f7-07abac019fd4,midcentury_1,False,4.511,0.0,0.0,0.07806396484375,0.005340576171875
026901ed-5d34-423f-8aec-e475f3b8008a,chirp3_1,True,9.52,0.0,0.0,0.009552001953125,0.00067138671875
02690be4-dd9c-4556-b805-0e2dc230b2c2,chirp3_1,True,7.4,0.0,0.0,0.008209228515625,0.00091552734375
02691afd-ec70-401c-85b2-d74506e20ff9,chirp3_1,True,10.24,0.0,0.0,0.014892578125,0.00811767578125
02694944-a317-447c-ab0b-fea2de0e60bf,chirp3_2,True,6.68,0.0,0.0,0.0162353515625,0.0205078125
02696a4f-988d-4ee9-92a2-4a14d62ef7ed,chirp3_1,True,15.4,0.0,0.0,0.00958251953125,0.01715087890625
026a12b7-d437-4fc9-85c5-0e10e36355f9,chirp3_2,True,5.44,0.0,0.0,0.00213623046875,0.00079345703125
026a2a94-3c2d-479b-811f-7c50a3684ef1,chirp3_1,True,4.52,0.0,0.0,0.021728515625,0.024261474609375
026a3181-879c-48f8-8962-4bad95f0da4b,orpheus_midfiller_1,True,7.765375,0.0,0.0,0.013702392578125,0.01141357421875
026a62c5-35b2-4b05-be7b-7b83ef1ff47f,chirp3_1,True,5.76,0.0,0.0,0.003265380859375,0.00018310546875
026ae670-011b-4f78-8901-f61c2491151b,chirp3_2,True,4.48,0.0,0.0,0.00054931640625,0.007568359375
026af07b-18b0-4322-9958-15b97aa21a49,rime_2,True,4.30725,0.0,0.0,0.00567626953125,0.006134033203125
026b4c55-aa18-4f21-be55-4b1555e866d8,chirp3_2,True,7.56,0.0,0.0,0.007232666015625,0.013458251953125
026ba149-3ded-4fbf-8fab-586cda9cf819,mundo_1,False,2.82,0.0,0.0,0.10595703125,0.009307861328125
026bff3a-d584-4a13-a27c-fd76f0b795b9,chirp3_1,True,4.24,0.0,0.0,0.00555419921875,0.00250244140625
026c6493-13ba-47a7-b822-0a6c6efd54d2,chirp3_1,True,12.96,0.0,0.0,0.000335693359375,0.01605224609375
026cf847-2bec-45d3-a5b3-086017fffedd,chirp3_1,True,9.32,0.0,0.0,0.0013427734375,0.000213623046875
026d35d8-edf7-456a-b300-f2d89afe44ee,chirp3_1,True,5.44,0.0,0.0,0.058502197265625,0.00341796875
026d5e8c-70f9-457d-8850-98efbc07b4a6,chirp3_1,True,8.64,0.0,0.0,0.01861572265625,0.016387939453125
026d649e-8468-4e7b-ba4a-b5e7976c1138,chirp3_1,True,11.08,0.0,0.0,0.000213623046875,0.01373291015625
026d8886-c000-4b00-9e2b-a9a0eae7ea19,liva_1,False,12.6203125,0.0,0.0,0.000396728515625,0.0010986328125
026ddec2-e707-4b1c-99ac-48041f2c76ac,chirp3_1,True,6.88,0.0,0.0,0.000335693359375,0.002960205078125
026de40a-d106-473b-b228-ef26f5b87182,chirp3_2,True,3.72,0.0,0.0,0.045806884765625,0.051971435546875
026de40d-da9a-4147-9d37-b1bc0f31fcd0,chirp3_1,True,2.56,0.0,0.0,0.028594970703125,0.05230712890625
026de664-7b11-4c60-bf2f-99c81a2823cf,chirp3_2,True,6.16,0.0,0.0,0.007843017578125,0.0023193359375
026e28bc-e45b-4796-bde0-3d25e6d355d9,chirp3_1,True,2.32,0.0,0.0,0.01824951171875,0.00933837890625
026e7874-66b0-4fdf-9ddb-469bec0225ca,chirp3_2,True,8.04,0.0,0.0,0.027252197265625,0.059783935546875
026ee97a-6c56-4fe8-901b-367f79453fdb,chirp3_1,True,5.8,0.0,0.0,0.011962890625,0.025604248046875
026ef143-4bb6-4f4c-8dd1-b4ae92993841,chirp3_2,True,6.44,0.0,0.0,0.003631591796875,0.0106201171875
026f0d52-dcd0-4550-8740-84bf82beda14,chirp3_1,True,5.48,0.0,0.0,0.000213623046875,0.005462646484375
026f3f68-5e2f-46f3-b33c-68cb784188ae,chirp3_1,True,7.96,0.0,0.0,0.024169921875,0.00091552734375
026fb3b0-5951-4b66-8d3f-66ceaad5cf23,chirp3_1,True,6.56,0.0,0.0,0.045135498046875,0.01116943359375
026fbb46-1c07-42c3-bb0a-f187a7e23d83,chirp3_2,True,5.12,0.0,0.0,0.0054931640625,0.0015869140625
026fd269-4c92-42af-a382-585fb56d8f23,chirp3_1,True,4.96,0.0,0.0,0.0489501953125,0.019134521484375
026fe56e-0218-41e3-b702-edd847159b77,chirp3_2,True,5.64,0.0,0.0,0.01055908203125,0.015777587890625
026fe736-3be9-4567-86dd-eaea5249bd9d,chirp3_2,True,9.68,0.0,0.0,0.000701904296875,0.01104736328125
02702a37-7bdf-42af-a471-b7ec79073875,chirp3_2,True,6.68,0.0,0.0,0.002105712890625,0.002471923828125
02703491-1a92-4e36-b117-87cba8ed2684,chirp3_2,True,10.0,0.0,0.0,0.031829833984375,0.02392578125
027050c3-a656-46d0-9ef0-336d4f59bbad,chirp3_2,True,8.08,0.0,0.0,0.007354736328125,0.011810302734375
0270bfcc-d003-479b-aa9e-116b98c37c96,orpheus_midfiller_1,True,8.277375,0.0,0.0,0.00482177734375,0.002410888671875
02710807-4dcc-441e-9f3c-6d14228cf813,chirp3_1,True,7.64,0.0,0.0,0.008270263671875,0.00372314453125
02719d8f-942c-4aba-97fb-d26fdf60f91c,chirp3_2,True,8.2,0.0,0.0,0.000518798828125,0.000213623046875
0271e010-551f-419c-9116-0a14594117ee,chirp3_1,True,3.56,0.0,0.0,0.000396728515625,0.002899169921875
02721564-ba31-4b6f-a221-8ae033325eaa,chirp3_1,True,7.2,0.0,0.0,0.001495361328125,0.00628662109375
02728141-af58-4920-ac2c-907afc7a3e87,chirp3_2,True,8.24,0.0,0.0,0.001800537109375,0.0067138671875
02731bb3-4e1d-4a1e-a6ac-f4703234d846,chirp3_2,True,3.68,0.0,0.0,0.010223388671875,0.010284423828125
027360ce-7623-4279-9d22-02a3726b9cd6,chirp3_2,True,5.68,0.0,0.0,0.00128173828125,0.001068115234375
0273bb12-b44f-499a-8429-dbb5226fd610,chirp3_1,True,7.36,0.0,0.0,0.000152587890625,0.000335693359375
0273c33d-8c92-4547-8c4a-a68af73f3e54,chirp3_2,True,5.96,0.0,0.0,9.1552734375e-05,0.0013427734375
0273df3b-394f-42bb-84bd-8484755f1e18,midcentury_1,False,5.7793125,0.0,0.0,0.001495361328125,0.000213623046875
0274670d-c014-407b-97db-140468f014aa,chirp3_1,True,4.92,0.0,0.0,0.009979248046875,0.004608154296875
0274911c-c846-4ebb-92d7-45b9c0638f58,chirp3_2,True,3.84,0.0,0.0,0.014617919921875,0.003021240234375
0274add4-25de-48de-b5e4-4eed735f4953,chirp3_2,True,7.8,0.0,0.0,0.02911376953125,0.01953125
0274f1d1-ffb7-4eff-959e-54d7a52dff8f,chirp3_2,True,5.08,0.0,0.0,0.001434326171875,0.002593994140625
027533ed-6387-4a8d-9bea-267748477a25,chirp3_1,True,4.36,0.0,0.0,0.00048828125,0.00103759765625
0275387f-d40e-41e7-8b09-86e393e31140,chirp3_1,True,10.28,0.0,0.0,3.0517578125e-05,0.0025634765625
02754c47-27c1-49a8-82cf-4931db052931,chirp3_1,True,4.12,0.0,0.0,0.023590087890625,0.0015869140625
02755023-68b3-4e1f-b42c-c72d374e2a8f,liva_1,False,11.0619375,0.0,0.0,0.000335693359375,0.008026123046875
02755fd2-cfad-4161-afe7-5d72ddb2f85d,liva_1,False,15.87125,0.0,0.0,0.001617431640625,0.00115966796875
027580a1-0da8-4cdf-ad7a-14ecfbbf62ad,chirp3_2,True,6.28,0.0,0.0,0.0029296875,0.005218505859375
0275a0e3-e084-47e7-b58e-a13d21b6dd80,chirp3_1,True,6.6,0.0,0.0,0.008636474609375,0.0208740234375
0275b8d6-1113-4bf5-a45f-2a608f5de480,human_5,False,5.331375,0.0,0.0,0.00592041015625,0.00042724609375
0275bb2c-9432-49dc-9aa6-e8e89a80a4ae,chirp3_2,True,3.76,0.0,0.0,0.01812744140625,0.007659912109375
0275cc98-a583-4760-b426-276328297d5d,chirp3_1,True,4.84,0.0,0.0,0.00054931640625,0.003875732421875
027605fc-774f-4faf-9462-2e9e8140ca9d,chirp3_2,True,5.52,0.0,0.0,0.00189208984375,0.00213623046875
02768278-3e11-488a-8ae4-a4e111ac4e8f,chirp3_2,True,5.8,0.0,0.0,0.0023193359375,0.003692626953125
0276fd37-3a2b-4acf-bb1d-169e94e148c8,chirp3_2,True,8.96,0.0,0.0,0.007904052734375,0.003662109375
02771e6d-58eb-4fbd-a1e0-3c7cea7291f8,liva_1,False,16.0,0.0,0.0,0.001251220703125,0.001678466796875
02776b58-0af1-4f40-a04c-476d78215b5d,liva_1,False,12.384125,0.0,0.0,0.008392333984375,0.006988525390625
027771b2-12cd-44d6-93d2-7fd706593569,chirp3_1,True,6.4,0.0,0.0,0.018218994140625,0.000518798828125
027796f1-179b-4d12-ae99-ca439e076247,chirp3_1,True,5.56,0.0,0.0,0.019866943359375,0.07550048828125
027878c9-981b-4ebc-8e8e-37253263a94d,chirp3_1,True,4.4,0.0,0.0,0.004119873046875,0.002166748046875
0278b6e2-8298-4260-977c-3bb837c1374a,liva_1,False,11.212875,0.0,0.0,0.002227783203125,0.00030517578125
0278c273-eff5-46fb-8e6f-a6686882a7ca,liva_1,False,5.3905625,0.0,0.0,0.009368896484375,0.0068359375
0278dd9d-ea5e-4494-a83d-10febb208d09,chirp3_1,True,9.24,0.0,0.0,0.002227783203125,0.000640869140625
02792230-17e8-4626-ae83-ecbb27134267,chirp3_2,True,7.48,0.0,0.0,0.037261962890625,0.030731201171875
02795080-dd31-4184-a7fd-f095461989c4,liva_1,False,12.1530625,0.0,0.0,0.010894775390625,0.03271484375
02795dad-75f3-41ae-92a0-b83ee6a6d94b,midcentury_1,False,3.084,0.0,0.0,0.18389892578125,0.019866943359375
02797d0d-30b6-44bf-a928-171688075588,chirp3_1,True,4.0,0.0,0.0,0.01129150390625,0.0028076171875
02798008-e60c-4320-b4d2-d1a652ac5236,chirp3_2,True,4.08,0.0,0.0,0.001251220703125,0.005706787109375
0279f616-464c-4b84-a91a-f0e101d466e1,chirp3_1,True,5.44,0.0,0.0,0.003173828125,0.001495361328125
027a018c-93ce-4b61-8057-39c5072d1182,chirp3_1,True,8.36,0.0,0.0,0.022552490234375,0.06170654296875
027a2874-8349-486a-96a4-35260aa0fde1,chirp3_1,True,7.6,0.0,0.0,0.0023193359375,0.0008544921875
027a3cc2-0862-48e2-98d8-5015e0c91397,chirp3_1,True,8.52,0.0,0.0,0.008758544921875,0.01080322265625
027a4410-8298-4cec-9894-f0cb9d687de2,chirp3_1,True,5.08,0.0,0.0,0.003814697265625,0.0015869140625
027a518e-1185-435e-8539-b17408f30a7b,chirp3_2,True,10.76,0.0,0.0,0.017913818359375,0.010833740234375
027abf27-94b8-486d-b02c-3bf9e87ea1bb,chirp3_2,True,3.6,0.0,0.0,0.011474609375,0.02239990234375
027ac655-1628-40a2-894b-36e34570f340,chirp3_1,True,6.04,0.0,0.0,0.001129150390625,0.006622314453125
027acea2-9c75-46ab-9546-24ce6e6affc6,liva_1,False,4.1924375,0.0,0.0,0.00091552734375,0.000457763671875
027b6f67-f934-4a93-ba26-1fdc05b8fa39,chirp3_1,True,7.8,0.0,0.0,0.001373291015625,0.0133056640625
027bc438-31a1-4a8f-8372-a0fcc06b2585,mundo_1,False,7.326,0.0,0.0,0.000579833984375,0.00274658203125
027bd46f-e84b-41b0-9cdf-3feb586c4379,chirp3_1,True,13.24,0.0,0.0,0.00201416015625,0.00140380859375
027be66b-9811-4258-82c1-61d820b08c6c,chirp3_2,True,5.72,0.0,0.0,0.00762939453125,0.043609619140625
027c6767-3993-4d55-9a5e-9f1183509f69,chirp3_1,True,5.8,0.0,0.0,0.02978515625,0.023895263671875
027c97a3-afed-4d57-bc51-afdc9bb13794,chirp3_1,True,6.88,0.0,0.0,0.001922607421875,0.000701904296875
027cd88a-4fe5-4525-9177-05fba616112a,chirp3_2,True,6.88,0.0,0.0,0.006378173828125,0.0029296875
027d4f5e-c82c-4d07-a7a3-32b41a7d6b3e,chirp3_1,True,7.04,0.0,0.0,0.000244140625,0.003326416015625
027d68ba-0754-4bdc-8420-dc08432ba861,chirp3_1,True,7.44,0.0,0.0,0.0029296875,0.005767822265625
027d6977-ac03-43f9-8886-77efea29121d,chirp3_1,True,6.4,0.0,0.0,0.00518798828125,0.000701904296875
027db7a5-49ef-4cc0-9408-3f69f6549475,chirp3_1,True,7.6,0.0,0.0,0.0028076171875,0.00653076171875
027dd3c6-6273-4158-8534-dacf0455a321,chirp3_1,True,6.32,0.0,0.0,0.02386474609375,0.016448974609375
027e0792-81d6-43db-a2f3-afb7d323eaf4,chirp3_2,True,6.88,0.0,0.0,0.001068115234375,0.000244140625
027e09b1-5c97-41b2-9424-62a0c106c18e,liva_1,False,13.2698125,0.0,0.0,0.00091552734375,0.00018310546875
027e15c3-0f5c-455e-ae43-0f895b574d1d,chirp3_1,True,6.72,0.0625,0.0,0.0,0.000213623046875
027e1b65-d357-4449-94b2-66c8321c67eb,human_5,False,6.165,0.0,0.0,0.00323486328125,0.007476806640625
027e2e0e-a3aa-4cd8-ad54-656b38ea5994,chirp3_1,True,5.68,0.0,0.0,0.019012451171875,0.003143310546875
027e56c7-1297-4811-93a4-3313c34d9ce3,chirp3_1,True,7.12,0.0,0.0,0.002410888671875,0.005340576171875
027e9aa3-f6e2-4344-91eb-56becf199741,chirp3_1,True,10.0,0.0,0.0,0.009857177734375,0.04254150390625
027eced2-31d3-4403-ad91-01c66c697630,chirp3_1,True,9.2,0.0,0.0,0.0032958984375,0.000762939453125
027eeddd-400d-449a-9663-8391bbf47266,chirp3_2,True,8.8,0.0,0.0,0.014984130859375,0.00396728515625
027ef907-a592-4d37-a5ef-7b9dc8f7ecb5,chirp3_1,True,8.68,0.0,0.0,0.000579833984375,0.00164794921875
027f14af-336a-45af-abe9-e09467fec456,chirp3_2,True,9.28,0.0,0.0,0.005096435546875,0.0472412109375
027f5f4a-34bf-4b7f-897d-396647a1221d,chirp3_1,True,13.48,0.0,0.0,0.00128173828125,0.00872802734375
027f7703-95dd-40d1-a841-ea30af57db87,chirp3_1,True,11.44,0.0,0.0,0.026214599609375,0.007659912109375
027fa260-bafb-41bd-b697-47842d6d054a,chirp3_1,True,7.08,0.0,0.0,0.021209716796875,0.005462646484375
027faea2-5863-4f5f-841f-bdf90c7af57d,chirp3_1,True,6.28,0.0,0.0,0.001708984375,0.01513671875
027fc59d-8552-4a16-8da9-7c9a8f8a623c,chirp3_1,True,6.28,0.0,0.0,0.008575439453125,0.0042724609375
027fe785-39b8-4b9e-b894-1cba70958c94,chirp3_1,True,6.8,0.0,0.0,0.0072021484375,0.012298583984375
027ff6af-de78-4369-93a0-40af762e7333,chirp3_2,True,8.72,0.0,0.0,0.004302978515625,0.017578125
02802a43-c325-4b11-b76e-aa33db5601f6,rime_2,True,6.4899375,0.0,0.0,0.00799560546875,0.00732421875
02803c03-6c72-49b2-b740-7c56faf2d006,chirp3_1,True,7.24,0.0,0.0,0.015350341796875,0.00689697265625
02803f88-5a76-4162-9907-42d4139b0fb9,chirp3_1,True,5.96,0.0,0.0,0.00030517578125,0.001434326171875
02808e50-be84-4acc-8dda-2669fc6f9417,chirp3_1,True,5.56,0.0,0.0,0.00335693359375,0.013275146484375
0280f5b1-9121-4793-9da9-c57db6ed3d2c,chirp3_1,True,5.52,0.0,0.0,0.001434326171875,0.006561279296875
02812727-6bda-4f0e-b141-03c140e60659,chirp3_1,True,6.56,0.0,0.0,0.000946044921875,0.00970458984375
028130f3-3e58-4d8f-9a69-11a7f5ef6674,chirp3_1,True,6.24,0.0,0.0,0.000152587890625,0.001922607421875
02813d7d-bd50-450b-b263-534e2a062630,chirp3_2,True,14.2,0.0,0.0,0.036529541015625,0.00628662109375
02819dbb-2f34-4ee7-9730-d151a17f4125,chirp3_2,True,11.32,0.0,0.0,0.011749267578125,0.0234375
0281a3c5-de52-4c95-b996-ffd440636210,liva_1,False,5.7576875,0.0,0.0,0.00054931640625,0.002288818359375
0281cd23-cbda-42f3-8e4c-d035bcfe4f8f,chirp3_2,True,3.64,0.0,0.0,9.1552734375e-05,0.0001220703125
02822dc0-3a8c-419f-9f74-ec5be25dfdee,chirp3_1,True,10.72,0.0,0.0,0.000213623046875,0.0001220703125
02823a00-7257-4dfa-b726-cebe5444f80f,chirp3_2,True,2.88,0.0,0.0,0.002410888671875,0.002288818359375
02824033-7941-421d-8ddb-3de475b1c8c0,chirp3_1,True,3.16,0.0,0.0,0.014251708984375,0.008209228515625
02824568-38e1-443b-a706-7ea54dbee6ff,chirp3_1,True,5.12,0.0,0.0,0.00360107421875,0.004547119140625
02825a50-a586-429e-b5f0-cc9a88b7d890,chirp3_2,True,7.48,0.0,0.0,0.003692626953125,0.0118408203125
0282b6bf-537b-4efa-9709-7b35fdd2054a,chirp3_1,True,5.04,0.0,0.0,0.018096923828125,0.014312744140625
0282bcd1-7c39-439c-8e81-1fafb6613e08,chirp3_1,True,9.56,0.0,0.0,0.00335693359375,0.006378173828125
0282ed55-5c83-42c3-a3d5-e7f36d962a76,chirp3_1,True,6.16,0.0,0.0,0.003814697265625,0.00433349609375
0283dbe0-1779-4f60-9c4c-721c90c72929,chirp3_2,True,4.36,0.0,0.0,0.012115478515625,0.00726318359375
0283e3fb-b2d7-463c-a895-f905ac496e35,chirp3_2,True,17.68,0.0,0.0,0.000518798828125,0.0018310546875
028475e4-7467-4703-9867-4482507729a2,liva_1,False,12.1299375,0.0,0.0,0.00872802734375,0.004302978515625
0284b7c1-6fb0-46f8-a850-53f11888d414,chirp3_1,True,12.4,0.0,0.0,0.0283203125,0.004119873046875
02850491-7b92-4703-8193-364ce256d458,orpheus_midfiller_1,True,4.352,0.0,0.0,0.0006103515625,0.00140380859375
02856793-d72c-4e1c-88e5-0e6a8ed9daa3,chirp3_1,True,10.76,0.0,0.0,0.002960205078125,0.0333251953125
028580ff-49de-4f89-a36a-f20429fa4dee,chirp3_1,True,4.96,0.0,0.0,0.010894775390625,0.02423095703125
02859996-c84f-4531-b912-0d76dc48085d,chirp3_1,True,7.8,0.0,0.0,0.00250244140625,0.00830078125
0285a309-ce45-4138-8c83-a20f8210cc40,chirp3_1,True,9.0,0.0,0.0,0.0035400390625,0.00140380859375
02860062-bac4-44f0-95ee-77854152d8b2,chirp3_1,True,5.4,0.0,0.0,0.003021240234375,0.00408935546875
028651bb-d54e-421a-b25a-174227a72ed1,orpheus_grammar_1,True,7.253375,0.0,0.0,0.003326416015625,0.011962890625
0286789c-1f96-4a00-a164-f16bbf4ce890,liva_1,False,3.7054375,0.0,0.0,0.00750732421875,0.007720947265625
02868a65-beaf-4aed-ad36-81f95ff56339,chirp3_2,True,6.84,0.0,0.0,0.015655517578125,0.000152587890625
0286a62c-1305-489c-975e-e024ce7f5a8e,chirp3_1,True,6.64,0.0,0.0,9.1552734375e-05,9.1552734375e-05
0286f7ad-83a7-4811-bc28-a7da4be336aa,chirp3_1,True,12.12,0.0,0.0,0.03692626953125,0.07470703125
02871315-faa0-4fd4-8b2e-c25117dc3a9b,chirp3_1,True,13.6,0.0,0.0,0.00604248046875,0.006561279296875
0287333f-51e8-46e6-85aa-237d14d0143f,chirp3_1,True,8.04,0.0,0.0,0.002227783203125,0.01239013671875
02878f5f-a7b6-4d65-b23e-20d37577f087,chirp3_1,True,7.32,0.0,0.0,0.008056640625,0.00738525390625
02879042-a266-4670-af82-f8582cda9e50,midcentury_1,False,3.337,0.0,0.0,0.010528564453125,0.030181884765625
0287e12b-17ea-4d58-a66e-8c5c66549361,chirp3_1,True,13.48,0.0,0.0,0.000274658203125,0.00054931640625
0287f454-4a3d-4a00-9a10-5200bc46f0e2,liva_1,False,15.641625,0.0,0.0,0.004852294921875,0.008819580078125
0288467c-a885-41ea-a037-429c808c6978,chirp3_1,True,4.64,0.0,0.0,0.015899658203125,0.000885009765625
0288852a-9034-4dd0-aed0-ae8b9e2ddf5a,chirp3_1,True,12.2,0.0,0.0,0.0523681640625,0.01324462890625
02888c80-992b-4f57-8934-6447930ac3da,chirp3_1,True,7.52,0.0,0.0,0.000518798828125,0.00531005859375
0288d242-ac4f-4691-93fe-f4899e4278df,chirp3_1,True,6.76,0.0,0.0,0.001190185546875,0.0213623046875
0288d5de-4fc2-4ea2-941a-6c6ee1d557c3,chirp3_1,True,2.84,0.0,0.0,0.00848388671875,0.027069091796875
0288e31c-7794-4a90-ae2c-4562fe40f034,chirp3_2,True,8.04,0.0,0.0,0.017730712890625,0.031585693359375
02891646-ccd7-4007-b484-134f9ed682e1,chirp3_2,True,4.68,0.0,0.0,0.010467529296875,0.004364013671875
02895185-3d12-43ee-a600-c48a23812991,chirp3_2,True,8.0,0.0,0.0,0.0048828125,0.009857177734375
0289f219-3efe-4e68-b9d4-cfb2f85b301f,chirp3_1,True,8.8,0.0,0.0,0.005035400390625,0.01458740234375
028a399d-2a69-4172-8fb3-8b796dad33b1,chirp3_2,True,6.76,0.0,0.0,0.003448486328125,0.00433349609375
028a47ea-21c3-4371-ae98-f48531ab0c53,chirp3_1,True,10.6,0.0,0.0,0.0499267578125,0.098388671875
028a4dfd-01d7-47bf-8a4b-1a1cee6d7959,chirp3_2,True,10.4,0.0,0.0,6.103515625e-05,0.011138916015625
028a4f8f-2a78-45d1-96e6-ad431aa22c6c,liva_1,False,11.1828125,0.0,0.0,0.005584716796875,0.0015869140625
028a4fa0-29b4-494c-9cd0-2c4e97e8fae8,chirp3_2,True,7.84,0.0,0.0,0.037109375,0.011932373046875
028ab7d4-8ba2-4a19-b244-78c1a7015cca,midcentury_1,False,7.14,0.0,0.0,0.077850341796875,0.005889892578125
028aedd9-ea34-44ae-9e21-7c042f280636,liva_1,False,12.596,0.0,0.0,0.00048828125,0.000823974609375
028b126b-7438-4da0-9b97-20902fcff5a3,liva_1,False,12.6395,0.0,0.0,0.0762939453125,0.03961181640625
028b3298-b485-419b-b1d1-839184bd7bab,chirp3_1,True,5.36,0.0,0.0,0.000823974609375,0.0003662109375
028ba8fb-9a29-4ffd-9a4a-122a7313afa1,chirp3_1,True,11.76,0.0,0.0,0.00030517578125,0.010406494140625
028bbf99-69a5-414f-9d77-f38aed830809,chirp3_1,True,5.32,0.0,0.0,0.00408935546875,0.00457763671875
028c0754-bc14-4083-a282-9084f734a0b4,chirp3_1,True,14.72,0.0,0.0,0.000885009765625,0.000335693359375
028c25c2-9f46-42d9-bea2-2827093eda09,chirp3_1,True,9.04,0.0,0.0,0.00482177734375,0.001190185546875
028c73a1-b0ca-433a-8dd5-d3abb959baec,chirp3_1,True,5.56,0.0,0.0,0.001495361328125,0.0001220703125
028c8187-18b9-48c4-81bc-73b44fc51c40,chirp3_1,True,4.32,0.0,0.0,0.00189208984375,0.01318359375
028cb4eb-2cd1-4dbd-843b-93ade2f8bbbf,chirp3_1,True,12.24,0.0,0.0,0.005584716796875,0.00433349609375
028cc13a-67f1-4fea-b59e-2d9e847e6785,chirp3_1,True,8.76,0.0,0.0,0.010223388671875,0.035552978515625
028cd943-67df-42d2-8f3c-0ca3306b741f,midcentury_1,False,4.002,0.0,0.0,0.042327880859375,0.00140380859375
028ce026-9231-4969-af37-0b742007d7ba,chirp3_1,True,5.68,0.0625,0.0625,0.0,0.0
028ce7dc-896f-4ad9-b9f3-2252edcadb13,liva_1,False,11.416,0.0,0.0,0.002349853515625,0.0029296875
028d027f-f98c-4699-8f99-da224358168b,chirp3_1,True,5.16,0.0,0.0,0.01434326171875,0.01055908203125
028d82a2-ab7d-4553-95a0-e2f164bb65fe,chirp3_1,True,10.92,0.0,0.0,0.006591796875,0.00164794921875
028df1ad-8a11-4638-b703-27b03f416e7c,liva_1,False,12.0045625,0.0,0.0,0.00128173828125,0.000701904296875
028e5119-7ca4-41ef-a1f0-e0ce9d8889ef,chirp3_1,True,9.28,0.0,0.0,0.00067138671875,0.00238037109375
028e65ea-eff9-44b8-8af5-2376bafffc61,chirp3_1,True,12.44,0.0,0.0,0.00311279296875,0.000457763671875
028eaaa2-95a9-4bcb-b3bc-a5ba181a3c59,liva_1,False,14.3335,0.0,0.0,0.005279541015625,0.002838134765625
028f26b8-86b0-4aaf-aa4c-57e4f9a00450,chirp3_1,True,4.4,0.0,0.0,6.103515625e-05,0.005615234375
028fb17a-fcb1-4db5-a021-6044afba66a6,chirp3_1,True,8.44,0.0,0.0,0.002471923828125,0.032684326171875
028fcf31-b8c1-44b1-9c61-19978469fb72,chirp3_2,True,11.08,0.0,0.0,0.002960205078125,0.000335693359375
028fe65c-6db3-4b15-a1c7-1b4f05f5920b,chirp3_1,True,5.92,0.0,0.0,0.069427490234375,0.0037841796875
02900f4e-f581-470d-8aea-0404c5912458,chirp3_2,True,3.12,0.0,0.0,0.00225830078125,0.018829345703125
02901397-cae0-43ae-b21c-1bb22c60c2c9,chirp3_1,True,6.52,0.0,0.0,0.006439208984375,0.005523681640625
02906243-bea1-43be-b58f-46d85bec5e7d,chirp3_1,True,2.76,0.0,0.0,0.010284423828125,0.00653076171875
0290696a-9350-4fd8-b56a-35e5e7df4aba,chirp3_1,True,6.56,0.0,0.0,0.000335693359375,0.002410888671875
02907172-296e-4961-bda9-a99900823356,chirp3_1,True,7.12,0.0,0.0,0.0028076171875,0.002838134765625
02907799-64c8-476d-8f79-bcaf4e8c247d,liva_1,False,16.0,0.0,0.0,0.005218505859375,0.00018310546875
0290aae2-9337-4ae2-a4b9-044406206949,chirp3_1,True,8.68,0.0,0.0,0.024627685546875,0.013702392578125
0290cc8e-98e8-459f-ba58-2519301d7d5b,human_5,False,3.85175,0.0,0.0,0.00372314453125,0.000396728515625
02910e05-39a0-4697-946e-fa51119c1b35,liva_1,False,13.39625,0.0,0.0,0.00335693359375,0.003448486328125
02911a2d-3522-40bd-b49e-ebc41735c456,chirp3_2,True,9.36,0.0,0.0,0.00067138671875,9.1552734375e-05
02912cbb-00b7-463d-a7d2-ffcdb8c23878,midcentury_1,False,3.0,0.0,0.0,0.006744384765625,0.003662109375
02913d36-4325-4943-8573-d8e177b01a6d,human_5,False,5.9075,0.0,0.0,0.010345458984375,0.004486083984375
02916749-51d3-4dd7-a90e-1c0b6961910f,chirp3_2,True,4.0,0.0,0.0,0.00128173828125,0.007049560546875
0291a592-6c7b-4a48-8847-774bf254d0f3,liva_1,False,10.504125,0.0,0.0,0.000335693359375,0.00018310546875
0291af25-6619-4b42-ab0f-3425e56047c0,liva_1,False,9.6683125,0.0,0.0,0.003570556640625,0.026092529296875
0291dcf6-b8a3-492f-888f-06a3023ab2ef,chirp3_1,True,10.16,0.0,0.0,0.022613525390625,0.00018310546875
0291e647-7828-47a8-aae2-84ca65bbfec6,liva_1,False,12.1626875,0.0,0.0,0.003936767578125,0.01861572265625
0291e915-4f07-486c-b69b-3f5ec3743c14,liva_1,False,12.165625,0.0,0.0,0.017791748046875,0.015899658203125
02920c8d-12db-4772-aaf5-db6fdee8d327,chirp3_2,True,5.28,0.0,0.0,0.00872802734375,0.0091552734375
02923d4c-f420-469c-81e6-403f6b0dc2bb,mundo_1,False,4.295,0.0,0.0,0.00396728515625,0.00408935546875
02923e35-8c7b-4e63-8fdf-cbc618f6c7e3,chirp3_2,True,9.28,0.0,0.0,0.05316162109375,0.01251220703125
029283a5-8891-492b-aba2-ad6babdf2f2d,chirp3_2,True,7.12,0.0,0.0,0.000457763671875,0.00042724609375
0292abe8-6239-48fe-82ab-bc85b50adf1d,chirp3_2,True,6.96,0.0,0.0,0.002593994140625,0.0126953125
02930977-1952-47d4-a125-b2e36f3b77d1,chirp3_2,True,4.32,0.0,0.0,0.000335693359375,0.00048828125
029316ba-60a6-4a22-93e4-7f8ece82bbd1,chirp3_1,True,8.84,0.0,0.0,0.018280029296875,0.00018310546875
0293170e-1c9f-47c5-a4cd-469baf66e1ea,chirp3_1,True,12.12,0.0,0.0,0.00146484375,0.00103759765625
02933393-a324-4b0b-8635-455fa757e864,chirp3_1,True,12.24,0.0,0.0,6.103515625e-05,0.00067138671875
029336c9-b045-4c41-bcce-b317f7106b0e,chirp3_2,True,6.44,0.0,0.0,0.00384521484375,0.00469970703125
0293fcf9-608b-4fab-9960-ba91d2e920ee,liva_1,False,10.4285,0.0,0.0,0.048126220703125,0.03759765625
0294623c-d4e3-4045-b023-527dd47055ef,chirp3_1,True,9.24,0.0,0.0,0.006195068359375,0.00421142578125
02947a5f-143b-4910-a183-3c482c44e77f,chirp3_1,True,5.08,0.0,0.0,0.002166748046875,0.001953125
02949e27-7d1b-4316-81e2-fe0a2ff626b8,chirp3_1,True,4.68,0.0,0.0,0.00030517578125,0.000274658203125
0294b28a-f48b-4307-9ad1-f31f018961b7,liva_1,False,12.9853125,0.0,0.0,0.008697509765625,0.0006103515625
0294df5b-d837-4073-8650-5fd1d4d3dcac,chirp3_1,True,6.88,0.0,0.0,0.000244140625,0.00439453125
02950634-834e-4e64-8bc5-f2e09f170ca6,chirp3_1,True,5.52,0.0,0.0,0.004058837890625,0.000732421875
02951554-1d86-437a-8a6c-c772ec10ded5,chirp3_2,True,7.08,0.0,0.0,0.00067138671875,0.00067138671875
0295695f-dc27-40b7-b608-b4559538a6a5,liva_1,False,8.575,0.0,0.0,0.025665283203125,0.0062255859375
02957a44-56ad-448e-bc19-7abe33f8957e,chirp3_2,True,5.52,0.0,0.0,0.02783203125,0.019073486328125
0295928d-5e33-41c4-972f-a991cc0f3a74,chirp3_1,True,4.2,0.0,0.0,0.000274658203125,0.000274658203125
0295bd1e-9100-4c2e-a7f1-86134671f0af,chirp3_2,True,6.2,0.0,0.0,0.001190185546875,0.011383056640625
0295eb17-4a66-4a83-a6c7-658303d6faa6,chirp3_1,True,4.0,0.0,0.0,0.002960205078125,0.001800537109375
0295ed66-d737-44a3-8be7-cd375b79cc62,chirp3_1,True,5.68,0.0,0.0,0.00115966796875,0.001953125
029655ee-efed-44ef-a2e3-9f65fd55aef2,chirp3_1,True,10.2,0.0,0.0,0.00030517578125,0.006317138671875
029660bf-9a65-43d6-ab85-4b1e34e54000,chirp3_1,True,4.24,0.0,0.0,0.009063720703125,0.08258056640625
029668f9-3187-42f8-8da0-70f579f1c5f4,liva_1,False,3.4216875,0.0,0.0,0.000396728515625,0.00225830078125
0296bd33-e81b-4e51-85d7-6d1cd0fe84f8,chirp3_1,True,14.48,0.0,0.0,0.00262451171875,0.02947998046875
0296ecc4-a489-4501-bf94-d37970134c57,chirp3_2,True,4.36,0.0,0.0,0.028717041015625,0.008209228515625
029746ac-9eba-4322-8990-6749d8aca907,chirp3_1,True,5.8,0.0,0.0,0.005462646484375,0.031097412109375
02975ba9-e50e-444b-9731-694f8c96d6f8,chirp3_1,True,5.32,0.0,0.0,0.00048828125,0.000244140625
02979ce7-e481-46a8-990b-4e0b0fd705df,chirp3_1,True,8.8,0.0,0.0,0.00506591796875,0.0050048828125
0297af96-6096-41c0-9c53-e30ba540f551,chirp3_1,True,6.28,0.0,0.0,0.00604248046875,0.001708984375
0297e3f8-0d74-40d3-9d8d-e31943368eba,rime_2,True,7.325875,0.0,0.0,0.0042724609375,0.037261962890625
0297efe2-82f1-46ed-bde4-1ea2dc7990d6,chirp3_1,True,7.2,0.0,0.0,0.003753662109375,0.03790283203125
029805ea-354d-403a-9c71-27214c796a7d,chirp3_1,True,8.68,0.0,0.0,0.004425048828125,0.000274658203125
0299e665-cc84-4605-b7d6-c2b8ed7cb5eb,chirp3_1,True,10.96,0.0,0.0,0.0037841796875,0.01007080078125
0299ef40-18f3-492b-bedb-5b3ba1ac3ed4,chirp3_2,True,5.96,0.0,0.0,0.00994873046875,0.001708984375
0299f36d-4746-4687-a61a-d9b3646efe37,human_5,False,9.2266875,0.0,0.0,0.004669189453125,0.027923583984375
029a4c5a-6e54-40b5-b3b5-d8f020af11c6,chirp3_2,True,3.36,0.0,0.0,0.010101318359375,0.00311279296875
029a77fb-a0ff-4c00-bbe6-852937c3d288,chirp3_1,True,8.2,0.0,0.0,0.0010986328125,0.0001220703125
029b0143-19f6-4390-91b5-65a019205fca,liva_1,False,3.4439375,0.0,0.0,0.0064697265625,0.00689697265625
029b58ff-d5ec-456b-9ba4-725ac2c47fda,chirp3_1,True,5.4,0.0,0.0,0.0030517578125,0.0150146484375
029b6b3d-efb7-471f-bb5d-e08c32acd075,chirp3_2,True,8.12,0.0,0.0,0.0244140625,0.02606201171875
029b8afd-1ece-4a94-84d8-d6e25443d911,chirp3_1,True,5.88,0.0,0.0,0.0150146484375,0.0010986328125
029bb9aa-8091-4bbd-bdd6-55acd33c3fcf,chirp3_1,True,6.52,0.0,0.0,0.00347900390625,0.004302978515625
029c15b4-3479-49ed-9e39-19444abf573f,chirp3_1,True,4.48,0.0,0.0,0.00433349609375,0.001434326171875
029c1c48-70b9-48b1-9f5a-af85b9fa0c18,chirp3_2,True,4.68,0.0,0.0,0.00543212890625,0.00274658203125
029caa66-d0a9-4233-8c4a-d8c404fe20bc,chirp3_1,True,5.2,0.0,0.0,0.014495849609375,0.01043701171875
029cae0c-11d9-4a9d-84e0-4bff8a575d94,chirp3_1,True,4.24,0.0,0.0,0.003631591796875,0.002166748046875
029d0d1c-1ef8-48c3-90bb-c381758a1b55,chirp3_1,True,8.44,0.0,0.0,0.001251220703125,0.000213623046875
029d5670-a4bc-4b34-8eba-cc382d766399,chirp3_1,True,7.8,0.0,0.0,0.024017333984375,0.001617431640625
029d679f-4723-4914-9f80-fbe44cc9a165,liva_1,False,10.770875,0.0,0.0,0.042022705078125,0.03741455078125
029d7147-cc3e-4593-b8c3-142361e55df3,chirp3_1,True,8.6,0.0,0.0,0.004852294921875,0.01300048828125
029d7438-2e46-4687-800b-44933fb0deb2,chirp3_2,True,3.48,0.0,0.0,0.00030517578125,0.00128173828125
029d77c2-f2bc-4a5e-a317-c6a0d1b59089,chirp3_2,True,6.2,0.0,0.0,0.002593994140625,0.0040283203125
029dfeb5-db74-4c7d-b66b-2fb3856ab63b,chirp3_1,True,7.48,0.0,0.0,0.000823974609375,0.00067138671875
029e4c5d-1ccf-4bbf-aec5-4b4eabeb7f36,midcentury_1,False,3.6931875,0.0,0.0,0.0009765625,0.00079345703125
029e6b04-bbd6-42f5-bad9-c02fb1149050,chirp3_1,True,4.24,0.0,0.0,0.00213623046875,0.001556396484375
029e7c1a-eab4-4ad3-a374-2fc3bfb29e90,chirp3_1,True,5.4,0.0,0.1875,6.103515625e-05,0.0
029e7f7e-3fdd-404f-b6f7-d08de87f3592,rime_2,True,6.73375,0.0,0.0,0.012725830078125,0.026153564453125
029e917c-8862-4308-b0b1-8d1cb4948402,chirp3_1,True,8.32,0.0,0.0,0.00054931640625,6.103515625e-05
029eb206-474c-4568-83cb-1dddcc26ad4f,chirp3_2,True,4.0,0.0,0.0,0.000213623046875,0.000762939453125
029f48b2-b6d9-4ab9-896d-ed33655b7d70,chirp3_2,True,8.8,0.0,0.0,0.021759033203125,0.009063720703125
029f7538-a881-4a75-a04d-15150059b12c,liva_1,False,16.0,0.0,0.0,0.04095458984375,0.00103759765625
029f8fc6-04e1-491f-bc31-dc283440201b,chirp3_1,True,10.04,0.0,0.0,0.003814697265625,0.0069580078125
029fdc0f-9e6c-4302-8456-188a21a00b8d,chirp3_1,True,9.12,0.0,0.0,0.054718017578125,0.0184326171875
029fed04-f40e-4c7c-bc02-ecf148aedf95,orpheus_grammar_1,True,1.877375,0.0,0.0,0.000457763671875,9.1552734375e-05
02a01010-0aca-4ba7-b179-bd4630412985,chirp3_1,True,5.84,0.0,0.0,0.002349853515625,0.001068115234375
02a04a0f-e07b-4b1d-acac-069097391c7b,chirp3_1,True,6.2,0.0,0.0,0.00946044921875,0.019439697265625
02a0638b-8667-483c-b453-fe5e612c2781,chirp3_2,True,5.48,0.0,0.0,0.01226806640625,0.01312255859375
02a06667-ad24-437d-806f-4d53f9307c7d,chirp3_2,True,7.0,0.0,0.0,0.002899169921875,0.008148193359375
02a07193-1f14-4461-8503-9440760fe96f,chirp3_1,True,9.0,0.0,0.0,0.001129150390625,0.000579833984375
02a0c579-76d7-452a-84b0-8148937943e5,chirp3_1,True,5.92,0.0,0.0,6.103515625e-05,0.00030517578125
02a0cb21-76ad-4883-9d1d-d66606f8c144,chirp3_1,True,9.68,0.0,0.0,0.047943115234375,0.040496826171875
02a1039a-7331-4a45-bd7c-c44123d74cd0,chirp3_1,True,12.2,0.0,0.0,0.00140380859375,0.002410888671875
02a13cde-73a7-4ccf-a914-8a92d8f57375,chirp3_1,True,5.8,0.0,0.0,0.0001220703125,0.00048828125
02a1fba3-a391-49d5-a600-13ca9c411727,rime_2,True,6.1880625,0.0,0.0,0.009124755859375,0.01580810546875
02a24415-21fa-482d-a4e6-0b5f7a1e9191,chirp3_1,True,6.64,0.0,0.0,0.00128173828125,0.003082275390625
02a27c68-fd4a-4d18-b27e-c074a9b78dbc,chirp3_1,True,4.48,0.0,0.0,0.002410888671875,0.00372314453125
02a2c759-d268-4e56-926f-e12ab625fdf6,chirp3_2,True,7.16,0.0,0.0,0.00421142578125,0.000732421875
02a2e789-e2b6-4a34-ad9f-59f831016d99,chirp3_1,True,9.88,0.0,0.0,0.006072998046875,0.061981201171875
02a31556-7527-4957-86c2-c7bac5322d66,chirp3_1,True,14.12,0.0,0.0,0.0416259765625,0.022796630859375
02a326f0-1eed-479d-8b0c-dda2dabaee67,chirp3_1,True,10.56,0.0,0.0,0.01446533203125,0.014678955078125
02a35437-4039-42e6-b2f6-1db684367a78,chirp3_2,True,4.96,0.0,0.0,0.000946044921875,0.001373291015625
02a3850f-6946-4e5c-9d20-e49e15ce0c9b,chirp3_1,True,9.28,0.0,0.0,0.02276611328125,0.010406494140625
02a38aec-b744-485c-a9fd-81ae5cba42da,chirp3_1,True,6.88,0.0,0.0,0.000335693359375,0.001220703125
02a453da-0f1d-4580-b007-ed0242702ac9,rime_2,True,6.0139375,0.0,0.0,0.029327392578125,0.022369384765625
02a45d4c-d6f0-4032-b434-6a1f1303ce09,rime_2,True,7.9295625,0.0,0.0,0.000823974609375,0.00018310546875
02a46943-e4d7-4313-aa4a-1ac845ea14e9,chirp3_2,True,4.36,0.0,0.0,0.01251220703125,0.008758544921875
02a5695e-a7a2-4685-a0cb-99287392cab1,chirp3_1,True,5.2,0.0,0.0,0.010101318359375,0.033538818359375
02a59b84-9fc0-40b8-89d7-a7ab8ba8e6f9,chirp3_1,True,14.0,0.0,0.0,0.023040771484375,0.006988525390625
02a5a1ec-4f15-42bd-afc6-8ccb69043b80,rime_2,True,6.3158125,0.0,0.0,0.001129150390625,0.00982666015625
02a63bf2-41f9-4238-8407-a7f897fd1805,chirp3_1,True,7.04,0.1875,0.0,0.0,0.00048828125
02a66e36-e341-4b79-8de3-ce9b820647dc,chirp3_1,True,10.4,0.0,0.0,0.0084228515625,0.00738525390625
02a68df9-82d4-4afe-ae73-f3f66df8ae92,chirp3_1,True,3.8,0.0,0.0,0.000152587890625,0.00286865234375
02a6ffb4-071c-4fe6-becf-b1dae38a3b54,liva_1,False,16.0,0.0,0.0,0.007568359375,0.0020751953125
02a7203a-6181-4eaf-ba89-bf1b2c353251,midcentury_1,False,5.429,0.0,0.0,0.002685546875,0.010711669921875
02a8309a-bbe4-4cd8-9dca-f7288fae2986,chirp3_1,True,4.48,0.0,0.0,0.016143798828125,0.00506591796875
02a8a4f5-fbcf-4516-8494-a72c1ceee942,chirp3_1,True,10.6,0.0,0.0,0.04510498046875,0.03704833984375
02a94efc-411b-4c9c-b307-c9f9aeee33d6,chirp3_1,True,8.08,0.0,0.0,0.001007080078125,0.000823974609375
02a9517f-80c9-4ee1-8df0-2ebbe578728a,chirp3_2,True,10.12,0.0,0.0,0.0015869140625,0.00396728515625
02a9ef06-4ee0-4c0d-acad-838d66948023,chirp3_1,True,3.8,0.0,0.0,0.034271240234375,0.014190673828125
02aa1bfc-72d5-451a-a2c3-cee9d0121cb2,chirp3_1,True,6.56,0.0,0.0,0.001373291015625,0.0023193359375
02aacbf6-a6fa-46f1-b399-ab20e0fc8d10,chirp3_1,True,2.2,0.0,0.0,0.01177978515625,0.011627197265625
02aad541-c0d2-4540-88af-9dad152afbc0,chirp3_2,True,3.96,0.0,0.0,0.02386474609375,0.0003662109375
02ab1000-d576-43ca-a668-d271fc2b193b,liva_1,False,10.3536875,0.0,0.0,0.004119873046875,0.00390625
02ac0c26-b271-402b-95f1-e8cbd70c62fd,chirp3_1,True,8.56,0.0,0.0,0.000762939453125,0.000335693359375
02ac129c-361e-4be0-8321-b8ec36070b64,chirp3_2,True,8.64,0.0,0.0,0.0133056640625,0.00469970703125
02ac1ba1-8e44-4226-88c3-73bc837916a3,chirp3_1,True,7.44,0.0,0.0,3.0517578125e-05,0.000213623046875
02ac9257-d677-49be-8c26-1d505becae13,midcentury_1,False,3.071,0.0,0.0,0.158660888671875,0.002410888671875
02acbad9-3466-4c96-bd1b-96e87ab7a5d9,chirp3_1,True,7.08,0.0,0.0,0.00482177734375,0.015716552734375
02acd8af-9151-483f-9dec-f4d5186231a1,chirp3_2,True,13.72,0.0,0.0,0.003509521484375,0.003326416015625
02ad2126-0c78-4cac-9474-50d12f2b7ff2,chirp3_2,True,3.76,0.0,0.0,0.002532958984375,0.00494384765625
02ad361d-128a-4e40-982c-7d38690e4971,chirp3_1,True,7.48,0.0,0.0,0.00506591796875,0.011444091796875
02ad4a26-ee08-4f9d-9cc5-342ca1be61b7,chirp3_2,True,5.32,0.0,0.0,0.015106201171875,0.003631591796875
02adc34e-f689-4c8b-bb03-5f48774d0b0d,chirp3_2,True,6.04,0.0,0.0,6.103515625e-05,6.103515625e-05
02add9ac-17fe-41e4-b453-754057d37f08,liva_1,False,14.018875,0.0625,0.0,0.0,0.00054931640625
02aeb14e-3c2e-4dc0-99ca-a6286fdaf22c,chirp3_1,True,7.16,0.0,0.0,0.009796142578125,0.0054931640625
02af460a-3065-4de9-b44f-0efde618ebc5,human_convcollector_1,False,4.6511875,0.0,0.0,0.306640625,0.005950927734375
02af8501-83d9-47e5-95b2-f35fa0528fb7,midcentury_1,False,3.213,0.0,0.0,0.01275634765625,0.039520263671875
02afbac5-98db-43df-86ef-d859cfd8833b,liva_1,False,12.77975,0.0,0.0,0.002197265625,0.006317138671875
02b00570-11d6-4739-8c41-9a3f6f3b56b0,orpheus_grammar_1,True,6.4,0.0,0.0,0.000579833984375,0.001556396484375
02b00ffc-606d-4d08-8f68-8d6238f32c1e,chirp3_1,True,13.16,0.0,0.0,0.019134521484375,0.01202392578125
02b0455c-bcf2-48af-a38c-bcf78bc37008,chirp3_1,True,3.04,0.0,0.0,3.0517578125e-05,0.000274658203125
02b06078-22e0-42f6-832b-3b69c2718c29,chirp3_2,True,7.28,0.0,0.0,0.00042724609375,0.009368896484375
02b0a7df-fb43-4c8d-b087-202a3fffdebd,chirp3_2,True,6.84,0.0,0.0625,0.000274658203125,0.0
02b10845-a560-4b3d-a05d-a1e3d17fc99a,chirp3_2,True,7.12,0.0,0.0,0.006500244140625,0.0006103515625
02b10c58-a7ce-4384-8811-bbfebf098ba8,chirp3_1,True,3.88,0.0,0.0,0.021942138671875,0.021820068359375
02b14cfb-c8e0-49bb-8a90-17bd1ea11873,liva_1,False,12.87175,0.0,0.0,0.01483154296875,0.004852294921875
02b19e89-9735-47e0-b874-f69e6b8dae15,liva_1,False,10.2784375,0.0,0.0,0.002685546875,0.001617431640625
02b1a4d5-ba3e-4e4f-bb33-a57e8507b9e8,chirp3_1,True,6.04,0.0,0.0,0.045928955078125,0.0286865234375
02b1a631-70ae-454b-ac69-03fa5332b9b5,chirp3_1,True,9.64,0.0,0.0,0.001007080078125,0.01312255859375
02b24f2a-66fb-4bfb-902f-a3cd92f83d7d,chirp3_1,True,6.4,0.0,0.0,0.0057373046875,0.000732421875
02b2879d-4181-43b6-bdb8-0a84f126d078,chirp3_1,True,5.56,0.0,0.0,0.001800537109375,0.000885009765625
02b29d5b-f30a-4d1a-bf81-bf9bd43dcc74,chirp3_1,True,6.08,0.0,0.0,0.00189208984375,0.000579833984375
02b34833-268d-4246-b04c-8dc7e6595c7d,chirp3_2,True,11.96,0.0,0.0,0.00103759765625,0.00177001953125
02b383a5-0096-48f9-831c-890fe9e99dab,chirp3_1,True,6.28,0.0,0.0,3.0517578125e-05,9.1552734375e-05
02b3ab13-83cc-4305-97f0-e3ba639f6181,midcentury_1,False,4.18075,0.0,0.0,0.026153564453125,0.0433349609375
02b3b69a-ee5f-4cdd-b835-6af48e0da9f8,chirp3_2,True,9.04,0.0,0.0,0.0018310546875,0.00146484375
02b3ba8d-341c-4ed9-a18d-364277cd447a,midcentury_1,False,3.9310625,0.0,0.0,0.004608154296875,0.039398193359375
02b3cac4-877e-47cb-900e-3c667fe62688,chirp3_2,True,7.52,0.0,0.0,0.000701904296875,0.0006103515625
02b3e685-2758-4411-8b8a-e3927517e6a1,chirp3_1,True,6.88,0.0,0.0,0.006134033203125,0.00054931640625
02b41379-ecc6-42f1-8064-dc9cef5bd4a5,chirp3_2,True,7.0,0.0,0.0,0.01708984375,0.00482177734375
02b4863d-aadb-4a87-afa9-dc8c57bf3a59,chirp3_1,True,4.28,0.0,0.0,0.012725830078125,0.0059814453125
02b53aa2-f14f-439e-b04a-6f0478d7a110,liva_1,False,11.3535,0.0,0.0,0.000274658203125,0.003509521484375
02b5c494-b748-4deb-bb52-0371743983f0,chirp3_1,True,6.12,0.0,0.0,0.011932373046875,0.050506591796875
02b5dd2d-6fd9-40c2-816c-abcf90b6a62c,chirp3_2,True,8.44,0.0,0.0,0.000244140625,0.00030517578125
02b5de93-d24a-4036-9e24-7ea623c31f5e,liva_1,False,9.321125,0.0,0.0,0.00848388671875,0.00616455078125
02b62355-7be2-4b44-9253-4b69a9829af9,human_5,False,6.44,0.0,0.0,0.004974365234375,0.001129150390625
02b628d5-e34a-43db-8236-832e0980e4c0,chirp3_1,True,4.84,0.0,0.0,0.0001220703125,0.001708984375
