id,pred_A,pred_B,pred_C,dpred_AB,dpred_AC,dpred_BC
00006fe3-5331-4db2-b30e-65affe00cfbe,0.486812190661416,0.486812190661416,0.5984396978474775,0.0,0.11162750718606151,0.11162750718606151
000081dd-b6dc-420c-be34-57bd8224c18f,0.6120139040402334,0.6222612045212553,0.6684002603795628,0.01024730048102196,0.056386356339329424,0.046139055858307465
0000abee-a101-4a2f-bdb5-aecae1187830,0.2840553564398099,0.25784439347089766,0.4155723545441606,0.026210962968912233,0.1315169981043507,0.15772796107326292
0001e47c-ff52-46ca-8368-380f2a052bed,0.33328487427736986,0.32635741602743584,0.3576600194987797,0.006927458249934015,0.024375145221409822,0.03130260347134384
00021667-9e19-4e6b-8f5c-af600d298b73,0.6627134751112468,0.6425883300638345,0.6891758895151432,0.020125145047412252,0.026462414403896406,0.04658755945130866
00027097-da25-4c47-a43a-5c5d2ffe17d3,0.763118537207045,0.7639835987639918,0.7268950172405569,0.0008650615569467668,0.036223519966488094,0.03708858152343486
0002ae75-9228-4230-a2df-2040db3507f6,0.6964912059469957,0.6936661549491998,0.6998132416557256,0.0028250509977958416,0.003322035708729909,0.006147086706525751
0002e1f1-d00e-4063-816a-c42932faccb2,0.5348985623909135,0.5298575239840017,0.48291182674434013,0.005041038406911835,0.05198673564657336,0.04694569723966152
0002ee44-0df6-4260-afde-5782d3d2b13c,0.39602814362589184,0.4401491492397517,0.6693716025408409,0.04412100561385984,0.2733434589149491,0.22922245330108926
000309d6-6d8c-442e-962a-168c4354ee17,0.5666575776746001,0.5858134958932695,0.7783382833690526,0.019155918218669354,0.21168070569445252,0.19252478747578317
00031c38-c73a-45c0-af61-b99fd7230fb4,0.5042390044252272,0.49709094365085105,0.3308110198501435,0.00714806077437613,0.17342798457508368,0.16627992380070755
000370e9-9e71-4079-8030-079044dd5c01,0.3536848199005575,0.3485623841159755,0.5840496578416248,0.005122435784581991,0.23036483794106727,0.23548727372564926
000395cd-4871-4827-ba7c-0bf3ab6ef0ac,0.3258212554285092,0.3258212554285092,0.6215779575410454,0.0,0.2957567021125362,0.2957567021125362
00041845-3075-4939-b22a-e158d6e286d4,0.12236772565504771,0.12236772565504771,0.30953906568103823,0.0,0.1871713400259905,0.1871713400259905
00042d88-194b-4dd9-b57b-ff58195704c3,0.3174279358981435,0.3174279358981435,0.45118883788334957,0.0,0.13376090198520607,0.13376090198520607
00042d89-9bd0-4c19-afb8-7373ec57f30e,0.5085960708113784,0.5145740628939488,0.5446124339420947,0.005977992082570438,0.03601636313071632,0.030038371048145884
00043f22-043b-4c18-a5b0-40b85d771df1,0.49404879798942014,0.49404879798942014,0.553397395094299,0.0,0.05934859710487883,0.05934859710487883
00054cf4-e4a9-498a-8816-41dd0c69ca3b,0.7200536608599231,0.710659093919333,0.7254944549001079,0.009394566940590043,0.0054407940401848265,0.01483536098077487
00058036-56ee-411f-9c3b-cfb6c3de6215,0.6278978740028847,0.6342661145162554,0.9015405368054064,0.006368240513370704,0.2736426628025217,0.267274422289151
0005bf20-0d33-428e-bae0-f45b758ceefd,0.48140233121457765,0.4390312220362001,0.5272955750874543,0.04237110917837755,0.04589324387287663,0.08826435305125419
0005c7c1-415f-4a12-a226-ad49724f4582,0.3078089394216603,0.29675121117445097,0.39897373451412727,0.011057728247209353,0.09116479509246694,0.1022225233396763
0005f00b-437a-42f6-b057-603f4bfad2c4,0.7582388490339964,0.7582388490339964,0.7201029639256122,0.0,0.03813588510838417,0.03813588510838417
0005f388-7ed9-4700-ae5f-0a15059a02dc,0.714541067640647,0.6873822046590011,0.5587806262464798,0.027158862981645826,0.15576044139416712,0.1286015784125213
0006b31b-e955-4346-bc62-1966fec6f549,0.614233988384534,0.560577231886551,0.8212714868634672,0.05365675649798307,0.20703749847893316,0.26069425497691623
0006c6b0-9b19-461f-8517-ff8b494d558a,0.2521096859847797,0.23562499947566054,0.3201583810544101,0.016484686509119134,0.0680486950696304,0.08453338157874954
0006e83b-da40-4c89-9684-2608baaeb7fb,0.5917105255623061,0.5888699414746124,0.4138608661544139,0.0028405840876937205,0.17784965940789216,0.17500907532019844
0006f11b-252e-44ed-857f-470e29cc475d,0.4014847315764915,0.39851834598514063,0.6835587461591427,0.002966385591350873,0.2820740145826512,0.28504040017400206
00075fff-65af-40d7-a609-080d7b773e36,0.47741847191823544,0.5000120330753725,0.7274199503057779,0.02259356115713701,0.25000147838754244,0.22740791723040543
00079349-93fc-49fa-9cfa-07b578b6e6e8,0.5598417293777004,0.5770895895887443,0.36143180223858323,0.017247860211043964,0.19840992713911715,0.2156577873501611
0007a870-7ff3-4b5c-b7ab-78ac6f06aa7c,0.5448795125314053,0.5448795125314053,0.4138467894105448,0.0,0.1310327231208605,0.1310327231208605
0007cbe7-13a3-4db8-a402-83c177c774a0,0.4329029478553859,0.5346010023629114,0.7008306827056459,0.1016980545075255,0.26792773485025995,0.16622968034273444
0007fc28-e75c-4203-bba3-fca70ed4bc7c,0.5258068307419242,0.5258068307419242,0.8869472024465497,0.0,0.36114037170462543,0.36114037170462543
00084e3c-d246-4afb-8571-775197821c2d,0.17564349186758696,0.17564349186758696,0.5278508084313372,0.0,0.35220731656375026,0.35220731656375026
0008b352-b34d-493c-ba3f-8cf615a6fbdb,0.5820150319444204,0.591077591664459,0.49307248781073393,0.009062559720038554,0.08894254413368646,0.09800510385372502
000a547c-8179-45bb-9227-9e6dc9ba09db,0.9036576166004071,0.9175392024446266,0.9281227065764054,0.013881585844219502,0.024465089975998278,0.010583504131778776
000a6785-f42c-4e5f-9d9d-d0c389cb658d,0.570258193733123,0.5114848313489128,0.6210963157163091,0.05877336238421027,0.050838121983186046,0.10961148436739632
000ab56f-81e3-4b9c-8de8-af596ef9fe56,0.6489138992302463,0.6502405492934157,0.7333139973209681,0.0013266500631693434,0.0844000980907218,0.08307344802755245
000b04dc-a6e9-4775-b2b8-47befe2a2b74,0.3864370138219784,0.4579530569827162,0.8244726001471903,0.07151604316073779,0.43803558632521183,0.36651954316447405
000b4815-4305-4bd8-a589-48d19e4eea24,0.7149624258791577,0.7524394081016079,0.7383498732270978,0.03747698222245022,0.02338744734794007,0.014089534874510146
000bd4ec-b5f9-4507-b16e-856d432ed464,0.48785427038209017,0.5072643935136036,0.47648432466914337,0.019410123131513468,0.011369945712946805,0.030780068844460273
000be3a6-6ab4-488d-b1a5-7d580cc1fa94,0.3242651606868914,0.36689196133864027,0.3864129252761972,0.0426268006517489,0.06214776458930582,0.019520963937556923
000c4022-e00f-4f52-869b-059df1de458a,0.33387168849271387,0.33487213058597176,0.33487213058597176,0.0010004420932578917,0.0010004420932578917,0.0
000c460d-d307-422c-b3a0-39ca7d71c649,0.43849127007002964,0.46616319963970615,0.5788053852115652,0.027671929569676512,0.14031411514153558,0.11264218557185907
000c4ea0-95c1-4587-8313-a8b51050fb1e,0.655897921263291,0.655897921263291,0.6463204731394155,0.0,0.00957744812387551,0.00957744812387551
000c603d-df2b-42ec-8b63-11ffd5dd9309,0.312328655463511,0.6507807598344223,0.736913107869829,0.3384521043709113,0.424584452406318,0.0861323480354067
000c8197-2d2d-4c62-a75e-816960e38c94,0.7941915869787063,0.7793380107905815,0.8483897996201042,0.014853576188124773,0.0541982126413979,0.06905178882952268
000c9790-2221-4b1a-aec4-114a494a0c30,0.1643388730007517,0.1643388730007517,0.4449797656794271,0.0,0.2806408926786754,0.2806408926786754
000cbed0-28da-40ff-a51c-e234d4dee703,0.482555584579496,0.3706279075675147,0.683752704385959,0.11192767701198131,0.20119711980646304,0.31312479681844435
000cefad-30e3-4590-a7b1-a83c0d8eba28,0.6288576540161277,0.6788384592280146,0.7803119689155037,0.04998080521188686,0.151454314899376,0.10147350968748914
000d52b8-16df-4742-9b2b-a9a58645a9d9,0.48563796505563384,0.5407066760228327,0.5407066760228327,0.0550687109671989,0.0550687109671989,0.0
000d5bdf-6d25-45a4-ad7a-42acea9f6816,0.7536670706665958,0.7602956540441153,0.40915675364993825,0.006628583377519481,0.3445103170166575,0.351138900394177
000dae34-596a-4958-9eda-c69f90369ca1,0.5349392780669998,0.5349392780669998,0.5388608295630907,0.0,0.003921551496090858,0.003921551496090858
000dae9f-157b-47af-a27d-012c99cc71cb,0.44345952410333744,0.4611488287389283,0.4414754734050841,0.017689304635590875,0.001984050698253359,0.019673355333844234
000dbf35-30cd-4737-b5c1-8efe885576c3,0.6596355870810161,0.667869938023868,0.7906958608217599,0.008234350942851854,0.1310602737407438,0.12282592279789195
000e3c4d-515c-4ddc-8bd1-f07d50fce3c4,0.5612113758432811,0.5135750969279509,0.6453839641884915,0.04763627891533018,0.08417258834521046,0.13180886726054064
000e4dcd-1033-47ed-b199-4db780d698d4,0.7136099163729936,0.7136099163729936,0.7151720108493361,0.0,0.0015620944763424793,0.0015620944763424793
000e4fe1-9677-4894-8ffa-e86b2aff28b1,0.741632975932672,0.7825572583052951,0.5625219527257989,0.04092428237262313,0.1791110232068731,0.22003530557949624
000e690f-7d7d-4385-9645-acced48a24f2,0.3970710890384752,0.4116409810176962,0.4015451881168271,0.014569891979220984,0.00447409907835189,0.010095792900869094
000ee09a-9de8-4c96-8005-81b2ff48498c,0.26421631631293435,0.32941256603446956,0.5180762352471854,0.0651962497215352,0.253859918934251,0.18866366921271582
000f8454-1e16-434b-bbaf-26bc9dfcb2d5,0.04151916795845113,0.04151916795845113,0.08296154559519109,0.0,0.04144237763673996,0.04144237763673996
000f8ebb-49ec-4a7b-96f8-6c3260129e9e,0.4415693351922282,0.45791227892771735,0.43283614188796743,0.016342943735489168,0.008733193304260756,0.025076137039749924
000fcfb3-17c8-4002-9157-4e2a4e1a6784,0.45521862355798604,0.45521862355798604,0.5810898900167715,0.0,0.12587126645878544,0.12587126645878544
00100618-a653-4bf4-9c41-a9f15d24ae0e,0.32891850470833167,0.3266132897818205,0.92352697485441,0.0023052149265111455,0.5946084701460783,0.5969136850725896
00101864-980c-434d-a956-cac9430fe3ee,0.36372913400632684,0.339522262820135,0.7820193177316551,0.02420687118619186,0.4182901837253283,0.44249705491152014
00107a14-af5a-4190-b3cd-bdd76a74426f,0.6441773219011736,0.7538202915538591,0.5169774333700711,0.1096429696526855,0.12719988853110253,0.23684285818378803
001087dd-b3e9-4968-8558-4776f84d7c33,0.5663790648649715,0.5239639280601405,0.6386665555688402,0.042415136804831,0.07228749070386875,0.11470262750869975
00109981-661b-4140-aba3-ef57c608b4ed,0.22807228786124165,0.2946367378528384,0.38271569405238254,0.06656444999159675,0.1546434061911409,0.08807895619954415
00110ec2-e20d-4af9-9d61-f10b798fbdd3,0.7423043509952427,0.6706236525670901,0.7579095791887569,0.07168069842815261,0.015605228193514176,0.08728592662166679
00117b17-aaca-47b6-8a55-b2bdaba0eb71,0.0627874595684733,0.06303505026944137,0.1763557628840167,0.00024759070096806723,0.11356830331554339,0.11332071261457533
0011a1fb-35e6-4433-b99c-bc6ed0197c21,0.7214251419214502,0.7214251419214502,0.7344739592128564,0.0,0.013048817291406167,0.013048817291406167
0011adf8-f320-4880-914c-b34bbb371d1f,0.6109384245990975,0.6177947762169891,0.7172219037097424,0.006856351617891554,0.10628347911064484,0.09942712749275329
0011c6e8-f2fc-4d83-96a3-dd258a3a2872,0.7527377234006732,0.7591971569064186,0.8630588110725952,0.006459433505745404,0.11032108767192195,0.10386165416617654
0011eab3-f30a-4db3-b6fa-37d4871f1ebc,0.9242396623484953,0.5229063890456825,0.5040605303259729,0.40133327330281277,0.42017913202252244,0.018845858719709674
0012027a-d9d7-4d2f-979e-d63233631b2c,0.6227682442840585,0.6419065135319488,0.8672524567288099,0.019138269247890305,0.24448421244475138,0.22534594319686108
00124647-bfb7-4eda-bcb6-4dfdf404192f,0.4247678727957266,0.4623000881386829,0.772299690243354,0.03753221534295631,0.3475318174476274,0.3099996021046711
00128947-3fe1-42d6-bb1d-aa1482b46252,0.4274315288776415,0.42657405126388775,0.5431805728671968,0.0008574776137537654,0.11574904398955527,0.11660652160330903
0012926b-8ab2-42a7-87bd-619b50236803,0.7258162929887786,0.7771306639240634,0.8207015686923502,0.05131437093528479,0.09488527570357164,0.043570904768286844
0012a39f-9819-4c98-9546-5795cf916fdf,0.5295286031327088,0.5500886527707137,0.702366875967797,0.02056004963800495,0.17283827283508824,0.15227822319708328
0012d02b-6f01-4dc7-97a9-f816ade65f20,0.5163165737145134,0.46229774635823934,0.3716487311227067,0.05401882735627411,0.14466784259180676,0.09064901523553265
00142d59-6064-46b3-91b3-bb32711940d7,0.1517350483914463,0.15471300418863645,0.2554288003773878,0.0029779557971901516,0.1036937519859415,0.10071579618875134
00146e47-2ab2-47be-8d83-375774491f94,0.2944348164585137,0.29865615467628587,0.3374215212041675,0.004221338217772153,0.0429867047456538,0.03876536652788165
0014d740-a350-44de-9c14-31cb82b2ed5e,0.7267134066288593,0.7198082802960917,0.7402882414361586,0.0069051263327676304,0.013574834807299263,0.020479961140066893
0014db25-7b67-4081-b13a-2de651cfc39e,0.4891942852246861,0.5380851027322774,0.6896626747275684,0.04889081750759128,0.20046838950288226,0.15157757199529098
0014f1d0-47f8-4e6a-8560-13621488acf6,0.33783193553910584,0.33783193553910584,0.3348309426723904,0.0,0.0030009928667154573,0.0030009928667154573
00151f2d-0f58-4ac8-8b38-0f02ba015337,0.6110321644442932,0.601348901448782,0.6635992735808472,0.009683262995511255,0.05256710913655405,0.0622503721320653
00154200-56d9-4687-bc50-296b619151b9,0.28275433245174797,0.28275433245174797,0.3928712783974618,0.0,0.1101169459457138,0.1101169459457138
00154588-2a8f-48ba-9f52-7ae2b0b16390,0.49158550145248164,0.4681928187665266,0.6019881416173191,0.02339268268595507,0.11040264016483742,0.1337953228507925
0015b7fa-db6b-48b9-8678-ba4495fff9c5,0.5142583550940578,0.507662430476646,0.7316261351462002,0.006595924617411764,0.2173677800521424,0.22396370466955418
0016253d-64fd-485d-bb96-eecdd22c69df,0.429856869312106,0.6412162634358416,0.6435116938617996,0.2113593941237356,0.21365482454969364,0.002295430425958034
00166b10-73b5-4ae7-be8f-9ef7d143dfcd,0.6467081942609012,0.6467081942609012,0.7266193143511894,0.0,0.07991112009028822,0.07991112009028822
0016b51e-ed0d-44c1-943e-de2937ded67b,0.35031009939359753,0.35031009939359753,0.3581457395522354,0.0,0.007835640158637858,0.007835640158637858
0016bb2e-1d82-40ff-92a6-4ab7a210bd90,0.6279069858053538,0.6142336148200399,0.6683775500217208,0.013673370985313849,0.04047056421636708,0.054143935201680926
00172271-3941-4f44-a54c-3c576cfe4d63,0.2810887980239826,0.30154762722227546,0.3316382460690971,0.02045882919829284,0.050549448045114465,0.030090618846821626
0018761e-31b5-4bc1-a3b0-70f5d45af5f2,0.7766180952768595,0.7766180952768595,0.7417424898440246,0.0,0.034875605432834966,0.034875605432834966
0018a285-def0-43a4-ad65-e2b678ebd6b9,0.46459217750026055,0.4615104204962943,0.951058598376229,0.0030817570039662345,0.4864664208759684,0.48954817787993465
0019dced-7d53-4d6b-84dc-a465ade073e3,0.6381869686188247,0.6332567920059216,0.7122978911500257,0.004930176612903181,0.074110922531201,0.07904109914410418
001a4018-89b3-40d0-9091-fc80798b4cf5,0.1498758280598898,0.11407358267802033,0.22521454822015421,0.03580224538186948,0.07533872016026441,0.11114096554213389
001abbc8-61c0-4adc-9280-2768eb9e23b6,0.6212150136464492,0.5869736981017507,0.7436514475480742,0.03424131554469845,0.12243643390162506,0.1566777494463235
001ac15b-e84e-419b-9c0d-92ef3a3e481c,0.7335654007173541,0.7368704131814594,0.7515092486157622,0.003305012464105306,0.017943847898408083,0.014638835434302777
001ad5b0-abcd-40cf-8f37-7fb64de4d7f2,0.2965340752411823,0.30185079737038967,0.2965340752411823,0.005316722129207363,0.0,0.005316722129207363
001b1fe3-ee88-4fa7-955d-78adcf13b8c2,0.6521545861008641,0.6982151178277394,0.7742403234609513,0.0460605317268753,0.12208573736008721,0.07602520563321191
001b52ba-b220-4c2e-823f-26a678eb9ed2,0.7149255169539035,0.6751658206052757,0.6650431566530739,0.03975969634862775,0.0498823603008296,0.010122663952201849
001b5d4d-c0ae-4259-85bf-bf41be3a31a7,0.34365030052033646,0.3175814560313977,0.6627762380423815,0.02606884448893876,0.31912593752204504,0.3451947820109838
001b6960-71bf-40e0-ac2a-747bb8ae0578,0.5439888067461449,0.5439888067461449,0.6788561035922782,0.0,0.1348672968461333,0.1348672968461333
001b6d62-1a3e-4026-87d8-a43031addce7,0.1195096575487033,0.1195096575487033,0.17611655766787626,0.0,0.056606900119172965,0.056606900119172965
001bc892-c1d4-4d33-afe4-77751bdc8116,0.5677339392191204,0.5036340491576313,0.73840732228427,0.06409989006148908,0.17067338306514956,0.23477327312663865
001c174a-62cc-45f0-89c0-f7980e1073c9,0.4906541179235145,0.4905069801544714,0.4424581642638489,0.00014713776904307085,0.048195953659665614,0.04804881589062254
001c267f-ff0f-4d8b-9431-cfe7ca6e65a4,0.3509983348203411,0.32487248796148754,0.39599400667509954,0.026125846858853552,0.044995671854758446,0.071121518713612
001c9355-dc7e-4667-8a53-3e477971c29f,0.6905254500750391,0.6651337625359132,0.7596925260122567,0.025391687539125907,0.0691670759372176,0.09455876347634351
001cd569-35cf-40e5-95ec-f118673cc577,0.7420564706462983,0.553860762694296,0.5438449520180519,0.18819570795200236,0.19821151862824637,0.010015810676244019
001d00fb-b97d-45ae-98e4-863e749a4830,0.4600146517209486,0.46057687829651306,0.4508202262518115,0.000562226575564484,0.009194425469137069,0.009756652044701553
001d1b13-119a-4fec-a3bc-09f4e2593748,0.49541306520779177,0.5218360413911697,0.5204628210315662,0.02642297618337791,0.02504975582377439,0.001373220359603522
001d218c-84a2-4f65-9d08-cb8200750f3e,0.6053783477588649,0.5725791820528265,0.6830671394414831,0.03279916570603836,0.07768879168261822,0.11048795738865658
001d2e6e-1f08-42c1-abbb-fa50ae7e0cf4,0.46933396282538875,0.4700429991429181,0.7708619561280593,0.0007090363175293324,0.30152799330267055,0.3008189569851412
001d508c-f948-4ca5-bb7d-892a6dc49a9d,0.4359312466568552,0.36461799554982655,0.8222034142603314,0.07131325110702863,0.3862721676034762,0.45758541871050484
001d770f-d628-4c7c-a5de-b03a20f95c6f,0.7425851080258078,0.7374223667594046,0.5394280727918283,0.005162741266403148,0.20315703523397954,0.1979942939675764
001db9fa-c4ac-4e8f-94e1-39c780794242,0.592843754490329,0.5782794468051994,0.43565527145438937,0.014564307685129618,0.15718848303593963,0.14262417535081
001dea92-14a7-474b-88d7-218423dda66b,0.47158118326974,0.47158118326974,0.5167717595333081,0.0,0.045190576263568094,0.045190576263568094
001dee74-3b2a-4d84-b673-c6b1c115f76a,0.5745105636471195,0.5147841818229756,0.41615473672213305,0.059726381824143915,0.15835582692498645,0.09862944510084254
001e46c2-2203-4c28-b21f-dadd02217f59,0.6592739281776898,0.6559269573012062,0.5670361927292938,0.0033469708764836126,0.09223773544839597,0.08889076457191236
001edde0-c612-4cc9-9fff-a29d1a394fa6,0.27055655361027514,0.2233514378760021,0.42893512272170997,0.04720511573427305,0.15837856911143483,0.20558368484570788
001f1061-a4a9-4fdf-a02b-60ab9297f8f0,0.3555207963866459,0.969613990926729,0.9426459237064713,0.614093194540083,0.5871251273198254,0.026968067220257685
001f7e89-fdf5-440b-8926-111f633851ce,0.5350252802133986,0.5204247865418067,0.53754019302172,0.014600493671591885,0.00251491280832139,0.017115406479913275
001fa4d0-e8e5-4669-8849-fa2ad5af73b5,0.21126673677579316,0.21126673677579316,0.38693489442200446,0.0,0.1756681576462113,0.1756681576462113
001fda21-4f14-46f1-a7a8-0c3c679e9916,0.5321071950771334,0.5163852986292863,0.5170314323134545,0.01572189644784716,0.015075762763678946,0.0006461336841682153
001fdd88-42aa-4035-86cf-e52b72291217,0.38548867543353466,0.3815364024123146,0.40636300386941987,0.003952273021220032,0.020874328435885214,0.024826601457105246
001fe357-c69c-4332-9044-4db1756757e7,0.5349204105257447,0.5256975961484741,0.6301289497107193,0.009222814377270572,0.09520853918497463,0.1044313535622452
002010ad-817e-4b4e-a73c-280678bc3d21,0.39109656791635333,0.6060653395004785,0.6479807247262349,0.21496877158412514,0.2568841568098816,0.04191538522575644
00204637-16a5-419c-b6c6-f07336b7044b,0.5477639794331093,0.5498248560130403,0.6604462616987576,0.002060876579931037,0.11268228226564836,0.11062140568571732
002077dd-1ca7-430f-b0ee-b006579475d4,0.5028331368025201,0.5028331368025201,0.7215422780772114,0.0,0.21870914127469132,0.21870914127469132
002093c2-8654-4fe1-9397-c49277294323,0.4090986652134262,0.4517537738210694,0.5199091385522485,0.04265510860764321,0.11081047333882232,0.06815536473117911
0020a695-6853-46a7-98ff-ef5a24c1db25,0.6109003711038891,0.5475295903731812,0.7142956109434595,0.0633707807307079,0.10339523983957044,0.16676602057027834
0020a79e-43e0-46ae-a2e7-9423741faf0b,0.5585920623502388,0.5593769485592185,0.6904100557503302,0.0007848862089796516,0.13181799340009137,0.13103310719111172
0020b142-e467-4394-8686-d6b3da005cdb,0.5952197577010927,0.5952197577010927,0.7342443801102653,0.0,0.13902462240917257,0.13902462240917257
0020bf3d-5bbc-4f99-baa5-c3aa181f8efb,0.3605242792561538,0.4759108021704368,0.8604629462634334,0.11538652291428297,0.4999386670072796,0.38455214409299665
0020f137-badc-41b4-a61f-3ec0af8b811d,0.45079643264771346,0.43537822848965024,0.48436217306994483,0.01541820415806322,0.03356574042223137,0.04898394458029459
00210924-cce4-4f56-a925-46d4cb72e629,0.5505148515124659,0.5505148515124659,0.5505148515124659,0.0,0.0,0.0
00211738-3a9b-422a-80c6-aa348ee20c4a,0.38978884384416324,0.4060816834609801,0.4169942602387829,0.01629283961681688,0.027205416394619653,0.010912576777802774
002128ec-c194-4748-863c-8c2ba8d65260,0.1758882621395193,0.18164243258650273,0.19146578794851368,0.005754170446983425,0.01557752580899438,0.009823355362010955
0021562c-a4da-41e1-9166-6b24d33cf3b1,0.19024964412408157,0.21089210781310325,0.5877521503851183,0.020642463689021673,0.3975025062610367,0.37686004257201505
00217ebc-01ad-4ed1-9279-943d4a22953d,0.5506869758504734,0.558444294528423,0.5511330605084059,0.007757318677949598,0.0004460846579324995,0.007311234020017099
002191de-728d-4329-9766-052a682bae01,0.6290621895956503,0.6278003351918923,0.48903168400825886,0.0012618544037580337,0.14003050558739144,0.1387686511836334
0021feb7-e9eb-42c8-91b3-8bed864e98de,0.5710480344694325,0.6262409622712211,0.7240090129800929,0.05519292780178853,0.15296097851066037,0.09776805070887185
00220894-3cd1-4a35-b611-1908b89c0f91,0.4943485248580525,0.6312746361436566,0.5738818350323305,0.13692611128560417,0.079533310174278,0.057392801111326164
00220949-6595-4ca7-9e8d-aa0ee7f8158d,0.667424813927131,0.6663991314364195,0.7862261348904328,0.0010256824907115547,0.11880132096330176,0.11982700345401331
00225890-a310-45db-b6bc-9ed4c16e886b,0.5131640644520276,0.4782019870812985,0.439108491879691,0.03496207737072904,0.07405557257233658,0.03909349520160754
00225e8b-43ee-4b61-ba5a-d77f257ac25a,0.3272548668423835,0.34971630075903565,0.46677636975816794,0.022461433916652174,0.13952150291578447,0.1170600689991323
0022de60-8b7a-4685-af87-98ef0225d1c4,0.4842732095918862,0.6183932159265061,0.7265381319113009,0.1341200063346199,0.2422649223194147,0.10814491598479481
002341e2-97e9-4b3a-9de6-f54ff3d52401,0.30728124357147174,0.29626066090996794,0.4304532309544117,0.011020582661503797,0.12317198738293994,0.13419257004444374
0023ad86-5a2f-40cb-adfd-23ff1b5e3f4f,0.5654956305128374,0.5664082072049039,0.7686692134707144,0.000912576692066569,0.20317358295787702,0.20226100626581045
0023b36b-0ecd-4b97-8072-00b1eb871266,0.1451649170521832,0.2346630011913272,0.7819608129929094,0.08949808413914398,0.6367958959407263,0.5472978118015822
0023ce03-f499-4304-b709-74a9b8a84a2b,0.4795230081352104,0.4795230081352104,0.45902641402211775,0.0,0.02049659411309268,0.02049659411309268
0023ce91-cb5b-4ea8-b85a-3fd261b770af,0.3239483525538326,0.3239483525538326,0.23241425235944566,0.0,0.09153410019438693,0.09153410019438693
00246b3f-9e51-4edd-ad95-21658764a54f,0.692203439036857,0.6874063763172077,0.6393290604530758,0.004797062719649303,0.05287437858378119,0.048077315864131887
00248c87-1201-410e-9d5d-ceb7a2359c9d,0.5355883235184747,0.4874737341110108,0.3005663008996467,0.04811458940746394,0.23502202261882804,0.1869074332113641
00249afb-94ac-4f03-8b9a-32bd031f90e5,0.4612902783286417,0.4612902783286417,0.8373408381722643,0.0,0.3760505598436226,0.3760505598436226
0024b6cd-4988-45df-b67c-297e757e7b5d,0.19251721216823972,0.19251721216823972,0.30973222443813786,0.0,0.11721501226989814,0.11721501226989814
0024de79-bbd8-435a-969c-b952beef0d95,0.5758238810624771,0.6012111824771817,0.6173772576451159,0.025387301414704688,0.0415533765826388,0.016166075167934113
0025110d-861c-46a5-83b2-300062fef70d,0.41813046624316264,0.5813869297647644,0.6256228327192628,0.16325646352160172,0.20749236647610014,0.04423590295449842
002545a0-c033-444f-b0f4-27ec1f1f5caa,0.06999916192603998,0.06999916192603998,0.13356334112636115,0.0,0.06356417920032116,0.06356417920032116
00255cc5-2cbc-4574-8266-945f4828b89c,0.8649708189639138,0.8560756273925473,0.7755719693832003,0.008895191571366534,0.08939884958071354,0.080503658009347
00259f44-a687-43fa-a574-1f4db5e5d97b,0.6639899829866577,0.620252947616808,0.6816411042935983,0.04373703536984963,0.017651121306940576,0.061388156676790206
0025c5d9-adcc-4e57-b0a5-99e6cf975c23,0.7341018852299361,0.7353246659905187,0.49123804105823204,0.0012227807605825758,0.2428638441717041,0.24408662493228667
0025d6e2-f31d-4946-bd2e-399b3d780032,0.3269751903979521,0.24140208449750652,0.6620448003861815,0.08557310590044556,0.33506960998822943,0.42064271588867497
00262a88-5cb4-4aa8-9fdf-69623884549a,0.7329174192807255,0.6982010131255707,0.75823730402655,0.03471640615515481,0.025319884745824472,0.06003629090097928
00263b57-fd17-41c1-8337-348b20b7940d,0.5598729626187362,0.4497037738200365,0.7847884005194742,0.11016918879869969,0.22491543790073798,0.33508462669943767
00266c1b-fd35-4c7c-ab72-a5705587d439,0.5405899666897409,0.5389214524938656,0.7999753952822732,0.0016685141958753258,0.25938542859253233,0.26105394278840766
0026d102-0e94-4188-bb08-86a176c30364,0.3451713760869605,0.3451713760869605,0.37666571485197964,0.0,0.031494338765019114,0.031494338765019114
0026e2b8-bd69-491b-a788-bc9aabd45403,0.6199666643369216,0.6199666643369216,0.45777113677080816,0.0,0.16219552756611344,0.16219552756611344
00277e4f-37ba-4d9d-b8c5-1ab095367f5f,0.4613693343229227,0.4613693343229227,0.3564845058872609,0.0,0.10488482843566183,0.10488482843566183
0027d458-9a95-499c-895b-aeb337750212,0.6578694468756382,0.6495404393968268,0.42260262144960464,0.008329007478811379,0.23526682542603355,0.22693781794722218
00284ae0-473d-4d68-9f78-6f27f38df6fb,0.7548585178346884,0.7004211092466863,0.862772284393274,0.054437408588002056,0.10791376655858564,0.1623511751465877
0028bdae-f2b7-4961-ae7b-fe54e7a15caf,0.629274703800992,0.6365315541674603,0.8387364335535498,0.0072568503664682815,0.20946172975255772,0.20220487938608944
0028cf13-8024-486a-a53f-8cfa5278a1d6,0.593487284516471,0.593487284516471,0.5553256721550136,0.0,0.03816161236145743,0.03816161236145743
0028d0f3-7eae-4864-b965-352c0022943b,0.6990155009940778,0.8560512226032028,0.7912514991484909,0.15703572160912493,0.09223599815441308,0.06479972345471186
00299c83-1bcd-4c0c-974f-92db6698a73d,0.8156320395019189,0.8116750438164252,0.7976538107559523,0.0039569956854936805,0.01797822874596655,0.01402123306047287
0029a6f6-7ff6-4f60-8dd3-77435528cc0f,0.5336531117932263,0.535262114328762,0.5389801171711026,0.001609002535535753,0.005327005377876337,0.003718002842340584
0029a93b-ced5-4386-a669-cea59242fad5,0.6764186497845625,0.6179378610332559,0.7468188754266618,0.05848078875130658,0.07040022564209936,0.12888101439340593
002a51ad-2b93-4e1d-b475-37fb3f2cad1f,0.5567906940691987,0.5925595747841222,0.590975921075074,0.03576888071492357,0.03418522700587534,0.0015836537090482272
002a5800-43b0-4a2e-9c93-8d6d2655290a,0.5318445347390011,0.589483928327999,0.6634990895455916,0.057639393588997945,0.1316545548065905,0.07401516121759255
002a592d-31df-42e5-9c8b-6fc4a2dca898,0.7126708179731306,0.567114223461204,0.6840339213054242,0.1455565945119266,0.028636896667706413,0.11691969784422018
002a9794-652d-4ee9-883f-cc7679acf47d,0.1583612816409737,0.12883177254851866,0.4465438169602056,0.029529509092455053,0.2881825353192319,0.317712044411687
002ab493-60e7-433b-9f42-545f6e75d7bd,0.7841442019365706,0.7980046562324776,0.627149274610534,0.013860454295906988,0.1569949273260366,0.17085538162194358
002ab907-c703-4365-9430-17e07ac07b91,0.3469910552472867,0.3491806977022469,0.3154505218501363,0.002189642454960228,0.031540533397150405,0.03373017585211063
002b5e69-534b-439a-a1a4-d98ff64167bf,0.30444136717568815,0.3520793144866586,0.6422621213587075,0.04763794731097043,0.3378207541830194,0.29018280687204895
002be122-75f1-4847-95f8-6af637cb9f1f,0.5283994790254761,0.5175063798245999,0.5586868664197229,0.010893099200876222,0.030287387394246745,0.04118048659512297
002bf713-f34d-4081-b1cf-5a32d4d7e898,0.6961369600368837,0.6961369600368837,0.6104300317331007,0.0,0.08570692830378301,0.08570692830378301
002c1875-d043-461d-8fd2-8a360839fa55,0.7001500726077226,0.6985933957245146,0.5934310731275719,0.0015566768832079303,0.10671899948015062,0.10516232259694269
002c18f1-08d3-4eb0-85ca-9401cfbe2a2b,0.4031854136414352,0.415930195086169,0.7026142136801437,0.012744781444733844,0.2994288000387085,0.28668401859397463
002c2eaf-2144-4d31-a5ef-d3fc97e6d59d,0.48412432136169026,0.48412432136169026,0.44705266790117787,0.0,0.03707165346051239,0.03707165346051239
002c4715-ce68-4eaf-917b-cf5bcf1688d4,0.6171947778590828,0.6171947778590828,0.6396012510015437,0.0,0.022406473142460914,0.022406473142460914
002c74b7-c430-4a99-8d4f-5d08fa8fedc5,0.33865862678131425,0.34892059539478093,0.3500704027683827,0.010261968613466677,0.01141177598706844,0.0011498073736017633
002c9a6f-5775-44df-89ea-3abf9bf32e9c,0.2149668776549175,0.2149668776549175,0.20837424795519435,0.0,0.006592629699723157,0.006592629699723157
002ce78d-97e8-488b-937e-f3287fbad6b4,0.6457566954862344,0.6279984718105402,0.6856355271099073,0.01775822367569413,0.039878831623672895,0.057637055299367024
002d2cb8-c567-4e5a-ac0f-8242f0afd710,0.6912285391336079,0.665016242498141,0.6276908739616429,0.02621229663546698,0.06353766517196502,0.03732536853649804
002db1ce-a85a-4db3-8ac0-67936ebda218,0.64885638166975,0.6425469042628811,0.6484058353692566,0.006309477406868935,0.00045054630049345956,0.005858931106375476
002e38b4-3489-42a3-b0be-836d0362d319,0.2644810533042789,0.2679235786185211,0.3428343008939175,0.0034425253142422174,0.07835324758963857,0.07491072227539636
002e4cdb-9210-49d1-ae19-a905d979c6a9,0.584817759288247,0.584817759288247,0.7607009544021295,0.0,0.1758831951138825,0.1758831951138825
002e4d73-3c63-45de-8bd0-a44fa8fdcc33,0.30740549091171143,0.3175086913710753,0.5890131941239157,0.010103200459363859,0.2816077032122043,0.27150450275284044
002e8e2f-ab0f-4bab-be02-0cc639ad8158,0.6250401975819906,0.6111839689185561,0.6186992753941561,0.0138562286634345,0.006340922187834441,0.007515306475600059
002ebc8a-62a7-4398-b9f5-08297424b323,0.7340537744805095,0.7058776747060371,0.7606848124585416,0.02817609977447233,0.026631037978032124,0.05480713775250445
002ef19d-375f-465c-9cdd-48c8bb1d50cf,0.5698038609096782,0.5530658574924598,0.763030546403259,0.016738003417218317,0.1932266854935808,0.2099646889107991
002ef98c-0ec2-4e34-bb07-5fdfdd5f18e5,0.18784603837413352,0.4899398159571502,0.4770913025376461,0.3020937775830167,0.2892452641635126,0.012848513419504104
002f3b1e-f140-4525-a99f-afb126b5c585,0.7174628898633408,0.6190320068874045,0.5904944995176292,0.09843088297593638,0.1269683903457116,0.028537507369775228
002f71f3-d5fa-4753-a82e-a1bfc61303ab,0.6001435883621257,0.606534663326312,0.4139095827867486,0.0063910749641863385,0.18623400557537706,0.1926250805395634
002fa5e4-3e64-4c86-8aaf-7cdbc6d66106,0.6414257846747744,0.6414257846747744,0.5676627294824476,0.0,0.07376305519232684,0.07376305519232684
003079fd-9c67-4604-a7d9-8d2d64916e2f,0.5741848661044062,0.58960067900832,0.7810704446607942,0.015415812903913806,0.206885578556388,0.1914697656524742
00308be6-23af-4957-bfeb-1ea8166bd6bd,0.10381972807253818,0.13283357242171892,0.4126375475626542,0.029013844349180737,0.308817819490116,0.27980397514093525
0030c448-f1ec-41b0-be08-e63a57c444a1,0.628557623403925,0.7506648331764522,0.3439743200141337,0.1221072097725272,0.28458330338979126,0.40669051316231847
00313dc2-ee6c-4164-8add-9110dcfe93b0,0.3554722183418809,0.3974121588011014,0.7006764267957183,0.041939940459220504,0.34520420845383737,0.30326426799461687
0031486d-e230-4e68-8f5a-3f59e98da7fd,0.23861452197326863,0.2378631534588288,0.28308975338374787,0.0007513685144398263,0.04447523141047924,0.045226599924919064
0031982f-c6bc-44b0-82b6-949b2051e8e7,0.720341208312659,0.7426410260341912,0.47638437804544675,0.022299817721532222,0.24395683026721227,0.2662566479887445
0031b608-93d5-41ce-83d5-e409675f1761,0.7544761452602973,0.767764917478462,0.7510719277359588,0.013288772218164713,0.0034042175243385042,0.016692989742503217
0031d8af-cca0-4c1f-9de4-0c865f584feb,0.05739373129096834,0.05372097405896084,0.08477109432904813,0.003672757232007502,0.027377363038079784,0.031050120270087286
0031f852-870e-4c7b-a9f6-d31d9bfc3eeb,0.6997738882762606,0.6767788217025047,0.4877334163274795,0.02299506657375594,0.21204047194878112,0.18904540537502518
0032cdcc-81e2-4d59-b610-016c6c5756a2,0.6383740983820436,0.7050618733107172,0.8638657626376148,0.06668777492867362,0.2254916642555712,0.1588038893268976
0032e85b-d6a1-45ce-9bc6-eda54f034a2d,0.37120943730213646,0.37120943730213646,0.37120943730213646,0.0,0.0,0.0
0033e616-ca4a-4cbd-834f-db185cd34fdb,0.5572931812426064,0.3348271892209953,0.34108477721811675,0.2224659920216111,0.21620840402448965,0.00625758799712145
00340941-9c6c-4c26-bd94-55dd51765c4f,0.5868203201977106,0.5868203201977106,0.650737914969954,0.0,0.06391759477224346,0.06391759477224346
00340f5e-55fb-4432-a32f-503d9a4fadcc,0.6449313404601252,0.6523201495259114,0.8009065902634689,0.007388809065786206,0.15597524980334365,0.14858644073755745
00341fd1-4e25-416b-a48e-dd26772b980f,0.4634070993428378,0.47114171618490736,0.8344733614164849,0.007734616842069553,0.37106626207364707,0.3633316452315775
00342155-983a-48f9-9e6d-72897b0add85,0.4545385411042854,0.5326897832723972,0.36899363030317883,0.07815124216811187,0.08554491080110654,0.1636961529692184
0034479c-f827-43d4-b335-68102e405b5b,0.10362437789548475,0.10520036960010007,0.24185354513089477,0.0015759917046153232,0.13822916723541,0.1366531755307947
0034e5ef-ad65-4017-af5a-50ddc425e0fa,0.39852981583851366,0.4073042520737049,0.5418414090116953,0.008774436235191252,0.14331159317318165,0.1345371569379904
0034f5bd-2bdc-49d5-bb87-67640532b6ac,0.3485197448949467,0.3485197448949467,0.6262679800293676,0.0,0.2777482351344209,0.2777482351344209
00356a6c-720d-4734-b0f6-4c83da5138a1,0.47977394632562514,0.4879017991215321,0.4630841366769686,0.008127852795906942,0.016689809648656517,0.02481766244456346
00359443-a336-4b20-9800-bbd11007080f,0.6723439022862872,0.6723439022862872,0.8135864785124264,0.0,0.14124257622613923,0.14124257622613923
00359b6f-4ab4-4f6a-9b7e-085e6d8d2b1d,0.6302613772075508,0.6200867545286173,0.730534823663631,0.010174622678933543,0.10027344645608016,0.1104480691350137
0035b37e-3cd5-415f-903c-4de4fb9fd306,0.7722065412840365,0.7944525708080513,0.8071615272377831,0.022246029524014777,0.034954985953746576,0.0127089564297318
0035c559-adef-4e17-a53f-3764cd596ff4,0.09844733257409576,0.09211240878947877,0.3225873925917714,0.006334923784616989,0.2241400600176756,0.23047498380229262
00367a9c-adc7-402c-8f96-b89cb82ad0e5,0.6438869167239768,0.5268292247720929,0.6294786603563141,0.11705769195188387,0.014408256367662742,0.10264943558422113
00368f4a-ab7b-4aa8-bc26-416c3558227b,0.7916584481068191,0.5365170186791687,0.3592287281466375,0.2551414294276504,0.4324297199601816,0.1772882905325312
0036d875-8e4c-4318-9136-78daf69c0283,0.2710329745996402,0.26574437359085157,0.49096892591175645,0.00528860100878864,0.21993595131211624,0.22522455232090488
0036dd03-fe11-4e64-b20b-71d33466c481,0.8085249490750285,0.8085249490750285,0.7917240220970723,0.0,0.01680092697795621,0.01680092697795621
00370724-5b67-4c3a-bf6f-a4e754393668,0.6963153798802776,0.6973010079913361,0.6248830809735728,0.0009856281110585119,0.07143229890670477,0.07241792701776328
003762ea-6192-4e1b-b955-f17b91e23845,0.36681129318379796,0.4583729455515614,0.8901249785105376,0.09156165236776342,0.5233136853267397,0.43175203295897624
0037af08-d8e9-4725-b09c-34880818d7ae,0.622834989816457,0.6379057281018373,0.5508336895072526,0.015070738285380303,0.07200130030920437,0.08707203859458468
0037d370-9653-49d6-9b76-1704eefc9e76,0.395479501299116,0.38820787042110044,0.4038962536139133,0.007271630878015578,0.008416752314797271,0.01568838319281285
0037f9d0-2d6b-4047-ab02-38e22c19bc62,0.2565869197226169,0.2565869197226169,0.6236639437800275,0.0,0.36707702405741066,0.36707702405741066
00382414-c2e6-404e-b8dd-c511b4fade13,0.4955276314917989,0.5086930124506079,0.5086930124506079,0.013165380958809036,0.013165380958809036,0.0
00383a00-cab3-4ab0-adcf-1ab80d996ffe,0.4355050309372432,0.4290128770003289,0.7674280677180318,0.006492153936914269,0.33192303678078866,0.33841519071770293
0038622a-48a1-4217-a3a3-961275c73b0d,0.33001308753248293,0.32470351903887035,0.4651257982718874,0.005309568493612582,0.13511271073940445,0.14042227923301703
003870e0-b7dc-4b5f-a67b-7f7e4393d837,0.35253348694051095,0.360013135806357,0.705302385646552,0.007479648865846067,0.35276889870604106,0.345289249840195
00387f48-890d-4599-9a7a-322a3d4da58d,0.3041487991624134,0.3041487991624134,0.3722334213842669,0.0,0.06808462222185352,0.06808462222185352
0038df9c-9ab4-493d-b4cf-cad81706c332,0.5404982166932288,0.5655144426839448,0.5766301539548251,0.025016225990715957,0.03613193726159625,0.01111571127088029
0038f486-0ea2-4547-9ef7-49b6c4899d67,0.1511532227608791,0.15303463626375427,0.2304080150577962,0.0018814135028751566,0.07925479229691709,0.07737337879404194
0039606c-966e-4ac9-89aa-e08d00efff9c,0.7603039135799144,0.7368018905903728,0.6268778710135076,0.023502022989541627,0.1334260425664069,0.10992401957686526
00398dc8-cb26-4c1e-9df7-6136f0f612b2,0.47741713682268727,0.48983373790388973,0.6819124740640712,0.01241660108120246,0.2044953372413839,0.19207873616018145
0039ff93-2cc7-4fb6-a9b7-70a749bb9aad,0.8544554639977068,0.8015780373841769,0.8334796039318422,0.0528774266135299,0.020975860065864604,0.031901566547665294
003a67c4-d42c-421f-9d42-c11f99356bba,0.7808836834054905,0.6607478138554432,0.559184149778358,0.12013586955004729,0.22169953362713257,0.10156366407708528
003a8732-5cb4-47da-9f7d-19f93fe28915,0.4668303380342414,0.502645750202067,0.5991893521360515,0.03581541216782563,0.1323590141018101,0.09654360193398448
003ab093-41fd-4397-8434-8631150407f9,0.7119368804450679,0.49174875872695495,0.6480393472305479,0.22018812171811292,0.06389753321451996,0.15629058850359295
003abb95-27a2-4736-977d-eb2f3d8cc636,0.31749209058963285,0.3590715003683573,0.26928542168133457,0.04157940977872443,0.04820666890829828,0.08978607868702271
003ac3d8-d798-4b56-9dc1-e1fa333da5ee,0.585451641295289,0.4923112502118574,0.7664046858231375,0.09314039108343164,0.18095304452784844,0.2740934356112801
003ac4de-a31a-4615-89df-2afc538a2373,0.2256119226518646,0.4526323380933397,0.3608755124615908,0.22702041544147508,0.13526358980972616,0.09175682563174892
003ac71d-20a7-4575-8b5f-c2d4c4da4c72,0.455201445458404,0.455201445458404,0.6503434260830036,0.0,0.19514198062459953,0.19514198062459953
003ad086-f481-49d5-90a3-bfb1cf4347e7,0.3640323201142802,0.33572743005122285,0.49273652862428796,0.028304890063057364,0.12870420851000774,0.1570090985730651
003ae4c5-df8a-4405-90ba-3e89c5cdb3bc,0.7737381964794018,0.7653748807310378,0.7458690867132214,0.00836331574836402,0.0278691097661804,0.01950579401781638
003b636c-2a39-424d-b75e-9686aa3b3aba,0.274904142609866,0.22191328071120497,0.33839316728481345,0.052990861898661035,0.06348902467494744,0.11647988657360847
003b72e6-249c-4e21-bdb7-181d891b92da,0.4210876361617895,0.4210876361617895,0.731715295040437,0.0,0.31062765887864746,0.31062765887864746
003b8c15-72d7-4634-829f-41514ae6cb19,0.3612964640662494,0.3613395120816141,0.40753664875017553,4.304801536469949e-05,0.046240184683926155,0.046197136668561456
003bbbeb-5942-4b4f-9b4c-19abe8cb8ae5,0.6345170476842011,0.6217820882006451,0.6913730635249808,0.012734959483556074,0.056856015840779706,0.06959097532433578
003be31d-04f5-4fb9-a805-5057d88d489d,0.5424237573172872,0.542744352117362,0.5595065463700621,0.0003205948000748471,0.017082789052774938,0.01676219425270009
003be661-4aae-4b77-9f1d-b640e9be4f0b,0.3373658526209715,0.3280827097023866,0.34936046675616494,0.009283142918584897,0.011994614135193427,0.021277757053778323
003c345a-d29d-4dd7-9b2d-9fb5c2ce1e89,0.4614665047306854,0.460899838456402,0.3964821464986096,0.0005666662742834228,0.06498435823207582,0.0644176919577924
003c40e7-ad7a-44ed-8796-1e10f2d4bd7c,0.5889586819696327,0.585631639136959,0.6594757243263007,0.00332704283267371,0.070517042356668,0.07384408518934171
003c6cfb-ce61-4041-9797-2a5c01a960c8,0.18931212145049792,0.17261504994675553,0.725231553407133,0.01669707150374239,0.535919431956635,0.5526165034603774
003cf18b-2663-4c2d-9328-13ca6a2cc2a3,0.42612464422473234,0.4166283167272318,0.5699447082204854,0.009496327497500567,0.14382006399575303,0.1533163914932536
003d0c7b-9cf3-4419-ae87-349c198833c1,0.3547230056598552,0.34320480203993364,0.6650551119384784,0.011518203619921563,0.31033210627862323,0.3218503098985448
003d17d2-7640-4001-918e-2df490bbd9a8,0.8502660724576603,0.757981568974411,0.8595894007902045,0.09228450348324924,0.009323328332544234,0.10160783181579347
003d3882-0f37-480f-8536-ae0d4a9d9fa1,0.46503634597473226,0.46503634597473226,0.4704230611223527,0.0,0.005386715147620458,0.005386715147620458
003ec730-80fd-4102-b48c-cfd0a6adee34,0.404824301888941,0.404824301888941,0.7891802456774255,0.0,0.38435594378848453,0.38435594378848453
003ed3ce-6874-4795-9292-5d675fcf3132,0.38705818386497715,0.38705818386497715,0.3794579438378921,0.0,0.007600240027085037,0.007600240027085037
003fd670-0d8a-4634-a1ad-c1e5e9b05e26,0.2997392131533944,0.28775258525361097,0.3373718523360359,0.011986627899783442,0.03763263918264148,0.04961926708242492
003ff3c2-43c1-42b3-a36d-39d1386734f1,0.37473964472921123,0.3490688389221301,0.5808888522775516,0.025670805807081143,0.20614920754834037,0.23182001335542152
00405df5-f4c4-4d62-b6fb-190eabf764d7,0.4376024774930075,0.4904801335789045,0.6174240277153856,0.05287765608589701,0.1798215502223781,0.1269438941364811
00406c65-e435-4403-bcad-2669c54637be,0.4655681738141064,0.47665092240058327,0.5606977523222857,0.011082748586476843,0.09512957850817927,0.08404682992170243
0040b14c-4f41-496e-94b5-c55917927a00,0.3130989582735883,0.3250894240108063,0.3250894240108063,0.011990465737218015,0.011990465737218015,0.0
0040fda4-43dc-4c5e-bd85-82b6c801a64b,0.32744334377002615,0.31860114226594566,0.25036947145096794,0.008842201504080494,0.07707387231905821,0.06823167081497772
0041196e-0c02-4d36-82b4-c656c943f795,0.5195386169663635,0.5195386169663635,0.6141766666098702,0.0,0.09463804964350675,0.09463804964350675
00415988-4b83-475a-956c-470e344f1aa1,0.6933363713726486,0.695991119992775,0.6183099226068665,0.0026547486201263792,0.07502644876578213,0.07768119738590851
00417843-d72b-46a1-9b25-ac8d0f17e8c5,0.7194427599911681,0.612963660759838,0.7609215848996854,0.10647909923133014,0.04147882490851729,0.14795792413984743
004193a1-ef5e-4a66-9b51-b39de26c9dcb,0.5000361013684084,0.49743020505133523,0.5619995036947633,0.002605896317073142,0.06196340232635489,0.06456929864342803
00420727-9b4b-4a8e-9569-c74eae93d6a7,0.6260704143497665,0.6260704143497665,0.7897977282366297,0.0,0.16372731388686323,0.16372731388686323
0042253f-7024-468b-bdd3-9fb1c500c8ea,0.681175168917134,0.6535846618936709,0.6219682249906223,0.027590507023463107,0.05920694392651171,0.031616436903048606
004233de-1ece-4d92-a95f-231a394d993b,0.7894366637852247,0.7635072535011803,0.6062328639614042,0.025929410284044385,0.1832037998238205,0.15727438953977613
00430ce6-7502-416e-927b-53a3f185a0e2,0.4764687592618301,0.4764687592618301,0.4798280526347431,0.0,0.003359293372913019,0.003359293372913019
00434f52-632c-4e96-91fe-72d30adbbd02,0.6901461293211099,0.6901461293211099,0.8081205238387219,0.0,0.11797439451761205,0.11797439451761205
0043a36c-f8ab-491c-b11e-73ed93049b54,0.32953154606022306,0.32953154606022306,0.7006995372563205,0.0,0.37116799119609745,0.37116799119609745
0043c465-71a9-488e-bb23-0db84b5330e6,0.5691603149557204,0.5691603149557204,0.5564005472262258,0.0,0.012759767729494609,0.012759767729494609
00448d10-5427-4b50-9fad-63574d3efd38,0.5209938312435383,0.5154710630100164,0.7157353109347969,0.005522768233521824,0.19474147969125866,0.20026424792478048
0044a2d2-abb1-4f2e-b347-052e7c70e763,0.5419781056821092,0.5248689233461493,0.558519604375256,0.017109182335959927,0.016541498693146806,0.03365068102910673
0044b184-5200-4204-9265-183f6f6ffb7a,0.1510281728833065,0.13831296345809185,0.15797214872390425,0.012715209425214646,0.006943975840597749,0.019659185265812396
00450432-d958-44b6-8f3d-1782eb646237,0.6772665183411278,0.6772508031781634,0.5633533831757599,1.571516296439146e-05,0.11391313516536794,0.11389742000240355
004505de-d55f-49fa-a01e-8f879cc52609,0.8037423394162628,0.8053945473726636,0.7442459722507185,0.001652207956400753,0.059496367165544295,0.06114857512194505
00454388-5f3d-4b28-ba96-907cd14ecd7b,0.662543972634454,0.662543972634454,0.738198575413556,0.0,0.07565460277910208,0.07565460277910208
004557da-dfa3-4a0d-b719-c0539b529b60,0.6002822987319352,0.4912267084513439,0.6833258396476659,0.10905559028059125,0.08304354091573074,0.192099131196322
0045d4d1-fa49-49d8-8664-7ea32d5a63ee,0.2792575030820161,0.2596912811123871,0.2613780518728684,0.019566221969628983,0.01787945120914769,0.0016867707604812932
0045fc3c-9690-486b-a1e0-cf27447be0a7,0.23799537419296057,0.2510695402208985,0.40306501355016494,0.013074166027937928,0.16506963935720437,0.15199547332926644
00461d90-887e-4ce2-af6a-1bcde0b23549,0.8503117489447092,0.8263067253332059,0.7959798924727219,0.02400502361150325,0.05433185647198724,0.030326832860483988
0046b3cb-d5cb-4fe4-96ee-405362b13ec8,0.8008407208589724,0.7175991226396692,0.8788543522796548,0.08324159821930321,0.0780136314206824,0.16125522963998562
0046c4d6-93ae-4a6b-84fe-fa926e2b735c,0.6858155389763868,0.6858155389763868,0.9060655341564485,0.0,0.22024999518006172,0.22024999518006172
0046f6d8-4036-4c69-84f4-a05ff8dfc559,0.36908948994112445,0.42076857283835223,0.6007191365663664,0.05167908289722778,0.231629646625242,0.1799505637280142
0046fa14-be3b-4f7e-bcf7-d6d98d1dcbcc,0.34300296247354867,0.34300296247354867,0.4307629766309422,0.0,0.08776001415739354,0.08776001415739354
00470190-1eb1-4b84-9f54-1d8069392876,0.6084162205331666,0.6209842903577432,0.4289218287825647,0.012568069824576589,0.1794943917506019,0.19206246157517848
00473abb-187e-42d5-bbeb-e9620dfe79f5,0.6689577396152212,0.6477433074647682,0.6715915893956195,0.021214432150453044,0.0026338497803982674,0.02384828193085131
00478079-c51b-4512-9967-a4376ba27f03,0.4319041783100859,0.4103601627937619,0.5393824730571731,0.021544015516323956,0.10747829474708726,0.1290223102634112
00479e9b-af2c-4842-a784-ce7cddc4de1e,0.1288001259136404,0.12394833631987381,0.3105120949463416,0.004851789593766587,0.18171196903270118,0.18656375862646776
0047ddde-3d10-4cca-b7f2-b4b1700698ac,0.6086460314479437,0.5416873205401261,0.6339680768093622,0.06695871090781758,0.025322045361418466,0.09228075626923604
00480e9d-1952-41f3-98d4-279e46650f39,0.4866589768516762,0.48264928629426596,0.6705446970038008,0.004009690557410239,0.18388572015212462,0.18789541070953486
004812be-d3ac-4c31-8639-094a6ee9e738,0.4411197168633254,0.5127349625874398,0.5622737068991145,0.07161524572411437,0.12115399003578908,0.04953874431167471
00481f07-388e-49a4-90c2-b59ea982b455,0.4155575925773397,0.3999297284797971,0.8858362458388256,0.015627864097542632,0.4702786532614859,0.4859065173590285
0048dab8-238b-41f2-bb1e-ba37e261312e,0.25716960250118165,0.2654779459278059,0.3257398462590513,0.008308343426624232,0.06857024375786963,0.0602619003312454
0048e36e-9424-486c-a709-99ecd2d527ac,0.2367966628747826,0.2246810448972447,0.35718549621490775,0.012115617977537907,0.12038883334012515,0.13250445131766306
004903c2-adb1-41c4-8b10-5f54307dec7c,0.4243093167814412,0.4243093167814412,0.4099484853638801,0.0,0.01436083141756106,0.01436083141756106
00493a31-5a7e-4bd9-bc13-7aa4c14372a2,0.18352162313950882,0.18814846911582225,0.159603866862862,0.004626845976313437,0.02391775627664683,0.028544602252960266
00494bda-3594-478c-9bda-9a825ec7c10c,0.7888384787034443,0.7447204055734457,0.7672088384709329,0.0441180731299986,0.02162964023251135,0.022488432897487254
004953bb-349e-4f35-b9e6-ca50cf0fb1b1,0.7371080244821584,0.6887225366797538,0.6844347692301459,0.04838548780240459,0.052673255252012496,0.004287767449607904
0049e736-5ce3-4771-9762-da41ef967f0e,0.5335182513767049,0.5519637020772947,0.646619608588032,0.018445450700589783,0.11310135721132708,0.0946559065107373
004a5741-f825-4d80-a5ee-4bf4d3301fcb,0.47641844458323324,0.5200448346667338,0.9586834708995765,0.043626390083500555,0.48226502631634327,0.4386386362328427
004a59da-b285-4d8b-93d1-1610a84262d7,0.48130652647017436,0.6521862237985001,0.650046067968743,0.17087969732832575,0.16873954149856862,0.002140155829757129
004a651d-38cd-44a2-9a23-befa3b90b794,0.6328857717223237,0.6268073881331946,0.8731944970135879,0.006078383589129155,0.24030872529126412,0.24638710888039328
004a8f5d-3fce-4f52-a086-fe8df18935a0,0.3157389181708774,0.3029990955084462,0.2782786467045947,0.012739822662431177,0.037460271466282724,0.024720448803851547
004aa4b2-0f31-4212-9420-2c1fd475b48f,0.3580351388528452,0.5565680949919812,0.5876906663123084,0.19853295613913602,0.22965552745946316,0.03112257132032714
004ac266-1bf6-4174-a1d5-b136d1feed0a,0.33522640481566396,0.3127010839586344,0.4958520227128638,0.022525320857029574,0.16062561789719987,0.18315093875422944
004b0e97-3544-4931-bc08-87791397684c,0.9417980909848281,0.45984208558432266,0.9782541937620758,0.4819560054005055,0.036456102777247645,0.5184121081777531
004b0f9e-b4bd-4256-8000-105d89d5133c,0.4969753359330946,0.5403709221628554,0.542938784433377,0.04339558622976081,0.04596344850028233,0.002567862270521526
004b1bb1-3ee4-409a-93ca-aeaf35eca263,0.43335497262288547,0.5150722809509758,0.6517516553969015,0.08171730832809032,0.21839668277401603,0.1366793744459257
004ba3fc-cc66-4234-b0cd-a8fb266085e0,0.47464376716362344,0.47464376716362344,0.16562504485903973,0.0,0.3090187223045837,0.3090187223045837
004bb766-40c7-4731-b04f-94ba40ccf50d,0.7641255267162825,0.6133333864521666,0.7012136874466068,0.15079214026411591,0.0629118392696757,0.08788030099444022
004be0e6-c3a4-4453-9b7c-e03c7b931131,0.6254769803887368,0.6566252124474956,0.5594058809869408,0.03114823205875883,0.06607109940179601,0.09721933146055484
004c384b-6753-41a1-b4ee-d4ecd4595ef6,0.6951918579231339,0.6946536259797602,0.6219396472463554,0.0005382319433736571,0.07325221067677845,0.0727139787334048
004c4b9b-215c-43a6-96e4-a73a417f0837,0.13960751017084774,0.14439418780409607,0.36995374372527284,0.004786677633248332,0.2303462335544251,0.22555955592117677
004c4d24-76f8-44d6-9de7-9bb57240d4eb,0.31841803990597545,0.30161328133860293,0.3987929813350625,0.016804758567372513,0.08037494142908708,0.09717969999645959
004c4f7d-f942-4f5d-90c8-6cfef8e2b23e,0.5833581925051866,0.6898496654691537,0.757625502789818,0.1064914729639671,0.17426731028463138,0.06777583732066428
004c9955-4411-4f43-8cc1-7d1a6aa70dfb,0.47685621215454377,0.5326316127464424,0.5713650893842923,0.05577540059189867,0.09450887722974854,0.03873347663784987
004cfa7f-5c90-4bde-97ea-11391da368f1,0.2780209114615759,0.33435154629642805,0.2780209114615759,0.05633063483485212,0.0,0.05633063483485212
004d0cca-1daa-404f-b9e4-203db4d2e515,0.7524801984762429,0.714416599720906,0.8753559273967579,0.038063598755336936,0.12287572892051501,0.16093932767585195
004d85b3-63e6-48ff-b42c-bb1da691c8d6,0.644483228702621,0.621509611460287,0.6269436677729064,0.022973617242333932,0.017539560929714537,0.005434056312619395
004da371-b9b2-4d7b-8cb5-52b945040d11,0.5812382876459665,0.5309571395773641,0.3837488073848994,0.0502811480686024,0.1974894802610671,0.1472083321924647
004da9b4-23e1-4bd0-a217-79206f2d983b,0.6384917129896142,0.6492893664440146,0.6963057410484126,0.010797653454400424,0.05781402805879843,0.047016374604398004
004dc048-f056-4f73-bbeb-37cfdbbea9ce,0.47153961704295355,0.4502421063181317,0.5140764057786738,0.021297510724821833,0.0425367887357202,0.06383429946054203
004e5b21-c153-423c-a6e2-7c75b31bf2f0,0.662437013975371,0.6636726015481855,0.519748514567787,0.0012355875728145005,0.142688499407584,0.1439240869803985
004e6c90-ea66-4266-915b-765f6bd5c571,0.3603181402343111,0.3718935473081087,0.7015721802112086,0.011575407073797617,0.3412540399768975,0.3296786329030999
004ea599-7015-4a94-8ade-4dca346f6321,0.45796305274173416,0.433232810302948,0.4908385038508662,0.024730242438786132,0.03287545110913204,0.05760569354791817
004ed148-7f38-45b4-a363-56213917518a,0.5463459139098519,0.5526915748142587,0.48815312283092704,0.006345660904406802,0.05819279107892483,0.06453845198333164
004f1176-795e-406e-bab1-eadb05422ab6,0.38251453394467616,0.40082967704676153,0.7062729591270903,0.018315143102085374,0.32375842518241416,0.3054432820803288
004f9477-09e5-4221-a3bb-3fa04a724539,0.8958482513589957,0.8958482513589957,0.9264184852065132,0.0,0.030570233847517447,0.030570233847517447
004fa669-c006-4e6e-9ac8-b403fa3f4597,0.6357446842138484,0.6357446842138484,0.49585262188600254,0.0,0.1398920623278459,0.1398920623278459
004fd55d-e90f-4218-b7e3-201ddfb41bb8,0.4136338095251548,0.3465695035544217,0.4527073646652811,0.06706430597073315,0.03907355514012628,0.10613786111085943
004fe277-9e7f-492a-839c-1c2e2e87540b,0.26089818877086396,0.25320051581431874,0.29913837091904105,0.007697672956545221,0.03824018214817709,0.045937855104722314
004fe645-3d07-40de-8796-3ceb5ac82c15,0.28432968797007424,0.30078508237350976,0.5383207900950957,0.01645539440343552,0.25399110212502146,0.23753570772158594
00508a28-c329-4c3c-ac82-97721e847c4b,0.24321793123041854,0.25269440427690965,0.333460163482605,0.009476473046491102,0.09024223225218644,0.08076575920569534
00509fad-a137-4f99-87d8-1dbcb62e0d53,0.328797185798657,0.30776291589944327,0.36289908752284133,0.021034269899213753,0.034101901724184314,0.05513617162339807
0050b4ad-150e-40b8-8447-8304a66f6691,0.3619696482528652,0.3619696482528652,0.40999314456860625,0.0,0.04802349631574104,0.04802349631574104
0051059a-ef2c-46be-9d21-4499a537d092,0.738994987930714,0.7252627975266985,0.6634044048886032,0.01373219040401552,0.07559058304211086,0.06185839263809534
005113cc-f4cb-4957-aeeb-07b2dbad03b7,0.46175271669904205,0.3809833699763118,0.7817311355619949,0.08076934672273023,0.31997841886295286,0.4007477655856831
005142c4-6897-4f8f-837e-87e0e9d35556,0.2738034224297719,0.2619853654423464,0.4289536906608932,0.011818056987425496,0.15515026823112132,0.16696832521854682
0051d062-4f45-404b-a7e1-06b03b77376e,0.5740458357532221,0.5720044407788923,0.6011580683652665,0.0020413949743297577,0.02711223261204443,0.029153627586374187
00523553-cc90-48b4-9b87-70660216dd75,0.2927781373974436,0.2818319538684913,0.6173638364206383,0.010946183528952325,0.3245856990231947,0.335531882552147
00524bf0-f41e-4f2b-87c5-8e008c6687c3,0.45013378704869034,0.425110615680613,0.4419904365079829,0.025023171368077357,0.008143350540707417,0.01687982082736994
005289c0-6b35-4829-8fa2-787ebb1a1b67,0.6450111038162857,0.879654561591957,0.8799977867311062,0.2346434577756713,0.2349866829148205,0.0003432251391491947
005293ec-f8b8-4851-bb28-51b604542257,0.3272512931752337,0.32244482150424714,0.33067218672575754,0.0048064716709865785,0.003420893550523829,0.008227365221510408
0052f0c7-6f5d-46bd-984f-962daafab6b2,0.2770551663882442,0.2771282607844443,0.66627963952802,7.309439620012403e-05,0.3892244731397759,0.38915137874357575
00533c82-2817-4539-8914-0477b6c09e15,0.7184431885908685,0.7795351352784515,0.7401701615873852,0.061091946687583,0.021726972996516714,0.039364973691066285
0053aa46-1a98-4e29-a0d5-270f37595d53,0.574179971430491,0.5534755332359791,0.68222922750759,0.020704438194511954,0.10804925607709892,0.12875369427161087
0053e9df-8c17-4a15-979c-d5f08fca3e58,0.8050964706041893,0.28741256126110104,0.8748805331714011,0.5176839093430883,0.06978406256721181,0.5874679719103001
005459b0-303f-491b-af50-7c3c1b0aead1,0.524270391331102,0.5224982859744681,0.6234774627694761,0.0017721053566338574,0.09920707143837415,0.10097917679500801
00547fa8-218e-4b26-a63d-e0996dc616a1,0.6852370263558102,0.6852370263558102,0.7898795411483744,0.0,0.10464251479256426,0.10464251479256426
005490ac-d3a9-456b-8a69-f3c39682f0dc,0.5892457817987659,0.5892457817987659,0.5841717526847445,0.0,0.005074029114021328,0.005074029114021328
0054a5c4-4b2a-4917-ad3f-9efe5c63d1c9,0.649163221469166,0.5841894580030131,0.5757356468954326,0.06497376346615291,0.0734275745737335,0.008453811107580589
00551893-e7b2-48c7-b8d0-1ea1c2273b1e,0.676162185156968,0.7549548947723679,0.6824464347841492,0.07879270961539986,0.006284249627181215,0.07250845998821864
00552f6e-056e-471e-8218-c90a0fdcb286,0.20895388988817482,0.20817243571350358,0.154201875212434,0.0007814541746712367,0.05475201467574081,0.053970560501069575
0055b2d0-9fce-420e-a17d-b4c0924aaaf6,0.3618833079410866,0.3618833079410866,0.6890023973210393,0.0,0.3271190893799527,0.3271190893799527
0055c906-7c4a-4648-b589-05adf8c0e64c,0.6261574784203089,0.6261574784203089,0.7801223621244795,0.0,0.1539648837041706,0.1539648837041706
00564f28-57c0-479c-b4f0-342fc77c6f21,0.4538006345548489,0.5373697614926667,0.8899936008915644,0.08356912693781776,0.4361929663367155,0.35262383939889774
00574ae1-75d7-40dc-8eae-fcd109055d87,0.44915238557508874,0.479535372020467,0.744647715517281,0.030382986445378235,0.2954953299421923,0.26511234349681406
00579a83-0c4b-419a-a20b-fb532d14a9b6,0.4016890461563704,0.3836209627472642,0.37368941739163664,0.018068083409106206,0.027999628764733775,0.009931545355627569
00579c84-f7ad-4507-993c-0f2c3c4fb0af,0.45927605495248247,0.409129891146849,0.6627984485716242,0.05014616380563347,0.2035223936191417,0.2536685574247752
00579fab-4341-49dd-a78b-69b8391467fd,0.4809406928751166,0.4887053135326638,0.7610874191440616,0.007764620657547183,0.28014672626894505,0.27238210561139786
0057a800-1f7a-4d85-8b38-30bfca66291d,0.5809679702035174,0.5795909712258428,0.6230896375619945,0.001376998977674626,0.04212166735847711,0.04349866633615174
0057a94c-84b7-4388-85ef-912256cd38b1,0.572589796771909,0.4785223529388689,0.5146623268891316,0.09406744383304011,0.057927469882777416,0.036139973950262694
0057a996-09e5-485c-8a47-534c23acdbd6,0.5466982522016982,0.5466982522016982,0.42520908251529943,0.0,0.12148916968639878,0.12148916968639878
0057f6a2-a8f5-479b-93aa-195db06ebc6c,0.20490161254304978,0.2005321597906148,0.3237005983168355,0.004369452752434971,0.11879898577378573,0.1231684385262207
0058737c-4c5c-40f3-9076-b2fb5fc9e4ea,0.641204954321986,0.641482507726084,0.7611791445645887,0.00027755340409796325,0.1199741902426027,0.11969663683850473
0058a80a-20b5-4387-932c-66835d0fa25d,0.5208348134994801,0.07306304992687468,0.6985065922903875,0.44777176357260545,0.17767177879090734,0.6254435423635127
00590487-bd88-44f0-a390-9887bb82e915,0.3967354393608454,0.3967354393608454,0.5175206013089793,0.0,0.12078516194813388,0.12078516194813388
00590bc9-e8a0-43d4-ab74-a63f45deb805,0.39870308850291203,0.391763940877592,0.3372361743519228,0.006939147625320052,0.061466914150989205,0.05452776652566915
005918ad-9829-4c94-9b65-3efdaf7991ec,0.3760351059221351,0.3760351059221351,0.42305009430877916,0.0,0.04701498838664403,0.04701498838664403
0059284c-b235-430a-aed5-4860005d7bff,0.47616663700284956,0.47616663700284956,0.5990621562566002,0.0,0.12289551925375064,0.12289551925375064
00592a58-9e3c-4ba6-8b92-4729b11638b0,0.49213671082188304,0.48521379512540136,0.5894130320949426,0.00692291569648168,0.09727632127305952,0.1041992369695412
00593b7e-1d7c-4559-b498-70c22cbd9ddd,0.61309523024631,0.6582806392494757,0.7897289729534273,0.0451854090031657,0.1766337427071173,0.1314483337039516
0059613d-16f1-417a-8026-decc3e757813,0.727270903280998,0.7390288528849174,0.6559712501438163,0.011757949603919404,0.07129965313718167,0.08305760274110108
00598e66-95f5-4406-8df9-5ed4df729e12,0.853396609413018,0.8436932442753493,0.798746305912079,0.009703365137668674,0.054650303500939024,0.04494693836327035
00599221-ad8c-4d09-9135-b7c4bd35744c,0.35019662380575234,0.36415697983055545,0.6470690950865268,0.013960356024803111,0.29687247128077443,0.2829121152559713
00599b06-258e-4d32-ab34-ce5d50366941,0.5238343592713081,0.7042977625078211,0.8839881287115332,0.180463403236513,0.36015376944022515,0.17969036620371215
0059c16d-85ca-4621-b8eb-cc4b229ee6d6,0.794422268826227,0.7400261726713049,0.5523958549195668,0.054396096154922136,0.24202641390666024,0.1876303177517381
0059cdd7-8e21-49d1-bbcb-743bc1a8f9af,0.22644274978456863,0.22637982410288796,0.29476473848999746,6.292568168067558e-05,0.06832198870542883,0.0683849143871095
0059e2d5-eb8e-42b9-bf8f-066159d96233,0.4888279074449757,0.5147906493953408,0.5007058149648133,0.02596274195036513,0.011877907519837583,0.014084834430527549
0059f316-3bef-40f3-924e-9dd76942ce72,0.24791008539534257,0.23676846179921812,0.5755166532188294,0.011141623596124445,0.32760656782348685,0.33874819141961127
005a8dce-5b28-4475-9cb6-b50bec1f1771,0.23040630306305512,0.17661042739306837,0.5299070954106665,0.053795875669986754,0.2995007923476114,0.3532966680175981
005accaa-69c6-4df0-8067-ebee0bd96d87,0.6654234268194458,0.6480200876673978,0.7807314890498195,0.017403339152047947,0.11530806223037371,0.13271140138242166
005ad1f8-a1dd-451f-8e0b-1f98ba0f2266,0.43866065079269667,0.3989301707776498,0.6246857240483473,0.039730480015046865,0.18602507325565065,0.22575555327069752
005b0b72-bc2f-4ab3-bdc4-57a61c9fb920,0.6718810090144676,0.649619525810959,0.7729942499159738,0.022261483203508514,0.1011132409015062,0.12337472410501471
005b94e6-60f8-4c96-bc22-0fdca63618de,0.36257218786772294,0.36257218786772294,0.40832000280916175,0.0,0.045747814941438814,0.045747814941438814
005c0e01-bed8-48bf-bfe6-bdfc0ff8275a,0.36678478449891183,0.37420411994181657,0.41577853892487193,0.00741933544290474,0.0489937544259601,0.04157441898305536
005c780f-e996-42f5-8119-c319135d8152,0.46992749302534337,0.4420489021732217,0.5161675427408563,0.027878590852121687,0.04624004971551293,0.07411864056763462
005c8f28-5ffb-49ee-8659-9f04f98f651b,0.28441571431125284,0.2854616234802722,0.2808395094001235,0.0010459091690193656,0.003576204911129366,0.0046221140801487315
005d15f2-6d6b-44e7-abc0-8c64f1a593a2,0.4787402452196589,0.463648494548625,0.7019714974247481,0.01509175067103391,0.22323125220508916,0.23832300287612307
005d1d45-27d5-4f69-b6cb-faece4292e28,0.8252040907384182,0.4773981480136017,0.8896455957725627,0.34780594272481646,0.06444150503414459,0.41224744775896105
005d6cec-8e3e-4288-9833-80886172f39d,0.543421643191013,0.5511875061615628,0.7475709936122433,0.007765862970549708,0.20414935042123028,0.19638348745068057
005d7a4e-4e34-4d00-9ab6-189d66df5db7,0.612933805828837,0.6926765056234628,0.9153832316204072,0.07974269979462578,0.3024494257915702,0.2227067259969444
005d8628-6284-44db-b07e-3b8599253abc,0.5689787576915705,0.5689787576915705,0.6265900331784889,0.0,0.05761127548691847,0.05761127548691847
005d95c0-44d2-4c3e-8a19-5685dbeb1e94,0.5519222152776895,0.5519222152776895,0.5758998604303545,0.0,0.023977645152664984,0.023977645152664984
005d9db5-18a4-4ed6-85b0-c85985716b49,0.6260069784553276,0.6487113263691842,0.6617795744238611,0.02270434791385656,0.03577259596853355,0.01306824805467699
005da57e-8b7c-4cee-a70a-6d0647a2dbc3,0.5695105831534351,0.5328847857381122,0.7687893058036771,0.0366257974153229,0.19927872265024205,0.23590452006556495
005defc6-afd5-4152-97f3-ee455adb4d32,0.7379936534563832,0.7379936534563832,0.6443792909884862,0.0,0.093614362467897,0.093614362467897
005e0169-463b-44b5-8dd0-5e024c6f8181,0.19349662896762587,0.18378701962878824,0.37120645863975743,0.009709609338837633,0.17770982967213156,0.1874194390109692
005e2783-9d7c-46b8-b744-a20094500c49,0.5988678866596426,0.5988678866596426,0.5241602950533212,0.0,0.07470759160632146,0.07470759160632146
005e27f3-7dfe-4a9e-a006-22cfb46160cb,0.29107846319704367,0.29243587947088434,0.2647303107279994,0.0013574162738406725,0.02634815246904426,0.027705568742884934
005e3ff0-3821-4e4b-90a6-d76b3eda7b57,0.5761172644455935,0.5529775996186493,0.6128457121791389,0.023139664826944184,0.03672844773354533,0.05986811256048952
005e6fdc-d130-48dd-8351-9e002fa987fd,0.6450836531278415,0.6472336606896085,0.7872315603344817,0.0021500075617669756,0.14214790720664017,0.1399978996448732
005e898b-1a84-4989-805a-3e0e0684a407,0.457985710521206,0.4441321387903438,0.4324464655404107,0.013853571730862213,0.025539244980795295,0.011685673249933082
005e91a0-15b2-449f-920f-7395afb03c97,0.8384161195389821,0.830634722359769,0.8332455670089656,0.007781397179213112,0.005170552530016526,0.0026108446491965864
005e9af9-14fa-42e6-b670-f50789571d3b,0.27024363806846724,0.3104171985324313,0.39682039045766204,0.040173560463964086,0.1265767523891948,0.08640319192523072
005ea026-5635-40a6-b164-d8e50a4d20fa,0.6840041498627902,0.5879627911110709,0.5822653650393111,0.09604135875171937,0.10173878482347909,0.005697426071759715
005ef3d8-eaa5-4668-9f6a-5715ce93c6c2,0.5616794382435714,0.57023481879237,0.7681200229388981,0.008555380548798674,0.20644058469532678,0.1978852041465281
005fedae-ebd7-4dc0-8a58-1ace7e16f50a,0.22933681708730785,0.20594960082148095,0.21996125223916935,0.023387216265826904,0.009375564848138507,0.014011651417688398
006035fb-c921-48be-8dc5-1629cfd44d0a,0.5397341292150687,0.5218684529806578,0.5345831556433083,0.017865676234410932,0.00515097357176042,0.012714702662650512
006043cc-b38d-4b5e-b2ca-f4f41de53223,0.3389618860572714,0.3815762471599737,0.5714083783900672,0.04261436110270228,0.2324464923327958,0.18983213123009351
006048a7-e7bb-490c-990f-6fcc5e35da16,0.5409629685451612,0.5409629685451612,0.5409629685451612,0.0,0.0,0.0
00609064-761f-4101-be97-a83dd66f4d66,0.5267436926290157,0.5657043885991736,0.3682372307907547,0.038960695970157944,0.15850646183826095,0.1974671578084189
00609adf-55ec-4b95-ad0a-685aa9096a80,0.7938264158934379,0.7938264158934379,0.6503358782610804,0.0,0.14349053763235753,0.14349053763235753
006176e4-627f-42f1-801c-3bed1493ada3,0.11401303201161378,0.1050429483893534,0.11675213232822798,0.008970083622260386,0.0027391003166142014,0.011709183938874587
0061a71e-f996-4a99-8382-dad838f4246e,0.428317834945997,0.4212504406710721,0.46776284604071094,0.007067394274924921,0.03944501109471393,0.046512405369638854
00623d30-bbaf-4652-881d-52b356726a77,0.6000923725863793,0.6278968572191282,0.8035322023676496,0.027804484632748983,0.2034398297812703,0.1756353451485213
00626d08-cfda-4408-a665-e39b8d6b944c,0.1897806225835108,0.18978727547538524,0.3043897733878271,6.652891874431299e-06,0.11460915080431627,0.11460249791244184
00627eba-7475-4527-956e-20383862d4d2,0.43802598421951694,0.45989654861717283,0.451799179730789,0.02187056439765589,0.01377319551127204,0.008097368886383849
0062b4fc-d9cd-45ef-94c8-99b241bf08c3,0.7759153401965186,0.7696819443064015,0.7156783976450048,0.006233395890117177,0.060236942551513795,0.05400354666139662
006303f4-b70c-4175-9d97-b7b75f5bcef8,0.4948651892253166,0.4948651892253166,0.6433931243468131,0.0,0.14852793512149648,0.14852793512149648
0063a480-6bd1-4303-ae20-8ae861b51a79,0.30575362905589104,0.30575362905589104,0.417812199615186,0.0,0.11205857055929497,0.11205857055929497
006411b8-b95a-404f-a2d5-cbe4308f869f,0.37068625558827667,0.37068625558827667,0.4592185863406305,0.0,0.08853233075235384,0.08853233075235384
0064135a-32d1-4376-aaec-6b20d4d4a544,0.4697067625450546,0.4697067625450546,0.7644444054105095,0.0,0.2947376428654549,0.2947376428654549
00645d1b-9c3c-4405-b339-0c95098e39bf,0.04068694144815815,0.03797341514704458,0.05676841964368792,0.0027135263011135655,0.016081478195529776,0.01879500449664334
0064bd5a-f29c-4eed-b77f-ce75a7e8daad,0.397099932626335,0.397099932626335,0.39321790537339896,0.0,0.0038820272529360156,0.0038820272529360156
00653214-9a17-4eb2-a10f-e766f6ca5e4f,0.4592511403240715,0.4544265081752051,0.4766152967717357,0.0048246321488664146,0.017364156447664203,0.022188788596530618
00660fbc-bfe7-449d-be38-7f3760a118a1,0.22761439724040622,0.17415475454952284,0.23860287881476236,0.05345964269088338,0.01098848157435614,0.06444812426523952
0066608c-4bb8-4ff1-a7ac-56bd0f82ebaf,0.4582310112865233,0.6063319197359021,0.6063319197359021,0.14810090844937873,0.14810090844937873,0.0
00669211-dba7-4305-82fe-fa02ee11d462,0.41270447536577226,0.41270447536577226,0.6759586946428023,0.0,0.2632542192770301,0.2632542192770301
00671294-e570-4e2f-bfe0-92092f453015,0.4715637141154865,0.4122044308137989,0.614629022321336,0.05935928330168755,0.1430653082058495,0.20242459150753705
0067288c-9e41-47f8-8073-9c9405f64254,0.31528770942275647,0.1347040530451051,0.38627411147993723,0.18058365637765136,0.07098640205718076,0.25157005843483216
0067756b-3dda-495e-8450-bcef274b2a65,0.6201721473474384,0.6071179408251405,0.8173256464460514,0.01305420652229794,0.19715349909861302,0.21020770562091096
00679d31-7f45-4b83-a18e-23b45f18fe99,0.3376114148871402,0.3376114148871402,0.39922368116103657,0.0,0.06161226627389638,0.06161226627389638
0067e86d-f927-4b45-890e-6b4eaec334f9,0.4404650959502906,0.43590943306657054,0.7795500744889589,0.0045556628837200575,0.33908497853866826,0.3436406414223883
0068a2aa-ade0-4f98-b820-e032e86f247f,0.8670756771446086,0.8629238707835875,0.903952495438695,0.004151806361021193,0.0368768182940864,0.04102862465510759
0068db20-21c8-4d66-84af-985e68793919,0.42808443077519415,0.42233821620334816,0.5928527598736185,0.005746214571845987,0.16476832909842437,0.17051454367027036
006901aa-b0f0-4aa2-891a-81eea54b680c,0.4297046162863689,0.39484129895543346,0.3399606159266914,0.03486331733093545,0.0897440003596775,0.05488068302874205
00690aaa-f9e8-403e-8f84-273323d1d8d1,0.0501138304537368,0.04319880130428955,0.321666671428556,0.006915029149447256,0.2715528409748192,0.27846787012426644
006912b1-7d87-4e89-9270-320433c9fc0c,0.6749844463464679,0.6460922778843167,0.8124718579475602,0.028892168462151258,0.13748741160109224,0.1663795800632435
0069a645-0740-49bc-b47a-7f05cefa3b56,0.536954119734624,0.48416236944158064,0.8284869877857138,0.052791750293043394,0.2915328680510898,0.3443246183441332
0069acc9-769e-4ffc-ae47-47e5cd6a8770,0.6573071750247599,0.7056985162948286,0.6609164581865389,0.04839134127006872,0.0036092831617789978,0.044782058108289724
006a0bd4-b1c3-4eec-ae46-09c8c4722262,0.4011939128803872,0.4011939128803872,0.5315076070746092,0.0,0.130313694194222,0.130313694194222
006a0dbc-db0a-4b62-aa9a-4f727df7a5b0,0.6347296506015437,0.6278886610797153,0.558373481130777,0.006840989521828433,0.07635616947076673,0.0695151799489383
006b1cb2-a7ab-4e57-8a8b-f0628d50b1a6,0.5398534592817857,0.5398534592817857,0.47816116781045503,0.0,0.06169229147133071,0.06169229147133071
006b20bc-0d1c-4c1a-986f-12405b579145,0.7714579563340548,0.7742879969830906,0.6841295002704917,0.002830040649035803,0.0873284560635631,0.0901584967125989
006c05c6-08c2-45a0-9a99-d972dd582b7b,0.4503798242590383,0.4175244143368084,0.6144061617831874,0.03285540992222985,0.16402633752414914,0.19688174744637899
006c7897-29a0-49b6-ab63-bfdc9e8b7374,0.5526749779697959,0.5526749779697959,0.5637352906358476,0.0,0.011060312666051675,0.011060312666051675
006c9f34-4bcf-4a2a-b810-62ee1ce490e7,0.5035130798088056,0.5107273659822524,0.45804777056765267,0.007214286173446882,0.045465309241152885,0.05267959541459977
006ccb32-76ae-46c0-b018-c7afe9de8baa,0.3910782857729315,0.33705361150147956,0.6669024762537678,0.05402467427145197,0.27582419048083623,0.3298488647522882
006d43b1-0c87-48cb-8b2b-5a2cec7ee42c,0.6137687002819406,0.6233109122145314,0.6302134474575829,0.00954221193259075,0.01644474717564226,0.006902535243051511
006d7319-dac4-427e-ad4a-6bfb79afd83e,0.6300674484024286,0.6026070542620579,0.7130850456449248,0.027460394140370714,0.08301759724249624,0.11047799138286696
006d7a8d-ae0c-4c2a-afcf-3a5d96dec89a,0.7919165317105449,0.7881612133596652,0.8153011512635686,0.0037553183508797217,0.023384619553023733,0.027139937903903455
006d8994-65ab-490f-9e19-97dc778e4d4c,0.46124701521019684,0.46124701521019684,0.5392175240429214,0.0,0.0779705088327246,0.0779705088327246
006da259-fe42-4d9f-a609-78dd044c5bd5,0.5515792194632317,0.6966690564281665,0.7264478495128927,0.14508983696493472,0.1748686300496609,0.029778793084726196
006dc22d-f3eb-4541-9fc1-d82e149d2238,0.5454242958228537,0.46048578708256316,0.5544151202069033,0.08493850874029052,0.008990824384049634,0.09392933312434015
006dc533-9895-4fc7-a9a9-dbf8ba88afb8,0.37495266220358714,0.37495266220358714,0.5385877029541327,0.0,0.16363504075054558,0.16363504075054558
006e2678-d5cb-4354-b7d6-afdd2ca28e03,0.7997294532531524,0.7977918682037455,0.698245195692308,0.001937585049406887,0.10148425756084434,0.09954667251143745
006e4aad-c738-4883-8204-e37738c08f08,0.06760644109904551,0.06760644109904551,0.1473132172030822,0.0,0.07970677610403668,0.07970677610403668
006e51e1-adaa-4afc-b0c0-7e17defc0359,0.7248371078795037,0.7262100304923031,0.5427098803730861,0.001372922612799421,0.18212722750641763,0.18350015011921705
006ea98c-7b7d-4005-bf5d-a85f75f056e9,0.4604107391763048,0.8398725388347219,0.8336259553845342,0.3794617996584171,0.3732152162082294,0.006246583450187693
006eefc0-921f-494e-a170-c7e102ff169d,0.20487478473935058,0.20669082377131143,0.43555712169477184,0.0018160390319608422,0.23068233695542126,0.22886629792346042
006f49ad-6d04-43f3-a009-96007e8b1922,0.6364026628597975,0.5205749429944393,0.6088233908079228,0.11582771986535823,0.027579272051874715,0.08824844781348351
006faf6e-ec1a-4bdb-8b53-e39e6c320900,0.6379443160517111,0.6864305249092072,0.8859562931163583,0.048486208857496105,0.24801197706464717,0.19952576820715107
006fd5a4-4fc6-4cd3-b549-7ac87a2711ba,0.3981541699362635,0.4368260301775354,0.8210014652307879,0.038671860241271894,0.42284729529452436,0.38417543505325247
006ffa13-5fbb-4a7c-9b91-15f02a0586db,0.10085679485687292,0.0957391741617608,0.17184740126287687,0.005117620695112124,0.07099060640600395,0.07610822710111607
00702842-cba1-4b2a-9f94-c261bba6e2ab,0.6553281221312913,0.6821224263881902,0.6587994277541687,0.026794304256898882,0.003471305622877341,0.02332299863402154
007097b6-795f-4c3e-80f1-b31991d667d5,0.5554118988448262,0.7719107719918108,0.8565810178146208,0.21649887314698457,0.3011691189697946,0.08467024582281002
0070a0db-a3c5-4dcd-a474-2791a3a30782,0.6450791437651857,0.6545364896283702,0.7478501848598639,0.009457345863184474,0.10277104109467816,0.09331369523149369
00710154-6352-423c-b192-51953a7f7a69,0.555770129157747,0.6011835359454976,0.7321509658855213,0.04541340678775052,0.17638083672777427,0.13096742994002375
00712291-b635-408f-9e0b-8f1bc3dd02b6,0.1809045356967548,0.1739730407608816,0.3700770536056006,0.006931494935873195,0.18917251790884582,0.196104012844719
0071244f-eac8-49b7-a110-9d2a78cd6422,0.39397539181950275,0.44722491072715975,0.46312694137059723,0.053249518907657,0.06915154955109448,0.01590203064343748
00716383-25cc-463e-94cb-be298c2001a2,0.41381579030029964,0.37459847885092107,0.40175660665395196,0.03921731144937857,0.012059183646347671,0.027158127803030896
007196d2-98c4-43db-95b1-028bccc43540,0.32963088039209903,0.30875420775380513,0.41053658649005076,0.020876672638293903,0.08090570609795172,0.10178237873624563
00720c1c-99fc-4b6d-87d9-11da0d9ce948,0.44000505964264225,0.8288078775685548,0.5029324494818783,0.38880281792591254,0.06292738983923607,0.32587542808667647
007259b6-15dd-4790-abd1-de3c07f26418,0.26149187804415025,0.29296784152177224,0.38862929760978826,0.03147596347762199,0.127137419565638,0.09566145608801602
00727f75-e8c3-4a1e-b52d-13be0dc0fc63,0.31952531326925526,0.2690634151606898,0.3522149612759547,0.05046189810856544,0.032689648006699434,0.08315154611526487
0072b119-4093-43b1-b528-563a21006876,0.5226139212050893,0.507166629168531,0.5898777250923735,0.015447292036558369,0.06726380388728415,0.08271109592384251
0072dce3-cc67-4d1a-a0b0-efdd1f18ee25,0.6751628516502782,0.7401981532163394,0.7385848866252708,0.06503530156606119,0.06342203497499255,0.0016132665910686406
0072f9d5-f144-41fe-8104-6e192750e9b4,0.3983527857862361,0.4045563356518417,0.22626446069376077,0.006203549865605562,0.17208832509247535,0.1782918749580809
007302c3-000b-422d-a825-def38f526d39,0.44610638262252633,0.3656188097846916,0.5852311030115779,0.08048757283783475,0.13912472038905155,0.2196122932268863
00731c08-dfe4-4756-9282-db53568cae41,0.5406942524164787,0.5406942524164787,0.6422127920399936,0.0,0.10151853962351487,0.10151853962351487
0073a353-100f-4d5d-9e6e-04963d261748,0.6462025995533998,0.6526465537831354,0.6545434577899508,0.006443954229735649,0.008340858236551063,0.0018969040068154142
0073c5dd-08a8-4752-89bd-b5c0518fce42,0.3372502824513617,0.3428742770641273,0.6029501466918648,0.005623994612765637,0.26569986424050307,0.26007586962773743
0073cdd9-027d-4a38-92f1-876e05bb2c23,0.36998462598825765,0.37827939271563676,0.4262528936172701,0.00829476672737911,0.056268267629012436,0.047973500901633326
007426c3-71c2-4dda-ae22-8d326207153a,0.8890696435146127,0.881468339853149,0.9451621902812984,0.007601303661463721,0.056092546766685736,0.06369385042814946
007480f4-bb2c-4b6c-8f2a-c524848e8bf9,0.06313840507305434,0.05755328066782145,0.1021218272750788,0.005585124405232886,0.03898342220202447,0.044568546607257356
0074bf57-fb62-4a49-b9fc-a352b7ca846b,0.7484399758097312,0.6594904427227296,0.8194979080492502,0.0889495330870016,0.07105793223951895,0.16000746532652055
0074e2b0-694d-4ece-9f2e-e2914d804500,0.40751086157908645,0.3839325317595002,0.7297956747431779,0.02357832981958624,0.3222848131640914,0.34586314298367765
0074e38d-014f-42e5-ac01-403ee9e98fe6,0.04739716703573863,0.04825020360622249,0.09210787731273536,0.0008530365704838561,0.044710710276996725,0.04385767370651287
0074ff02-2574-4409-af5f-959be126395d,0.6631538675568566,0.6090544482216873,0.7577351986252315,0.05409941933516926,0.09458133106837496,0.14868075040354423
007535b5-d422-49ea-9855-0b3ca78413ac,0.7346674825100145,0.7346674825100145,0.7001295267817672,0.0,0.03453795572824725,0.03453795572824725
007566ce-4a44-463a-a3b4-990133faa28a,0.46046271616745643,0.539244745900315,0.5807711821694945,0.07878202973285858,0.1203084660020381,0.04152643626917951
0075c292-ce0f-44b8-812a-cc8d99a3eafd,0.12054997106987184,0.12032487006357849,0.2276010189665564,0.00022510100629334617,0.10705104789668457,0.10727614890297792
0075cda7-637f-4b6a-a3a8-df2337057743,0.4982608871371352,0.46905061591219116,0.5756572047850592,0.029210271224944018,0.07739631764792404,0.10660658887286806
00765a61-1144-4f75-b7a8-e04c90d292c0,0.6762744175800176,0.6762744175800176,0.6472249646110236,0.0,0.029049452968993972,0.029049452968993972
00765f90-01d9-4529-8afc-29ca16d08b4c,0.2539825376643748,0.5672717037443205,0.6295578846725342,0.31328916607994567,0.37557534700815937,0.0622861809282137
0076939d-5b6e-4e83-8fa3-bc5a521cf251,0.5144634309344656,0.5192336131216044,0.50102684738232,0.004770182187138872,0.013436583552145609,0.01820676573928448
0076acfb-0afc-4ab2-b0c2-63c2af5c2140,0.3547102544922583,0.39233225060387916,0.6031906944201594,0.03762199611162087,0.2484804399279011,0.21085844381628022
0077fe66-8d93-4249-aef2-f0d29bf5ac16,0.4364699248465384,0.39185379968702616,0.2603828937480432,0.04461612515951224,0.17608703109849522,0.13147090593898297
00780a3c-f237-4e98-86be-d16ad5e1ac71,0.21346710229324029,0.22529567594113367,0.4633857142297656,0.011828573647893387,0.24991861193652531,0.23809003828863193
0078e0d7-259a-4bcd-96ff-313403eb5b18,0.6825309453007149,0.6799568898484114,0.5727471683248835,0.002574055452303492,0.10978377697583142,0.10720972152352792
00792021-bf05-4ef5-8389-8fed86c5de4f,0.7213343458594436,0.7295369275951236,0.6791212502440663,0.008202581735680003,0.04221309561537723,0.05041567735105723
00793376-646f-4a29-91ec-3ec366d915b7,0.7156633485926089,0.719055466103126,0.7218248033346492,0.0033921175105170454,0.006161454742040218,0.0027693372315231723
007979fa-f0aa-4491-b9a8-a8c7f554cd65,0.7719950702354432,0.7719950702354432,0.7814075298086777,0.0,0.009412459573234444,0.009412459573234444
007986fc-2424-444d-bc48-981d92406ac0,0.37819986372952197,0.9166915091660284,0.7643664447789591,0.5384916454365064,0.38616658104943713,0.15232506438706928
0079e9be-f175-4a13-be30-7eddea6bf755,0.4605354829121583,0.5117010266480431,0.3793840956351998,0.05116554373588478,0.08115138727695848,0.13231693101284325
007a0e5b-a212-4cc3-82d4-e028d0315913,0.7213487769348345,0.7012349023593744,0.7892143548782626,0.0201138745754601,0.06786557794342818,0.08797945251888828
007a67e9-19b4-4700-857f-2bb74aa6711f,0.6542362932147475,0.6542362932147475,0.5848717794714624,0.0,0.06936451374328512,0.06936451374328512
007a8f02-097e-4495-aeda-8af84626175f,0.7023082347011295,0.6685635152959211,0.8422940189190434,0.0337447194052084,0.13998578421791397,0.17373050362312237
007accfe-db88-49ab-a005-c284b0abeda1,0.2500417268264503,0.21236286173611865,0.3275344449967477,0.037678865090331665,0.0774927181702974,0.11517158326062907
007b0e19-684c-420b-bcaf-b3b72f4d720d,0.5544433242199356,0.5544433242199356,0.6879998337898467,0.0,0.13355650956991116,0.13355650956991116
007b6e26-5ca0-4df3-835d-1d6afe6bfa3f,0.600839488943459,0.5993326527261317,0.5665244628125591,0.0015068362173272787,0.03431502613089987,0.032808189913572594
007b9ecd-ce91-49b0-9aa3-9ee9ab1f985a,0.2601398919887226,0.14841589071118516,0.12978001718913026,0.11172400127753745,0.13035987479959235,0.018635873522054897
007ba1b3-54bd-40e0-8e58-02d553ae7c85,0.21578886886744825,0.21578886886744825,0.29712107317455994,0.0,0.08133220430711169,0.08133220430711169
007c154d-1023-4e46-979c-5c157cb15ab4,0.3215180318967035,0.3390855110632372,0.3760394871899758,0.017567479166533673,0.05452145529327229,0.03695397612673862
007c6ab7-068b-4eeb-850c-19ebdbb1e175,0.604419789687229,0.634534902687129,0.7197767463652064,0.030115112999899996,0.1153569566779774,0.08524184367807741
007c77a0-342d-4675-95ee-d89dfdf6dd8e,0.15121006980425977,0.15121006980425977,0.23364234497956782,0.0,0.08243227517530805,0.08243227517530805
007c8335-2a41-4e9f-bb11-32fa1050fe4f,0.7178073086252759,0.6542520880463845,0.7866044667867202,0.0635552205788914,0.06879715816144438,0.13235237874033579
007cb524-b7c7-4836-aa6f-c9f886e6b424,0.701977089603059,0.2927789480377778,0.40445939129176806,0.4091981415652812,0.297517698311291,0.11168044325399024
007d0a60-c7d2-4bbc-aa17-b7386f7dd16f,0.4714835077156658,0.4718613546693087,0.3648278436996544,0.0003778469536429019,0.1066556640160114,0.1070335109696543
007d1134-ca26-4d0d-bab6-ac13f00655f0,0.49882498519006235,0.2407250226653613,0.7634337061583248,0.258099962524701,0.2646087209682625,0.5227086834929635
007d7538-17f2-4954-b4f1-c049261f2a27,0.5192980045585319,0.5192980045585319,0.663048660880773,0.0,0.14375065632224104,0.14375065632224104
007dc59f-81be-45f8-af49-08a5f50d0c30,0.6363182938981966,0.6363182938981966,0.4472045896381769,0.0,0.18911370426001972,0.18911370426001972
007e4e1e-1f03-49e1-bc57-6a18af8bda73,0.6177423664966313,0.6177423664966313,0.6394918282200387,0.0,0.021749461723407415,0.021749461723407415
007e814d-f5f7-447a-a61b-3c8efd8f34b5,0.6467585985797073,0.6980851352446581,0.8949416139295542,0.051326536664950795,0.24818301534984688,0.19685647868489609
007eceef-9a7a-4e8f-ae93-b7c1b081e652,0.5089838656318731,0.5395313443664814,0.5666802762513062,0.03054747873460828,0.05769641061943309,0.027148931884824812
007f4896-9c37-4cf8-a487-9fad12efa1a4,0.5586032867465308,0.5586032867465308,0.5491384329854051,0.0,0.009464853761125713,0.009464853761125713
007f6459-9d8b-4034-acbb-0bc246308d96,0.5917946348846574,0.6781649161089272,0.4900986512518214,0.08637028122426971,0.10169598363283605,0.18806626485710576
007f8aba-087f-4a3d-a572-5c3e1eed9bd6,0.4515382211007626,0.4515199654211897,0.4443515505180726,1.8255679572865002e-05,0.007186670582689958,0.007168414903117093
007fa96d-9393-4e60-ae5e-b7aca9955507,0.5260261957224803,0.5532392052229201,0.5005998421739468,0.02721300950043981,0.02542635354853351,0.05263936304897332
007fd92b-0378-4251-9923-403cd5b1401f,0.2527316253482625,0.24034920074799657,0.3829068404521786,0.012382424600265923,0.1301752151039161,0.14255763970418203
0080194d-f067-4c31-9f97-4b1c8feb5b76,0.7453390847095522,0.8250111285726973,0.736526281229241,0.07967204386314508,0.008812803480311215,0.0884848473434563
0080299f-1aaf-478d-8fb9-ceaba50e7486,0.5677717088295395,0.5677717088295395,0.6371355468660542,0.0,0.06936383803651469,0.06936383803651469
00805b83-6f71-42d0-9395-421602e3730d,0.09521620724439231,0.09521620724439231,0.10194542513066983,0.0,0.006729217886277519,0.006729217886277519
00808c65-041a-4c01-9610-2bd525fc21ce,0.42522484399377325,0.43128385224045895,0.4509578249811547,0.006059008246685704,0.02573298098738147,0.019673972740695767
0080d20c-c891-4172-bf68-b1b331d6c9f5,0.48631805448073884,0.4699330011468621,0.6306282007794751,0.016385053333876742,0.14431014629873629,0.16069519963261303
0080ee35-1bcf-4658-bc69-810a2a5e3d6b,0.6818047002864636,0.692674504359895,0.736895342154316,0.01086980407343141,0.0550906418678524,0.044220837794420986
00815ad6-e541-46b5-9188-3912b2ccccd0,0.30945505172717724,0.23715220320483138,0.26131766215503494,0.07230284852234586,0.04813738957214231,0.024165458950203555
0081c16e-01c5-43aa-8665-cd22d0c0665a,0.4037101111672745,0.6037138216665198,0.3383298839033224,0.20000371049924526,0.0653802272639521,0.26538393776319735
0081f7de-c0e8-478a-9a85-2834c557391d,0.35040972276711674,0.35040972276711674,0.3628252892116314,0.0,0.012415566444514636,0.012415566444514636
00820cff-6919-4269-a80a-b38be2b4de22,0.7593237838914829,0.7480449919135226,0.8175002215949323,0.011278791977960334,0.05817643770344938,0.06945522968140971
008238c2-be4a-4f52-a1d7-ebd1991b3f79,0.6924692251854294,0.7400493312383777,0.6647045058772474,0.04758010605294827,0.02776471930818203,0.0753448253611303
00824ea3-b138-4e5f-8aa7-ed44926172d5,0.6452659959446228,0.6452659959446228,0.6435627923969408,0.0,0.0017032035476819418,0.0017032035476819418
008280cc-226e-4ae4-a466-7669bcbbed89,0.6657782692224364,0.5823976998883752,0.6920427410585143,0.08338056933406124,0.02626447183607783,0.10964504117013907
0082be85-3c82-4f45-b7b6-6be8becb7990,0.604412527144959,0.604412527144959,0.7107313501747251,0.0,0.10631882302976614,0.10631882302976614
0082bfb7-6450-41c8-b81f-d15c63da5bbf,0.4433087818115369,0.45999631879584696,0.5144030401143409,0.01668753698431008,0.07109425830280403,0.054406721318493945
0082cf08-37d7-4dd7-b7c8-125dca3194fa,0.8107101501003992,0.8409977411260708,0.8543230151404515,0.03028759102567169,0.04361286504005235,0.013325274014380661
00835959-f165-4d31-a34f-2d64811472fc,0.1920242497880592,0.1920242497880592,0.2984251804092618,0.0,0.1064009306212026,0.1064009306212026
0083c402-060c-45bb-9806-8f986b050a23,0.38391763865929995,0.3775161208561443,0.46575951458544174,0.006401517803155676,0.08184187592614178,0.08824339372929746
0083fa99-430e-4b60-91b9-e1178d5d0e34,0.6361048802475395,0.32970619206561563,0.6450531603680395,0.3063986881819239,0.008948280120499974,0.31534696830242387
008429f6-00a9-432e-9132-626f34a80cbb,0.7176900829955557,0.7176900829955557,0.826918890440979,0.0,0.10922880744542329,0.10922880744542329
00842eb0-0279-43c1-b07f-7375b8ae2baa,0.10054942203409839,0.10054942203409839,0.09985479819016116,0.0,0.000694623843937231,0.000694623843937231
00843e0e-8562-40dc-ae65-80969685063e,0.6185804315184804,0.6311895380204605,0.7011292990781831,0.012609106501980105,0.0825488675597027,0.0699397610577226
0084809b-12ad-4aed-aea8-3475ea5d33a2,0.39781326741771067,0.39781326741771067,0.39677185135359194,0.0,0.0010414160641187276,0.0010414160641187276
00849c05-79eb-4dd3-8fb5-e92f757fe227,0.6552317225997113,0.707582109523031,0.8678769349553546,0.052350386923319725,0.21264521235564326,0.16029482543232354
0084a8f5-0505-4441-a0a2-ba181af1bede,0.4376678723829167,0.44390920805514045,0.5371955213185238,0.006241335672223736,0.09952764893560706,0.09328631326338332
0084aaf7-b6ab-4053-a952-a821c9ec122d,0.4029711341816203,0.5325146552888287,0.7551668866915825,0.1295435211072084,0.3521957525099622,0.2226522314027538
0084bd2f-c06e-4a59-9124-d247d242e467,0.22553150866500016,0.2736796400793981,0.5437593207537296,0.04814813141439794,0.3182278120887294,0.27007968067433147
00853684-7057-4c70-a59f-d67403d8da70,0.6404776446663998,0.6286828633876897,0.7621957684873911,0.011794781278710031,0.12171812382099134,0.13351290509970137
00854924-25f6-4125-a51b-3d749c990250,0.6477947361109774,0.738676312398848,0.7865387351085231,0.09088157628787064,0.13874399899754575,0.04786242270967511
00854951-8a9c-40b2-8f12-a7772e41d005,0.7427386462195997,0.743445104209332,0.8206933287208712,0.0007064579897322343,0.07795468250127147,0.07724822451153923
0085600b-1f6e-4b3c-aa86-dcb1702bc364,0.19055893077377126,0.19055893077377126,0.6373317647873558,0.0,0.4467728340135845,0.4467728340135845
00858d4d-9935-472c-ac5b-6504ce4ba8ba,0.528826419901456,0.6727173770733054,0.6559222411278952,0.1438909571718494,0.12709582122643925,0.016795135945410156
00859bad-546c-4529-a63e-049d374559e0,0.7787515295844802,0.7806160140232463,0.7263938649494665,0.0018644844387660786,0.05235766463501379,0.05422214907377987
0085a1b4-7b65-4363-b2f8-1406f7ded85d,0.8203028056989301,0.9651146811035589,0.9240171751600441,0.1448118754046288,0.10371436946111401,0.0410975059435148
0085cb9c-5a7c-4d28-a66f-8d4d5464b5e8,0.712289912551512,0.7303534251329582,0.7918307342447201,0.01806351258144623,0.07954082169320809,0.06147730911176186
0085db2b-ad07-45e6-b16e-1c09c5cdf782,0.08473752811701953,0.07948747186242122,0.16105603666135962,0.005250056254598304,0.0763185085443401,0.0815685647989384
00861acc-a29d-484e-8ff3-c800f2ba198e,0.22074940717258262,0.19626562329526162,0.33390494400110987,0.024483783877321003,0.11315553682852725,0.13763932070584825
00862e29-3818-42aa-84cc-3e9ec3c834a6,0.6253137913622447,0.5952562295710763,0.7677724211444776,0.030057561791168474,0.1424586297822329,0.17251619157340137
00866d7b-878b-4663-9967-a61d3bcd5161,0.6555598591004216,0.6496200514978702,0.683941304990965,0.005939807602551417,0.028381445890543366,0.03432125349309478
00867a27-bfc4-426a-9f7f-bb462efc4cf1,0.3379391735532969,0.35578713048832106,0.3683959928619233,0.017847956935024167,0.030456819308626426,0.012608862373602259
0086a83f-3858-499a-bd06-dc22dd71d3a9,0.42586310015172063,0.7104518159978358,0.788963784342622,0.28458871584611517,0.3631006841909014,0.07851196834478624
0086c115-477d-450e-a188-a180b633cf7e,0.4407322789179589,0.47605774652874655,0.5877558216758185,0.03532546761078764,0.14702354275785962,0.11169807514707197
0086ec76-8e63-45da-b0ca-ca49c6b8ff03,0.3176995137607672,0.3176995137607672,0.35391387393373847,0.0,0.03621436017297125,0.03621436017297125
0087126d-51fd-4848-9715-8820c32d0b74,0.8219287744665079,0.5510553998704241,0.855219514446929,0.27087337459608385,0.03329073998042109,0.30416411457650494
00876378-d41b-4e3b-a52c-08e8d87ef698,0.6304746399847438,0.6304746399847438,0.6269035447847425,0.0,0.0035710952000013174,0.0035710952000013174
00878131-bdd0-4b6b-a300-1b4cc8f827d9,0.22682499281564794,0.22549910400976828,0.2891867721419422,0.0013258888058796658,0.062361779326294275,0.06368766813217394
0087c5a4-54be-4d5f-8fed-7f399af6ff4b,0.22101130648182807,0.21258732404836336,0.3518877597692542,0.008423982433464705,0.13087645328742611,0.13930043572089082
0088ad4f-1496-419d-bf61-dba42d986988,0.4722562569037361,0.4722562569037361,0.19383611108876367,0.0,0.27842014581497243,0.27842014581497243
0088dc70-870f-4f69-af42-0ac3b8797a37,0.6437042377530857,0.6498703860076839,0.7204099948097367,0.006166148254598158,0.07670575705665095,0.07053960880205279
0088e3af-ab91-4b5f-b537-d828136d3fe3,0.4280393265513139,0.4280393265513139,0.4950297175618056,0.0,0.0669903910104917,0.0669903910104917
008982d3-8871-4c87-b776-be93b8d1cdea,0.5431564019453095,0.5718353055633825,0.6340661683980583,0.028678903618073015,0.09090976645274884,0.062230862834675826
0089f970-76bc-4dbb-874d-3a7df50f5640,0.21310312611236226,0.248620928405437,0.5899618419987239,0.035517802293074746,0.37685871588636166,0.3413409135932869
008a0873-1231-47a3-b42a-6ca1be591884,0.5080354506274046,0.45753463821317775,0.9459783911108067,0.05050081241422688,0.4379429404834021,0.488443752897629
008a4d17-95c2-49a9-b19f-80fedfab0242,0.6820876255257857,0.6950247767868007,0.7945630605654636,0.012937151261015023,0.11247543503967783,0.0995382837786628
008a64a0-976a-4fa0-ac0e-b03f7e59dd76,0.2742606108738525,0.2260589984575518,0.2830753366269797,0.04820161241630069,0.008814725753127195,0.05701633816942789
008a7455-794e-4903-9bd1-a68273627a5d,0.5804898529694247,0.5861782086174389,0.7430994977248705,0.005688355648014176,0.16260964475544581,0.15692128910743164
008a89c3-8de0-4ac5-9728-61f6c2fbbaa2,0.4084298773156229,0.413698001531742,0.6557547795502852,0.005268124216119108,0.24732490223466225,0.24205677801854314
008aaafd-b4d7-4401-aee2-63db3d38c120,0.5884759233568264,0.5840711975100212,0.5626166572717866,0.00440472584680518,0.025859266085039856,0.021454540238234676
008ac280-e7ec-4417-bdd5-b9edbbf0eb4c,0.19641810263621584,0.19641810263621584,0.19641810263621584,0.0,0.0,0.0
008adfc2-f795-4497-a50f-306cf998a984,0.44601384760432766,0.44272977043320344,0.6169761059895206,0.0032840771711242223,0.1709622583851929,0.17424633555631713
008aed59-3a6f-4566-be87-a04c30397bfb,0.2862775340099912,0.2912596554043111,0.7254401233283154,0.004982121394319916,0.43916258931832425,0.43418046792400433
008af21e-7c37-4e2a-b614-ef788b65c6f2,0.2478638511341392,0.2478638511341392,0.2456915775189788,0.0,0.002172273615160397,0.002172273615160397
008b1797-42fa-4d49-b919-223eed517ee3,0.35998520707009757,0.3894346509257797,0.7827251105328409,0.029449443855682156,0.4227399034627433,0.39329045960706116
008b73b5-61d9-4892-a72e-bb95a3c12936,0.6163495351690388,0.7189223882307969,0.41630114414913894,0.10257285306175812,0.20004839101989985,0.30262124408165797
008b7dd1-81be-40e9-bccd-36f241df2f41,0.5327485710007638,0.5159605836651211,0.7691312059802912,0.016787987335642685,0.23638263497952738,0.25317062231517007
008bb8b6-50e2-4ae6-8203-b89ebee0a62f,0.6744731128467849,0.6913132454104137,0.4988320400774619,0.016840132563628818,0.175641072769323,0.19248120533295182
008c13df-a8a2-4482-96e0-ff166c35f02e,0.6273354289688744,0.6398839449248734,0.5525152528860119,0.01254851595599904,0.07482017608286251,0.08736869203886155
008c7b28-c017-4198-adc9-6ab546d6e812,0.3424843361885485,0.28256075857765456,0.3070753324090447,0.05992357761089395,0.03540900377950379,0.024514573831390163
008cb678-f388-4fcf-beb5-21a69ef1c75a,0.5779048928282786,0.5890154134751323,0.5885683650181838,0.011110520646853694,0.010663472189905154,0.00044704845694854
008cbb35-a3e0-4431-978e-ce1829a98eea,0.616574353571657,0.6516544625047285,0.6211034906353429,0.03508010893307145,0.004529137063685851,0.0305509718693856
008cf54f-02cf-4734-8a1b-7ec4e0cdbf25,0.6700508004293978,0.6911886214062907,0.821278965985776,0.021137820976892874,0.1512281655563782,0.13009034457948532
008d2a24-622a-4710-a4d3-5d940e09e115,0.48172880705776716,0.48172880705776716,0.5997453877641736,0.0,0.11801658070640647,0.11801658070640647
008d6ef8-c6b5-4e3a-96a5-e47f6b3ea53a,0.698717645677557,0.698717645677557,0.5637704904905214,0.0,0.1349471551870356,0.1349471551870356
008d81e8-094b-468a-9193-fdcee80f7bee,0.6140868549353966,0.6140868549353966,0.781436949270292,0.0,0.16735009433489534,0.16735009433489534
008db1bc-d645-417c-9343-37fea5020eaf,0.3996286465741444,0.3474946530338844,0.8025312874195963,0.05213399354025999,0.40290264084545196,0.45503663438571196
008e23bb-cdc8-4b21-9816-2228202f6080,0.10696607883908847,0.10696607883908847,0.3023536686822078,0.0,0.19538758984311932,0.19538758984311932
008e95e9-1131-439d-93b4-5a921a070e34,0.32459722292441523,0.32459722292441523,0.3442325056325309,0.0,0.019635282708115653,0.019635282708115653
008eb08f-2fd0-4f9a-8f4b-d38707f59e2b,0.6411832098781862,0.6356401047511391,0.5941538356814426,0.005543105127047143,0.04702937419674358,0.041486269069696435
008ee80d-135e-470a-8f9a-2de83633ad53,0.5051507811050264,0.499625272621203,0.6453244494734188,0.005525508483823438,0.1401736683683924,0.14569917685221584
008eed90-90f1-41ff-9851-25fd00dc1e05,0.5591902849408,0.5323394232604812,0.6891121879610884,0.026850861680318805,0.1299219030202884,0.1567727647006072
008ef7f3-c13f-49e0-a25f-436d091d40da,0.5491507052060215,0.5739235399203289,0.46494251755844956,0.024772834714307357,0.08420818764757193,0.10898102236187929
008fe6ec-1ad2-47dc-87fd-0a2b67a31d37,0.4968144554975756,0.5022629238702888,0.33087654919667675,0.005448468372713233,0.16593790630089883,0.17138637467361206
009031db-201b-489a-8c25-d396ffe4407f,0.32684591563694415,0.32684591563694415,0.38328509266350064,0.0,0.056439177026556486,0.056439177026556486
00905e5f-088e-45d4-a841-f1acb2e01d69,0.5970166922845556,0.5970166922845556,0.7553788112632633,0.0,0.15836211897870778,0.15836211897870778
00905f93-0a09-4474-878c-a2266b98944b,0.6973535104127128,0.6849446849971262,0.764119472492705,0.012408825415586522,0.06676596207999219,0.07917478749557871
009079fe-a95f-4c4f-b862-13103dd76d46,0.157217992747824,0.157217992747824,0.14804208717512782,0.0,0.00917590557269618,0.00917590557269618
0090a2d4-be08-4dd4-857b-0e43ca57aef9,0.6828178035833955,0.37446491023615963,0.7159814130760903,0.30835289334723587,0.03316360949269481,0.3415165028399307
0090bd2e-daaa-4a51-a660-a1fa339800cc,0.6691910771204951,0.6785960800823115,0.6643292994347656,0.009405002961816455,0.004861777685729485,0.01426678064754594
00912771-1c00-4706-b034-991fe415c024,0.7065384050726893,0.7410146800903527,0.4512751831339695,0.03447627501766337,0.25526322193871975,0.2897394969563831
00913ca1-73f4-4f58-addc-f999fed78f54,0.48511433305470714,0.7102645111846948,0.730288710887864,0.22515017812998767,0.24517437783315682,0.020024199703169154
009163a1-6a5a-4d53-b898-e0bffed64834,0.36297274801312485,0.36297274801312485,0.5605882602429324,0.0,0.19761551222980756,0.19761551222980756
0091a8fb-1f77-476b-a695-0d4ed5369592,0.7369199584377731,0.7353502295026161,0.5978006617556718,0.0015697289351570554,0.13911929668210132,0.13754956774694427
009205bc-68e0-4da4-b2a2-3e3246133cc5,0.3006327035809162,0.30117129924226227,0.23112087146394222,0.0005385956613460641,0.06951183211697398,0.07005042777832005
00923100-6c76-432d-9471-0373fcb2b823,0.7860377988839297,0.7828152206596186,0.7353412132872532,0.0032225782243110457,0.05069658559667645,0.0474740073723654
0092353b-a9db-4b82-b7e5-6b8887b0ba0a,0.49605285928567283,0.5365241330200468,0.6812923515731822,0.040471273734373925,0.1852394922875094,0.14476821855313549
00923837-a3c2-4306-abc4-79d61a1d9f16,0.3560049419926787,0.3560049419926787,0.36629787977611744,0.0,0.01029293778343876,0.01029293778343876
0092bf98-0605-4ee3-a6d4-9a0200613466,0.9206075148193484,0.9004480980772401,0.9188733671279932,0.020159416742108305,0.00173414769135527,0.018425269050753035
00931e3b-feca-4ce7-a30c-ed61d39999e6,0.5163124916467667,0.5172210610007979,0.5909548058273141,0.0009085693540311635,0.07464231418054734,0.07373374482651618
0093217c-7e83-4d60-8130-1ecd52ead8a7,0.20148807778991926,0.20148807778991926,0.19465017153470224,0.0,0.006837906255217019,0.006837906255217019
0093c577-45ca-4ae4-8f44-4898911e6131,0.5620151433473415,0.5546048869419921,0.7177559047095738,0.007410256405349425,0.15574076136223236,0.16315101776758179
0093cddc-6ebc-46fd-8e55-87314378117c,0.6440348645617788,0.6440348645617788,0.861914045292706,0.0,0.21787918073092716,0.21787918073092716
0093f21d-87de-4e62-8fce-65a6d1db0764,0.595132111023007,0.5495333810828049,0.6571574275951834,0.04559872994020209,0.06202531657217636,0.10762404651237845
009422c5-9823-4f5c-bed7-dc8f559904df,0.4499066209019318,0.5044033611274159,0.6421628249609805,0.05449674022548412,0.19225620405904875,0.13775946383356463
0094dba4-9ae0-4faf-a58d-fab0e8f2e8e6,0.3284896570605639,0.39192543780876454,0.399901200604216,0.06343578074820067,0.07141154354365215,0.00797576279545148
00951dd8-b31d-472a-9118-ea896a772176,0.29090581978325697,0.25625160266200264,0.28026162957589057,0.03465421712125433,0.0106441902073664,0.024010026913887927
009550be-f5f9-415c-acbd-2ed40ebaa31c,0.6614130773464656,0.6683646771577875,0.71595515393578,0.0069515998113218735,0.054542076589314425,0.04759047677799255
00957735-2424-4b84-94a3-fc33d3310ebc,0.778160118052372,0.778160118052372,0.8877672954931269,0.0,0.10960717744075499,0.10960717744075499
00957ddf-f45c-422b-b54f-62f474c2afaf,0.39704169678765877,0.39704169678765877,0.43223554287162075,0.0,0.03519384608396198,0.03519384608396198
0095aa5a-236b-44eb-8c84-4bfe18297771,0.423605737020616,0.4112584092735174,0.38937267427721317,0.012347327747098569,0.03423306274340282,0.02188573499630425
009638b5-fd71-481f-bd5e-56a71e665275,0.6460714793744626,0.6482257018757331,0.7124763500185262,0.0021542225012705085,0.06640487064406353,0.06425064814279302
0096c4b7-b408-4ac1-8525-965546066b86,0.4630267949233861,0.46964127394414984,0.6164898840429034,0.0066144790207637305,0.15346308911951728,0.14684861009875355
0096fa53-fc8e-424d-ad40-f5242a09e567,0.24717956322692652,0.24717956322692652,0.25619748787160807,0.0,0.009017924644681541,0.009017924644681541
009717ef-d2ed-4692-85d2-d6209387409f,0.6472159281074861,0.7077558385840111,0.81284844929814,0.06053991047652507,0.16563252119065397,0.1050926107141289
0097181d-2184-4a50-82da-ffd7c7561276,0.5248213686701103,0.4596710524998132,0.6338646468235973,0.0651503161702971,0.10904327815348702,0.17419359432378412
0097362b-c345-410a-a3d5-a60a80ff0e08,0.4575352493799099,0.42264436093278,0.4222161305527065,0.0348908884471299,0.0353191188272034,0.0004282303800735021
0097574e-3cec-402d-bd40-c96dde55def8,0.6232169339768485,0.6054788040140965,0.6087554884799411,0.017738129962752036,0.014461445496907421,0.003276684465844615
0097dc59-af2a-433c-916d-c1df2ca13789,0.24286375864872242,0.2308154576977235,0.4987110101053613,0.01204830095099893,0.2558472514566389,0.2678955524076378
0098afc5-8411-4d4e-8242-4ba69139377c,0.3847743269840345,0.5277592931516751,0.5395015693530033,0.14298496616764061,0.1547272423689688,0.011742276201328172
0099032c-ff20-464f-b6de-68c1cbcd8a67,0.48982165893469143,0.4806799319871712,0.6407653903319097,0.009141726947520246,0.15094373139721828,0.16008545834473853
00991957-e915-4dcb-b509-78066a080542,0.6523704890857176,0.6695747120662119,0.5541432127205335,0.017204222980494288,0.09822727636518414,0.11543149934567842
00993c43-7e25-419e-8251-23b207560018,0.4356434869348734,0.46209643192434263,0.5671548715943594,0.026452944989469207,0.13151138465948597,0.10505843967001677
00997df8-13ed-48b1-a8c7-9d111fac943c,0.788303955693942,0.7295562634694479,0.8181531176935745,0.05874769222449405,0.0298491619996325,0.08859685422412655
009993de-6c19-4d57-91e4-a338ef46a63b,0.28172811960627797,0.28172811960627797,0.26439143672448234,0.0,0.01733668288179563,0.01733668288179563
0099ac00-ed05-43cd-8e2b-e0d287c24cd8,0.31059326618771,0.3088496420467142,0.3184471344223312,0.0017436241409957698,0.007853868234621197,0.009597492375616967
0099ba6d-d520-4e74-80ac-babb2a517b79,0.5783853277794662,0.5903786406696522,0.5802046527611195,0.011993312890186014,0.0018193249816533807,0.010173987908532633
0099dabb-a577-4e04-b1a6-a78b2cc30aa0,0.4172215018109584,0.4178796329386807,0.250309217865986,0.0006581311277222834,0.16691228394497243,0.1675704150726947
009a69be-4c6d-48e1-9d84-f86d4dbbb3cb,0.6148956397507183,0.6042919335055552,0.747248266057783,0.010603706245163047,0.1323526263070648,0.14295633255222784
009aa5b7-25d9-4726-ac3e-fa54c6f0bbdd,0.734875447437155,0.639530008467554,0.8640902812645512,0.09534543896960102,0.12921483382739618,0.2245602727969972
009af80e-2dee-454a-9e4a-23acdca9836e,0.5553998709396049,0.5525808194316661,0.6335476185002974,0.002819051507938708,0.07814774756069254,0.08096679906863125
009b1193-13ab-4363-98a1-facf905b615d,0.3869732285611482,0.3998742484054839,0.7047497119607725,0.012901019844335726,0.31777648339962433,0.3048754635552886
009b6eb5-62ef-4e69-bd3f-7c1a52df7692,0.6408082683727667,0.650010603423958,0.6589811281245828,0.00920233505119128,0.01817285975181604,0.00897052470062476
009c56b9-bd2d-43aa-b938-b564abed11a1,0.18699939164192458,0.12210339308333551,0.9034090643254105,0.06489599855858907,0.7164096726834859,0.781305671242075
009c9a4d-f60b-4527-bf9b-8e425b90d10b,0.2964650132654056,0.3580386584683739,0.7491519063100921,0.06157364520296832,0.4526868930446865,0.3911132478417182
009cefcd-53b2-426b-9648-fa52e2f9fdbb,0.17184368626675675,0.17184368626675675,0.5719446183839801,0.0,0.4001009321172234,0.4001009321172234
009cfd51-f8fd-4a4b-8a1f-4a82d49091a8,0.5964110364077123,0.5986053213689082,0.7494431137126706,0.0021942849611958914,0.15303207730495827,0.15083779234376238
009d1824-59ea-4703-80bd-87cde55ebab2,0.3951620184209697,0.3630683519569892,0.3642310636591891,0.032093666463980486,0.030930954761780594,0.0011627117021998923
009d2bf5-621b-42df-9da6-4e6cf11fbe7c,0.32654150334267584,0.2961235145644902,0.5160400885521982,0.030417988778185634,0.18949858520952234,0.21991657398770798
009d676c-8eb1-4a02-b317-ed14fa4148f7,0.6577353067287975,0.6298700520271425,0.8529942647870978,0.027865254701655018,0.1952589580583003,0.2231242127599553
009d67d6-be33-4c64-ab2e-c4568303a2a2,0.560406699359571,0.6166632351096744,0.6969922270731851,0.056256535750103365,0.1365855277136141,0.08032899196351073
009db512-0471-463f-abbd-b8f2f137fd14,0.5215845994726325,0.4867924862929791,0.7183282353411637,0.03479211317965336,0.19674363586853127,0.23153574904818464
009dc906-99dc-48a8-8aa0-0a5410c437ef,0.3600513902051179,0.47125025471393883,0.471610380755402,0.11119886450882094,0.11155899055028412,0.0003601260414631824
009de9f9-3ec5-4b32-9469-332de805e4cf,0.6481173017656836,0.6300872358712034,0.6822968072601255,0.018030065894480196,0.03417950549444193,0.05220957138892213
009e01c4-a3e3-46ae-9699-1f440e627f85,0.2692074019005735,0.2692074019005735,0.25516892111161044,0.0,0.014038480788963081,0.014038480788963081
009e593b-f7be-48e8-91ef-84128b0fd6f1,0.3715133252957174,0.387647079096227,0.39928066275246915,0.016133753800509576,0.02776733745675175,0.011633583656242175
009e624b-4333-48c5-b4f2-249a24c34ce4,0.5724920700644341,0.527120249878199,0.721954827682162,0.04537182018623509,0.14946275761772787,0.19483457780396296
009e748c-56fa-4600-b9bc-d1ff71bbd95c,0.4122075790671105,0.4208519865767836,0.61745935435538,0.008644407509673102,0.20525177528826954,0.19660736777859644
009eb409-d2ac-4332-8eae-f856c57d58ef,0.5106969702739045,0.6246566993968453,0.6376714228484088,0.11395972912294083,0.12697445257450435,0.013014723451563515
009ebe51-2ff8-4810-80c0-26dd3a22a142,0.8232273519394541,0.8248642227299433,0.7612703741133822,0.0016368707904892421,0.0619569778260719,0.06359384861656114
009f2704-5532-4131-9ad0-531029430d47,0.4249049294464649,0.4249049294464649,0.5948698793534386,0.0,0.1699649499069737,0.1699649499069737
009f44de-615d-4d09-a761-82ecbd17b48c,0.6139542128949912,0.596659145574258,0.6728116755742358,0.01729506732073316,0.05885746267924463,0.07615252999997779
009fc1ef-778c-44bc-a9e6-6173b6dabb82,0.2517132442162796,0.23087508197866113,0.378164897267692,0.020838162237618474,0.12645165305141237,0.14728981528903085
00a02041-c3e7-44a8-be6d-b56dc2254795,0.5282190206759666,0.44710824287261686,0.8156591590219417,0.08111077780334974,0.28744013834597515,0.3685509161493249
00a03354-4abe-4d81-b75e-e9e874e0b1a6,0.7496344253661886,0.4604133289864153,0.6485595413736297,0.28922109637977333,0.10107488399255893,0.1881462123872144
00a04802-9a90-4b31-a256-dcc44028607b,0.5227792786921465,0.5329042762527261,0.7634781914741234,0.010124997560579607,0.24069891278197697,0.23057391522139736
00a08709-ce4e-40d9-8443-915cb0dedfea,0.8652990939290242,0.8491529867435582,0.9026848902205556,0.01614610718546594,0.03738579629153149,0.05353190347699743
00a088f7-cb8c-47db-abc3-23b88705ca14,0.6612150483977186,0.6511608713969211,0.6994652920666719,0.01005417700079747,0.03825024366895324,0.048304420669750714
00a0b00a-0b43-415e-8dd2-209c4808790a,0.7015954310427441,0.6718326518325446,0.7908025178745395,0.02976277921019954,0.08920708683179535,0.11896986604199489
00a16e55-cee6-4a65-abcb-d54fb551c736,0.6435921887908955,0.6743386274651756,0.5695485996493841,0.030746438674280063,0.07404358914151143,0.1047900278157915
00a177cd-d28a-46a8-8cdc-fa0932fca7aa,0.24762949900359424,0.24178415136509257,0.22599587846788308,0.005845347638501669,0.021633620535711162,0.015788272897209493
00a1b916-686c-46eb-b71a-016962c3bf31,0.4083761415551474,0.44794216639529566,0.3863309758946295,0.03956602484014826,0.022045165660517896,0.06161119050066616
00a1f0df-4e93-4409-9376-91becffc540a,0.3336704983006852,0.3584792028644542,0.3444957748867682,0.024808704563769046,0.01082527658608301,0.013983427977686036
00a279c1-ec66-434e-8383-6bd3c6886a63,0.6684443265361139,0.6577208676606942,0.5605520076832321,0.0107234588754197,0.10789231885288175,0.09716885997746205
00a29fd6-fb0f-417f-8e28-9e9cea0e04a3,0.3368980739765593,0.34075735626975945,0.5052516929438601,0.0038592822932001503,0.16835361896730078,0.16449433667410063
00a2c8a9-18c1-42c8-88f9-272cc283b25c,0.2919186304377444,0.276919608140413,0.3492375959209952,0.01499902229733141,0.05731896548325077,0.07231798778058218
00a2d295-47d5-40c9-8e5b-b2a0ca1108c2,0.47542949314040167,0.5534677076195617,0.6373818175520722,0.07803821447915998,0.16195232441167057,0.08391410993251058
00a2e6dd-67dd-4889-93c0-0e306f6ea423,0.4885798274133484,0.4885798274133484,0.5035926300681788,0.0,0.015012802654830404,0.015012802654830404
00a31bec-d1e8-423b-8112-2ba360039bae,0.5855109927882874,0.5884133892111165,0.6090852162928813,0.002902396422829079,0.023574223504593816,0.020671827081764738
00a33715-b59b-46ae-9752-5322c366f3e9,0.1645884323223791,0.1645884323223791,0.33827369797127377,0.0,0.17368526564889467,0.17368526564889467
00a3ac2a-d9b7-472f-b98e-f1cc0a248ca7,0.9173343024199452,0.9084995673267454,0.6516037038977135,0.008834735093199764,0.2657305985222317,0.2568958634290319
00a3b183-5145-42b8-b17f-a9b6d75dc2df,0.5799300662839845,0.5799300662839845,0.5919248631203817,0.0,0.011994796836397259,0.011994796836397259
00a41069-fe6f-47d4-b308-5c8e44e0a358,0.6262674974060641,0.6595879303221333,0.803796846934911,0.03332043291606912,0.1775293495288469,0.1442089166127778
00a46555-f020-4b85-8fef-20e22a6499f0,0.769778077639172,0.769778077639172,0.930618660376432,0.0,0.16084058273725999,0.16084058273725999
00a4cbb4-3d41-491e-ba35-80e124275afc,0.7055263604858348,0.7397361434017853,0.49843008256693905,0.03420978291595045,0.2070962779188958,0.24130606083484624
00a542e0-fa62-4e7d-9d56-cec8b8ed5e53,0.25875670834862075,0.3124534726354463,0.323371059753408,0.05369676428682557,0.06461435140478727,0.010917587117961702
00a565a0-4f1d-4749-819b-2c03186a31a5,0.5717794352727023,0.5775825316344724,0.6436132210204238,0.0058030963617701214,0.07183378574772159,0.06603068938595147
00a589e5-3ce3-42bb-926a-a688b5c588c4,0.5040353571971643,0.4617331627613175,0.40591873331111017,0.04230219443584682,0.09811662388605413,0.055814429450207315
00a5ca28-1df4-4c7c-81af-13fb49472f38,0.46025971328233767,0.8394687744604776,0.8097356005854929,0.37920906117813996,0.3494758873031552,0.029733173874984753
00a62217-c101-4412-98cf-ca60f08eb63b,0.6677068271393763,0.583152986068749,0.7734507233008407,0.08455384107062736,0.1057438961614644,0.19029773723209176
00a65c6e-9f1c-4b4d-aa3c-d02f481667f4,0.30987572320850004,0.30987572320850004,0.5042046769092035,0.0,0.1943289537007034,0.1943289537007034
00a675d2-0b24-4035-8958-1f2040876a7b,0.45410151639469204,0.3951837682765517,0.3891804151844705,0.05891774811814032,0.06492110121022154,0.006003353092081221
00a6dc62-0e04-4b5a-a11e-a9b79867548e,0.2002328561447977,0.20236245975974781,0.25448791764571294,0.0021296036149501263,0.05425506150091525,0.05212545788596512
00a73b53-1601-400f-9fc8-db8f6f8a5996,0.6154336641981226,0.6152799092807355,0.7350719775862811,0.00015375491738711666,0.11963831338815845,0.11979206830554556
00a78120-64ad-4f68-b52c-e0be10b6da88,0.5992306279012833,0.25744232576874804,0.8973444444681852,0.3417883021325353,0.29811381656690183,0.6399021186994371
00a7a674-2dc7-4527-a3c3-e48e48685712,0.09727279388091718,0.10216897296982103,0.18769821609020593,0.004896179088903843,0.09042542220928874,0.0855292431203849
00a7c589-81cd-437d-998c-71c8940e12f0,0.4233086588939131,0.2209619074352299,0.28628282030452856,0.20234675145868322,0.13702583858938455,0.06532091286929867
00a7d23c-7aba-46f4-9815-067ba4898b3b,0.6216191696612269,0.6189285635430792,0.47438295659935364,0.0026906061181476426,0.14723621306187323,0.1445456069437256
00a7d4d0-816e-458a-b636-5254bb280e54,0.456665317350642,0.4666933943843498,0.5394123931695636,0.010028077033707838,0.0827470758189216,0.07271899878521376
00a82233-85c5-4d96-9e61-11b43892bf7c,0.8314350869139121,0.2624675449946676,0.5461650929284265,0.5689675419192445,0.2852699939854856,0.2836975479337589
00a827ed-e9e1-4b7e-b826-81ae35568fc7,0.4410601137816836,0.4388799814146269,0.7378714705602973,0.002180132367056664,0.29681135677861376,0.2989914891456704
00a82807-ebcb-452e-bb10-76e4d4ed3d70,0.5646344573800663,0.6194436178816837,0.5476383226525657,0.05480916050161733,0.01699613472750061,0.07180529522911794
00a8509d-8722-45d2-8f71-a3f8f879af54,0.6337065689638525,0.6784954110948529,0.591105142534964,0.04478884213100043,0.04260142642888842,0.08739026855988885
00a93823-5f17-4801-bb5a-9142dbf69350,0.25255711005322456,0.23826101210208095,0.3168317909944169,0.014296097951143616,0.06427468094119232,0.07857077889233594
00a93b71-df06-40a3-b352-73e7fc98ce93,0.33102213639655775,0.3237226884655004,0.36286328727137174,0.007299447931057357,0.031841150874813984,0.03914059880587134
00a9ddf3-da4b-4801-8c57-5c09bfb53701,0.4927190021727501,0.4766726370296302,0.6734542182817703,0.01604636514311991,0.1807352161090202,0.19678158125214013
00a9dec1-c884-4adc-990a-0b01d4013c77,0.38457902091091745,0.3955573553024051,0.6770589202489157,0.010978334391487654,0.29247989933799823,0.2815015649465106
00aa4a1c-6e26-4611-8997-1b4663c4ae3c,0.7584305882013141,0.7358684803258428,0.41779345363446774,0.022562107875471304,0.3406371345668464,0.3180750266913751
00aaaf2f-78ab-47be-a452-e37228305e77,0.5925509809483013,0.5925509809483013,0.5512695212577379,0.0,0.041281459690563405,0.041281459690563405
00ab1201-e2a8-412e-9e2f-bc12548e635c,0.6975261378867328,0.6574654623280511,0.7177121404766004,0.04006067555868165,0.02018600258986758,0.060246678148549226
00ab2a8a-fdc9-4b9d-b002-b9b7209ae714,0.5702804769610161,0.570507055910495,0.575010669940762,0.0002265789494788617,0.004730192979745862,0.004503614030267
00ab64e9-f731-4d3d-90a5-8d5994fc2c12,0.4978110966219403,0.5129741883667762,0.4952710657483656,0.015163091744835933,0.0025400308735746835,0.017703122618410616
00ab747e-47e9-429c-8279-771c6c850255,0.27857718538321286,0.557482507416103,0.5997443794391633,0.2789053220328901,0.3211671940559504,0.04226187202306031
00abbba6-d5d7-4815-8e08-240e5d85b37f,0.5684169147731224,0.5812489509822993,0.6915745480926225,0.012832036209176945,0.12315763331950014,0.11032559711032319
00abe2ad-c8a4-4d52-9a59-9264557dc4eb,0.48081103288964033,0.48328662105560144,0.3718402386097297,0.0024755881659611068,0.10897079427991063,0.11144638244587174
00ac5d12-492e-4ba7-b72b-123159255d31,0.2911602889972917,0.2917670925531395,0.649495208299988,0.0006068035558478013,0.3583349193026963,0.3577281157468485
00ac8676-df4e-49a8-bb63-67b5afbad771,0.5763355547226734,0.3383340494657885,0.3896340431444148,0.2380015052568849,0.1867015115782586,0.05129999367862631
00ad0a52-7ac5-4240-b544-e3471ba0b508,0.2906173373742953,0.26768455561651666,0.323122478194882,0.02293278175777863,0.0325051408205867,0.05543792257836533
00ad305d-f2a3-4af3-8c23-915bfa0dc5db,0.965442039801122,0.965442039801122,0.9577877076267658,0.0,0.007654332174356182,0.007654332174356182
00adb58d-c251-4345-ba49-746cced73212,0.3115450745188015,0.28709269033843027,0.27705850089558115,0.02445238418037121,0.03448657362322033,0.010034189442849117
00ae07ca-7033-4978-80f2-c88f06425dc3,0.39121673185216793,0.3894930653008913,0.4755266289758431,0.001723666551276648,0.08430989712367515,0.0860335636749518
00ae7e72-ce25-49ba-95d8-d10ede83c975,0.744809156625176,0.7708148198241062,0.4899095013532487,0.026005663198930162,0.2548996552719273,0.2809053184708575
00aead23-0814-4c29-b03b-f865e54b1496,0.6122458975988448,0.6122458975988448,0.46666646554979857,0.0,0.14557943204904628,0.14557943204904628
00aec220-22fa-4b8e-94e0-ad0563c0bcec,0.3348550755430371,0.3366266578730355,0.4274955800280471,0.0017715823299983557,0.09264050448500999,0.09086892215501163
00aec5df-2c60-45e2-a80d-1b94d7efeb53,0.6508287120497088,0.5800875553715649,0.6377299388534649,0.07074115667814396,0.013098773196243974,0.057642383481899984
00aec6b8-699c-4f0b-96dd-37c2348df5f4,0.28051509216001314,0.43659620474593896,0.5539569396868956,0.15608111258592583,0.2734418475268825,0.11736073494095667
00aef58d-a0fd-4a0a-a444-9487e75e9ad7,0.2780659852583238,0.26813737496546486,0.26276547232458936,0.009928610292858964,0.015300512933734467,0.005371902640875503
00af3912-16a5-4874-9919-0073d89e4d73,0.14161240746704995,0.14161240746704995,0.1960895821988122,0.0,0.05447717473176225,0.05447717473176225
00af46b1-420f-4d04-bfa5-19fa5529eb62,0.21795622666216713,0.21194586763942613,0.30789003029641954,0.006010359022740996,0.08993380363425241,0.0959441626569934
00afadbb-c89e-46a8-8eae-9f068895fbbe,0.8427585713408605,0.8427585713408605,0.7287105003283992,0.0,0.11404807101246128,0.11404807101246128
00b00922-d13c-44bc-b8c0-d3991ac2fc3b,0.4921561251792992,0.4998853258098904,0.6084289081949005,0.0077292006305912375,0.11627278301560129,0.10854358238501005
00b02a82-2aed-4ce0-89a0-829f687fd0b5,0.6999419139934806,0.6569215624055368,0.7977210383869203,0.04302035158794382,0.09777912439343972,0.14079947598138354
00b0c672-59ef-4498-807c-74ad3614ec9a,0.3291254342954338,0.3291254342954338,0.3291254342954338,0.0,0.0,0.0
00b1c79f-948d-43f7-92f3-1f905f4a54ec,0.6327429411648811,0.643682818364503,0.4016081601795676,0.010939877199621972,0.23113478098531348,0.24207465818493545
00b202ee-f8cf-44d6-834d-b8d32fe15c2a,0.5774520827110039,0.6007404753235895,0.7694538852567608,0.02328839261258564,0.19200180254575694,0.1687134099331713
00b2041d-5e09-4ee1-90a9-0c589b0b740a,0.25053737462486203,0.25053737462486203,0.4476012588177795,0.0,0.19706388419291748,0.19706388419291748
00b2b4d1-f7c4-4115-b917-56b22650dedb,0.5556613321640634,0.4592934936677022,0.716745718875271,0.09636783849636121,0.16108438671120762,0.25745222520756883
00b2b8c4-2ead-4bd5-9f43-294269bf4429,0.8070646325521219,0.8103950451116285,0.8186882511150916,0.0033304125595066125,0.011623618562969673,0.00829320600346306
00b2c198-1e49-4583-a166-0bf1f40c52b9,0.8480339901047382,0.8656191158151617,0.8101914651456351,0.017585125710423477,0.03784252495910312,0.055427650669526596
00b2fdd4-b587-4cab-98dd-5955d04718c2,0.33825077802730574,0.33825077802730574,0.6725235706819676,0.0,0.3342727926546618,0.3342727926546618
00b34176-f35b-4d2f-adb8-7ab8d539335b,0.2649302919554904,0.27247030991566173,0.22485886823394705,0.007540017960171341,0.04007142372154335,0.04761144168171469
00b39d42-813d-4284-80a4-af853afd097f,0.6795150327117776,0.6028064329689027,0.6568605937701579,0.07670859974287492,0.02265443894161967,0.05405416080125525
00b3e097-e277-4bb6-8d76-ce4e7e052c22,0.5487962948649068,0.6051928108328087,0.6513873008605995,0.05639651596790196,0.10259100599569271,0.04619449002779075
00b3f65e-8589-4c08-9e5a-3f3cb456e37a,0.43503156452414393,0.4405704890560606,0.5009755238611269,0.005538924531916678,0.06594395933698294,0.06040503480506626
00b42660-932a-42f0-ab3e-03f78127279f,0.6206606868053485,0.6206606868053485,0.6415834020436483,0.0,0.020922715238299805,0.020922715238299805
00b47472-1c8e-4cd9-b38e-cdb5439f7208,0.6500398687322875,0.7022297013958554,0.6525421035846264,0.052189832663567914,0.0025022348523389137,0.049687597811229
00b48eec-0ee6-4b13-ad1d-93ea7116f20f,0.37688665389238324,0.8090091482693389,0.9226223683989715,0.43212249437695566,0.5457357145065882,0.1136132201296326
00b4a3f4-2cb2-4da4-a476-0d3016b3a430,0.3057083587215411,0.3116698934265691,0.6707817101849362,0.005961534705027971,0.36507335146339503,0.35911181675836706
00b4e3ae-9502-4c2b-b491-c6ff16145b12,0.632047338935798,0.640864419586666,0.7601845444606833,0.008817080650867948,0.12813720552488528,0.11932012487401733
00b4e7c1-fe56-4818-9b1e-aca5a5d7fd00,0.07702718738878507,0.09834255422632243,0.31501807972513723,0.02131536683753736,0.23799089233635218,0.2166755254988148
00b51f86-d422-4fe4-9b5d-a48a8ec6b357,0.4300174454497953,0.4300174454497953,0.6077000127981053,0.0,0.17768256734830995,0.17768256734830995
00b52ebd-c0d1-4264-8426-22a12fda5d7b,0.7516543227252852,0.6880403086642325,0.5491633088127779,0.06361401406105271,0.20249101391250734,0.13887699985145463
00b530e8-227d-4fd7-8308-0ed3cfc96ccd,0.6306098208818327,0.6332003740162034,0.6427034950529799,0.002590553134370732,0.01209367417114715,0.009503121036776419
00b552b7-0a76-4fa6-98a7-2368953a03bb,0.4026353265513747,0.4078035529539781,0.37389759595819977,0.005168226402603393,0.028737730593174915,0.03390595699577831
00b5739f-50e7-4772-82a3-b9a5cb875424,0.670246411895858,0.42980238743908994,0.8003851224510373,0.24044402445676805,0.13013871055517934,0.3705827350119474
00b5b657-3c49-42a8-818c-f41d507f4d8c,0.37229280245438434,0.37229280245438434,0.7598873121956913,0.0,0.38759450974130694,0.38759450974130694
00b5c14a-d2ad-486f-a394-bebd279055ca,0.6485750318477294,0.60050327005955,0.5978718226259384,0.0480717617881794,0.050703209221790946,0.0026314474336115445
00b5c560-b2f5-45ca-b059-758111a9210d,0.25346440487726124,0.2477734548924132,0.3028286407383769,0.005690949984848037,0.04936423586111566,0.055055185845963694
00b69a81-1b48-4c49-b0e8-c55693c24c26,0.5488004438107984,0.5488004438107984,0.8414948071061373,0.0,0.29269436329533893,0.29269436329533893
00b6c2d0-fd97-4467-98f6-da9b346d9256,0.2847017293503961,0.2847017293503961,0.6243666656726178,0.0,0.33966493632222167,0.33966493632222167
00b6e54f-dcf3-4ef0-8f08-369e08d9f01e,0.6169812286791599,0.6169812286791599,0.6391038404442867,0.0,0.022122611765126754,0.022122611765126754
00b71e37-7b44-407f-95aa-79eed83dab4a,0.824034994289223,0.8127472624505274,0.38737581696754825,0.01128773183869558,0.43665917732167475,0.42537144548297917
00b74912-e940-4edb-b75b-31fd4befebb1,0.3075737139659572,0.3717057782367369,0.7237241889880204,0.06413206427077972,0.4161504750220632,0.3520184107512835
00b77b44-3a99-4b60-ac69-7e4118b235fd,0.5509328960956159,0.5879820685657733,0.5879820685657733,0.03704917247015738,0.03704917247015738,0.0
00b8406d-c368-429d-a550-6078d716f08b,0.7511681935690135,0.7500650164518589,0.7952180316482059,0.0011031771171546856,0.04404983807919238,0.04515301519634707
00b8675c-ec50-4490-b3bd-73e3d90acae7,0.3288318258730638,0.3288318258730638,0.7849549551739284,0.0,0.4561231293008646,0.4561231293008646
00b86e40-a848-4c7e-b97d-d8f939fda7ce,0.6923256684018209,0.6968522406503403,0.6444848424690268,0.004526572248519489,0.04784082593279404,0.05236739818131353
00b8a41e-d5c5-4258-8ca7-8c65dcb6905a,0.38612157441552514,0.7213353546304806,0.704699483872365,0.33521378021495546,0.3185779094568399,0.016635870758115567
00b90208-ee08-4c25-97db-0ec113093b2e,0.4706595283357916,0.4706595283357916,0.476883695171577,0.0,0.006224166835785416,0.006224166835785416
00b9e617-12ce-4a8c-a745-436160dceb63,0.6481523061517023,0.6416113515629,0.8406616074552571,0.006540954588802328,0.19250930130355481,0.19905025589235714
00b9f538-831d-48c7-8e9b-483b43b7083a,0.5355684067754093,0.5338710526279696,0.446857658279732,0.0016973541474396558,0.08871074849567728,0.08701339434823763
00ba6ade-0bfc-4133-a7e9-48ca5e8fd864,0.8059168326792028,0.797022650337693,0.6607574123830761,0.008894182341509738,0.14515942029612672,0.13626523795461698
00ba75ef-a065-4aeb-9a1b-de7a6b3d78e7,0.7145739856528767,0.6433285080636251,0.8416027315072115,0.0712454775892516,0.12702874585433488,0.19827422344358647
00bab0cd-cad0-4537-868f-d1da5b3a7b94,0.7791980557998612,0.809681110702536,0.8506400127529534,0.030483054902674778,0.07144195695309219,0.04095890205041741
00bac925-f977-47d5-8840-dbc15c520fc7,0.6286462582741199,0.622501935410931,0.4623809696638137,0.006144322863188889,0.1662652886103062,0.16012096574711732
00bafbcb-511c-4cba-8482-435c957bf035,0.8497343473153401,0.8131362007902313,0.5268437987400236,0.03659814652510884,0.3228905485753165,0.2862924020502077
00bb2569-2630-400c-a07e-6425d97594a0,0.8529277088258566,0.7327318855594046,0.6615204624378318,0.12019582326645195,0.19140724638802475,0.0712114231215728
00bb3029-af1e-4c60-b36d-a1478d6ebcf0,0.7372759244927666,0.7327959888802474,0.6225851584018566,0.004479935612519137,0.11469076609091,0.11021083047839086
00bb44fc-5ba9-41e8-b8fe-0c70dffda2e8,0.5038909068484912,0.6770416062244776,0.667142534185893,0.17315069937598637,0.16325162733740173,0.009899072038584644
00bb7355-c6a8-4dc9-9d69-7466b5f908ed,0.5990032143523821,0.5695019302924706,0.762103926910816,0.02950128405991148,0.16310071255843384,0.19260199661834532
00bb8a16-7446-4fc0-b774-a6529763bf58,0.29162223725069436,0.4987325003729143,0.6647201585197838,0.20711026312221992,0.37309792126908947,0.16598765814686955
00bba57f-dd21-4ff6-8576-09dea06546fd,0.539496556375287,0.5356848030746904,0.6408153901616163,0.0038117533005966875,0.10131883378632922,0.10513058708692591
00bbc154-b84b-4f04-bf36-bf87071eabad,0.27317469279436685,0.27030078953741365,0.3542697067196321,0.002873903256953192,0.08109501392526525,0.08396891718221844
00bc13c1-ae74-4fec-8f59-9b81f300bed3,0.6107323828132994,0.45593647034566787,0.7721817245574907,0.15479591246763158,0.16144934174419123,0.3162452542118228
00bc17e4-c65d-413b-bdfe-200f45d7f88a,0.35967479336657904,0.3277034409400819,0.683169076860654,0.031971352426497124,0.32349428349407494,0.35546563592057207
00bc37ae-e09e-4d9f-84a4-8116f271542e,0.3153245085135506,0.306111042317867,0.3153245085135506,0.009213466195683584,0.0,0.009213466195683584
00bc3fff-33f6-4164-934a-394fec9b0bdd,0.5176183800869579,0.511659901763822,0.5497266768938088,0.005958478323135896,0.0321082968068509,0.038066775129986796
00bcd806-7142-4698-b39d-9f5882c4f633,0.6173069173151048,0.6077135443973858,0.6348635913947343,0.009593372917719,0.017556674079629464,0.027150046997348465
00bce99c-96d7-4b09-b6ab-ed409e98f965,0.632760557761802,0.4557235172255687,0.4557235172255687,0.17703704053623326,0.17703704053623326,0.0
00bcfedd-1879-474e-90b4-e35f214e84cf,0.5837532772834966,0.5732693011680919,0.5694007622215992,0.010483976115404636,0.014352515061897386,0.00386853894649275
00bd5d02-1f39-4598-a06d-7bcdaf43a041,0.7280912358329912,0.7311236751628178,0.8440206601115117,0.003032439329826664,0.11592942427852049,0.11289698494869382
00bdc599-a0e5-49bd-b533-bd3bf0536fdd,0.4244412730723062,0.4244412730723062,0.35769407671520287,0.0,0.06674719635710336,0.06674719635710336
00bdddc9-e8de-4231-ae49-43b9bb251248,0.8481004906882073,0.8469717759896591,0.7641240030307939,0.0011287146985481389,0.08397648765741339,0.08284777295886525
00bdfbc8-7a11-4d33-a52c-6903b7517320,0.2927381289546315,0.2927381289546315,0.5370950760698537,0.0,0.2443569471152222,0.2443569471152222
00be4440-d746-4c1f-980c-84f7a73078c5,0.41333461315362713,0.41652933851915885,0.44928624301119363,0.0031947253655317254,0.0359516298575665,0.03275690449203478
00beefdc-ed84-4089-933a-4752bd0a5ee4,0.42452085984515453,0.42841606381781727,0.7939728073015759,0.003895203972662742,0.3694519474564214,0.36555674348375866
00bf0289-a547-4d5a-9b3e-216c8540f0bd,0.3479784361432469,0.6086127635974622,0.5986608293668084,0.2606343274542153,0.2506823932235615,0.00995193423065377
00bf1e58-82a3-4ce2-9924-1f35e6ee6bd7,0.538624919623858,0.5392306692547273,0.6227387976502367,0.0006057496308693455,0.08411387802637871,0.08350812839550936
00bf498a-74ba-44cd-9b1b-5b33e418b1bd,0.542616507399552,0.544783542992264,0.6985339394017918,0.002167035592711919,0.15591743200223973,0.1537503964095278
00bf849d-26ad-46e3-8049-ffe5503dbb05,0.5098459431016691,0.5402471465092247,0.41299556344483607,0.030401203407555588,0.09685037965683302,0.1272515830643886
00bf9ce1-7a0a-4815-8a2e-63b2161f9571,0.6591975688012806,0.699309882863938,0.6591975688012806,0.04011231406265747,0.0,0.04011231406265747
00bfcc35-f024-4e62-bcdb-03cd50e938f5,0.48466887388888774,0.4828871017565762,0.4263594926280043,0.0017817721323115654,0.05830938126088342,0.056527609128571854
00c009f6-b722-4be2-b38b-d6b8769961d1,0.0740094060981915,0.0740094060981915,0.21821597694483874,0.0,0.14420657084664723,0.14420657084664723
00c01ea3-db80-40b5-ba36-dc54d3e16ee8,0.7408297395872617,0.7408297395872617,0.6658630839794606,0.0,0.07496665560780114,0.07496665560780114
00c025bb-52a8-4396-8ee5-1f65f735dcf0,0.2991675600449381,0.32462705504756306,0.3524822702591466,0.025459495002624954,0.05331471021420847,0.027855215211583517
00c02a65-f0c4-4f0e-97bd-af1afa6d561c,0.5882474510912773,0.5882474510912773,0.7112294674770571,0.0,0.12298201638577977,0.12298201638577977
00c06535-c8e0-4272-9394-a069fd2a575f,0.401247667697801,0.401247667697801,0.35519723628758676,0.0,0.046050431410214254,0.046050431410214254
00c0775a-5bf6-4689-9a2f-5466ba98ba85,0.261046553523502,0.2818754424972451,0.46434943017144553,0.02082888897374313,0.20330287664794355,0.18247398767420042
00c0c5ce-1b18-4900-a5a5-2537e39a0406,0.5213203948068227,0.5344806418354268,0.6272161089409901,0.013160247028604077,0.10589571413416743,0.09273546710556335
00c1356e-a73c-4e97-be3b-058154c96b72,0.5654267390841045,0.5662836739874327,0.6015168428233761,0.0008569349033282769,0.036090103739271684,0.03523316883594341
00c1635a-529b-4611-b1e5-912255db9ea8,0.6281166949484864,0.6161942810638443,0.828377057989783,0.011922413884642102,0.20026036304129657,0.21218277692593868
00c184ab-0ac1-494a-baf7-daa3e9980502,0.49988248641792254,0.6031123782344898,0.6280852847767108,0.10322989181656728,0.12820279835878823,0.024972906542220952
00c1af19-f286-4c4c-9e26-85a60ee4cc03,0.7313850162207901,0.6979674483014929,0.6678063911602479,0.033417567919297175,0.06357862506054224,0.030161057141245062
00c22272-a561-4461-af5c-c5fdd8d12165,0.7876937512793422,0.7697501416024054,0.7403491688775203,0.017943609676936756,0.04734458240182182,0.029400972724885066
00c27b06-fab9-4d73-803c-bb8f39d70cbb,0.46467990631343753,0.46467990631343753,0.33117301920588216,0.0,0.13350688710755537,0.13350688710755537
00c2858c-a697-460f-ac0e-9c588a90c557,0.6492335472432744,0.6705433432620128,0.8447290241329344,0.02130979601873839,0.19549547688965996,0.17418568087092157
00c31ec8-21fd-49ae-b9a4-cb67c35abdb1,0.34239680338704026,0.34239680338704026,0.5004908152603913,0.0,0.15809401187335104,0.15809401187335104
00c31f09-7f06-41ed-a366-95603cc84517,0.6433566034554928,0.6780540842269749,0.6836849221431035,0.03469748077148205,0.040328318687610665,0.005630837916128617
00c3206b-b3a5-4418-9d39-a9aa959b6be7,0.3408267442314666,0.34891532949136217,0.34891532949136217,0.008088585259895587,0.008088585259895587,0.0
00c3327b-36dc-4863-92f2-03266aa6c184,0.3133274134816553,0.3133274134816553,0.3990875644605802,0.0,0.08576015097892487,0.08576015097892487
00c377a8-e475-463c-a4e7-d907f7a04e21,0.6713217900579466,0.3356119675363928,0.39553398404821316,0.3357098225215538,0.2757878060097334,0.059922016511820386
00c3945e-aa5d-480b-9bd0-52d66bb70048,0.4918315565810664,0.49546768525061907,0.7087347743763853,0.003636128669552652,0.2169032177953189,0.21326708912576625
00c3b960-e918-4476-92c8-c49ea33c623b,0.45798557638198983,0.4154203715905668,0.4306226655671062,0.04256520479142306,0.027362910814883623,0.015202293976539438
00c3b9a7-fd9d-4d32-90ac-046d480c3743,0.4494089386297505,0.4454721452973044,0.4889539195986738,0.00393679333244612,0.03954498096892328,0.0434817743013694
00c3bb4e-5e58-4b87-abbe-f34da14bddf3,0.26470405341502745,0.2699997983194763,0.5448849864990107,0.00529574490444884,0.2801809330839833,0.27488518817953445
00c41abf-5308-417d-94ab-21c147a60181,0.6062835729281439,0.6139883817973278,0.4841128603321423,0.007704808869183899,0.12217071259600165,0.12987552146518555
00c4ee05-fe17-4710-81c8-f53e24723c0c,0.6333060877734221,0.6157641900039175,0.4789889479989994,0.017541897769504655,0.15431713977442274,0.13677524200491809
00c50267-b89d-40f9-9fee-b4a515c739a4,0.34300978985234876,0.34846081319142774,0.2260481766786125,0.005451023339078986,0.11696161317373627,0.12241263651281525
00c5b44d-8cd2-4cb3-bae5-431a2dc039e4,0.5548283895019683,0.5548283895019683,0.48036592624755975,0.0,0.07446246325440858,0.07446246325440858
00c5c862-2243-43b4-ad9f-7397b7815a98,0.4830591511167254,0.3775281390086601,0.39265191649726716,0.10553101210806531,0.09040723461945827,0.015123777488607049
00c65625-8683-4d90-8854-869705193f46,0.4725702495723834,0.47570206857483854,0.5284607682994582,0.0031318190024551273,0.05589051872707479,0.05275869972461966
00c680a3-e6fd-400a-a915-488773122ab5,0.7371194463182396,0.6912529903996618,0.5598409595711046,0.04586645591857774,0.17727848674713498,0.13141203082855724
00c69e14-23dc-4de6-8017-096ac8c2be29,0.44237133227646225,0.3905037165691401,0.4635599354252406,0.05186761570732212,0.02118860314877835,0.07305621885610047
00c7b457-9c7c-402c-98b4-49ef37287849,0.6909403965033085,0.6800707497961189,0.5802282035009646,0.010869646707189595,0.11071219300234392,0.09984254629515432
00c7ca0d-18eb-45d0-ac2c-0fa351bd6ecd,0.6840628642468878,0.8102746390059095,0.8741096101194861,0.12621177475902168,0.1900467458725983,0.06383497111357661
00c7d8e0-c73b-420d-85b3-ab9c06cc0cfa,0.4714682166676019,0.4395346358599088,0.42641924485713617,0.031933580807693096,0.04504897181046574,0.013115391002772647
00c80bdc-50e5-44ce-8e59-6e611a604d44,0.2934992020173134,0.2906712867984342,0.2804354246467752,0.0028279152188792067,0.01306377737053821,0.010235862151659003
00c83b68-223d-443b-85e1-357633c526c1,0.517604977017501,0.5279758114434762,0.7326685773292085,0.010370834425975195,0.21506360031170757,0.20469276588573238
00c85b74-cb38-4222-b043-8a525eb0a0e9,0.019708179256607474,0.019708179256607474,0.4651625793112545,0.0,0.44545440005464704,0.44545440005464704
00c8697e-4848-4241-8acd-91765609238f,0.4204395439624943,0.5300353217241326,0.6531793959535233,0.10959577776163831,0.23273985199102898,0.12314407422939067
00c87dda-f30a-4e24-bfc3-d67b2f469ffb,0.3365978481730668,0.4205959866256953,0.5351478333251084,0.08399813845262849,0.19854998515204159,0.1145518466994131
00c8c640-2b97-4173-8ad7-e2f0aeb5afbb,0.5521070641223291,0.5805321913410263,0.6922871233648412,0.028425127218697166,0.1401800592425121,0.11175493202381492
00c8f29a-2b11-463f-b5c8-e41273158b05,0.242068342421533,0.242068342421533,0.37747870477037804,0.0,0.13541036234884504,0.13541036234884504
00c9660a-6271-448f-8c88-dbda6dfddac8,0.5527478355741507,0.5409380178082586,0.573834508799727,0.011809817765892183,0.021086673225576225,0.03289649099146841
00c972a3-cf56-41d9-8435-f09899c446eb,0.6711702316036827,0.6753506758418596,0.7600017954620273,0.0041804442381768725,0.08883156385834456,0.08465111962016769
00c9eb82-5ebb-43dc-b1e4-094b28799b52,0.6554507507024163,0.6575756434618156,0.8611597355250672,0.0021248927593993105,0.20570898482265088,0.20358409206325156
00caa3ed-d229-43b0-a8c6-8350b6849751,0.5214153299291794,0.5323442486384748,0.5238661715714773,0.010928918709295465,0.0024508416422979185,0.008478077066997547
00cad21f-7859-472d-a46d-e39ab4534b2d,0.5155063027427005,0.47591026338397313,0.4056626189624769,0.03959603935872735,0.10984368378022358,0.07024764442149622
00cae43d-df86-4a39-acd4-12ddac00c37a,0.42927941408804615,0.8533468979213971,0.8764758015887755,0.4240674838333509,0.4471963875007293,0.02312890366737841
00cafab4-a6a7-461a-9ff7-a95270b04672,0.2941924281861785,0.2909056953013905,0.4817592715120039,0.003286732884788035,0.18756684332582535,0.19085357621061338
00cb0051-5a93-410f-a5cb-7e4c54c7d195,0.6593118822679109,0.6647693865401898,0.6094379656185064,0.005457504272278868,0.04987391664940455,0.055331420921683416
00cb7755-bd4e-495b-9906-38d300e602dd,0.3649212718898855,0.36198355994955916,0.3834061060655835,0.0029377119403263263,0.018484834175698017,0.021422546116024344
00cb9f0c-3d03-4c6f-a700-f665f7d072fb,0.6332424188653066,0.6487618052902457,0.8389609420947578,0.015519386424939108,0.20571852322945117,0.19019913680451206
00cba5ea-ca43-4507-9bac-196bf5a388e1,0.5644271320349763,0.6376822955273748,0.6865747850637306,0.07325516349239847,0.1221476530287543,0.04889248953635583
00cbb680-b951-43e6-84ce-0b14e5f3729f,0.6551774596244817,0.6253990771096399,0.7159606651355304,0.029778382514841772,0.060783205511048655,0.09056158802589043
00cc0d7d-180f-433a-baf9-3667e2f1ed4e,0.4159396764475945,0.47126636729218085,0.48577865574640783,0.05532669084458636,0.06983897929881333,0.014512288454226974
00cc58ef-f037-4328-8bdc-7292ed8f95f7,0.5246577087000758,0.5350368533104708,0.581243757305486,0.010379144610395019,0.05658604860541028,0.04620690399501526
00cc7c1f-984f-4a71-b180-994f3814fb0d,0.71898960201629,0.7255010146201747,0.7130534775436592,0.006511412603884659,0.0059361244726308104,0.01244753707651547
00ccb1a7-f304-456c-83d0-0d1d8abc5e57,0.5692672721826189,0.5768279735924559,0.5547070928408262,0.007560701409837001,0.014560179341792656,0.022120880751629657
00ccc4f9-67ba-4d3c-99b9-ae099203b4d5,0.15072416467015534,0.1375379418872601,0.1448580356110308,0.013186222782895246,0.005866129059124536,0.00732009372377071
00cce681-d859-4842-94a6-81397693d70c,0.3003487684141456,0.2887009294421138,0.3600193682624381,0.01164783897203181,0.05967059984829248,0.07131843882032429
00cd00b4-8f0d-46b3-8a66-f9793467943f,0.5690759563449067,0.5057982895141281,0.735714778282845,0.06327766683077862,0.16663882193793833,0.22991648876871695
00cdd404-b7bd-49b6-a916-4d3409770365,0.6593095053318756,0.6593095053318756,0.6318010207769034,0.0,0.027508484554972235,0.027508484554972235
00ce325e-e069-492e-ab93-70ebe66ced22,0.20989434051123107,0.15813528910981972,0.527762123249145,0.05175905140141135,0.3178677827379139,0.36962683413932523
00ce3502-fc87-4aa4-99c3-10c5097d4e9d,0.2531700501212313,0.29337168232472755,0.5135690745836307,0.04020163220349626,0.2603990244623994,0.2201973922589031
00ce4677-ae1d-4f84-bfc3-d064899ac184,0.7839443645736903,0.7159659451230191,0.8771646522896487,0.06797841945067118,0.09322028771595836,0.16119870716662954
00cee06b-18a1-41f4-a376-b5a204d154a7,0.32191809047124237,0.2843130758558681,0.7878326471060013,0.037605014615374244,0.46591455663475895,0.5035195712501332
00cee8ef-c923-4fa5-afc1-69f1c968da4d,0.5292284739496917,0.5343672849038896,0.5311618811182696,0.005138810954197881,0.0019334071685778165,0.0032054037856200646
00cf4045-b4ea-4ba6-b0d4-af7be8188b5f,0.6020933660804498,0.6020933660804498,0.42782730695827687,0.0,0.17426605912217297,0.17426605912217297
00cf781b-f7c3-4143-9e81-0687f6ab3e39,0.4148335370044705,0.3966967623931682,0.32189524192142893,0.01813677461130231,0.09293829508304158,0.07480152047173927
00cfa8f6-accd-4be0-87d3-ad31d2486183,0.47241477183889197,0.4589723116017178,0.5587013912551618,0.013442460237174159,0.08628661941626986,0.09972907965344402
00cfb9de-1f01-4a83-b83f-eb12e5333a93,0.5474541069163649,0.4980632774057279,0.8782733678719606,0.04939082951063695,0.3308192609555958,0.3802100904662327
00d00c21-3bbb-4943-9453-abf3b6fd39ca,0.73816346652043,0.73816346652043,0.6523417526063038,0.0,0.08582171391412619,0.08582171391412619
00d051b8-632d-415c-b3ca-3581e5b9941e,0.45721427479124993,0.4545019948561739,0.5176869520706616,0.0027122799350760562,0.06047267727941169,0.06318495721448775
00d09b66-e06c-47fd-88a5-e7ee124573bd,0.7658770279907031,0.7898097963988323,0.7549604412819844,0.02393276840812919,0.010916586708718756,0.034849355116847947
00d0b905-edf6-4a5e-b66d-c50b4ad44461,0.45679839160219166,0.45926387746773367,0.4550027260036794,0.0024654858655420164,0.0017956655985122416,0.004261151464054258
00d0d5bf-647b-498d-bb85-38d7c454d797,0.2902596197888175,0.2902596197888175,0.8642547612365066,0.0,0.5739951414476892,0.5739951414476892
00d11f8b-f17f-4ae5-804d-4b4d18939b3b,0.5044706014628545,0.5122450623113688,0.5824889648832882,0.007774460848514297,0.07801836342043367,0.07024390257191937
00d19050-8b80-4772-bcdd-f1f1eed247e3,0.14759603006571959,0.14759603006571959,0.25274732007249656,0.0,0.10515129000677698,0.10515129000677698
00d1eec1-b56c-4627-b2cf-2eb9de0b11ae,0.6140097204409732,0.5978778714356993,0.6076612303381538,0.01613184900527398,0.00634849010281946,0.00978335890245452
00d29e43-098c-46d4-bfef-85a6bb037751,0.19432394412491505,0.1939078786081795,0.23684624903824347,0.0004160655167355365,0.042522304913328424,0.04293837043006396
00d2a1fa-77b6-43d9-9b25-5634cae9d007,0.06743817659751025,0.26342042992251413,0.26342042992251413,0.19598225332500388,0.19598225332500388,0.0
00d2ad33-f5f3-4bb3-87a0-8cb0249fc5a8,0.6307802718709854,0.545410587939465,0.847179004292302,0.08536968393152045,0.21639873242131658,0.301768416352837
00d2c836-90e1-41be-bcb0-80d528a50d7a,0.3851659871343415,0.3946810594089357,0.20194406316821428,0.009515072274594194,0.18322192396612724,0.19273699624072144
00d2f42c-2b62-4fa7-a73b-2b79e4eebb1c,0.08426222995334821,0.07777340857994998,0.1399224284962167,0.006488821373398235,0.05566019854286848,0.062149019916266715
00d32a16-e25b-4df1-a33f-153bb9691420,0.8408916947634525,0.8408916947634525,0.9159486381771434,0.0,0.07505694341369096,0.07505694341369096
00d35dc0-2192-4dc9-ab26-a2b8e032033d,0.8411455885538828,0.8632624460854905,0.9014936274142067,0.022116857531607748,0.060348038860323916,0.03823118132871617
00d38620-225c-486a-8dba-0f28875719b9,0.529405884131463,0.46497456601188875,0.5896182686724476,0.0644313181195742,0.060212384540984654,0.12464370266055885
00d38fd1-8ed1-4302-b3e5-5e79e3358c7a,0.542361150338784,0.5502587630078234,0.6888900341812478,0.007897612669039433,0.14652888384246388,0.13863127117342444
00d3b2c5-4c92-44fc-92ba-de90e169c16f,0.43743708346241933,0.4646385386450262,0.45906672878550653,0.02720145518260686,0.0216296453230872,0.005571809859519661
00d3c095-0018-4391-bd2d-6e42b8bb3c37,0.13389870058335485,0.09741875167144731,0.414307010062276,0.036479948911907534,0.28040830947892115,0.3168882583908287
00d3dd6a-36df-4dda-90be-ca25b28a0a05,0.37286339408782865,0.3697847535041831,0.34274576076896945,0.003078640583645542,0.030117633318859194,0.02703899273521365
00d45651-4d85-4154-bef5-1734fd37559d,0.7959697751762802,0.774844563795634,0.9310091708686947,0.02112521138064616,0.13503939569241452,0.15616460707306068
00d46271-5a90-43f2-a432-45991a95a349,0.3609104267132184,0.3551246097805342,0.37807876536501767,0.005785816932684207,0.017168338651799286,0.022954155584483493
00d47f98-0993-4073-95fc-924cc7450543,0.3400548201843905,0.359908602289878,0.8352900080670711,0.019853782105487494,0.4952351878826806,0.4753814057771931
00d50646-d2c2-4ebd-b3b2-dd5f0d46b04e,0.39126330525518055,0.5808532722987584,0.7474946670011159,0.18958996704357783,0.35623136174593534,0.1666413947023575
00d52ad9-bd08-458e-a559-0bcd5ed5042b,0.6538106219366324,0.6430218689042256,0.7397910379919418,0.010788753032406784,0.08598041605530937,0.09676916908771616
00d537ca-4c2e-456d-8151-7ebae45ffa08,0.1661767438513399,0.1661767438513399,0.1661767438513399,0.0,0.0,0.0
00d56e62-d079-4ed1-bb25-e9a1c565893e,0.588461562685051,0.588461562685051,0.6398743414723514,0.0,0.05141277878730044,0.05141277878730044
00d5a942-01c2-4a02-a3ca-4b38f514bebe,0.5103070693010654,0.49989189887014407,0.4897109405597953,0.010415170430921328,0.020596128741270092,0.010180958310348764
00d5ee5b-06e2-40c8-baeb-20a6af920084,0.3380019747790461,0.3380019747790461,0.3970101209010879,0.0,0.059008146122041805,0.059008146122041805
00d5fac8-a95b-4f45-9f99-b96ca1a2c87e,0.29948253734480623,0.3245230975900331,0.40474846677977055,0.025040560245226884,0.10526592943496432,0.08022536918973744
00d613da-4f84-46a8-b586-fac40219b5ea,0.44723958605947217,0.4661560846186299,0.4161662299712962,0.018916498559157724,0.031073356088175963,0.04998985464733369
00d61b8c-85df-4e89-891a-27d361a31f66,0.6461688474958094,0.6507295792154888,0.7638863697311742,0.004560731719679412,0.1177175222353648,0.11315679051568539
00d62855-0d09-417c-b7af-2ee3ebaa124a,0.5077127537381871,0.4819945291468616,0.5539013723329589,0.025718224591325556,0.046188618594771746,0.0719068431860973
00d6578c-fb63-4c0a-9142-c08e080f4fa0,0.70335418888652,0.6392724497907317,0.6671914205677762,0.06408173909578829,0.036162768318743765,0.027918970777044527
00d65fe6-8fea-477b-a4d6-e730004926b0,0.32369863864928405,0.30932207476682955,0.9654205321953871,0.014376563882454507,0.6417218935461031,0.6560984574285575
00d6c189-08e4-421f-9839-d0619d0864af,0.4090968616750517,0.4090968616750517,0.4278396102345612,0.0,0.01874274855950947,0.01874274855950947
00d6fd7c-538c-4fa3-aba5-13619693a513,0.5236933378492566,0.5351094185814643,0.5160765659282183,0.011416080732207678,0.007616771921038379,0.019032852653246057
00d70596-cb1e-4a03-b805-4d8dba861434,0.6974747452116685,0.6974747452116685,0.7847526820008497,0.0,0.08727793678918117,0.08727793678918117
00d709d7-6aba-4bfd-9748-38e86bcb7256,0.6065255357906848,0.6635077957585576,0.6530965818708718,0.05698225996787276,0.04657104608018703,0.010411213887685733
00d719d7-661a-4836-8c28-64d28c560398,0.2478591301951873,0.2522714842430995,0.4385542129917855,0.0044123540479121814,0.1906950827965982,0.186282728748686
00d75c51-038b-4528-82dc-f7473d103329,0.36617019407864504,0.35403393204961925,0.39645929663879725,0.01213626202902579,0.030289102560152215,0.042425364589178005
00d7be30-f8ce-4df1-ba44-1dfee1592834,0.3229894831078279,0.3229894831078279,0.6749085292306793,0.0,0.35191904612285146,0.35191904612285146
00d7c7bd-c56e-441a-a40b-258e5e38f6d3,0.3536094308502613,0.34533391046037826,0.3413589903042104,0.008275520389883051,0.0122504405460509,0.003974920156167849
00d7d5fe-4faf-447f-80cc-c51a5ca20d9a,0.9665775397083686,0.9665775397083686,0.9175719895824355,0.0,0.049005550125933106,0.049005550125933106
00d9200f-dfc0-41f4-82b9-fb70bf66b30a,0.6537299725189891,0.7071911910206079,0.763442669655087,0.05346121850161878,0.10971269713609788,0.0562514786344791
00d95a2d-6d9e-4f99-b50d-8a5d5649eed0,0.5662603291221455,0.4862284463315783,0.4574708907048871,0.08003188279056722,0.10878943841725841,0.02875755562669119
00d963db-39b6-4b53-8b60-8d68cc1fc4ad,0.8735409031887558,0.658308060429358,0.831459247729717,0.2152328427593978,0.04208165545903875,0.17315118730035906
00d98597-099e-4738-9981-23ead45b4a3b,0.5172185495240422,0.30470846763552034,0.5409797394244872,0.21251008188852188,0.023761189900444957,0.23627127178896684
00d98b5d-33c1-408e-aa6d-f4f83cc0061f,0.8276438276422218,0.8438655021136967,0.8151738289203622,0.016221674471474934,0.01246999872185961,0.028691673193334544
00d9c696-3565-4104-ae5b-2df7ae28352b,0.5339073689066253,0.5542913523131763,0.7123220339933524,0.02038398340655101,0.1784146650867271,0.1580306816801761
00d9c882-cd80-4ae6-87f2-2df6ee339c72,0.7715836187017043,0.7551327319804996,0.5898041607033002,0.01645088672120476,0.18177945799840411,0.16532857127719935
00d9faf7-1fdf-4b52-bb37-0007a5761c31,0.6288862954371788,0.6288862954371788,0.6439175128854,0.0,0.015031217448221224,0.015031217448221224
00da18c3-bbe4-4532-a264-9e1e7f665d6b,0.6619559364754523,0.6650972619575128,0.8113818257798077,0.0031413254820605863,0.1494258893043554,0.14628456382229482
00da2723-7593-49bd-8560-a557a54403ab,0.20193539718422374,0.19872787001060635,0.21610186659403394,0.003207527173617386,0.0141664694098102,0.017373996583427587
00da3120-f82a-4324-8ff1-14aec3fddbe4,0.6529170800607857,0.6529683154740964,0.43530424842562515,5.1235413310646294e-05,0.2176128316351606,0.21766406704847124
00da91ae-92c2-4439-b85c-593b897c64ce,0.5167114597495351,0.5167114597495351,0.7398475284577681,0.0,0.223136068708233,0.223136068708233
00daffcc-e253-41bf-8ffe-dd1d2c162291,0.7625497557790645,0.795104505090879,0.6932645685926279,0.03255474931181457,0.06928518718643661,0.10183993649825118
00db07c4-0fff-43ea-8330-ed8b931ace9f,0.8713006301799099,0.8723543653244796,0.883169081927377,0.0010537351445697452,0.01186845174746709,0.010814716602897345
00db4389-ce4c-4466-852f-499fd9a658b3,0.7035406617162987,0.5876191813061755,0.6983844678343695,0.11592148041012318,0.0051561938819292275,0.11076528652819395
00db658d-8692-4ed6-a80a-e42d585e8670,0.7566154117696693,0.7410629260647844,0.6475556157152164,0.015552485704884877,0.10905979605445293,0.09350731034956805
00dbabed-1f87-4dde-beda-2cdba3c338ed,0.5251626067290314,0.5389137583883246,0.4837079572595884,0.013751151659293193,0.041454649469442995,0.05520580112873619
00dbdece-1634-4e19-8d0f-f830e435b06b,0.4983265162865412,0.49771558009131683,0.5842999719608286,0.0006109361952243431,0.08597345567428744,0.08658439186951178
00dbf83a-e0da-4ee1-87d7-693a9374e666,0.07701009562794492,0.06816223055830159,0.5381324537912332,0.00884786506964333,0.4611223581632883,0.4699702232329316
00dbf8bf-b574-442c-991a-9bb2186accc3,0.5865702175778227,0.5298907222195735,0.7164711316308995,0.05667949535824923,0.1299009140530768,0.18658040941132603
00dc0735-d807-4cee-9158-3ed7281454d2,0.863946349440478,0.41272784519644873,0.5259830488444964,0.45121850424402926,0.33796330059598156,0.1132552036480477
00dc2c69-6cd3-4df6-bf83-8e2c2f377a88,0.3192671679954409,0.30726557034430285,0.2930630167945439,0.012001597651138063,0.02620415120089703,0.014202553549758967
00dc3f07-499a-48f7-b241-5dab4bd5af79,0.2387201362813592,0.23125376785046742,0.25348745590249916,0.0074663684308917955,0.014767319621139946,0.02223368805203174
00dcb7a6-3640-4eda-a382-6a7c5f1706cd,0.5444021279204274,0.5674584854487118,0.806044735974269,0.023056357528284388,0.26164260805384154,0.23858625052555715
00dd3977-32d7-439e-8e98-a448dce946f9,0.6340243990937375,0.6187597152177937,0.6631030919494464,0.015264683875943819,0.029078692855708854,0.04434337673165267
00dd3bfb-89a5-4b96-b399-f701a9f0f470,0.20549436476403765,0.19866854887092847,0.27049393733277255,0.006825815893109183,0.0649995725687349,0.07182538846184408
00dd4209-0f93-4d48-8100-8c0f46ec1481,0.5469376849701736,0.5568180188217872,0.6933616912261295,0.009880333851613576,0.14642400625595586,0.1365436724043423
00dd6c2d-b894-4203-9577-e7d33338b59a,0.5536791889190659,0.5351296016719834,0.7218470376822435,0.018549587247082444,0.16816784876317759,0.18671743601026003
00dda73e-49ee-4ba4-8fb1-6781caf076ff,0.5654288219397432,0.5654288219397432,0.5559084963041162,0.0,0.009520325635626992,0.009520325635626992
00de8625-7a43-4a4a-ae4d-4ff51f8cd997,0.8267892112102404,0.5154242940529787,0.5286478631439889,0.31136491715726167,0.2981413480662515,0.01322356909101019
00df0a51-7e38-4be4-a828-85e633bcd5a6,0.5966601645780223,0.5966601645780223,0.6543649034741296,0.0,0.05770473889610728,0.05770473889610728
00df117e-fab5-4bf3-a8f6-c426b99c774e,0.09711778207254952,0.09711778207254952,0.2270412935879823,0.0,0.1299235115154328,0.1299235115154328
00df2520-9acb-4ae9-b20f-7ca49e613b5c,0.5507151316927263,0.5441769612711411,0.6666653127604126,0.006538170421585221,0.11595018106768629,0.12248835148927151
00dfc893-42c8-48ea-b98a-0f782e031fae,0.4646217548758358,0.4762534472824146,0.6758454469786355,0.011631692406578797,0.21122369210279968,0.19959199969622088
00e11586-d4f5-46f2-9b74-7ac62738dcbc,0.6282027099849763,0.5571242316074062,0.5340256519200616,0.07107847837757009,0.09417705806491472,0.023098579687344634
00e142a3-15e3-4829-8b62-9aa3bd13461f,0.5013173706902132,0.4046592073946001,0.8180258247214688,0.09665816329561311,0.3167084540312556,0.4133666173268687
00e1462a-f1f7-4799-a6c6-ed40770738cb,0.5030585903335517,0.4745332485667204,0.49892678811427266,0.028525341766831303,0.004131802219279057,0.024393539547552245
00e1509b-c473-4058-b6ff-61b825b9fc4a,0.8231464933460229,0.8250888055507059,0.8024581701803288,0.0019423122046829944,0.020688323165694023,0.022630635370377017
00e16761-1c48-4f90-b4e1-22a57c3c0ad2,0.2612957537371053,0.2612957537371053,0.25879512867650056,0.0,0.002500625060604722,0.002500625060604722
00e2dd1a-92df-4bb1-b5d6-74fbf68b8263,0.49549838924024225,0.4765529221917149,0.46966812757629833,0.018945467048527342,0.02583026166394392,0.0068847946154165784
00e32cd9-8fee-438c-8de0-82f18935336b,0.45306184842015595,0.45306184842015595,0.3395018518209139,0.0,0.11355999659924204,0.11355999659924204
00e3465b-b5e3-4248-acb8-86c66be28b3f,0.588460630343532,0.588460630343532,0.6573075861068415,0.0,0.06884695576330946,0.06884695576330946
00e3468b-1e3b-410a-a10c-432a5939e3f1,0.6794395097117925,0.6794395097117925,0.6470116544820661,0.0,0.032427855229726354,0.032427855229726354
00e3cec0-7beb-484a-92aa-871755ef5cc2,0.5391613708078389,0.4919162820066745,0.6848217636919081,0.0472450888011644,0.14566039288406918,0.19290548168523358
00e412cd-f12d-42ba-a6a2-9d8ae8fbccfa,0.32990457889918345,0.3181126165010947,0.4512796583149136,0.011791962398088773,0.12137507941573017,0.13316704181381894
00e460c6-4ec7-472f-8882-fe564b72fc22,0.37884096042140303,0.3783717450022095,0.3604810253881852,0.00046921541919353604,0.01835993503321781,0.017890719614024275
00e47797-38aa-44c7-af6c-2d45bf10791c,0.5352928082174493,0.5352928082174493,0.6471360738609188,0.0,0.11184326564346947,0.11184326564346947
00e4c910-ecf7-4d4c-9cb3-315f666a5fca,0.7136412878415549,0.38011218061351587,0.7780288522322226,0.333529107228039,0.06438756439066773,0.39791667161870675
00e54da7-be22-48dc-ac62-7d9df6644946,0.9428447024599174,0.7792276291373657,0.9121408998872028,0.1636170733225517,0.030703802572714545,0.13291327074983716
00e5e935-a0b3-4b5e-9ec9-1dc41b3dd079,0.7548969549686664,0.7269914549838173,0.7415687060667312,0.027905499984849036,0.01332824890193518,0.014577251082913856
00e6f443-20e6-49f7-a95d-aeb85b96364b,0.7895076217616371,0.7665212348726195,0.7270850375223048,0.022986386889017663,0.062422584239332335,0.03943619735031467
00e720c6-caea-454b-a909-db1c62518487,0.12637289996906703,0.5425039520217134,0.7059994486177368,0.4161310520526464,0.5796265486486698,0.16349549659602336
00e75c19-57f7-4d96-aaab-109990f4c00d,0.17383922705389407,0.16691272400656326,0.16462910538420064,0.0069265030473308065,0.009210121669693427,0.002283618622362621
00e76801-f965-4b93-b2e7-527ae1b27c45,0.8841339261032277,0.8878223924676967,0.8150455349791526,0.0036884663644689564,0.06908839112407517,0.07277685748854412
00e795b1-defe-41e5-92cd-274d7569b24c,0.7589016530046108,0.6979229456263958,0.8157315995638704,0.06097870737821498,0.05682994655925966,0.11780865393747464
00e79ecb-7a1c-4c94-b840-612cbfd5f67c,0.5124751288068009,0.481708247272334,0.47223564765182147,0.030766881534466883,0.04023948115497944,0.009472599620512556
00e7bad7-9759-4d97-8d94-09f597965bca,0.2504626520542531,0.2455026951677285,0.34008733538137664,0.004959956886524619,0.08962468332712353,0.09458464021364815
00e7d852-13ba-4c51-b5ea-c28db4390111,0.6377667567268539,0.6066813804175636,0.654296695557069,0.031085376309290313,0.01652993883021514,0.047615315139505454
00e7d944-35d9-4ffc-b5f5-c26ae879f120,0.1912887426759825,0.18221187898571725,0.2480306226690566,0.009076863690265252,0.05674187999307409,0.06581874368333934
00e8bd8c-f17a-41b4-a283-b1e874b94caa,0.5520812848335211,0.6843771616603472,0.7697508992386437,0.1322958768268261,0.21766961440512256,0.08537373757829647
00e8c3c0-93f4-400d-957d-8fd2ee7d0abe,0.650939143309658,0.650939143309658,0.5913548758826714,0.0,0.059584267426986526,0.059584267426986526
00e92bd2-ed60-40b3-8b4e-79d9dff60d1f,0.504098447499828,0.49684276202363875,0.5026162320562858,0.007255685476189266,0.001482215443542212,0.0057734700326470545
00e979d1-ee0e-41c7-8ab4-008145e3ca01,0.18674274888767003,0.18675979217218447,0.31330440634064727,1.7043284514434154e-05,0.12656165745297723,0.1265446141684628
00e996ee-6b28-4858-91d2-1884f9200047,0.7019863016601191,0.6797649420138033,0.5605820204926487,0.022221359646315775,0.1414042811674704,0.11918292152115462
00e999bb-8708-4c19-bde3-0994f72b9258,0.49446840278084647,0.5008136303519523,0.5177461647382114,0.006345227571105783,0.023277761957364973,0.01693253438625919
00e9d619-40bd-4ced-a9a4-3e574f9f088f,0.24127271564468886,0.15133743872272196,0.22131245310379097,0.0899352769219669,0.01996026254089789,0.06997501438106901
00e9f97e-1953-4c08-a1a8-f5f54f8ef113,0.3662307322169339,0.21281931391766054,0.212620055867691,0.15341141829927338,0.15361067634924291,0.00019925804996953622
00e9fe4a-897d-4106-881b-731b921915ef,0.2607066668298468,0.26460124227585297,0.28241058934058155,0.0038945754460061877,0.021703922510734774,0.017809347064728587
00ea26d4-28ec-45a2-9884-6c92b9240b35,0.5755321199258725,0.5236836282809776,0.6942372803061707,0.05184849164489491,0.11870516038029821,0.17055365202519313
00ea71e5-eba5-4a64-a2c6-4cfafdbd557e,0.2585145661846162,0.330714464344933,0.6054112441092223,0.0721998981603168,0.3468966779246061,0.2746967797642893
00ea7bb1-267f-451a-ba50-0219197ce6db,0.580316588157181,0.580316588157181,0.9180638202023521,0.0,0.3377472320451711,0.3377472320451711
00eaa078-f656-4348-9e48-3fd8ca6ae860,0.8088809653321777,0.8128339249415413,0.46296596820232766,0.003952959609363593,0.34591499712985,0.3498679567392136
00ead498-0945-49b7-bd2c-191e79cbe355,0.2844986692580882,0.21983450624872974,0.2717700421372692,0.06466416300935846,0.012728627120819014,0.05193553588853944
00eaef7b-670e-422e-b2bd-62c4daa707a5,0.3553330980934032,0.37799701757525345,0.6499008856487046,0.02266391948185026,0.29456778755530144,0.2719038680734512
00eb0162-f6ab-4b73-a7eb-f5d1ef03dc8f,0.6957319303304761,0.7038285501843455,0.6072262596060394,0.008096619853869447,0.08850567072443671,0.09660229057830616
00eb2f33-80ee-4eec-8dca-069dc7a2d2a5,0.7052495803407309,0.720376756414832,0.4966473972118797,0.015127176074101079,0.2086021831288512,0.22372935920295228
00eb4166-dae6-41b8-b909-299080b0ff7e,0.6812518898542792,0.6343980282359483,0.767027376332996,0.04685386161833094,0.0857754864787168,0.13262934809704774
00eb70c3-eeb3-4b03-baa3-9481903a5547,0.37715704201922495,0.35337326028146065,0.37715704201922495,0.023783781737764298,0.0,0.023783781737764298
00eb7acf-5f59-46e0-9955-64c3de100cec,0.5876184227107122,0.5946863770077823,0.7877130256128897,0.007067954297070078,0.2000946029021775,0.19302664860510743
00ebdca2-68fc-4c48-b70c-1b2141daf60f,0.3235831070809712,0.4375548790668282,0.7693155529671182,0.113971771985857,0.44573244588614697,0.33176067390028996
00ec25bf-139e-4eea-98a0-e3c42e0199b2,0.7848208441594401,0.7797317586700665,0.7940984482446616,0.00508908548937359,0.009277604085221491,0.014366689574595082
00ed0585-7932-4cb5-87a4-c6c1df607184,0.28584445343254683,0.28584445343254683,0.30627091162912085,0.0,0.020426458196574016,0.020426458196574016
00eda32e-b254-49b3-b90c-7b34c40b8a75,0.30428525438757104,0.30507608741077696,0.3975890235885245,0.000790833023205928,0.09330376920095346,0.09251293617774753
00edcd49-d2f8-43cb-a1cc-d429b08a1a0c,0.6068195692006892,0.6324189841496395,0.5848086852502147,0.02559941494895024,0.02201088395047457,0.04761029889942481
00edcf99-1ea1-4eed-8681-3b0f5111a054,0.5830020211418363,0.5815854992956138,0.5727897136456286,0.0014165218462225404,0.010212307496207718,0.008795785649985177
00ede614-c107-4ded-9a22-649adfc3305f,0.3977793723243281,0.4163703918495777,0.5789319343022343,0.018591019525249608,0.18115256197790625,0.16256154245265664
00ee1cc7-33f7-48ae-8b25-296996cde802,0.5372736182078399,0.5210545694257254,0.5173689659687996,0.016219048782114553,0.019904652239040366,0.0036856034569258123
00ee44fd-dfd1-4214-ac7c-e3f311511b6c,0.7820909115580863,0.7820909115580863,0.7961742706407564,0.0,0.01408335908267011,0.01408335908267011
00ee4773-21de-4795-b8b6-b5ddf02776de,0.6405244881002609,0.48616953422253434,0.48616953422253434,0.15435495387772652,0.15435495387772652,0.0
00ee8884-f917-4cdb-87e4-edd7da3b8955,0.6664278205496138,0.6179424559642983,0.5895969538741653,0.048485364585315494,0.07683086667544847,0.02834550209013298
00ee9466-0046-40bf-822e-95eef692c723,0.6392133032403128,0.6392133032403128,0.7237742776163091,0.0,0.0845609743759963,0.0845609743759963
00eee320-6cb7-4e5d-b84e-80400827ea93,0.578308874246343,0.6667540142164251,0.501073444789494,0.08844513997008208,0.07723542945684903,0.1656805694269311
00eef27a-7874-4f8e-a8bc-2499e5a1d0f3,0.6713374581457124,0.6638954734220351,0.685862311007758,0.007441984723677297,0.014524852862045523,0.02196683758572282
00ef276d-7986-4fee-8207-dde929a96b7b,0.5015832469383341,0.6083509647498513,0.5298810187615536,0.10676771781151717,0.028297771823219464,0.0784699459882977
00ef88ab-a64c-46c7-9f74-2338332375cd,0.29589122166493,0.3034616443256875,0.369562908450229,0.007570422660757525,0.073671686785299,0.06610126412454148
00ef9ecc-5a8a-40f5-8a49-e4be87fbdd4f,0.30734616515325797,0.30734616515325797,0.4034979847648493,0.0,0.09615181961159136,0.09615181961159136
00efb4b2-990f-42ae-bcc3-bf4490be270d,0.6451543983274087,0.6663170678161239,0.6654726370492563,0.021162669488715147,0.02031823872184757,0.0008444307668675766
00f021e7-a765-45c6-a8f5-c8f4afe39741,0.633258477048735,0.5707423512768978,0.660155472860314,0.06251612577183718,0.026896995811579005,0.08941312158341619
00f040e1-5b22-4f99-951a-e7c06bf4e089,0.25974215185473526,0.25974215185473526,0.6050774701403737,0.0,0.34533531828563846,0.34533531828563846
00f0918b-f902-4dd4-be21-631c4e4c1e31,0.4717353972628282,0.4930075074717145,0.5710519354312038,0.021272110208886308,0.0993165381683756,0.0780444279594893
00f0d47b-d067-4424-89ea-2d1ca7ab876a,0.7625965464214931,0.7748215853390211,0.8431462088074808,0.01222503891752802,0.08054966238598771,0.06832462346845969
00f11696-6e70-4bc2-ba15-b14c2f0c6231,0.7321650987587636,0.7321650987587636,0.8063970789242842,0.0,0.07423198016552068,0.07423198016552068
00f16a3a-a7bb-4580-91db-6ed94f6090b1,0.3383235165825174,0.331976770550693,0.3582040654673657,0.006346746031824391,0.019880548884848304,0.026227294916672694
00f17d9b-87fa-4eb5-994d-b1ebc0acc8f9,0.7603872951216966,0.5152429422426595,0.8313277822539458,0.24514435287903702,0.07094048713224921,0.31608484001128623
00f1e193-66bb-431a-85b0-06fce2aece76,0.47037483736759483,0.4365495957498771,0.6629926678436082,0.033825241617717716,0.19261783047601339,0.2264430720937311
00f24ecf-c3f1-4e1a-8c88-71f7b1bc7777,0.5999509384875552,0.5904762025363606,0.685179699087299,0.009474735951194635,0.08522876059974382,0.09470349655093846
00f257ad-eb9b-49a0-9ce2-ba185e3ce21b,0.4292749546740163,0.4292749546740163,0.5646470512047196,0.0,0.1353720965307033,0.1353720965307033
00f27f52-ec08-4736-9930-c276d8556152,0.7628204595948033,0.7806921049185864,0.7808781872289483,0.01787164532378316,0.018057727634145038,0.00018608231036187917
00f28ab9-985e-483a-bbb4-be5cfec8cdc4,0.29807301342678977,0.34415442551467973,0.394569581295597,0.04608141208788996,0.09649656786880723,0.050415155780917265
00f2b1f0-7ab2-4c68-bf91-01654ec58620,0.66400926370065,0.66400926370065,0.7701903808103022,0.0,0.10618111710965217,0.10618111710965217
00f2be2e-8fdb-41bf-92c6-d00998ece46b,0.30763679483443696,0.3447287765032696,0.4990611435916678,0.03709198166883265,0.19142434875723086,0.1543323670883982
00f2eeea-5311-4618-934d-670d47caebb8,0.4684101091280234,0.4419406580583441,0.450697888768851,0.026469451069679295,0.017712220359172415,0.00875723071050688
00f34d73-21a4-4357-913a-aa6cb1c956aa,0.5504210313174169,0.5600061548119006,0.6807294472325804,0.009585123494483705,0.1303084159151635,0.1207232924206798
00f37abf-00d3-4813-afca-9210eb7d490c,0.5544062982256819,0.4959428406106551,0.5506996652217231,0.058463457615026804,0.0037066330039587925,0.05475682461106801
00f3cf12-efc8-45e3-9e7e-55b0ff0f3e7f,0.6294685656545266,0.5971876364735083,0.47343651455833174,0.032280929181018325,0.15603205109619483,0.12375112191517651
00f3cff3-d87f-4283-97ac-5aab0147dbf9,0.7658368814989863,0.7658368814989863,0.7266932594162653,0.0,0.03914362208272104,0.03914362208272104
00f3da0f-a02b-491e-a2d0-8b9dd8f8ab5d,0.6107672700201805,0.6121123540566176,0.5953799009497517,0.001345084036437072,0.015387369070428814,0.016732453106865885
00f43f88-07c8-42a6-ac9f-849593000043,0.8252825345570599,0.8328985163571263,0.8350277560382988,0.007615981800066396,0.009745221481238908,0.0021292396811725123
00f44481-57f3-4dab-8387-850b84d40ec4,0.2156682340616937,0.20707801337968246,0.2686543768747631,0.008590220682011235,0.05298614281306943,0.061576363495080666
00f4ce07-85e0-4d1c-b2f7-159912af15fd,0.60608335505111,0.6021495358715087,0.6153816034784296,0.003933819179601339,0.009298248427319633,0.013232067606920972
00f4efd8-908d-4cc4-9f95-a3766dd138ef,0.43561993774222885,0.5874968990485726,0.7435979126447355,0.15187696130634376,0.30797797490250667,0.1561010135961629
00f4facc-3205-4082-b144-3e6548631001,0.6638876980022876,0.6638876980022876,0.5978559942771042,0.0,0.06603170372518341,0.06603170372518341
00f6337f-7981-445f-9b78-344b2b07dee1,0.3230744003804601,0.3234025843405712,0.45172715180156764,0.00032818396011108364,0.12865275142110755,0.12832456746099646
00f6fbe1-74f0-4617-96aa-8b6e310c12fe,0.5608079076905318,0.6483865366242753,0.6531948928168965,0.08757862893374346,0.09238698512636467,0.00480835619262121
00f72cb9-19d8-4685-983e-31a104ca48cb,0.36522826319996343,0.270354912136534,0.5144655064789546,0.09487335106342942,0.14923724327899118,0.2441105943424206
00f76b1a-1e39-490e-8b72-22d321818d6a,0.210156248385017,0.6144089148041806,0.5446813723506617,0.4042526664191636,0.3345251239656447,0.06972754245351886
00f76d83-a3b8-43c1-a92b-39b25f47adee,0.3704412717079699,0.33161896736613516,0.49583196566037674,0.03882230434183476,0.12539069395240682,0.16421299829424157
00f7850a-44a8-4354-a6db-2a8d3a4a0073,0.1779141588324402,0.07037911548268506,0.5677992072202822,0.10753504334975512,0.389885048387842,0.49742009173759716
00f7c71b-5f74-4543-8618-01f2a6611dcf,0.6653499256278868,0.7075022241650349,0.6130619560561497,0.04215229853714819,0.05228796957173709,0.09444026810888528
00f80251-358c-4666-aa6a-24880f2e2699,0.2123866253664318,0.2123866253664318,0.1830182440627178,0.0,0.029368381303713997,0.029368381303713997
00f816d3-69a7-48f6-8943-6b4a240318ca,0.5187995829243085,0.5187995829243085,0.5836270200628475,0.0,0.064827437138539,0.064827437138539
00f8243c-a968-4314-83dd-b9b846517d63,0.6744161082779018,0.6616448625571214,0.48326876227485654,0.012771245720780366,0.19114734600304523,0.17837610028226486
00f86e90-5ecd-4ee1-8ece-c51d8ddc0c88,0.2355893679639849,0.2855016950267265,0.32811178777581035,0.049912327062741596,0.09252241981182543,0.04261009274908384
00f8ac90-83a9-4c73-95e9-f67afb18f8f7,0.5781750178840372,0.5418861414225495,0.5706354358308712,0.03628887646148771,0.007539582053166072,0.028749294408321635
00f91ca9-ed48-4b1b-b990-8e0377bc9fce,0.5392242990923768,0.5340263096923772,0.6976050658645943,0.005197989399999603,0.15838076677221746,0.16357875617221707
00f968ac-a79b-4e72-b0bf-50373b7ed6dd,0.864968032439064,0.4765708501356407,0.8608709827401478,0.38839718230342324,0.004097049698916111,0.3843001326045071
00f9e8c6-cb2f-46b1-a569-681f20286ab5,0.5066797915027262,0.48944574835285654,0.6130728089808695,0.017234043149869704,0.10639301747814323,0.12362706062801293
00f9ef99-f669-4c31-92e2-f6b14aa04b85,0.35370106434401083,0.35370106434401083,0.48232117177821726,0.0,0.12862010743420643,0.12862010743420643
00f9f237-6f36-4937-a1dd-d7bd750b1677,0.5449815998091379,0.49381569267771935,0.8828794699145687,0.0511659071314185,0.3378978701054308,0.3890637772368493
00f9fb6b-22e9-4766-9568-d557d96a48dd,0.6225680795157863,0.6151010445999033,0.6962067044284015,0.007467034915882964,0.07363862491261519,0.08110565982849816
00facd1d-a63d-4a04-b045-cfe039fc380d,0.609090627017557,0.6056222050758945,0.4459157703239127,0.003468421941662525,0.1631748566936443,0.15970643475198176
00fb42e2-dd54-4fdc-b2fb-49180ab6e9f3,0.6678646181124288,0.5421512590111723,0.5479548795757503,0.12571335910125647,0.11990973853667852,0.005803620564577949
00fb7d66-a1fd-40a2-bfaf-6835a83d5ec3,0.3880652634974523,0.464508636945389,0.59823668232441,0.07644337344793672,0.21017141882695767,0.13372804537902094
00fb84d2-ff22-49eb-a2c9-a729783391ac,0.4940890544777699,0.5223669085643751,0.8340186534445393,0.02827785408660516,0.3399295989667694,0.3116517448801642
00fbb2fd-3e8b-485e-8ed5-17a0404bc1c1,0.2728838817146656,0.30120778647235824,0.4127153453505424,0.02832390475769264,0.13983146363587678,0.11150755887818414
00fc0040-46f8-4628-87b5-43b64e9354f5,0.2601925718608103,0.2601925718608103,0.2477536849576808,0.0,0.012438886903129498,0.012438886903129498
00fc2182-2eb9-4b3f-8c9a-03f38736d939,0.740100173147138,0.7441017751865833,0.7507038663627574,0.004001602039445218,0.01060369321561938,0.006602091176174163
00fc2b36-6b35-4b08-9e08-e853120499a6,0.6961135470863118,0.6906579035956386,0.7169331979539394,0.005455643490673179,0.020819650867627604,0.026275294358300783
00fc2ecc-4db8-40c1-93c9-7d28adbdd261,0.530415794846248,0.6360240423440005,0.6820867080423224,0.10560824749775244,0.1516709131960744,0.04606266569832196
00fce7f0-5a19-4715-929b-071099d33697,0.8127723417501858,0.6501117095912388,0.6806756835771265,0.162660632158947,0.13209665817305927,0.030563973985887727
00fcf45c-d899-459c-8f85-70d43c86d56e,0.7102304884717427,0.6937927162561438,0.7254175718422113,0.016437772215598945,0.01518708337046859,0.031624855586067535
00fd0ace-9843-4a42-9400-8e061b00e6ae,0.1330582341097393,0.13563376376999484,0.19491246053887762,0.0025755296602555378,0.06185422642913832,0.05927869676888278
00fd1d8b-972a-4617-b8a4-46fec8a070af,0.7194350927829847,0.9527498129795862,0.9873844725058362,0.2333147201966015,0.2679493797228515,0.03463465952625
00fd2edf-9f0f-4ca0-ab5d-37b94e285022,0.26407787794446647,0.26407787794446647,0.3186228929683719,0.0,0.05454501502390541,0.05454501502390541
00fd41c4-8d7d-4962-a0f0-27cd8a4e8369,0.4491697846011802,0.4748816590366567,0.5157985402434618,0.02571187443547651,0.06662875564228166,0.040916881206805145
00fd59f3-8b6e-43bc-a590-1f7773a7762c,0.5367784542905099,0.5536435234897223,0.502525953058931,0.01686506919921249,0.03425250123157886,0.05111757043079135
00fd736d-3f2f-4e76-b474-44d0149e1100,0.5523314543872336,0.7414888474961926,0.7938101175660934,0.18915739310895896,0.2414786631788598,0.05232127006990084
00fdbbf4-1850-4ec4-b45e-5d710f2676ab,0.5471038015849863,0.5355139087510735,0.584713265131408,0.011589892833912763,0.037609463546421695,0.04919935638033446
00fdc0e8-fec7-4edb-bcd1-d01f3f10a9c9,0.49953888476012387,0.4843840200828877,0.41668109529999175,0.015154864677236146,0.08285778946013211,0.06770292478289597
00fdc2d0-49cc-465c-afdf-4646c0303e7e,0.4581436941282398,0.5343720986743148,0.728894909366776,0.07622840454607499,0.27075121523853624,0.19452281069246125
00fddeff-fabe-40b2-9968-ffe45f8e2ad8,0.5168166101919184,0.5168166101919184,0.6284966662382643,0.0,0.1116800560463459,0.1116800560463459
00fe89b9-ea0a-4bbe-9496-513d1c97bf2a,0.6273859561399058,0.6196334076070896,0.6797818158118143,0.00775254853281615,0.05239585967190852,0.06014840820472467
00fe905d-6009-4bbb-a811-0bd4257225f3,0.6308476759408661,0.6813983779014754,0.5886028027035571,0.05055070196060929,0.042244873237308966,0.09279557519791826
00fe9907-e447-47d5-853a-b27881f3fdd4,0.5037027097131475,0.604028732912214,0.4714029105512166,0.10032602319906658,0.032299799161930876,0.13262582236099746
00fefa42-bd0b-4429-91ce-5e81398b198b,0.5084875146659995,0.4324395477486895,0.662634513014457,0.07604796691731003,0.15414699834845746,0.2301949652657675
00ff2185-5876-4012-bfa6-3cbd1948eb6d,0.33520082323980555,0.30109946952561023,0.29200729907180567,0.034101353714195315,0.043193524167999875,0.00909217045380456
00ffdbdc-21a2-4d36-b816-e1d5b6a4f923,0.3231901347131321,0.3231901347131321,0.3295119202097521,0.0,0.0063217854966199916,0.0063217854966199916
01001c9b-5a8a-4e40-9401-fd18b813e3ae,0.4284118028019774,0.4284118028019774,0.43963332264579724,0.0,0.01122151984381986,0.01122151984381986
0100535f-2ee5-4fff-b5fd-69cbdd0270aa,0.3548419977970661,0.35103799126924834,0.42538363524074824,0.0038040065278177604,0.07054163744368214,0.0743456439714999
0100863b-ac64-489c-b5d6-4acd09df3def,0.5242889761043634,0.5234383777222986,0.4605137280111408,0.0008505983820648044,0.0637752480932226,0.0629246497111578
0100b75c-2032-4830-b6f7-1b2ba39e6436,0.6872160720563958,0.5761911047662053,0.7234330959295459,0.11102496729019051,0.03621702387315007,0.14724199116334058
0100d9eb-320f-4737-8759-122ee3d6068c,0.3596437672402444,0.3246816863929197,0.77112431564833,0.03496208084732466,0.41148054840808557,0.44644262925541023
01014f2f-ef32-4a5e-bb1b-9bbfb4d6cd5b,0.34627290247768955,0.34627290247768955,0.4295164472992367,0.0,0.08324354482154717,0.08324354482154717
01019388-7c8d-47ba-9bae-eec43353fb5f,0.28276013256743937,0.28276013256743937,0.28139609080179817,0.0,0.0013640417656411996,0.0013640417656411996
0101c63a-1920-44a7-bc8d-b5dac5048acb,0.5273873128698229,0.5273873128698229,0.7790228167309929,0.0,0.25163550386117006,0.25163550386117006
01020d27-5ff8-419a-9845-8304f203344f,0.4379365351629913,0.27418741141313574,0.4670943326200132,0.16374912374985556,0.029157797457021906,0.19290692120687747
01024774-3460-4733-84b3-95a06daaf12c,0.4289244411118706,0.3877195697616724,0.39417736292731903,0.041204871350198236,0.03474707818455158,0.0064577931656466525
010265c1-febb-41af-adbe-9c9ecb98d6c8,0.7690219080187551,0.7295540032067374,0.7777856440574507,0.039467904812017784,0.008763736038695513,0.0482316408507133
01027df0-d705-4a84-91a8-4dee69455fc9,0.3334061062338895,0.5027381573896842,0.5751047257948668,0.1693320511557947,0.24169861956097732,0.07236656840518263
01028509-690d-4659-b8d5-2a87548a594b,0.24748165746982254,0.2656713937754598,0.28249633581532885,0.01818973630563725,0.03501467834550631,0.016824942039869062
0102bb99-6435-4266-b846-5a4a067df350,0.6862564914650507,0.6794606985986248,0.6402114340540422,0.006795792866425954,0.046045057411008505,0.03924926454458255
0102c12c-75d1-4a1c-a986-ff0d9edc4577,0.5662906744202815,0.4505816924889659,0.47442195498475015,0.11570898193131557,0.09186871943553132,0.023840262495784248
0103202d-2602-4ac6-ba93-06254ca978b8,0.8217459020264312,0.823297637543944,0.802037541908797,0.0015517355175128644,0.019708360117634216,0.02126009563514708
01032afd-97ab-4106-9dbd-28691ab7364d,0.7126203015084949,0.7062596117813903,0.680432550380829,0.006360689727104574,0.03218775112766592,0.025827061400561346
01033650-9cf4-45d3-9274-8f0934fd808e,0.8681545369092095,0.8681545369092095,0.9086620267050782,0.0,0.04050748979586871,0.04050748979586871
0103ecac-19ec-4aab-be53-7fa16b5be530,0.1769963446427612,0.19785492361739032,0.2736331122340603,0.020858578974629116,0.09663676759129908,0.07577818861666996
01040407-0a2f-4f04-a8e8-58ad054f9389,0.4492752679700595,0.45832396766347744,0.707101106285138,0.009048699693417928,0.2578258383150785,0.24877713862166057
01043031-a30d-4e14-8ce1-b7ed4d340c09,0.5593965948237006,0.576209977182735,0.614227510580209,0.0168133823590344,0.054830915756508336,0.038017533397473935
01044b69-ed09-43ce-9359-85fb777fade9,0.5498685956622806,0.5522932895291383,0.6421511546945875,0.002424693866857619,0.09228255903230687,0.08985786516544925
01045966-25da-4e46-9614-7242a7a0d69f,0.6814162757818046,0.5468192922535323,0.6423083970211468,0.13459698352827232,0.0391078787606578,0.09548910476761452
01045d22-125b-4845-8e71-799be882f5b1,0.3176498886513836,0.35936595929173026,0.4804344884529958,0.04171607064034666,0.1627845998016122,0.12106852916126554
01046386-28e7-4e9d-b57a-d446dd0a16bf,0.36878592945192,0.49611009487547725,0.6295452759543867,0.12732416542355723,0.2607593465024667,0.13343518107890945
01047664-88d5-44fd-b127-c2427e962976,0.7464145210857318,0.5236318264729346,0.5665757410837725,0.2227826946127972,0.1798387800019593,0.04294391461083791
0104e01b-0b2f-4eec-a0e2-b14b680c4709,0.2834338905218854,0.8490787530246954,0.612196711803428,0.56564486250281,0.32876282128154266,0.23688204122126733
0104fa71-70c7-4fbd-b0a5-bb83ab4a465a,0.5739360475264937,0.587556515868075,0.5993564252677006,0.01362046834158126,0.025420377741206868,0.011799909399625608
01050258-1fb2-4290-a55c-2a1349cc1fd5,0.411274465131836,0.4190098307567877,0.49593155606526684,0.0077353656249516956,0.08465709093343082,0.07692172530847913
010528ce-ab3e-4fe6-8891-f7c7f23cec55,0.14306597772324908,0.14306597772324908,0.3865752853636558,0.0,0.24350930764040674,0.24350930764040674
01054254-d08d-47c0-b0d4-9fdb23e811a2,0.4165566314830557,0.41462174922759554,0.5699113845295248,0.0019348822554601797,0.15335475304646912,0.1552896353019293
01056319-2b38-4920-880c-48741beb43a0,0.23407218087377626,0.23407218087377626,0.291995624570707,0.0,0.057923443696930726,0.057923443696930726
0105dd9e-989b-4b2c-975a-c38dc17a7944,0.5186743988693697,0.5209201914796958,0.6004007531385793,0.0022457926103260917,0.0817263542692096,0.07948056165888351
01063e98-e5c0-4793-81eb-ec68821cb737,0.563460549859386,0.5386180983808914,0.5467191086062724,0.02484245147849462,0.01674144125311361,0.008101010225381011
0106b6ff-9a6a-4443-bf92-7a1182fe290e,0.6566274390576452,0.6157424488928969,0.6147335532355733,0.040884990164748336,0.041893885822071875,0.0010088956573235386
01073c1e-c733-4804-ad12-8e22debfd761,0.5495031691342455,0.526034417550593,0.5059763217547343,0.02346875158365247,0.04352684737951118,0.02005809579585871
01075ea2-3556-49cb-a860-48e2405da5b0,0.34376611934543494,0.31852103077479205,0.3782131547817263,0.025245088570642893,0.03444703543629135,0.059692124006934244
01076bd8-05ff-4a7d-a79d-71a853612652,0.3837371515735678,0.3876888196319957,0.5046908335042517,0.003951668058427893,0.1209536819306839,0.117002013872256
01077485-c0d7-467a-8d93-ff12b134fb65,0.7677869018308143,0.835256164327267,0.824025642282667,0.06746926249645269,0.05623874045185262,0.011230522044600066
0107e2b8-9365-40f1-b16b-e30b8e487874,0.7622545509126738,0.6791962659687356,0.5997715090152582,0.08305828494393819,0.16248304189741558,0.0794247569534774
0107e8f3-1ec5-4b38-b533-1357f7b6b52b,0.788984803665275,0.7850965845112897,0.7676480514471837,0.003888219153985295,0.02133675221809128,0.017448533064105987
0108290f-b3ed-4a91-b47b-31daa85c408e,0.609487748340263,0.5592274571827874,0.4724640787371424,0.050260291157475545,0.13702366960312057,0.08676337844564502
01085b78-32c6-45e6-9f9f-3e61517005ee,0.2249862511741672,0.16964162554121215,0.2249862511741672,0.05534462563295506,0.0,0.05534462563295506
010889ae-39ef-4a27-9a5f-0219f1f5db64,0.4926792752362904,0.4803934179095415,0.5436480617675384,0.012285857326748917,0.050968786531248034,0.06325464385799695
01089f16-587a-41ad-8e7a-61d1d15610d9,0.7068318934610817,0.7639395534404657,0.7329679350089544,0.05710765997938405,0.026136041547872746,0.030971618431511305
01091f33-a97d-4df5-97d5-8c9147f5e769,0.6778790732731108,0.5273009227595891,0.42638676616993226,0.15057815051352175,0.25149230710317855,0.1009141565896568
010995c0-67ad-44ee-b6d7-9db167d6a6ad,0.8228741594544041,0.8136019315123925,0.7394903508012806,0.009272227942011657,0.08338380865312356,0.0741115807111119
0109c05e-4ec9-463c-91c5-bb1306f3f0f9,0.5102685529539164,0.5128516879110265,0.6129974612366804,0.002583134957110156,0.10272890828276404,0.10014577332565389
0109ee92-33ef-4559-bfa4-f979cd26fdbb,0.21359307483398257,0.2295154414445598,0.24531193303318005,0.01592236661057722,0.03171885819919748,0.01579649158862026
0109f18f-d477-44c8-ac56-1f97457a13e1,0.30018617482825116,0.306831628969096,0.41432059915294545,0.006645454140844831,0.11413442432469428,0.10748897018384945
010a0d0f-45e5-4a97-ba99-a9d6d9250aa0,0.47984206366302207,0.6832810483007318,0.884587856371687,0.2034389846377097,0.40474579270866495,0.20130680807095525
010a13aa-12d1-46a3-a301-4a85a5ba26a1,0.5443235060918254,0.3650160246296853,0.8412879278744548,0.17930748146214015,0.2969644217826294,0.47627190324476953
010a32ba-dc8c-4a60-8912-7e7d2a3e8fa4,0.3498867966597224,0.3098459460907891,0.31645483846916916,0.040040850568933306,0.033431958190553224,0.006608892378380082
010a81ea-a093-4fcd-afa8-9f64db00613e,0.47623432536908705,0.47133852544689125,0.7058040904383333,0.004895799922195798,0.2295697650692462,0.234465564991442
010ba6bb-f8a9-458b-97e1-6184a13b17af,0.7945090758297441,0.7418361255403139,0.7694212244736474,0.0526729502894302,0.025087851356096702,0.027585098933333496
010baedd-4fcf-4a8c-ab0e-02590853aaf5,0.8163814741572956,0.8380089571580372,0.8349726707161244,0.021627483000741687,0.018591196558828793,0.0030362864419128943
010bfc3e-8e83-4bc8-af4c-e0d5cb299838,0.6396989993918085,0.6514616411744913,0.6662960871671415,0.011762641782682826,0.026597087775332984,0.014834445992650158
010c1baf-2d2b-44d2-a7af-c8d258e7f3a9,0.5405825831713945,0.5698252622244394,0.676694846391518,0.029242679053044895,0.13611226322012349,0.10686958416707859
010c9e91-4e27-4a1f-beea-4e09f264c50d,0.5494856816659859,0.5494856816659859,0.5435042742410094,0.0,0.005981407424976437,0.005981407424976437
010cb580-76d1-477d-afb6-fe1ede20cf50,0.5156656046007807,0.5272925943619733,0.5272925943619733,0.011626989761192585,0.011626989761192585,0.0
010cd1be-6ae8-473e-af19-bf112d625d0d,0.4433484929218793,0.4241950769577783,0.47402173651678836,0.019153415964100973,0.030673243594909083,0.049826659559010056
010d085c-554b-4403-a0fb-f5ead9ca4610,0.25529844399553137,0.26153632442800073,0.2881595616461551,0.006237880432469367,0.03286111765062372,0.02662323721815435
010d76a4-ec0b-4699-8207-db6b1b938f01,0.56286853425332,0.5430344531863887,0.5712024090057874,0.019834081066931297,0.008333874752467496,0.028167955819398793
010e1a77-d81b-4e29-9bc4-26ec4c2a2875,0.5638182383863302,0.5505113169885153,0.5926174059076476,0.013306921397814864,0.028799167521317393,0.042106088919132256
010e8635-10a7-4fdb-8248-6795408b7b21,0.6739192878778426,0.5927460195838608,0.9096987255907304,0.08117326829398186,0.23577943771288778,0.31695270600686964
010ea8c1-a815-468c-a043-024a6fc4460a,0.7407949026488047,0.7407949026488047,0.7635803002170437,0.0,0.022785397568239052,0.022785397568239052
010ee337-a841-4ab5-a28e-93f11b2c2dcc,0.46016774228014984,0.4789013625934313,0.6348567013322655,0.018733620313281463,0.17468895905211562,0.15595533873883416
010ef743-d4e4-43ac-afe5-3e008ff66604,0.7142032503953983,0.6570778349798302,0.9182178906246364,0.05712541541556815,0.2040146402292381,0.26114005564480625
010f1cdd-47ee-4482-a9cb-ba5f9fc7a41e,0.45356990103676564,0.47272176997468784,0.49531946023236445,0.0191518689379222,0.04174955919559881,0.022597690257676606
010f6edc-028f-4b28-b3ef-9ce66658011e,0.44829883249080354,0.3694158733544657,0.8157269168338692,0.07888295913633786,0.3674280843430657,0.44631104347940354
01101d99-ed29-4603-a511-c5f5a1c0a78d,0.42646434431577523,0.5853763155048166,0.5906816056892417,0.15891197118904138,0.16421726137346643,0.005305290184425049
01102c75-ffc4-4dc1-8ccd-ff871b32f52c,0.6004196978084778,0.6068036611322226,0.6724041382292919,0.006383963323744801,0.07198444042081409,0.06560047709706929
011053d8-0335-40f0-b67f-c7feba2d2f34,0.4222304427944823,0.3353792130396276,0.38179965737337607,0.08685122975485471,0.04043078542110623,0.04642044433374848
01108853-6117-42ce-b3db-14a60bc0e10a,0.8083925291304542,0.8287071032051507,0.7100717261100152,0.0203145740746965,0.098320803020439,0.1186353770951355
011093c7-b623-4959-8e37-1acf1132fe82,0.40458400861203636,0.4621771061871891,0.7077099996145911,0.05759309757515274,0.3031259910025548,0.24553289342740203
0110f48b-0939-48e4-b902-c8527001d51b,0.10252272446488239,0.09042713331508329,0.1371620914738928,0.012095591149799106,0.03463936700901041,0.046734958158809514
011175db-0071-4360-9165-917756e79164,0.5180830237911362,0.40305109452679705,0.609801449096319,0.1150319292643392,0.0917184253051827,0.2067503545695219
0111d811-597a-4c8e-978a-28ebb02c7924,0.5510334099710292,0.4415773299735408,0.47057382529908476,0.10945607999748841,0.08045958467194447,0.028996495325543936
0111f9e0-7b3a-47c8-a419-3d2d508c3419,0.1818256297860697,0.16539593111879436,0.16579921330155203,0.01642969866727534,0.016026416484517664,0.0004032821827576749
01120ef1-4f95-4058-a1a4-8f4b436f7f6c,0.3101886869290397,0.31865115892269413,0.41647063749828783,0.008462471993654408,0.10628195056924811,0.0978194785755937
0112676e-d3fb-4882-b6cb-6e3f784bbbe8,0.3865741993024058,0.3782075589920767,0.3865741993024058,0.008366640310329077,0.0,0.008366640310329077
0112af31-3673-46ee-8e1e-018b751b1e55,0.22621006900630908,0.22621006900630908,0.288212892182262,0.0,0.062002823175952904,0.062002823175952904
0112c18e-af6c-495d-8923-af5f6fd4e474,0.28426326733869317,0.2870446707425733,0.2754414538566435,0.0027814034038801116,0.00882181348204969,0.011603216885929801
0113413a-f6a4-451f-9fb7-4fd6825c5596,0.4493843507732709,0.8262545315062817,0.8970901447803742,0.3768701807330108,0.4477057940071033,0.07083561327409249
011352b0-11c6-4dd8-b527-cf2512e9cb53,0.48451560564873153,0.6378664715400177,0.4435797766239655,0.15335086589128621,0.040935829024766,0.19428669491605222
011370f4-fe6c-4790-977a-b6fa9e21e85e,0.17347231100065125,0.17347231100065125,0.32239581092964126,0.0,0.14892349992899,0.14892349992899
0113765f-a8c0-4900-9ba6-ac48c8b22bcd,0.6187039585730623,0.7866139854011699,0.8452024716092501,0.16791002682810763,0.22649851303618784,0.058588486208080215
0113a8dc-7d93-4b3b-8675-ea2b885cc19a,0.5130044405510762,0.5130044405510762,0.4354499790754318,0.0,0.07755446147564438,0.07755446147564438
0113b3a1-3d4d-457b-acb5-a6c36c76986a,0.5021435874878454,0.5125868982357545,0.6018820545500291,0.010443310747909162,0.0997384670621837,0.08929515631427454
0113c338-4fc2-4285-bb91-57d5445c4217,0.2362755523728157,0.2362755523728157,0.6592978585554943,0.0,0.42302230618267855,0.42302230618267855
0113cec1-9d52-4d96-974b-d6ea48253987,0.7500452215317197,0.7500452215317197,0.5770891199455176,0.0,0.17295610158620212,0.17295610158620212
0113d6f3-a506-4e32-af4b-bcfa34940268,0.4107194604906488,0.4107194604906488,0.31386932328885925,0.0,0.09685013720178953,0.09685013720178953
0113e439-ec83-42ec-8b4e-3f7d992205c0,0.6382835787683601,0.6789562853278107,0.5933848623025413,0.040672706559450655,0.04489871646581878,0.08557142302526943
0113f13e-b99d-4120-ba7d-7276ad75f265,0.3282179800761636,0.3120533992036432,0.5562437921394627,0.016164580872520373,0.22802581206329914,0.2441903929358195
01140631-82e2-476a-a95c-153e9bbe7b0c,0.4633846634050035,0.4733390361156131,0.6527121780008592,0.009954372710609616,0.18932751459585573,0.1793731418852461
01141358-5d8d-4153-9724-ab4457941828,0.6232610881821837,0.6418349598401091,0.590363036525208,0.018573871657925345,0.03289805165697568,0.051471923314901025
01142aa7-fb18-4ce0-bc86-2f0b7f493364,0.4138520974242982,0.4138520974242982,0.5228849480690688,0.0,0.10903285064477064,0.10903285064477064
0114632f-13d0-41ef-943e-f7943f2457c0,0.49871209595258936,0.5049790771696699,0.5856232166372038,0.0062669812170805805,0.08691112068461448,0.0806441394675339
01148dc8-6b1a-43a4-bce5-1f263e3c5b5a,0.4743598555481408,0.4784521711184102,0.5513884690812172,0.0040923155702694,0.07702861353307638,0.07293629796280698
01150a31-3545-455c-b183-2cb0f8328f4e,0.600726183293812,0.6600618950876244,0.5228052672079646,0.05933571179381236,0.07792091608584739,0.13725662787965975
01150b38-baff-492f-b76a-b7456f588b52,0.2348157944468189,0.246828321265526,0.1864186684477351,0.012012526818707098,0.0483971259990838,0.0604096528177909
01153fca-cb0c-4007-9423-6aa9e31b1e52,0.6392022652325138,0.6346695851276174,0.677182858868561,0.0045326801048963805,0.03798059363604722,0.0425132737409436
011541c1-5432-4742-bfe0-ce9349c1829e,0.4323711366508707,0.4382084986755658,0.455765116738495,0.005837362024695147,0.023393980087624333,0.017556618062929186
01157d1d-8972-411e-ba00-9ab8620904df,0.4422775495281353,0.48593920308489796,0.6606062656488666,0.04366165355676266,0.2183287161207313,0.17466706256396863
0115acb5-eb13-4e28-9b58-d2f92be51060,0.5824462635430546,0.5655290197348967,0.36166740041424106,0.016917243808157956,0.22077886312881356,0.2038616193206556
0115c90b-1122-4b73-b621-fa10f002e34f,0.3872370535141206,0.6294861611703377,0.7584792782256886,0.24224910765621716,0.37124222471156804,0.12899311705535088
011659a1-1c12-472d-b273-450714427d97,0.497837128700826,0.5337573375643652,0.5613994536251213,0.03592020886353914,0.06356232492429531,0.027642116060756172
01168e4f-4277-48aa-8f9e-a4b56e0a0d23,0.46341132511567495,0.46776109461530313,0.7062627554108765,0.0043497694996281755,0.2428514302952015,0.23850166079557333
0116a7b7-5996-4ca2-a739-0808d355b180,0.6674491515076026,0.608426816401531,0.6337134390407119,0.05902233510607169,0.03373571246689078,0.02528662263918091
011705bf-e109-47bc-b97a-f119e8a97fd7,0.8967581612204076,0.8199287063541902,0.7075278411531926,0.0768294548662174,0.18923032006721507,0.11240086520099768
01173545-9f54-40c6-bf0f-0818f034af1f,0.7644688431003093,0.7379010207650906,0.40688875417021003,0.026567822335218705,0.35758008893009924,0.33101226659488053
01173f68-db49-4066-9ea3-fc0549077c49,0.654731419537755,0.654731419537755,0.7279007901812662,0.0,0.07316937064351114,0.07316937064351114
0117fd11-75da-404f-944c-e59d16cef8fc,0.5397392861300672,0.579374989214145,0.7464040487990402,0.03963570308407782,0.20666476266897305,0.16702905958489522
01181936-97e5-4594-8587-c7ed3a611b28,0.4874405099025875,0.49833475178811515,0.36115512993206544,0.010894241885527622,0.12628537997052208,0.1371796218560497
011899bd-4f2a-462e-919b-66ced7d0fd72,0.2607473192760908,0.2539159947237436,0.25310858825734456,0.0068313245523471955,0.0076387310187462365,0.000807406466399041
01192187-f243-489c-9ee7-758c6c9991e6,0.6122430864173567,0.6122430864173567,0.5495550167964957,0.0,0.06268806962086104,0.06268806962086104
01194aa4-1055-44f9-b935-d3173ebb1ef0,0.09562495301460633,0.10026384900526117,0.13861247082761172,0.00463889599065484,0.04298751781300539,0.03834862182235055
011996d1-3cc7-4562-b5e6-629137d5c653,0.4440550299646838,0.47971226501185393,0.3147442409185544,0.03565723504717011,0.12931078904612942,0.16496802409329953
01199f3f-c415-46bb-9124-f2ba29928c2a,0.4464098265794008,0.4148705117071567,0.5202975896884439,0.031539314872244095,0.07388776310904305,0.10542707798128714
0119a346-2a85-4d29-905d-8708e2ced7ab,0.8093084415373538,0.8256713158584048,0.7758181200245078,0.01636287432105099,0.03349032151284603,0.049853195833897024
0119e45f-13cd-4884-8393-6fe1aa2b01a2,0.691286106212097,0.7101244880431332,0.6047985540736963,0.018838381831036255,0.08648755213840065,0.1053259339694369
011a5746-87d3-486b-b05a-e225abf605c9,0.6459462126369303,0.6459462126369303,0.6442743371258869,0.0,0.0016718755110434191,0.0016718755110434191
011ac94e-bc00-4a2d-bb60-8e7b6c62f218,0.449061706739997,0.449061706739997,0.5894493221592967,0.0,0.14038761541929967,0.14038761541929967
011b6797-b161-4e26-90b2-69609b6e5d9d,0.3839187404158085,0.374763061744344,0.4134888881289847,0.009155678671464496,0.02957014771317623,0.03872582638464073
011bea72-6283-4724-85bb-2617c5047048,0.4397257545318006,0.3845382350828945,0.7487393898238528,0.0551875194489061,0.3090136352920522,0.3642011547409583
011bec6b-ee59-4498-995c-f061f1931b87,0.6619105536731815,0.6369214072824729,0.8633105065903093,0.024989146390708594,0.20139995291712776,0.22638909930783635
011ca102-c9c9-49b6-b709-e66b8d8ab557,0.3368435610780397,0.4883785782043598,0.8024927597274573,0.15153501712632012,0.46564919864941756,0.31411418152309745
011d2b8e-4305-4c22-a866-7cf49259d67a,0.5798516132235876,0.5795401673030408,0.5746983225897156,0.0003114459205467712,0.005153290633871932,0.004841844713325161
011d7f74-0d25-4362-a2cf-dd5f89013139,0.18290249570627623,0.18109687442119551,0.35415160595437534,0.0018056212850807163,0.1712491102480991,0.17305473153317982
011d88c6-3986-4cb0-aff2-560c41c99b83,0.4090521408078247,0.4090521408078247,0.5412255429800519,0.0,0.13217340217222717,0.13217340217222717
011d931a-3af2-4997-899e-13aef513667d,0.6411425534315981,0.6152430164760057,0.6008637930041312,0.02589953695559244,0.04027876042746692,0.01437922347187448
011e077f-e93f-4e1a-b350-459ccc3cd960,0.7671650350851554,0.7671650350851554,0.6976304705207426,0.0,0.06953456456441287,0.06953456456441287
011e4f3d-434c-4a39-b736-47f96189449a,0.6199419042661952,0.652743391355339,0.6336137027922735,0.032801487089143766,0.01367179852607825,0.019129688563065517
011eb740-26d4-44d3-bd41-6f7219a13f4a,0.6998165460548966,0.6957438152462553,0.7191001770643877,0.004072730808641345,0.019283631009491042,0.023356361818132387
011f34e5-9680-4feb-bb69-3b9ae15a3720,0.5274264897235773,0.512572848350197,0.5977410509481426,0.0148536413733803,0.07031456122456525,0.08516820259794555
011fc9bd-4c85-4c02-83f1-c0bdcf9a3217,0.4246960967906673,0.4346989858326865,0.3381509570066707,0.010002889042019236,0.08654513978399658,0.09654802882601582
01203399-4ece-4c4f-b7bf-7afdf3cbe930,0.5092717418095416,0.5209251744985145,0.44672872009879,0.011653432688972898,0.0625430217107516,0.0741964543997245
01206580-4a1a-49b1-b92c-8ba06941d686,0.8539309117920351,0.672813599482269,0.7326042570093558,0.18111731230976602,0.12132665478267923,0.05979065752708679
01209236-6f1b-45b3-9a96-7579d49c5d6f,0.618906165129966,0.6023708754586297,0.6642101479388687,0.01653528967133633,0.04530398280890269,0.061839272480239016
01215b4d-87da-4813-a0a0-91cfdec369bf,0.40872844080130594,0.41462213698998124,0.33811802277753145,0.005893696188675301,0.07061041802377449,0.07650411421244979
01216ea2-3aae-4132-9dbc-948d0cc939b3,0.5786209845352162,0.6014060428677404,0.5957075626322939,0.0227850583325242,0.017086578097077698,0.005698480235446501
012170db-cbc5-478a-adf1-f374ea1f041e,0.27288830462714214,0.2795975956987372,0.35080826686892885,0.006709291071595069,0.07791996224178671,0.07121067117019164
01217ad7-7f81-4b26-b1e1-352d605c580a,0.44086180719682755,0.44086180719682755,0.6424701161620731,0.0,0.2016083089652455,0.2016083089652455
0121eb48-5a49-4375-b04d-103f50fb36f0,0.15331128230425195,0.15331128230425195,0.5306968175204825,0.0,0.3773855352162305,0.3773855352162305
01221887-5544-41ec-91c0-c5bc99ca35be,0.3532940325742361,0.43260495284467465,0.40366782023462144,0.07931092027043857,0.05037378766038536,0.028937132610053207
01226acf-b300-49ef-9ca2-428c92bc09e1,0.34133015713645787,0.5223804205478257,0.864436126106566,0.18105026341136787,0.5231059689701081,0.3420557055587402
012289f1-5827-47c6-97bf-f79c20634944,0.28923544441839205,0.5989856405621088,0.802013224519687,0.30975019614371674,0.5127777801012949,0.20302758395757825
01229320-c75f-4785-a3c8-8577da8fa14e,0.40467956452838283,0.40467956452838283,0.5524433375895696,0.0,0.14776377306118682,0.14776377306118682
0122e751-9406-46f2-9c31-517122229841,0.3399506300588229,0.3399506300588229,0.818484176792313,0.0,0.4785335467334901,0.4785335467334901
012301cd-7f28-4e4e-897b-1b4699076ce0,0.7500523396558836,0.7335834260253599,0.7241572705376196,0.016468913630523718,0.025895069118264002,0.009426155487740284
01235fd5-938d-48df-8dc9-0964da9ce83b,0.4512171020976721,0.44402358245863416,0.630244319986156,0.007193519639037915,0.17902721788848397,0.18622073752752188
01238916-1fe3-4704-b229-51b2f62aef10,0.4712171310672599,0.4712171310672599,0.45718031204032594,0.0,0.014036819026933933,0.014036819026933933
01239922-4cf4-4c21-b8c9-689de0149d43,0.28542899639751396,0.28542899639751396,0.3275199508256529,0.0,0.04209095442813893,0.04209095442813893
01246252-779b-4db3-b58b-e31f787d8f66,0.2979399096989851,0.29993897795460783,0.39070532226832255,0.001999068255622738,0.09276541256933746,0.09076634431371472
0124b390-8680-408d-96d9-2f6fd3ce9e31,0.351612875883464,0.351612875883464,0.30825341803765477,0.0,0.043359457845809246,0.043359457845809246
01251244-ac95-4fbc-991b-14b876bff241,0.8095782116781264,0.7711798741162175,0.8627002039644356,0.03839833756190891,0.053121992286309205,0.09152032984821812
0125578f-5cfd-41b3-bc91-27e19261d437,0.4983973660913908,0.48655822198663057,0.6600783191325739,0.011839144104760224,0.16168095304118307,0.1735200971459433
0125fee5-bf67-435b-806f-ccb7de538a65,0.587387797636686,0.5347046867553812,0.6915800360955529,0.05268311088130484,0.10419223845886683,0.15687534934017167
012609cc-d473-4386-a1fe-77b53c54eefa,0.472880448745392,0.472880448745392,0.48234778705026443,0.0,0.009467338304872452,0.009467338304872452
0126146d-c035-462c-81ee-0ef6cb6e4aa8,0.08752355971853851,0.07162001579152798,0.08973887688830769,0.01590354392701053,0.0022153171697691793,0.01811886109677971
012641db-665c-43e1-aaf4-862b479297a9,0.617635319693613,0.6649486041970257,0.7298341556490784,0.04731328450341277,0.11219883595546543,0.06488555145205266
01268701-a8d3-48c8-bc7f-14308e234261,0.5894739159778771,0.7136273091193829,0.7059151957046376,0.12415339314150575,0.11644127972676044,0.007712113414745314
0126c192-d967-4245-a7d2-e74714ff8ad0,0.34144353472640815,0.3293484951452871,0.6378225617626114,0.01209503958112107,0.2963790270362033,0.30847406661732435
0126ed5f-bddf-4d5c-a4bf-669475fcc7b6,0.8268914042454106,0.8419943452920134,0.8292093278146253,0.015102941046602814,0.002317923569214675,0.012785017477388139
0127163a-7881-471e-833a-d94764ec54c7,0.7506688712305878,0.710692956854454,0.7000738405866463,0.03997591437613379,0.05059503064394144,0.010619116267807649
01279fc1-7d3b-49fb-8485-45b81a457a76,0.35750464735993687,0.3727495994520295,0.44787191577333657,0.015244952092092645,0.0903672684133997,0.07512231632130706
0127b17e-9784-4df8-9655-0d88e0eb6292,0.4178072927967222,0.4178072927967222,0.5635813205690106,0.0,0.14577402777228837,0.14577402777228837
0127d9b8-16da-4604-a6fd-7cc5cebd5692,0.7679160125454976,0.7752463967111126,0.7885423908326775,0.007330384165615045,0.020626378287179947,0.013295994121564902
01280f79-b4e6-4116-bed1-0dccaa8bac55,0.3919807834047483,0.6307643170908032,0.6548598933873842,0.23878353368605487,0.26287910998263586,0.02409557629658099
01286b38-cbd0-4b49-b342-934ba951c9ee,0.3393126540031274,0.33439015922745385,0.16847699556668688,0.004922494775673525,0.1708356584364405,0.16591316366076697
01288efe-409f-469b-bccb-5b687ed19f9d,0.47921742471204,0.47921742471204,0.4994872496607628,0.0,0.020269824948722814,0.020269824948722814
0128ba66-2303-4787-afb2-ed9b1fa128f2,0.4042263084265384,0.41638886515320833,0.28865304288900356,0.012162556726669937,0.11557326553753483,0.12773582226420477
0128eb73-6eab-4806-95da-3039316f6faa,0.3081863087456029,0.3318088709932179,0.4190699811801223,0.023622562247614998,0.11088367243451941,0.08726111018690441
0129a7bc-7e69-4c81-90e5-7ba0885a1a3c,0.19590693361705694,0.1935803305918175,0.45731569717491516,0.002326603025239432,0.26140876355785825,0.26373536658309765
0129cded-e5aa-466b-ad96-6f0c8b705ae4,0.30891079652334125,0.24943015668071275,0.5717091982717154,0.0594806398426285,0.26279840174837416,0.3222790415910026
0129d7d8-5df2-4351-81cc-139edc329e4c,0.6413494437836381,0.6231758119259256,0.378265660982189,0.01817363185771248,0.2630837828014491,0.24491015094373664
0129ef97-5003-4c7e-82d9-94ce98bda5e2,0.6070660675950628,0.6070660675950628,0.8321400062290631,0.0,0.22507393863400038,0.22507393863400038
012a3782-33a2-4c41-b669-4a7c2d7fca71,0.7369610205565377,0.7375864371569004,0.8840757760353289,0.0006254166003627493,0.14711475547879127,0.14648933887842852
012a5739-2140-4f68-b7df-14c873571e56,0.45798548159300484,0.4379026566290791,0.5962992551687163,0.020082824963925716,0.13831377357571145,0.15839659853963717
012b094b-0e10-470a-b9b6-5db4c4eac54b,0.6537223774179988,0.6808266561713203,0.5330008843728056,0.027104278753321553,0.1207214930451932,0.14782577179851475
012b0d71-4b3c-4eab-aedc-d1c935c24385,0.5057990931916129,0.4685509366016077,0.36438052965758677,0.03724815659000519,0.1414185635340261,0.10417040694402091
012b9760-e771-4c8b-9739-d0b6061fc9e8,0.10101433454151688,0.24843264296760006,,0.14741830842608317,,
012bebad-9b93-408a-bf4a-e2f89f9bc447,0.32815573889336713,0.3714171123176069,0.3588779169342991,0.043261373424239746,0.03072217804093197,0.012539195383307777
012c0f99-35fd-4506-8654-f7c485451a46,0.33202445793694957,0.3076162275330061,0.21812736819483078,0.024408230403943465,0.11389708974211879,0.08948885933817533
012c3ded-db99-4867-8717-39f5800de4a8,0.3963168955171635,0.4029410019775525,0.533934105357337,0.006624106460389023,0.1376172098401735,0.13099310337978448
012c6a85-962c-47b3-98d6-a97c665bed88,0.816654873808656,0.7749150147772155,0.9378651493423683,0.04173985903144051,0.12121027553371233,0.16295013456515284
012c7c4c-ee4e-483d-b1d0-d24ab67dfe4a,0.8498043700083262,0.7303730027639714,0.8194567863308247,0.11943136724435477,0.030347583677501455,0.08908378356685331
012c8337-1672-4afe-9075-d4e9a3145b9d,0.5834124466702031,0.5469195813900215,0.6413568079889674,0.036492865280181586,0.05794436131876435,0.09443722659894593
012cf2a7-f67f-4be3-8d42-2cf55f636529,0.30941905208039877,0.29944626040248173,0.20314459037777008,0.009972791677917037,0.10627446170262869,0.09630167002471166
012d15be-7d9e-4627-ad17-052f59a4facc,0.7942932429344804,0.8486875765311267,0.5955978092106787,0.05439433359664625,0.19869543372380172,0.25308976732044797
012d2082-31bd-4b76-b28d-65062a54daf0,0.5401679170423814,0.5401679170423814,0.5911514731734188,0.0,0.05098355613103733,0.05098355613103733
012d3dcd-963a-4280-bc54-b9df86eebcd0,0.477842701815886,0.477842701815886,0.5537409673116156,0.0,0.07589826549572959,0.07589826549572959
012d5f11-9b4c-44c6-afa3-fe560e61e2f8,0.6743482631970841,0.7084201007122078,0.7987410295812581,0.03407183751512377,0.12439276638417407,0.0903209288690503
012ed891-12cd-4bff-8284-3f50e85b591b,0.09862914305561757,0.06995252759025229,0.17643016271475656,0.028676615465365277,0.07780101965913899,0.10647763512450427
012f23ec-8b98-464e-9200-8d6de960d39c,0.3852117019700577,0.3852117019700577,0.3921128386533079,0.0,0.006901136683250209,0.006901136683250209
012f2466-c390-489c-91cf-b3552eac2a1a,0.6217518953206368,0.6267269677513146,0.6329686936544255,0.0049750724306778515,0.011216798333788747,0.006241725903110895
012f3c33-4b8e-4d08-97fd-93cd72071398,0.22879983177267807,0.32444838703349704,0.8691870981361255,0.09564855526081897,0.6403872663634474,0.5447387111026285
012f4aae-f2a1-4c8a-a02f-18d64f9dc6fc,0.09842891570200331,0.10782867222293649,0.2777888448874715,0.00939975652093318,0.17935992918546823,0.16996017266453503
012f74d6-0a08-4b6a-bd9d-0c6cb33c1929,0.2421142701824736,0.2782213067511846,0.6099396671579326,0.036107036568711004,0.36782539697545896,0.33171836040674796
012fdde7-9cdd-4197-bcfa-3bf396ef0b8e,0.32628827453941006,0.2986185858968791,0.402816569342194,0.027669688642530943,0.07652829480278395,0.10419798344531489
0130e7f8-64bf-492a-9b3a-e49c67863814,0.3233012808118758,0.2632912402631067,0.5051096737601511,0.06001004054876913,0.18180839294827533,0.24181843349704446
0130fad5-2d9d-4e66-98fc-7542676a9e1f,0.4550330746342273,0.5006883704478433,0.340158850823546,0.04565529581361599,0.1148742238106813,0.1605295196242973
0130fea4-9bdd-433a-a564-221abb01edc4,0.5719138273078778,0.5608874935536164,0.5845017477219027,0.01102633375426132,0.0125879204140249,0.02361425416828622
0130fefa-1a97-4848-976c-8da644e6e68e,0.456489526092226,0.4819021228242065,0.5970486996249001,0.02541259673198054,0.14055917353267416,0.11514657680069362
013119da-5492-4e2b-9ced-8a215fa84bfa,0.6343521836898308,0.6706959320918504,0.8064879887485786,0.03634374840201959,0.17213580505874782,0.13579205665672822
0131f3f5-7acb-4bf1-b3ec-a13fa14bac06,0.5069422013632539,0.4844605899263294,0.4832334530591979,0.022481611436924454,0.02370874830405595,0.0012271368671314953
01322fa9-e5e7-4062-81e3-ff23ec213a7c,0.6465095671876296,0.5948944492988218,0.7366190552567873,0.05161511788880779,0.09010948806915764,0.14172460595796543
0133599d-b5d7-42a5-8e11-65993a3af103,0.49393377600257066,0.47753936937059943,0.6877905356272944,0.016394406631971226,0.19385675962472376,0.210251166256695
01335b18-439d-43bc-8ede-c18201c65c61,0.34261614075174734,0.3403210327647266,0.6938836276445701,0.0022951079870207614,0.3512674868928228,0.35356259487984354
013392f6-3ed7-41a8-85a0-f99042656bec,0.6655486477742913,0.6655486477742913,0.6849358259788298,0.0,0.019387178204538502,0.019387178204538502
0133e150-25fc-47e3-bc49-5893634a7ba7,0.5832856059053354,0.6867064663043674,0.7393671814690783,0.10342086039903198,0.1560815755637429,0.052660715164710936
0133fc94-2d60-4c7d-9ab4-94b119d4841c,0.5574180386395589,0.5574180386395589,0.6001472653714339,0.0,0.04272922673187507,0.04272922673187507
01349407-0fcc-4c92-a8f5-4a3a8d16bcb5,0.23493077665612602,0.23493077665612602,0.23560972993970597,0.0,0.0006789532835799472,0.0006789532835799472
0135fbfd-4089-472c-9e47-6df55b58812e,0.5478837583628038,0.5108542471390998,0.7303972527678071,0.037029511223704015,0.1825134944050033,0.21954300562870732
01369924-b30d-4f83-9d71-e125cf62b60a,0.5148283272625935,0.5148283272625935,0.5148283272625935,0.0,0.0,0.0
0136a941-fa18-43e5-b396-fc5a018175f1,0.38989106583666555,0.8199787204216651,0.8678991422363451,0.43008765458499953,0.47800807639967957,0.047920421814680036
0136b1b5-b2bb-4f9c-8130-19a18a7ea2f8,0.3663288586595455,0.6883543283757518,0.43372483685440727,0.3220254697162063,0.06739597819486176,0.25462949152134456
0136edd1-f6b1-417c-a364-95240122f010,0.5558971804165042,0.5433367724461685,0.6351359843505038,0.01256040797033564,0.07923880393399962,0.09179921190433527
0136f15f-09ea-45b5-b7cc-f85018849cd3,0.4850656359570313,0.4850656359570313,0.5221118853684167,0.0,0.0370462494113854,0.0370462494113854
01372b26-ebd3-4f6e-9af8-94044440f583,0.7262598113861266,0.7183711070761951,0.5595196104520137,0.007888704309931494,0.1667402009341129,0.1588514966241814
01373773-6acc-42bc-899b-0bf6a3dca94e,0.22226352628318924,0.24151848121003747,0.26433751803011935,0.019254954926848228,0.042073991746930106,0.02281903682008188
01376330-32c0-48fe-8a4b-91f1939315f6,0.6016723034981091,0.6888557257863738,0.7078007967557898,0.0871834222882647,0.1061284932576807,0.018945070969416
0137dcc0-9017-474a-ba4a-c34d67e54afb,0.528898088602318,0.5421960586973722,0.5835856531446358,0.013297970095054179,0.054687564542317824,0.041389594447263645
01380c32-e227-4c90-8f39-111767877638,0.7539781389290697,0.7016692247489099,0.5935118257947696,0.052308914180159816,0.16046631313430015,0.10815739895414034
0138629f-cfb4-4058-829a-9924803bd397,0.8074211199718416,0.8078965632712981,0.7586601232590967,0.00047544329945647945,0.04876099671274492,0.0492364400122014
0138da88-d3fd-4a0f-a716-e4e07d9600ac,0.4521560852979324,0.44670546300912845,0.5798133251673505,0.005450622288803941,0.12765723986941813,0.13310786215822207
0138fe21-5bed-45c8-9d4a-b26f4b277850,0.6040204008050204,0.5151479555196679,0.7525389786234338,0.08887244528535254,0.14851857781841338,0.23739102310376592
01393d06-7f04-4ea7-a5a7-18aed27aff56,0.3169109471158614,0.3169109471158614,0.3157028353589331,0.0,0.001208111756928254,0.001208111756928254
013951cf-b998-49ff-9318-2b92fdaff316,0.3431874163355236,0.3554304198412686,0.39162746748563393,0.012243003505745031,0.04844005115011035,0.03619704764436532
013955e3-455c-492f-a9fc-d3483a32ce65,0.5275467619913985,0.5408784949824885,0.3329369275951122,0.013331732991090028,0.19460983439628632,0.20794156738737635
013acfc5-eddf-4f7a-b12e-dd5cc2ed72f9,0.3333521482522261,0.33484514941645765,0.47522174576657006,0.0014930011642315666,0.14186959751434397,0.1403765963501124
013b0df7-389f-4c68-a7b5-3de6a301757a,0.6407612162442153,0.6407612162442153,0.8227944579230764,0.0,0.18203324167886104,0.18203324167886104
013b3152-1363-40e6-9bc2-1b925af6b164,0.5167344839745677,0.5616014482951812,0.6396701803420874,0.044866964320613545,0.12293569636751978,0.07806873204690623
013b8fa3-66ec-4113-a211-96b81e1630af,0.5231508509743175,0.8607230835385914,0.6586369596982667,0.33757223256427393,0.13548610872394928,0.20208612384032465
013bace4-2833-4fcd-a8eb-87ccb91d93bc,0.5730341590106948,0.6719358227551285,0.6692256790705402,0.09890166374443377,0.09619152005984544,0.0027101436845883287
013bcfa7-41d3-4187-8432-fd32da24b30b,0.3362962025319737,0.3189724068739464,0.5721421361315362,0.017323795658027275,0.23584593359956252,0.2531697292575898
013be3b3-2d3b-48e3-8e85-6094aae00ddc,0.6894808099045182,0.34844724364331164,0.8698793100391884,0.34103356626120657,0.18039850013467018,0.5214320663958767
013beb99-c5ae-4eaa-998a-c79cec3e3379,0.3003813059013346,0.3112253435579152,0.49553580700298894,0.010844037656580596,0.19515450110165433,0.18431046344507374
013c4203-4f45-44f5-a719-ff36a1a76cb2,0.6651868771612517,0.6353326037989265,0.6339180214384703,0.029854273362325157,0.031268855722781375,0.001414582360456218
013cd59e-6e6f-4bbb-af41-60ba980bf5bb,0.3185205849471221,0.336512448105054,0.46263676089432515,0.017991863157931887,0.14411617594720305,0.12612431278927116
013cd712-4f2b-4f83-ad1a-0e3297ea0ee3,0.3723678218952542,0.385760985963161,0.7591118344789028,0.013393164067906804,0.38674401258364866,0.37335084851574185
013cdee9-bc14-4476-a7d1-1003e51c2137,0.5883279690248352,0.568769977359113,0.600598758608266,0.01955799166572214,0.012270789583430752,0.03182878124915289
013cf93d-0c3c-4c4f-a1bb-7805174ddf04,0.47195637773667687,0.45923611551627946,0.45854794252809966,0.012720262220397405,0.013408435208577207,0.0006881729881798027
013d3094-c7ee-433b-b31e-8099c273498c,0.49488549364765305,0.8295744884732642,0.9003693206933813,0.33468899482561115,0.4054838270457282,0.07079483222011707
013d45e1-836b-41bc-af06-dc8c774c517d,0.7150379611133731,0.7301441552353826,0.900408049196962,0.01510619412200942,0.1853700880835889,0.17026389396157948
013dbd7a-6e82-4f94-af69-d63055d981a5,0.5750149914153176,0.5883386655265018,0.6851011169752055,0.01332367411118418,0.11008612555988784,0.09676245144870366
013dd0df-2f3a-4967-9fe7-7bd6fb344760,0.5046554198870922,0.5046554198870922,0.6049847398860041,0.0,0.10032931999891193,0.10032931999891193
013ddc65-3241-45ad-a2ac-c0e77a1a47d1,0.4954078296389949,0.4876780353087022,0.36841201924632794,0.007729794330292694,0.12699581039266694,0.11926601606237425
013e193c-00af-45c5-9d88-9fe5ea3516d6,0.4878121730470933,0.48282753815157564,0.8993217215080098,0.004984634895517648,0.41150954846091653,0.4164941833564342
013e2287-7816-4066-96b5-a1f1e885ce6d,0.25622902948956827,0.25622902948956827,0.5272991802250051,0.0,0.27107015073543683,0.27107015073543683
013ed4a5-7db5-44df-aa12-ef79650e5c21,0.27519088180963275,0.2768212227189251,0.3437394325471286,0.0016303409092923715,0.06854855073749583,0.06691820982820346
013ee617-cd88-4d3d-abc8-d70c41d351e6,0.5900120244479777,0.5643859088490015,0.6516128221351242,0.025626115598976207,0.061600797687146436,0.08722691328612264
013efbe5-0eaa-4c91-9746-3512946b2ffa,0.4613728297721994,0.37934865558628206,0.45734727815960385,0.08202417418591734,0.004025551612595546,0.0779986225733218
013f4191-be65-4365-ad1c-d6cc1d951d32,0.3562783425883722,0.34749802542987984,0.5971578675091187,0.008780317158492368,0.2408795249207465,0.24965984207923886
013f6f34-3c8d-4abf-8301-94844f590e0e,0.598647158145848,0.5671778355551701,0.5601296330726906,0.03146932259067792,0.03851752507315742,0.007048202482479504
013f7241-919e-4d03-92de-ef915af3d422,0.3803309870893827,0.3803309870893827,0.3062686408407404,0.0,0.07406234624864227,0.07406234624864227
013f742f-95ed-4770-b66e-7355d05403c4,0.41494924493324914,0.41494924493324914,0.4245857477682234,0.0,0.009636502834974248,0.009636502834974248
013fd5c3-c9f4-4d16-9fec-b6e417ee9a31,0.5415587433583329,0.5009816949959673,0.41521950131877877,0.04057704836236553,0.1263392420395541,0.08576219367718857
013fe7fd-dff4-4957-aa5d-dba0a32b15f9,0.4270594575753835,0.31877345253393446,0.3968594324120185,0.10828600504144903,0.030200025163365007,0.07808597987808402
014018f1-2755-4b32-8a1c-47a9de33e022,0.6300904424604636,0.43059698782263406,0.4334922268019278,0.19949345463782958,0.19659821565853586,0.002895238979293724
0140648d-92fe-46e5-9f27-ac7b4578de3f,0.7510628516923081,0.6431811037132793,0.6219257103284745,0.10788174797902883,0.12913714136383359,0.021255393384804755
0140741c-296d-40f6-bc0d-c6be9b027e84,0.677331477695493,0.6689026370932467,0.6318369735849294,0.008428840602246246,0.04549450411056355,0.037065663508317304
014078c7-e165-4f3f-a1e4-1e8b048bc8f9,0.6104946463838804,0.6073486500125593,0.697223238908056,0.0031459963713210692,0.08672859252417564,0.08987458889549671
01407eb7-00b3-426c-9aac-04d48e9f8398,0.5136471883932033,0.5160867203312268,0.48594398191080207,0.002439531938023487,0.027703206482401266,0.030142738420424753
0140cde9-c54e-43dc-892f-e9030252eda2,0.443843165259367,0.4773150650730984,0.8234047437237499,0.03347189981373139,0.37956157846438293,0.34608967865065154
01412369-0bfc-4759-994d-6a3aa760aa45,0.6823746403644005,0.6823746403644005,0.7518938641127423,0.0,0.06951922374834174,0.06951922374834174
0141486b-50cc-4c55-ab18-5069906f2545,0.8142550359809736,0.8142550359809736,0.7589842317698486,0.0,0.05527080421112496,0.05527080421112496
0141b348-9301-437c-b5a0-b473837a3be7,0.33001939473351843,0.34934329461342944,0.4941546072580156,0.01932389987991101,0.16413521252449714,0.14481131264458613
014223cb-5f43-4780-aceb-f2a4d76e1bf6,0.6284611139617824,0.6302925443276196,0.5943462492568036,0.0018314303658372166,0.03411486470497882,0.03594629507081604
01423455-357b-48d9-93b2-fee2121c5f9a,0.4834892519338658,0.35678015383692996,0.4009059063060385,0.12670909809693587,0.08258334562782732,0.04412575246910855
01424fc7-c074-4549-b511-1992b0ab96d3,0.5440880431792688,0.6284285893457251,0.6143483652172851,0.08434054616645625,0.07026032203801624,0.014080224128440011
01426de2-2610-4ec3-a070-03ca0b86c790,0.6381410648234309,0.6381410648234309,0.6787800748637496,0.0,0.04063901004031867,0.04063901004031867
0142736c-ad91-46f3-af0b-4af8dd532091,0.33905955344451505,0.33905955344451505,0.4730638043617341,0.0,0.13400425091721907,0.13400425091721907
01427cc5-5bed-4153-883c-88bfe04c25d7,0.8199576972446722,0.8025908587361261,0.8002478310282598,0.017366838508546034,0.019709866216412353,0.0023430277078663186
0142a07c-c788-48e8-8dc8-1fcbad489a7d,0.5168304374478772,0.5231674399097566,0.4512279090011775,0.006337002461879404,0.06560252844669967,0.07193953090857907
0142bf01-673c-46e6-a8d2-0e8b22340484,0.5843245239883768,0.419692673578426,0.47718396882191694,0.16463185040995076,0.10714055516645982,0.05749129524349095
0142c060-c5c2-4a7b-bbec-ad86ee03efe8,0.37319975640418634,0.40290627775030297,0.9388231411241227,0.02970652134611662,0.5656233847199363,0.5359168633738197
0143021d-70e2-4ab7-8476-6938c88a0e7e,0.6894127125567913,0.6982327851322639,0.7203403424157148,0.008820072575472682,0.0309276298589235,0.02210755728345082
01434326-7d5e-4341-9f5e-c89b0b7f4188,0.18967504402814372,0.1647622308487714,0.35138930062580975,0.02491281317937233,0.16171425659766603,0.18662706977703836
0143b398-7e30-4a2f-9748-a6d16a555222,0.06491337227925399,0.08441910142483752,0.4470806763518959,0.01950572914558353,0.38216730407264193,0.3626615749270584
0143d96f-d28e-49af-9af8-5ca9ed526821,0.3175283608085925,0.33099572894982116,0.4777628658360255,0.013467368141228675,0.16023450502743303,0.14676713688620435
014416d2-fe88-42a5-abd4-97e368e8b08c,0.32954371622793244,0.2919779044813585,0.41884202947864263,0.03756581174657392,0.08929831325071019,0.1268641249972841
01443c4b-48a5-41fb-a9d3-e1ca1053a059,0.8954719128048055,0.8857422684894422,0.796738901119921,0.009729644315363384,0.09873301168488458,0.08900336736952119
014450e4-57dd-4260-9691-403060c53301,0.7000952181701978,0.7096002988119113,0.7694836739623767,0.009505080641713515,0.0693884557921789,0.05988337515046538
01447203-51b9-4c54-ad0a-ba4574818a26,0.5717923800161587,0.5530981541292018,0.809040417661527,0.018694225886956906,0.23724803764536828,0.2559422635323252
014482c7-3853-4bca-9a3a-05ca1c8ac389,0.5348940674309256,0.5852514751797168,0.6834184289745858,0.05035740774879116,0.14852436154366022,0.09816695379486906
0144ac2d-9662-49fc-ab46-b1fafdd1269b,0.5472709369628238,0.542065493214193,0.5194149871072941,0.005205443748630856,0.02785594985552975,0.022650506106898893
0144e9ba-b269-43c3-8862-4dd9675c911a,0.34677535948767246,0.362863933651445,0.7025069475845626,0.016088574163772518,0.3557315880968901,0.3396430139331176
0145a6de-5d88-481f-b2ea-a0702034b6a5,0.8863950068254459,0.8863950068254459,0.5880896094541471,0.0,0.2983053973712988,0.2983053973712988
0145abf7-8f03-4689-ba2a-04d39ba9ec8a,0.6814151413071753,0.48178479832709925,0.6535071263199937,0.19963034298007604,0.02790801498718154,0.1717223279928945
0145fcbd-70c2-4329-944e-923207399b84,0.5789146493324274,0.5855099434651135,0.379085912233925,0.006595294132686114,0.1998287370985024,0.20642403123118852
01464c04-9391-4dc0-8125-ce9eda050adc,0.405148465213815,0.38795356525533364,0.3970938560542209,0.017194899958481336,0.008054609159594106,0.00914029079888723
01465f5b-cc93-4de0-829d-7ccead9e4563,0.5652140737273076,0.5652140737273076,0.6766604217337744,0.0,0.1114463480064668,0.1114463480064668
01472b5c-8599-4ea8-9f94-544c1f6c49a0,0.45165202842577257,0.8873014043798668,0.8191597705130443,0.43564937595409425,0.36750774208727177,0.06814163386682248
014808a1-abb1-4548-a8bb-ff17703ec49f,0.34742968751822484,0.35309292989585367,0.37239931307597113,0.00566324237762883,0.02496962555774629,0.01930638318011746
01483fcc-58f8-45b5-a87d-2c734a8beea7,0.5937105272481212,0.659757285281199,0.6250671707960866,0.0660467580330778,0.03135664354796541,0.03469011448511239
014843fa-4366-4b4a-a815-e92a82dcb0ab,0.37163878081399193,0.41526599346042764,0.46171930102103464,0.04362721264643571,0.09008052020704271,0.046453307560607005
01484e40-4b60-44c6-99cf-509477aeb5b1,0.6884462353672514,0.5392638538358445,0.817930184005127,0.14918238153140684,0.1294839486378756,0.27866633016928244
014859ad-fa09-4772-855c-c86135f42044,0.6426723693211636,0.6683494267871491,0.5941691153369054,0.025677057465985587,0.04850325398425814,0.07418031145024373
01485ddc-b4f2-4a2c-abac-47786be79695,0.723513783180977,0.46635009697629004,0.44079856985340204,0.257163686204687,0.282715213327575,0.025551527122887996
01497e1a-066c-4258-9b26-cd6c56c6dec3,0.47557617171300065,0.5605888377155592,0.8827746167192885,0.08501266600255858,0.4071984450062878,0.32218577900372924
014ab1e4-e937-40a2-8c29-54e583adc142,0.5242452381560193,0.524832208923414,0.45824232679850607,0.0005869707673946678,0.06600291135751324,0.0665898821249079
014ad059-e432-467e-b542-027a6cc24b8b,0.18220863005628213,0.20169574373209675,0.3851665420667552,0.019487113675814627,0.20295791201047308,0.18347079833465846
014b1772-6cb0-4b75-9891-972b2eb5988e,0.14658607766055673,0.14658607766055673,0.45384202878795693,0.0,0.30725595112740023,0.30725595112740023
014b6654-38e1-40fc-aa94-326bb2985d35,0.7454637327763008,0.7417146381620664,0.6502985983261683,0.0037490946142344495,0.09516513445013253,0.09141603983589808
014b7b81-aa38-4f51-93de-5745e95d58c4,0.05618104311801742,0.95995207742908,0.578419014805103,0.9037710343110625,0.5222379716870856,0.3815330626239769
014ba34b-a33e-474b-8edf-dda1e348e50f,0.4972836105179134,0.5229657397145998,0.7785815980392438,0.025682129196686387,0.28129798752133034,0.25561585832464395
014c64b9-ef6b-485f-8d20-756a3e4815c8,0.45202900386264966,0.43138238220127023,0.5352081044867817,0.020646621661379427,0.08317910062413203,0.10382572228551146
014c767f-b06c-4cf9-89ab-f301ae0efc89,0.5285158633084863,0.5814872614027349,0.5930833952349152,0.052971398094248556,0.06456753192642883,0.011596133832180278
014c8cf8-cd0d-489e-81dd-2818056a51ac,0.3568597152242632,0.30807736933848423,0.3282504886867964,0.048782345885778955,0.02860922653746678,0.020173119348312174
014cc119-2702-4f37-bc2a-98afaa6f4466,0.6469487244497054,0.6415770369122086,0.6752806445004276,0.005371687537496839,0.02833192005072216,0.033703607588219
014d3ae7-fe8d-4a9c-aa8b-230cc3fe809b,0.1691987228253823,0.18635567792881028,0.40130577976540505,0.01715695510342799,0.23210705694002276,0.21495010183659477
014d682d-12de-442a-b1ad-bd91f2044672,0.4683325165070253,0.46868322578427946,0.6894707826615616,0.00035070927725416867,0.2211382661545363,0.22078755687728213
014d8eff-3ef8-46b5-9329-482f6c4aaec9,0.575031113689701,0.5907842798506361,0.5907842798506361,0.01575316616093514,0.01575316616093514,0.0
014dcfdf-069a-4be8-b2fe-292d5f3860a9,0.6356181280567111,0.6187135693307055,0.6572500297880864,0.016904558726005603,0.021631901731375303,0.038536460457380906
014e1718-a84b-485f-bed7-6f641ea279cb,0.5571501822194062,0.5560133374848332,0.6505864008488532,0.0011368447345729837,0.09343621862944707,0.09457306336402005
014e1c4f-3e9c-4f7b-9225-e096706d59cc,0.3507886928288435,0.42228668872335895,0.5465704170036242,0.07149799589451544,0.19578172417478068,0.12428372828026524
014e569a-6681-4f46-8057-55e1069bcdc3,0.6163441269557959,0.603569494130772,0.7792944256811587,0.01277463282502389,0.16295029872536282,0.1757249315503867
014e664d-6918-4916-aa92-a39da345457c,0.5657236105389011,0.6468577131792681,0.4738846534261374,0.08113410264036702,0.09183895711276369,0.1729730597531307
014e9239-a55a-4267-9509-309b6d521487,0.7386178652028351,0.46204573025641166,0.45500265855257843,0.27657213494642346,0.2836152066502567,0.007043071703833226
014ed4ed-3514-4936-9273-0c6f5e36e97a,0.6083792175812761,0.5321896533175915,0.5140736593611295,0.07618956426368462,0.09430555822014663,0.018115993956462018
014f0afa-74cc-4a3d-afaf-5f98164f68e4,0.30840578250033296,0.28896178701555936,0.3493564409500082,0.019443995484773602,0.040950658449675215,0.060394653934448816
014f10d3-0b7c-46ec-ab1f-1501bfc238b3,0.6201984350844487,0.6201984350844487,0.7312845652885666,0.0,0.11108613020411784,0.11108613020411784
014f3da0-8351-48b4-b1c8-4b399570950b,0.6250937345162204,0.5947456260573664,0.5885918736911268,0.03034810845885405,0.03650186082509366,0.0061537523662396065
014f7d1e-6b1d-4f28-9480-05755eb8e05f,0.5391964587065584,0.5607269143832194,0.6098485210794594,0.02153045567666101,0.070652062372901,0.049121606696239994
014f988e-b8ae-45b5-85f3-5d53a5834701,0.6045726267175703,0.64419700165925,0.6770592949397415,0.039624374941679696,0.0724866682221712,0.032862293280491506
015006a2-9319-46ee-9415-03b676748fd0,0.4675048106917405,0.5674236779267716,0.4659893691453874,0.09991886723503113,0.0015154415463530801,0.10143430878138421
01501342-6122-4b68-b0d2-f082237aca82,0.25755567517894745,0.24495969003946413,0.5758519440304065,0.012595985139483318,0.31829626885145906,0.33089225399094235
01502d94-a467-43d4-9ea1-f92543c23fef,0.4812841722534606,0.5139431740943506,0.6311401045825341,0.032659001840890045,0.14985593232907352,0.11719693048818347
01507726-a760-4191-8ede-895518764ab8,0.543417987268069,0.49542613685541603,0.5514009076125924,0.04799185041265297,0.007982920344523414,0.055974770757176384
0150817f-107c-46f6-9ee8-f63b750598fc,0.07873845935629122,0.07873845935629122,0.17283805706380564,0.0,0.09409959770751443,0.09409959770751443
01508445-b166-4658-ab82-5e35b775637a,0.5559529615593581,0.5529614432464609,0.6355600010819071,0.0029915183128972345,0.079607039522549,0.08259855783544623
01511b82-1985-4a7e-8f49-4ea9de76b61b,0.4296646390640915,0.6330604599329221,0.7089447075553538,0.20339582086883062,0.27928006849126225,0.07588424762243162
0151257e-52b2-4cb3-a573-040f0b82a92a,0.6162465801125513,0.6056240290798375,0.785756194329269,0.010622551032713812,0.16950961421671773,0.18013216524943154
015158a9-8746-4981-81ca-869e10a2463f,0.7606320534506802,0.5725939103264466,0.5464910180122268,0.18803814312423361,0.21414103543845342,0.026102892314219805
0151de2b-0e25-4622-b924-3fd7c1af8a7b,0.5420970148306583,0.5084653739571425,0.30580737299064226,0.03363164087351578,0.23628964184001605,0.20265800096650027
015296ee-aea1-440b-a5c3-afc027a58e7f,0.4953939385318977,0.5313402353204163,0.41406830437719067,0.03594629678851857,0.08132563415470706,0.11727193094322563
0152e7fa-685d-4d40-a72d-b3c91adc51c3,0.6395986061108394,0.6395986061108394,0.6809022663158374,0.0,0.04130366020499798,0.04130366020499798
01532746-3301-4ab7-ae2d-451560edf180,0.6502063035825465,0.6602910743749826,0.6411449339890611,0.010084770792436082,0.009061369593485358,0.01914614038592144
0153815d-5daa-4461-adc2-e018fda0945c,0.15769410053222294,0.15769410053222294,0.17305549763061687,0.0,0.01536139709839393,0.01536139709839393
01539756-4fb8-4f47-b101-4127447b9da8,0.5128409086027564,0.5200719076759616,0.7261927579524067,0.007230999073205124,0.21335184934965024,0.2061208502764451
0153be9a-9c71-473d-be9b-c1a1c2ab98ce,0.19688299736239515,0.19688299736239515,0.18635155154528132,0.0,0.010531445817113821,0.010531445817113821
0153ff27-6f0a-4d15-b103-fe842afae14e,0.6690023140261998,0.12707229191871963,0.8307471730402629,0.5419300221074802,0.1617448590140631,0.7036748811215433
01542ee6-b127-4507-b8bd-21d14a9388e5,0.5416405197410387,0.5416405197410387,0.5365148568425259,0.0,0.005125662898512795,0.005125662898512795
01545b45-1732-4eae-976c-ab9cd923514c,0.3651823689038229,0.35388601260946206,0.41845142385238643,0.011296356294360821,0.05326905494856354,0.06456541124292436
0155397f-abc3-4ea4-bb53-2ce79dda218b,0.07929300636449782,0.07772455351354798,0.11493432030386498,0.0015684528509498363,0.03564131393936716,0.037209766790317
01559dc7-1737-47bd-b37c-effbfbe9be26,0.26438389405899604,0.26438389405899604,0.26549385072166337,0.0,0.001109956662667333,0.001109956662667333
0156cecf-5339-4921-b332-24e8c4f3d06b,0.4469351522455748,0.4469351522455748,0.48557839850827333,0.0,0.03864324626269855,0.03864324626269855
01572322-4394-4048-95f8-706b29550b98,0.6206338914606208,0.6188607236502749,0.4237212175397935,0.001773167810345866,0.19691267392082723,0.19513950611048136
01572c81-3e9c-4f1f-a75f-3914ff762686,0.3432385833545429,0.3897230137139663,0.4823689791556539,0.0464844303594234,0.13913039580111103,0.09264596544168763
01576515-a019-4106-8588-2270e0d5632a,0.6209733473698105,0.6283915674501444,0.6662607083172365,0.007418220080333882,0.045287360947426025,0.037869140867092144
01576f44-400b-4f0b-ad50-f8466808a9c7,0.498734294327171,0.6870795749226356,0.9217780147847014,0.18834528059546463,0.42304372045753047,0.23469843986206584
0157b0b1-5de3-4fdb-b353-0979fccf2bab,0.27662693865474175,0.3058610031476986,0.6023914016672627,0.029234064492956846,0.32576446301252093,0.2965303985195641
01580a61-acf8-412e-a85e-1e1479f19bac,0.7141163452876227,0.722565786717275,0.7836267290499915,0.008449441429652316,0.06951038376236884,0.06106094233271653
01580eae-581c-4d27-b4e1-24bc9a02a7c2,0.56797574085254,0.5880363776577961,0.7138666559793755,0.02006063680525616,0.1458909151268355,0.12583027832157934
01583c2d-7d21-40e6-93ec-9463a0fdfc9e,0.584140073040405,0.533011690229583,0.6720017361062567,0.051128382810822104,0.08786166306585164,0.13899004587667374
0158aa13-b825-4ea0-bbd7-59bf72b07f46,0.4077815764906204,0.41983329823844,0.42836641120463015,0.0120517217478196,0.020584834714009737,0.008533112966190137
0158eab7-83ea-4dc4-b0bf-3b9649021dc0,0.35101674337976746,0.32464065656734925,0.42687888906045596,0.02637608681241821,0.0758621456806885,0.1022382324931067
015912cc-d79f-4060-bb89-7d45aa718f39,0.1651927685775052,0.16640720325325734,0.29466720554247344,0.0012144346757521352,0.12947443696496824,0.1282600022892161
0159b1d5-ab04-4e13-a4a5-f635cce4d774,0.12111512285289328,0.12111512285289328,0.12290977403835335,0.0,0.0017946511854600722,0.0017946511854600722
0159c44d-da85-44b2-937a-db2874fea22d,0.1792642558361966,0.15495373076157334,0.4031525754671523,0.02431052507462325,0.22388831963095568,0.24819884470557893
0159ca32-b6a2-47a9-b0fd-8a2e3578574e,0.6344903332676,0.6352844824034897,0.7107537145189015,0.0007941491358897101,0.0762633812513015,0.07546923211541179
0159caa1-394c-4d6c-a1cb-8157cfecb322,0.6538959161920074,0.6442258642575024,0.5322615998860811,0.009670051934504986,0.12163431630592625,0.11196426437142126
0159e112-8578-4b91-a6ab-3562d85d3ff8,0.14950131481849688,0.17221446701830853,0.17530486664410513,0.022713152199811654,0.025803551825608256,0.0030903996257966027
015a138c-2716-45af-b004-02bef88f473b,0.5258259810646948,0.5388031832054032,0.5088934147373101,0.01297720214070841,0.016932566327384713,0.029909768468093123
015a1be0-1e3f-4732-8187-b0911e69c979,0.6143787309991218,0.5419174279428186,0.7487361842860114,0.07246130305630316,0.13435745328688964,0.2068187563431928
015a5854-ed31-4cd8-82a8-ce23ed31b711,0.4332884017907244,0.42067192738617476,0.5654469515626146,0.01261647440454966,0.13215854977189018,0.14477502417643984
015a5f28-cfd9-441c-b0a4-2a9ff0fa0e34,0.4808560990014569,0.4808560990014569,0.7035751140607921,0.0,0.22271901505933517,0.22271901505933517
015a5f5c-d3e6-4451-aa69-ab26fba78f19,0.6018834956487652,0.6166976536832062,0.720483946680421,0.014814158034440972,0.11860045103165584,0.10378629299721487
015a737d-bcc9-4ca3-810b-df2722bfe288,0.3601009952301046,0.37144130542155956,0.5620744876596833,0.011340310191454983,0.20197349242957868,0.1906331822381237
015a7538-81e1-4f6c-8813-ec90263e7eb6,0.6679626370050684,0.6686010498752852,0.6686449999407335,0.0006384128702168201,0.0006823629356650374,4.3950065448217224e-05
015a9dcb-74fc-497f-9d09-c602d6490357,0.7492199969032974,0.7885335379855901,0.7108110700792697,0.03931354108229268,0.038408926824027745,0.07772246790632042
015acbd4-dcc0-4931-8cac-34be1fc2f3ce,0.5822046912313612,0.6280530880904883,0.7403704417688988,0.045848396859127116,0.15816575053753756,0.11231735367841045
015ad0e8-6980-4318-b826-acccdbbfb073,0.5665529165971572,0.5883288608215086,0.5788104574403243,0.021775944224351362,0.012257540843167103,0.00951840338118426
015ad6ba-aa68-4120-8d9e-3104b82d282c,0.7898008005677098,0.6769189625772926,0.7651641432020352,0.11288183799041729,0.024636657365674663,0.08824518062474263
015ba13a-e898-43d2-8a81-9f9b3ec904e6,0.9228038930887226,0.5941659078070831,0.9146818349518632,0.32863798528163946,0.0081220581368594,0.32051592714478006
015bd200-30ad-43db-9c9e-8bb8a13f0f07,0.2881404803802675,0.21649633861535397,0.6874818715111278,0.07164414176491354,0.3993413911308603,0.47098553289577383
015be709-080c-4b6c-b59a-c6f65980dd7c,0.02348415351821008,0.024030661892288804,0.05825323221527466,0.000546508374078724,0.03476907869706458,0.034222570322985854
015be8c8-f974-41f6-b4dd-b8e1232a64cd,0.33604256693421114,0.3206989553002437,0.47130013406511695,0.015343611633967413,0.1352575671309058,0.15060117876487322
015c3eef-a234-4a91-b521-7ec739b4e9cb,0.1805133954649043,0.1805133954649043,0.6364291220284422,0.0,0.45591572656353785,0.45591572656353785
015c59cc-f2cc-4354-8d31-0dea39c029de,0.25892097741546055,0.27117929476820113,0.2806245334661962,0.012258317352740578,0.02170355605073565,0.009445238697995073
015c9922-d677-40ab-9746-e321366847ae,0.657738802586327,0.47174956129381285,0.6651585806030312,0.18598924129251415,0.007419778016704237,0.1934090193092184
015d029c-c48f-4fbd-b380-a9bd4330f087,0.8160062973933887,0.8394061773295928,0.9007880364971347,0.02339987993620407,0.08478173910374598,0.06138185916754191
015d3187-a02c-4fbd-ac60-c1f22f8ade7c,0.7333875277701765,0.7352557859039277,0.8606703403967146,0.0018682581337512438,0.12728281262653818,0.12541455449278693
015dda2a-c8c5-476e-a099-3bdafd627d48,0.16057263802453867,0.1798339732919631,0.7506923969552145,0.019261335267424434,0.5901197589306758,0.5708584236632515
015e354b-4f3c-429b-bf83-47ddfbf2ef20,0.2918184926281223,0.2918184926281223,0.3088672854384559,0.0,0.017048792810333557,0.017048792810333557
015e43dd-0150-4079-92de-69a4b1321f80,0.7157550338941655,0.508671502628049,0.8858044272636972,0.20708353126611645,0.17004939336953173,0.3771329246356482
015e5d7c-9c6a-4046-83fc-a82830e931ae,0.6959370538285755,0.6959370538285755,0.7357521412765655,0.0,0.039815087447990005,0.039815087447990005
015e8d45-45bf-46de-81bf-9e5edd4fb1f9,0.5188901165705452,0.5052464675601984,0.5994257823297272,0.013643649010346759,0.08053566575918203,0.09417931476952879
015e8e16-31e8-4b6e-877e-27057e4c9703,0.3192181855847219,0.3151988293050075,0.3494385340037477,0.004019356279714448,0.030220348419025767,0.034239704698740214
015e9687-c4b2-4b1c-8320-2d5351d42a14,0.501653691093623,0.4699516358724519,0.6911465880166658,0.03170205522117109,0.18949289692304283,0.22119495214421392
015e9fb0-b038-4cfc-a46e-f8d0933bdcbd,0.5654708246855359,0.5654708246855359,0.5654708246855359,0.0,0.0,0.0
015eb6d7-db49-4cbe-96ca-3d9eb156eab3,0.5475943761927796,0.6245655410016739,0.8237415778173467,0.07697116480889432,0.2761472016245671,0.19917603681567275
015ed2b2-1588-426b-858e-2d922b4309e5,0.34592949538201484,0.34592949538201484,0.6591733635465219,0.0,0.31324386816450706,0.31324386816450706
015ee4be-ed6d-4419-8381-1181b19711c1,0.4681669370902792,0.4719181869686343,0.5424233788565012,0.003751249878355123,0.07425644176622198,0.07050519188786686
015ee9a8-e261-41e0-8fec-9b4c9c573ee0,0.5413175554744416,0.6235060151020219,0.519766679664658,0.08218845962758026,0.021550875809783654,0.10373933543736391
015f1e32-b366-43a7-a685-0d23f7e20bf9,0.5796404862327257,0.5796404862327257,0.6304804160130726,0.0,0.050839929780346904,0.050839929780346904
015f40e3-ea99-434a-ab90-28053b22e9aa,0.4588139360308004,0.5139154975556496,0.5821680511856684,0.055101561524849185,0.123354115154868,0.06825255363001881
015fa3df-285a-430e-aaa8-a9296da18ca9,0.5911803260659938,0.6168869663871431,0.39763617231708165,0.025706640321149332,0.19354415374891215,0.21925079407006148
015fd680-ef0e-44f8-a2b3-5cfaa7c79ec5,0.41585862446027694,0.41585862446027694,0.4522613195833192,0.0,0.036402695123042283,0.036402695123042283
01600f8d-3c7e-4537-b2ea-798f5fd292ec,0.959653330901702,0.626641195630796,0.7264511610121788,0.333012135270906,0.23320216988952325,0.09980996538138276
0160bab2-aaac-44a2-8a9a-d6386ef877a9,0.5735066997093742,0.5664112879076826,0.6777203799119536,0.007095411801691598,0.10421368020257937,0.11130909200427097
0160c0d2-7f46-41cf-99ab-c5b0f598871d,0.6752864248612512,0.6601588993081884,0.38304541797642705,0.015127525553062848,0.2922410068848242,0.27711348133176134
0160c1b3-7490-4f5d-9986-5c547763b935,0.45526858065991616,0.4681367654361685,0.7328403846856508,0.012868184776252345,0.27757180402573467,0.2647036192494823
0160c1ce-8a3a-4fc3-a2c9-356a4a587ae3,0.809581739509009,0.6604601488362725,0.7827588933391045,0.14912159067273656,0.02682284616990449,0.12229874450283207
0160e27a-6118-405e-b297-905ef21245d1,0.6561132968188342,0.6087651834432942,0.5639377902698901,0.04734811337554001,0.09217550654894413,0.04482739317340412
01614610-c9ba-492b-a9b2-fb0f0a6bfbb4,0.2961835006100578,0.2961835006100578,0.6063507355507652,0.0,0.3101672349407074,0.3101672349407074
016170ba-bdc5-4849-b2af-34a5481c7619,0.5795260625734172,0.5795260625734172,0.4853730094764134,0.0,0.09415305309700384,0.09415305309700384
0161858b-85ee-46cb-8c3a-8e2ba60c6708,0.7807331825705652,0.4159055975955926,0.8420120389402292,0.36482758497497264,0.061278856369664014,0.42610644134463665
0161c5f5-a064-42be-9218-7141c7940720,0.5678093042692562,0.582900310009509,0.7418363560226247,0.015091005740252794,0.1740270517533684,0.15893604601311562
0161ea6d-4f02-4f78-9c3e-7822351dc5ab,0.6150144226839183,0.5470518057184468,0.6701866483832403,0.06796261696547146,0.05517222569932201,0.12313484266479346
0161f6eb-20e7-46ed-b564-84c0342265dd,0.11838726812898848,0.11838726812898848,0.7168702492325391,0.0,0.5984829811035506,0.5984829811035506
0161fa56-988a-49d0-bd3f-73dedd7188ce,0.18336029469134543,0.17237693112470087,0.18600224683686759,0.01098336356664456,0.002641952145522153,0.013625315712166713
016262f5-86c1-48b8-9e85-9047da60e79a,0.3320766730259062,0.4524743626177882,0.5239426235781436,0.12039768959188196,0.19186595055223737,0.07146826096035541
01626b16-bb1d-40c7-a557-65b38cc1fe5a,0.2464524557865906,0.2684418871807113,0.4747244070323879,0.021989431394120712,0.22827195124579727,0.20628251985167656
0162ef53-89d9-4f22-96fe-8b5087b6c377,0.5069010672089952,0.5069010672089952,0.45102732845320526,0.0,0.05587373875578994,0.05587373875578994
0162fd53-67de-4d0e-9d55-b40dcd670810,0.5161615846628158,0.6285345128998164,0.6963085010313539,0.11237292823700062,0.18014691636853808,0.06777398813153745
016353d1-67a6-4eb2-a4ff-acd320b46c2f,0.7237670235025716,0.7253075981824875,0.7062675583439464,0.0015405746799158626,0.017499465158625216,0.01904003983854108
01639d57-5319-4e14-9e42-8e334197c9c6,0.14302093173043184,0.15218993940911535,0.617605540739373,0.009169007678683505,0.47458460900894117,0.46541560133025767
0163aa22-4636-4796-8b13-8675008dcba2,0.5442434821747297,0.46011917085860765,0.4641946641616526,0.08412431131612208,0.08004881801307712,0.004075493303044964
0163b369-1513-4f4f-aa20-07d7b102bfc8,0.5869052195046467,0.5644308794910874,0.45433670339895527,0.022474340013559302,0.13256851610569143,0.11009417609213212
0163c124-47cc-4d71-8e62-da4a7369ab1f,0.41718816398310077,0.4222224295453049,0.6784224386635598,0.005034265562204154,0.261234274680459,0.25620000911825486
0163f65f-b577-4689-863c-b94a659903e2,0.6963912695543663,0.570321454009588,0.5118717766493002,0.12606981554477825,0.18451949290506608,0.05844967736028783
01640a6a-6bf7-4c7d-a029-1c9fbfaa462e,0.1688933229313251,0.1688933229313251,0.3395677920356444,0.0,0.1706744691043193,0.1706744691043193
0164528f-6c02-4e06-92b6-5605e3c9cc7c,0.6146592974908816,0.6373799224494723,0.7540274142487703,0.02272062495859073,0.13936811675788874,0.11664749179929801
01645fd5-c912-4259-824c-55ead74e96e9,0.15830674348540802,0.1549016795836298,0.16303682228360702,0.0034050639017782214,0.0047300787981990056,0.008135142699977227
01652400-d4b2-429f-8edc-870bc02b36bb,0.5630468042376229,0.5455509292504601,0.5698218611478584,0.017495874987162763,0.0067750569102355,0.024270931897398262
01653009-5774-44e0-96a8-7814408ce0ba,0.5568080645735273,0.5506290817670315,0.5779881096540442,0.006178982806495759,0.021180045080516963,0.02735902788701272
0165b827-06ec-40f3-abba-2efe950e560b,0.668764902461326,0.6710881212659523,0.6559343089933443,0.0023232188046262703,0.012830593467981766,0.015153812272608036
0165d6a7-7c1f-40d2-b484-b9187aace584,0.6760936079671339,0.7122904199940031,0.4870739326048684,0.036196812026869196,0.1890196753622655,0.2252164873891347
016648a6-b335-4b4c-a37b-61474e0860c2,0.780679950008939,0.7543192751054468,0.7661612396560056,0.026360674903492143,0.014518710352933395,0.011841964550558748
0166f683-de9d-4d9b-8310-d45de56c83f1,0.5946462924426322,0.5946462924426322,0.40835139538869064,0.0,0.1862948970539416,0.1862948970539416
01670839-810e-45db-b770-64208c683eb9,0.659101685335054,0.6483046981507588,0.7896226740831815,0.010796987184295226,0.13052098874812756,0.1413179759324228
01672898-f191-40c5-87d9-88bd6a89246c,0.7847329758199162,0.7847329758199162,0.7567442851587559,0.0,0.027988690661160276,0.027988690661160276
01672901-a715-4afa-b166-edf970d71761,0.31103456756181247,0.3230077884688941,0.592390206840002,0.011973220907081639,0.2813556392781895,0.2693824183711079
01674e3b-175a-4887-aa81-8bfe5fd6261e,0.6456201665149071,0.6750677237993145,0.8751930708280173,0.0294475572844074,0.22957290431311028,0.20012534702870288
01675018-d423-47ec-a5a4-1d001e4fc5fb,0.3127379017812681,0.3333616108994793,0.5546314162589376,0.02062370911821121,0.24189351447766955,0.22126980535945834
0167b477-4403-48c0-91db-328eefd1de65,0.44145408269652453,0.6173578454081263,0.8186921066580025,0.1759037627116018,0.377238023961478,0.2013342612498762
0167ca2d-5b36-43e9-a233-d12c88f4dd13,0.11297502856510844,0.11297502856510844,0.2849253267810214,0.0,0.17195029821591296,0.17195029821591296
0167ed34-40df-43fc-bc06-f4e40f7d1efb,0.38495277850987647,0.3936872658985804,0.8113342990065092,0.008734487388703915,0.42638152049663275,0.41764703310792883
016883c7-47aa-4893-8a9c-f9a6ed3d340b,0.6664222395526384,0.6074018932816561,0.7388769185384465,0.05902034627098229,0.07245467898580815,0.13147502525679045
0168d6da-6194-4ef3-aecd-a8980c787efd,0.4384883735614317,0.46014000575880504,0.5810951559354108,0.021651632197373316,0.1426067823739791,0.1209551501766058
0168f0c3-a7c9-4147-a3f8-1e9e78b73add,0.5018155511430604,0.5018155511430604,0.5041820413551974,0.0,0.0023664902121369735,0.0023664902121369735
0169342b-e6bd-4690-a7cd-0fc3868f2ae9,0.7250960207725924,0.7359569005294029,0.7250960207725924,0.010860879756810493,0.0,0.010860879756810493
01694419-12ac-4449-b1dd-ca55ae1d1ac8,0.12525682839640612,0.12525682839640612,0.21257057713140787,0.0,0.08731374873500175,0.08731374873500175
01694a97-5fd8-4002-9c53-23d2b4916460,0.26933290015687184,0.4435559434497361,0.3648662257692682,0.17422304329286425,0.09553332561239636,0.0786897176804679
0169906a-b6dd-4bde-9ee6-f721a0411a27,0.700168075297002,0.7086863683816452,0.605307754229132,0.008518293084643247,0.09486032106787001,0.10337861415251326
0169c709-1c85-4bd7-bf30-2ad9c3949464,0.3318948858795639,0.397531187116231,0.4111761762146594,0.06563630123666708,0.07928129033509551,0.013644989098428428
016a1b31-fe20-43a3-ad80-89e99a450d1d,0.35189152137394114,0.3320771786886699,0.2216868153920928,0.019814342685271213,0.13020470598184833,0.11039036329657712
016a2497-fbc0-4f95-9f1b-5a82c8afecef,0.2572751047857659,0.25379002562185393,0.2652492753129913,0.0034850791639119416,0.007974170527225433,0.011459249691137374
016a721c-d144-4947-8098-8fc41f929450,0.6149941214918002,0.6128607793677662,0.4606237872829592,0.0021333421240340433,0.154370334208841,0.15223699208480695
016a76b1-b79e-424f-a2bd-fcc80f0b9872,0.26829120498692494,0.3020110432855934,0.23757341289891606,0.03371983829866848,0.03071779208800887,0.06443763038667735
016a7cf0-a504-43f2-b61e-7d7fbd89279c,0.6308052907061968,0.6117914565851373,0.6830413273833638,0.019013834121059503,0.05223603667716692,0.07124987079822642
016b37dc-3d47-4209-a6f7-e149c92969fd,0.4630085408138565,0.494723032792185,0.6246227040499666,0.031714491978328485,0.16161416323611005,0.12989967125778157
016b40eb-b34e-44d0-bf6d-41927bb383e9,0.5302226543820086,0.555745937544134,0.6639249021933064,0.025523283162125487,0.1337022478112978,0.10817896464917232
016b770b-bfbf-4230-895b-c87627f0ea42,0.5278721650871634,0.4703186831285716,0.6872770743009288,0.05755348195859178,0.15940490921376538,0.21695839117235716
016bc00e-c801-4dd3-a25f-d04efd795a85,0.7387378103843559,0.6920597212137041,0.7184787403843321,0.04667808917065186,0.020259070000023804,0.026419019170628055
016bda96-a552-46ae-b123-a1fd5450c63a,0.21888152408625086,0.21539546831898682,0.4756926178731563,0.0034860557672640458,0.2568110937869055,0.2602971495541695
016c0849-982c-4357-810b-6c4140f5bdad,0.5414824403768768,0.562644559192239,0.5238343573517878,0.02116211881536223,0.017648083025088912,0.03881020184045114
016c1cec-0f85-4636-9d0a-32f5465e07c9,0.5658185803407839,0.5552232712694168,0.38079460669633736,0.010595309071367076,0.18502397364444656,0.17442866457307948
016c5fc6-01e1-4c8c-9281-e4e0c3f30119,0.5827959251868041,0.5827959251868041,0.348652798650784,0.0,0.2341431265360201,0.2341431265360201
016c70e1-6bf2-4a88-9ab1-7082fab8bc8a,0.44550640571158406,0.5214630768393816,0.6119362510819535,0.07595667112779758,0.16642984537036942,0.09047317424257184
016c854f-c0c1-4ec8-bd48-a6afa026e15d,0.935606074286771,0.9310548043097114,0.9299827808940536,0.004551269977059569,0.005623293392717388,0.001072023415657819
016cc041-24f0-4e40-a3d6-5b28631d0e00,0.46413175982634897,0.40651968675492894,0.4591524117978506,0.05761207307142002,0.004979348028498365,0.05263272504292166
016d67f2-5afd-4ba8-b8a2-12585cd82896,0.6603756288584883,0.6221616953587608,0.7200157840343218,0.03821393349972757,0.05964015517583343,0.097854088675561
016de886-d085-44a1-857a-c3d556e32f60,0.2767286548057403,0.2767286548057403,0.3373671793800955,0.0,0.0606385245743552,0.0606385245743552
016dfe8e-5a81-4b51-a3d8-df97fd13ec66,0.5885497372041177,0.5885497372041177,0.5885497372041177,0.0,0.0,0.0
016e117f-ab44-48a9-aba8-25ca4bd23d0f,0.6827785773977461,0.699915765946799,0.8177179908591938,0.017137188549052995,0.13493941346144778,0.11780222491239478
016e7c5c-e231-427a-8790-74f6bcf82bd4,0.7280870553703117,0.7280870553703117,0.7004013757150284,0.0,0.027685679655283346,0.027685679655283346
016ecc72-8c81-4bdc-b695-527d0df87d49,0.25916782118285425,0.25916782118285425,0.26872195448046715,0.0,0.009554133297612899,0.009554133297612899
016edbcd-bcb3-48de-bb83-72bc3531c02e,0.12207434251428616,0.07833502092644443,0.3400707253650834,0.04373932158784173,0.21799638285079725,0.261735704438639
016f636a-a942-4cf1-955b-7b6eecd04a98,0.5725169067673836,0.6007325608369343,0.6571472201658527,0.028215654069550622,0.08463031339846905,0.056414659328918426
016f6db1-6273-4043-bea1-ba61becd61a1,0.8905854793742567,0.8832957267247311,0.8594358049659784,0.007289752649525583,0.031149674408278316,0.023859921758752733
01703ae5-0e53-41b3-9ffc-ad17b579f39f,0.7455662502038081,0.7454568393565203,0.4550057141438123,0.00010941084728777195,0.29056053605999577,0.290451125212708
017100f5-234f-47eb-aba0-0f3cd0f861ea,0.6306031336394292,0.5207161835650685,0.6424516036898726,0.10988695007436067,0.011848470050443427,0.1217354201248041
0171164e-e9c0-415e-94e4-e9f0b0bcf44f,0.5674273559223597,0.5670751820480159,0.7092661747751106,0.00035217387434383074,0.14183881885275085,0.14219099272709468
01714f4f-d9a9-4739-b356-7a7f8f472b26,0.576932673558841,0.5710441847756677,0.6303696298488219,0.0058884887831733845,0.05343695628998091,0.05932544507315429
0171906c-45eb-44d7-a327-f9e168a12710,0.14594111423142242,0.14852127923837694,0.23076626461817035,0.0025801650069545157,0.08482515038674793,0.08224498537979341
0171f57b-8817-45a5-b930-a021dde92674,0.6126576565873514,0.4989901637848953,0.3164643878725674,0.11366749280245608,0.29619326871478396,0.18252577591232788
01724bd3-eeb8-4bb0-af70-3e195d22f0de,0.42632573953748637,0.4322181665522974,0.6416414095516859,0.005892427014811019,0.21531567001419954,0.20942324299938853
0172caa3-0881-4ef8-bcae-e9b455a4fadc,0.5432111867603524,0.5554669253093866,0.782227815811297,0.012255738549034167,0.23901662905094456,0.2267608905019104
0173469f-1a55-4072-8887-2c1db6a3822b,0.4173552490334005,0.43070079809072914,0.5976490099147639,0.013345549057328654,0.1802937608813634,0.16694821182403474
01735fbe-91e0-45c2-b5c4-3997bef8faba,0.19984328957125846,0.20018735831537804,0.35532947507098767,0.00034406874411957444,0.1554861854997292,0.15514211675560963
01736bde-7e73-4707-ae33-2e7b8946e5f7,0.38310284675896056,0.6857996873295089,0.8254602104840244,0.30269684057054835,0.44235736372506385,0.1396605231545155
0173a892-a52b-4e00-8a62-1764a96cd9d7,0.5823294730214643,0.5553623865389486,0.6669418827727575,0.026967086482515668,0.08461240975129314,0.1115794962338088
0173c3d3-7dac-4455-97db-f323abe3c67f,0.6881461183949605,0.6881461183949605,0.7349001103083839,0.0,0.04675399191342333,0.04675399191342333
0173c7b1-81f3-41ba-afae-77c1ba3f5219,0.4407697806480962,0.7076501141850235,0.778730391393528,0.26688033353692736,0.33796061074543177,0.0710802772085044
01741f0f-d84a-463b-ae8d-e51724854e7e,0.2622564644673104,0.8701394854477955,0.8695230904741501,0.6078830209804851,0.6072666260068398,0.0006163949736454066
01746061-f6bb-42c1-b5e4-2191ad59662c,0.7572458503167593,0.7631661682004556,0.5752990660050482,0.005920317883696291,0.18194678431171107,0.18786710219540736
017475f9-3f2c-423d-90e9-8af35abd3f9d,0.10906721294613987,0.10970870359290393,0.3610637462982723,0.0006414906467640535,0.25199653335213246,0.2513550427053684
0174d021-a986-4a86-ac9a-3d83f63c0aa8,0.23993070462258326,0.23484950206855051,0.1960073594557322,0.005081202554032743,0.04392334516685106,0.03884214261281832
0174ff5d-eb57-4a65-9c11-fac2fc0e18fc,0.9146743956490484,0.9146743956490484,0.21832267820684173,0.0,0.6963517174422067,0.6963517174422067
017545ce-3768-4ad0-bc3c-a1a6988447e4,0.6541050306796883,0.8549314594085053,0.9178049266509042,0.20082642872881706,0.2636998959712159,0.06287346724239884
017547e7-4011-4333-ae5c-755ea3753313,0.3178016603100145,0.32192696969671697,0.32192696969671697,0.004125309386702469,0.004125309386702469,0.0
01754895-639c-47ac-a0f9-d9fada29b53a,0.3769712901453824,0.30422176015082986,0.6635029129677804,0.07274952999455253,0.286531622822398,0.35928115281695056
01754c43-6fc6-4c95-93b4-5529c169d7ff,0.5639024361651402,0.5533288666959144,0.4513239282579192,0.01057356946922583,0.11257850790722101,0.10200493843799519
01757017-7a2a-46c9-81fb-d4709d2fe766,0.5896476484124539,0.6200009555021158,0.6771249601373501,0.030353307089661885,0.08747731172489626,0.05712400463523437
01757275-859f-4ed1-acac-d120509d0e11,0.72701911930029,0.6999017557002839,0.813969564445714,0.02711736360000605,0.08695044514542405,0.1140678087454301
01760dc3-9f5b-4e05-a0a6-d02043c155ee,0.13713567127667914,0.07338988944077915,0.40079795294163484,0.06374578183589999,0.2636622816649557,0.3274080635008557
01761a51-6bdc-4a10-89c5-6c7eaf7a4f75,0.5271429512612675,0.42342313379654123,0.4820351414940713,0.1037198174647263,0.04510780976719625,0.058612007697530055
01769661-2ad9-450f-8882-c13191606db6,0.5754058281029015,0.46918569242584557,0.2706112077479715,0.10622013567705596,0.30479462035493005,0.19857448467787409
0177037d-4f26-4b70-95b5-2c27ca574f90,0.22925104557920759,0.22925104557920759,0.3789788185401291,0.0,0.14972777296092152,0.14972777296092152
0177570f-2c32-4889-814b-e8a020e1e2bf,0.26258341883604885,0.2569250447563261,0.5664932071959037,0.00565837407972275,0.3039097883598548,0.3095681624395776
0177cbd9-d11b-4a26-9d32-41f6c311f92f,0.321782761476021,0.30814368355949434,0.35377100415559515,0.013639077916526632,0.031988242679574175,0.04562732059610081
0177d5cb-b26c-44b5-a47e-d66652aec939,0.35095803003927406,0.34388067931754746,0.68089289847594,0.007077350721726605,0.329934868436666,0.3370122191583926
0177ddf6-623b-4c1a-940e-e19cab7adffc,0.33565049314497497,0.3417682848552393,0.32091778126644166,0.006117791710264331,0.014732711878533311,0.020850503588797642
0177fb1a-a6ec-4adc-b2ed-ff7c807eb15b,0.6939641070200021,0.7328821303816724,0.7903788816324028,0.03891802336167027,0.09641477461240067,0.057496751250730394
0178af0b-e087-4475-b2f8-ce6ab0d09b8c,0.4543022256836709,0.4278818316054993,0.5745541846534252,0.026420394078171594,0.12025195896975432,0.14667235304792592
01796fc6-92bb-40c6-8ec7-3e0726d14878,0.5030458823026218,0.5084589659473618,0.8259859062484656,0.005413083644740024,0.32294002394584376,0.31752694030110373
01799831-60a9-4f69-a8c6-3c797210d207,0.27417495514817475,0.27417495514817475,0.5065734351103793,0.0,0.23239847996220458,0.23239847996220458
0179c139-35e9-4f87-84e5-e7737fc7be30,0.3318627031854737,0.3318627031854737,0.29749232547129195,0.0,0.03437037771418172,0.03437037771418172
0179c369-58de-45f0-b09a-d47d3b8ed038,0.6056476957298754,0.5965637350448031,0.6007111401903333,0.009083960685072334,0.004936555539542087,0.004147405145530247
017a524a-1895-425b-9f74-753547fcbb61,0.715347618790635,0.7331062114830491,0.460607636883639,0.017758592692414088,0.25473998190699604,0.2724985745994101
017a8c6d-3159-4541-a650-0fcc5d13d2f1,0.29261227124178163,0.8520183681932539,0.956153138493624,0.5594060969514723,0.6635408672518424,0.1041347703003701
017ae50e-41bc-43b5-b3d4-1accf6cc1588,0.37546245536993206,0.37691867801635803,0.4513157379499672,0.0014562226464259753,0.07585328258003515,0.07439705993360918
017b144a-3555-4c2b-a20f-973d5db047a8,0.12829441540645525,0.1255937227984127,0.2820486186599392,0.0027006926080425653,0.15375420325348393,0.1564548958615265
017b5d66-ae2a-40b0-9a92-40e8ffefc6d7,0.584244559305068,0.5828851239837489,0.6448219048468401,0.0013594353213191024,0.060577345541772076,0.06193678086309118
017b8530-7bbf-4733-a1db-5aa03e797d87,0.3997240754150736,0.36085341142460975,0.42461221747766237,0.03887066399046385,0.02488814206258877,0.06375880605305262
017ba230-0c4d-46e6-a7c8-4a812cbe7103,0.5987009050603402,0.6058239910597828,0.8383963120944007,0.007123085999442558,0.23969540703406045,0.2325723210346179
017bfcad-d4a7-4f90-9e28-f0b2b455390f,0.6502959055789919,0.6677599032651272,0.6980114269748671,0.01746399768613538,0.047715521395875204,0.030251523709739825
017c4030-a35a-48a1-9ba5-638ee03a246c,0.4669244319387552,0.8024525960967724,0.7830484152072694,0.33552816415801723,0.3161239832685142,0.01940418088950302
017c6b5c-e5e7-4a8e-a37a-c748d19ef7a3,0.3949298924483874,0.4008218975398459,0.5138710381715474,0.005892005091458485,0.11894114572316006,0.11304914063170157
017c95c9-1d1d-4455-90c2-748ee5edf191,0.3798511163011063,0.359121295471341,0.6531532232053587,0.020729820829765322,0.27330210690425244,0.29403192773401776
017caf4f-f5a5-4da8-9246-1f04d9afcbf1,0.7356839704389477,0.447542758078299,0.6902877151594897,0.2881412123606487,0.04539625527945801,0.2427449570811907
017cbb65-af12-4c4a-ab99-0743b1e9c3b4,0.49049291728454353,0.47981112856813235,0.6265713459128681,0.010681788716411178,0.1360784286283246,0.14676021734473577
017ce973-dfbb-4f56-8529-9fcdc59eae07,0.7071955251314986,0.7071955251314986,0.7612314987836699,0.0,0.054035973652171276,0.054035973652171276
017d3ffd-dae4-49f1-a5b3-512d5ae56d69,0.871800372986504,0.8661903439775863,0.7891606157724183,0.005610029008917716,0.08263975721408579,0.07702972820516807
017d84ba-d544-4a13-ab3d-e60e682db1b4,0.174715961917168,0.174715961917168,0.26807046872186907,0.0,0.09335450680470106,0.09335450680470106
017e3de9-91ed-48e3-88f6-ea5d10ab73cf,0.4920407933482209,0.4920407933482209,0.8912312452509794,0.0,0.39919045190275854,0.39919045190275854
017e4d40-1664-46f3-bbf3-e5f0e30761df,0.29863874238441,0.29889692673112206,0.45334046568277625,0.0002581843467120426,0.15470172329836623,0.1544435389516542
017e8451-2761-456c-b23f-4f023d7b7ca5,0.6158633894153416,0.6158225633996808,0.5730549906489195,4.08260156607998e-05,0.04280839876642206,0.04276757275076126
017eac53-7c04-4868-9207-f7a1fb360d11,0.21401696628737693,0.4017384560791151,0.34472097087444387,0.1877214897917382,0.13070400458706694,0.05701748520467126
017edd08-d8ca-40a4-ad07-6b952f21097c,0.7237357162549333,0.7167656155540286,0.7406449808144284,0.006970100700904647,0.016909264559495152,0.0238793652603998
017efb61-d59d-475a-b0e0-695177551186,0.5407969332114788,0.5242435138814591,0.48688891055990824,0.016553419330019747,0.053908022651570575,0.03735460332155083
017f294f-eaf4-4b1f-b0cf-fb380a4f3a30,0.23706204246480225,0.22622987672188077,0.4296850426093059,0.010832165742921479,0.19262300014450365,0.20345516588742513
017fbcb5-0997-4cf9-be64-5484f7af65c0,0.5201883340111447,0.5264978506644787,0.5460512905971934,0.006309516653334013,0.025862956586048647,0.019553439932714634
0180481b-3f62-4cbe-87cc-7229ec1e3598,0.5504097286519452,0.5504097286519452,0.7583201745121613,0.0,0.20791044586021612,0.20791044586021612
018095d3-77d9-4254-a599-4e3c1296d000,0.6140200741415835,0.6093477297633009,0.6939351310731835,0.004672344378282678,0.07991505693159995,0.08458740130988263
0180c902-73c2-4ceb-9ab1-d9d4db70fe96,0.5250484343917644,0.3370833876804898,0.7849424113164707,0.18796504671127462,0.2598939769247063,0.4478590236359809
0180eae4-844b-4f28-97a6-2bd9a7f8dfc7,0.5546309742074064,0.5428139287258041,0.49281178256652974,0.011817045481602229,0.061819191640876625,0.0500021461592744
018116e3-78e7-4f00-9fdf-1128f4e1e7dc,0.5628593607344275,0.5318600445998068,0.5960262266514136,0.030999316134620702,0.03316686591698603,0.06416618205160673
01811eaf-bd22-47d7-9ad3-da38482890aa,0.18135311772854107,0.1735505717368245,0.19274276850190517,0.007802545991716564,0.011389650773364096,0.01919219676508066
01813a65-a959-4da7-bedd-f46b64d1929f,0.40476566600143665,0.39252170737816927,0.4228371797611878,0.012243958623267381,0.018071513759751134,0.030315472383018516
018192be-bc3c-43cb-bb5f-bcc9c9ea83a2,0.623821636958234,0.6978135173563658,0.9052539727051366,0.07399188039813176,0.28143233574690263,0.20744045534877087
0181cf8f-7e56-4c1c-9ae5-0e151d7837f5,0.20433687074255263,0.20433687074255263,0.3012453240148736,0.0,0.09690845327232095,0.09690845327232095
018236ee-3d96-4512-87fd-10c57a2dacff,0.37127154173417826,0.36525008402672104,0.5211700125130899,0.006021457707457212,0.14989847077891166,0.15591992848636888
01825517-1b90-4d10-9616-782cebb34f7a,0.7627293759233872,0.7574165710846261,0.7469671955848445,0.005312804838761065,0.01576218033854271,0.010449375499781643
018279bb-b6ad-4692-b5ec-00ada8639b43,0.1691068487595879,0.1711842706941358,0.6730701599322941,0.0020774219345479072,0.5039633111727062,0.5018858892381584
0182a40d-50dd-449e-9791-cdefad17154a,0.626737633670442,0.626737633670442,0.8875954068052828,0.0,0.2608577731348408,0.2608577731348408
0182da8e-efce-4454-a001-1863a5dabac9,0.5905486079932414,0.5868202615458357,0.5851373283467691,0.003728346447405717,0.005411279646472256,0.0016829331990665386
01830f05-909d-40ae-a564-0b405fbc9935,0.5652600621250736,0.5652600621250736,0.730896508461797,0.0,0.16563644633672336,0.16563644633672336
01835b9b-80f7-4d19-9b4c-d6ce492880e2,0.3124320124362738,0.3139982245331651,0.5671935963876382,0.0015662120968913396,0.25476158395136445,0.2531953718544731
0183be8c-a349-40e0-aacc-392666bc06f6,0.4379393094295905,0.5128521754825683,0.5689391856532108,0.07491286605297787,0.1309998762236203,0.05608701017064244
018419f7-c764-48c9-94dc-4cd15f51e9a6,0.7950060682165374,0.795165743266468,0.7863865888201662,0.00015967504993064097,0.008619479396371199,0.00877915444630184
0184314b-fb42-4c7d-85ad-9d17089cc4eb,0.27458408504049103,0.27458408504049103,0.4881675492981591,0.0,0.21358346425766805,0.21358346425766805
0184b70b-b5bc-4404-be93-9bf957ae545f,0.8530848935065989,0.8192474299201103,0.8668193566764423,0.033837463586488536,0.013734463169843392,0.04757192675633193
018520b0-7278-4fb8-9733-6d803c543f41,0.1786187114065067,0.1786187114065067,0.32943699960514033,0.0,0.15081828819863363,0.15081828819863363
01855669-0843-4a10-903a-c20af7421ad5,0.6196354233655909,0.3966797592771086,0.7304292420121005,0.22295566408848227,0.11079381864650961,0.3337494827349919
0185a88c-32b0-4584-98ef-a84668bed53b,0.46684143689806623,0.46684143689806623,0.4001087339087175,0.0,0.06673270298934875,0.06673270298934875
01863047-83b2-479e-926f-518b3a489b64,0.23627573492602952,0.24377526023495627,0.6459330069352751,0.007499525308926752,0.4096572720092456,0.40215774670031884
01871144-10f1-49c7-906c-cdb13c685311,0.3021736535610586,0.3127665642883519,0.6616039473537114,0.010592910727293348,0.35943029379265284,0.3488373830653595
018765ee-e0e2-420d-9566-01aaa935555d,0.380033269249229,0.3852800928940262,0.4068078785073715,0.005246823644797227,0.026774609258142512,0.021527785613345285
01876c1e-c993-467d-ab38-1a5a57dab25f,0.25782786119706924,0.15363886358217332,0.5190927650738976,0.10418899761489592,0.2612649038768283,0.36545390149172424
0187a64f-e89a-4070-876d-8abb0d8b08e8,0.4173999386586564,0.4222033906962989,0.6076319169110596,0.004803452037642542,0.19023197825240318,0.18542852621476064
0187b7cb-2e7f-4d8b-9c82-d5fbee115b98,0.47835970957477797,0.4821592298826171,0.2592391499487539,0.0037995203078391437,0.21912055962602406,0.2229200799338632
0187dc30-3a8e-4c95-9e20-020c0d1486eb,0.6170584541230292,0.6867791653292842,0.5734921763647955,0.069720711206255,0.04356627775823363,0.11328698896448863
0187f27b-3541-4252-bbad-637008bf0273,0.5861752246808347,0.5735677523263492,0.5399326068282941,0.01260747235448556,0.04624261785254058,0.03363514549805502
0187fe87-1692-4186-a90b-56fc2630458e,0.6991005421252207,0.6950450050978026,0.7392109072948475,0.00405553702741801,0.04011036516962685,0.04416590219704486
01881f41-9aca-474e-ae0f-fff385b71e57,0.6187817674712874,0.5837921773594281,0.6797245453227274,0.034989590111859314,0.06094277785143998,0.09593236796329929
0188b5a8-7966-4a90-9b5a-2aa6595670f2,0.08578765815172619,0.09191130924408969,0.08450903127910982,0.0061236510923635,0.001278626872616373,0.0074022779649798726
0188d14e-3480-49eb-92d6-bd14f486bc1d,0.5106677982726744,0.5106677982726744,0.605120693161987,0.0,0.09445289488931263,0.09445289488931263
0188ddca-e7a4-496b-b06d-c3bbe0aad024,0.3812178614807953,0.3900463290622578,0.41567382369216843,0.008828467581462496,0.03445596221137315,0.025627494629910652
0188e45a-5920-4668-8b73-6402ae50288c,0.44324441222948263,0.44324441222948263,0.4972857770900609,0.0,0.054041364860578256,0.054041364860578256
0188f735-05e6-4e59-83b3-406562160184,0.6996474815248686,0.6920577756028007,0.7674544125817688,0.007589705922067869,0.06780693105690028,0.07539663697896815
01897116-dd9a-42a7-a9f4-dec84aec0883,0.717257536805476,0.7298694380817321,0.776199345233928,0.01261190127625611,0.05894180842845198,0.04632990715219587
018977af-827a-49df-9003-f08116696a36,0.5123905078036904,0.5220019548508633,0.6067601674907847,0.009611447047172872,0.09436965968709421,0.08475821263992134
01899f5e-e99d-41c7-9901-e6cac9b60522,0.49620484200343956,0.4922616149991119,0.6209848895482497,0.003943227004327643,0.12478004754481015,0.1287232745491378
0189fef1-37a5-454b-8a76-c572730086f6,0.745625639597325,0.745625639597325,0.6732795337903283,0.0,0.07234610580699663,0.07234610580699663
018a0c70-39ce-4d20-b63c-259ab6ca37b4,0.3981244267325423,0.3981244267325423,0.42051407413993114,0.0,0.022389647407388857,0.022389647407388857
018a17f5-d419-4184-a9ad-114615029a3b,0.6161681909951046,0.6231075736497473,0.6397912218250642,0.006939382654642778,0.023623030829959646,0.016683648175316868
018a7d0a-107b-4130-abd2-82791ee0d85d,0.16722029107655823,0.16722029107655823,0.16141084399003391,0.0,0.005809447086524311,0.005809447086524311
018a8072-c60d-4a26-881f-fc381f1a81c2,0.4709003554760157,0.48582763256282824,0.5714701156124509,0.014927277086812518,0.10056976013643515,0.08564248304962263
018a8409-70d7-4b20-96ce-93d1e18ea417,0.5560427342894341,0.3606445280955994,0.3354530052520372,0.1953982061938347,0.22058972903739688,0.025191522843562186
018ad167-b21b-45ce-b279-3aec5ad7f8dc,0.7073188118311533,0.8411926826945553,0.4973453530414345,0.13387387086340197,0.2099734587897188,0.34384732965312076
018b06f8-0f8a-46c9-aa11-288a46a53d1e,0.6302413632443488,0.6802472337528956,0.5599886250652655,0.05000587050854688,0.07025273817908328,0.12025860868763016
018b27d1-ca16-4314-a799-3767d0a28cf8,0.6221819841938439,0.6053667239040356,0.7278596287151504,0.016815260289808287,0.10567764452130657,0.12249290481111486
018b35c0-598d-4efa-872f-4aeedc538ce4,0.6331351680482346,0.6329725548324278,0.5807443246160306,0.000162613215806795,0.052390843432203904,0.05222823021639711
018b5783-9eae-48fd-b2c3-cb9fa61aa161,0.7057576267949368,0.6802322827192764,0.6802322827192764,0.025525344075660428,0.025525344075660428,0.0
018b93d4-bb9c-4c0c-8433-ec4de4d722f3,0.41437158993879175,0.39925933948031783,0.43141458264004484,0.01511225045847392,0.01704299270125309,0.03215524315972701
018ba493-d2f1-41dc-86fd-d2e15a921c89,0.2604756529221581,0.12246373602624781,0.3555018671230184,0.13801191689591025,0.09502621420086033,0.23303813109677057
018bcd7a-e6a1-46bc-9d86-966bff96fb47,0.5529695223806803,0.5529695223806803,0.5162001185624358,0.0,0.03676940381824456,0.03676940381824456
018c086a-2431-48d4-bbc2-523a4b7fa4f1,0.556213243971958,0.556213243971958,0.5092497041494127,0.0,0.04696353982254531,0.04696353982254531
018c7114-3397-4a6d-ad51-a4247d956b41,0.6294706934269538,0.7159289817710836,0.7244734324820872,0.08645828834412972,0.09500273905513335,0.008544450711003626
018c992b-cd2e-45db-ad03-fb0430d49553,0.14498439000292077,0.13326288952290177,0.5376526259327961,0.011721500480018993,0.3926682359298753,0.4043897364098943
018cb3e1-2c07-404a-bcd4-0baf8ba94473,0.07875070030424082,0.07820020892254752,0.2624334505338002,0.0005504913816933021,0.18368275022955938,0.18423324161125265
018d6feb-a87c-45f0-b428-8fcaac78259c,0.6533385081595633,0.6421409783178624,0.5989575252237248,0.01119752984170086,0.054380982935838484,0.043183453094137625
018d8392-0603-43c6-a01d-f3ead4ed9fa5,0.5736008939441882,0.5346452228272089,0.6091377299175473,0.038955671116979285,0.035536835973359104,0.07449250709033839
018d8bf4-7e92-49d2-81de-5d97f78998c8,0.4414441112499059,0.4414441112499059,0.5329789414355088,0.0,0.09153483018560293,0.09153483018560293
018e8744-9d1c-457a-ace0-9ce0e54b7dc6,0.1997558053381283,0.21667357923896696,0.2781613263757451,0.01691777390083865,0.07840552103761678,0.061487747136778126
018ebaa5-9789-4a1d-a948-a0ce74261d3a,0.5232516453016777,0.5232516453016777,0.534653384028487,0.0,0.011401738726809385,0.011401738726809385
018efc35-8dde-4b60-8633-e9fa86d8468f,0.33682005363155226,0.3607457941338148,0.45255676094660885,0.023925740502262538,0.11573670731505659,0.09181096681279405
018f4e7c-7935-46f4-83ec-7ac46696c524,0.21379812296124065,0.21379812296124065,0.5690991192874026,0.0,0.35530099632616197,0.35530099632616197
018fd3c4-8409-4ac2-b800-788b524be2d8,0.690552331745279,0.597697532632435,0.7262870903299955,0.092854799112844,0.03573475858471653,0.12858955769756053
019048aa-6015-452e-a78c-79e1c6dd6e0e,0.08396310870242052,0.07706037268071725,0.08570631043035669,0.006902736021703271,0.0017432017279361695,0.00864593774963944
0190b4f2-a2fd-4b11-8f1e-567989808493,0.5038570016648616,0.47625521829166834,0.6101781165011334,0.027601783373193245,0.10632111483627182,0.13392289820946507
0190dfc0-48f3-48c0-8f7b-bbb3bd069a55,0.6829876295651843,0.6829876295651843,0.32646541727448297,0.0,0.35652221229070136,0.35652221229070136
01914f46-92eb-47fa-b2a4-acf9e92232df,0.7097795181329182,0.7164962632862947,0.7483488005537932,0.006716745153376502,0.038569282420874984,0.03185253726749848
01916039-317a-42a4-8390-c6ac788c8c69,0.6056127456993854,0.59636063072806,0.63927133359696,0.009252114971325387,0.03365858789757459,0.042910702868899975
019199b0-5f93-415e-a0a6-6da381c7fed8,0.5803415262377761,0.5699801078057186,0.8210575991008477,0.010361418432057512,0.24071607286307162,0.25107749129512913
0191c966-9823-46a3-9b9c-564436540deb,0.5468144069724307,0.5468144069724307,0.6394165789357604,0.0,0.09260217196332976,0.09260217196332976
0191cb18-779c-4d6b-b842-062ff989fe24,0.8900235402467428,0.8406619234601166,0.8620789771711549,0.049361616786626206,0.027944563075587903,0.021417053711038303
0191e4a9-6f7b-4b63-be81-05761e1ed1bd,0.40597791664106325,0.40597791664106325,0.4364812633351498,0.0,0.030503346694086553,0.030503346694086553
0191ecb8-d63b-4875-878a-740a1b9d3c91,0.538251392066229,0.23729930050756695,0.5137137509769458,0.300952091558662,0.024537641089283135,0.27641445046937885
01922c70-91c1-4312-a1cb-b8c652600fb5,0.2506416418619373,0.2961009919481756,0.6431541297392733,0.04545935008623825,0.392512487877336,0.34705313779109775
019285f8-9561-4b84-beaa-d512c7fa7c90,0.1765569127559233,0.1765569127559233,0.23768116002584067,0.0,0.06112424726991736,0.06112424726991736
0192cd67-3198-4a54-9699-8d250ff75000,0.8368025999889566,0.7623470316722407,0.5727772617467438,0.07445556831671585,0.26402533824221275,0.1895697699254969
0192f7ee-9981-4812-9077-ba4520662139,0.5169530710232711,0.5169530710232711,0.4499820770846618,0.0,0.06697099393860934,0.06697099393860934
01933f1a-19fb-4953-b704-9de9aeaa97ac,0.3578681186079612,0.3578681186079612,0.35349156718859776,0.0,0.004376551419363439,0.004376551419363439
0193625c-f0ac-4336-94ee-8ad33091135c,0.569734066050388,0.569734066050388,0.6143046832892816,0.0,0.04457061723889355,0.04457061723889355
0193730f-8ce6-4ee7-a168-594dd539b6e3,0.5710286935385684,0.6025078595838548,0.757459311614574,0.03147916604528633,0.18643061807600558,0.15495145203071925
019382f0-381a-4e43-b558-b8229f8dee35,0.6294794855766488,0.6385831841401567,0.592712900072789,0.0091036985635079,0.036766585503859806,0.045870284067367706
0193cac4-52c3-4452-af07-a96f2b624038,0.43451427315127455,0.43451427315127455,0.6285608543378151,0.0,0.1940465811865405,0.1940465811865405
0193d724-4597-499f-b021-6c565fbbb33d,0.11946731993572113,0.11946731993572113,0.2258842172733663,0.0,0.10641689733764517,0.10641689733764517
0193d82a-40be-4722-8f6b-6d1a79652731,0.4052424217910947,0.6611625028329223,0.6752268060879734,0.2559200810418276,0.26998438429687865,0.014064303255051036
0194a55e-7a29-4ef0-a26e-398c79311c12,0.6342863682607948,0.6144366648641876,0.8174948262963003,0.019849703396607188,0.18320845803550556,0.20305816143211275
0194a7f0-d1af-4b7f-b47b-82e87fc6c6bc,0.5435670865524961,0.5911257782186629,0.6266768189708092,0.047558691666166775,0.0831097324183131,0.03555104075214632
0194b627-7455-4688-8737-32e2c8086996,0.41331795436759866,0.40054358949531293,0.3789172416618688,0.012774364872285726,0.03440071270572986,0.021626347833444137
0194ea03-2e5a-4b5a-bca6-34be802187c5,0.6903029462702392,0.673342357150851,0.5100975526626559,0.016960589119388247,0.18020539360758336,0.16324480448819512
0194fb0e-c225-495d-85c5-c6c0039e7d75,0.531664085870752,0.5138560598591659,0.4834067069344207,0.017808026011586042,0.04825737893633125,0.03044935292474521
0195ca41-5857-4f73-b3f1-5780a65ed70b,0.42183046987347056,0.3958650655179817,0.44717520457864984,0.025965404355488886,0.025344734705179284,0.05131013906066817
0195decf-fb53-43bc-99be-299fbeea823a,0.5574537659794572,0.5574537659794572,0.6148716733343763,0.0,0.05741790735491914,0.05741790735491914
01960e9d-d90a-4f02-8ee1-9edb9fa6895f,0.4598630324186024,0.45335676667136987,0.3658375573234478,0.006506265747232509,0.09402547509515458,0.08751920934792207
01961a51-7633-4164-9a82-cc93453c350f,0.3385218353768765,0.33898312450669643,0.37512246618795764,0.00046128912981990844,0.036600630811081114,0.036139341681261206
01962b56-e67f-45b6-bac9-bd5686985c9a,0.34433704821505906,0.3442843110713844,0.58785948146699,5.2737143674652653e-05,0.2435224332519309,0.24357517039560556
019648f3-a277-4c7e-a67f-ffaea946a4fa,0.19199734302799662,0.4785961493190955,0.38690599423226374,0.2865988062910989,0.19490865120426712,0.09169015508683176
01964e99-2066-4103-8b8a-74d0d2e6575d,0.46747572719859415,0.4391635879731279,0.34140681122591193,0.02831213922546627,0.12606891597268222,0.09775677674721595
01969117-db7b-4675-9a61-d1cf484472f8,0.5541899227453555,0.4771362463088503,0.5312743254191797,0.07705367643650518,0.022915597326175763,0.05413807911032942
0196a792-8029-4f7f-a53b-aeb6541ef091,0.40924088861866714,0.5597915967394856,0.38748570451836134,0.1505507081208185,0.021755184100305802,0.1723058922211243
0196e294-fd84-4a66-8307-a3af8e642a10,0.5402834667052713,0.597970170304423,0.6293722097567813,0.057686703599151734,0.08908874305151004,0.03140203945235831
0196f837-d36a-4d73-836c-1e36c19fad45,0.5328219481332525,0.6767706972375088,0.5721954773755697,0.14394874910425637,0.039373529242317296,0.10457521986193907
019751ab-87cd-4962-aa1b-89a58f522cc6,0.4971901289698212,0.5090457137556875,0.6639770216528073,0.011855584785866347,0.16678689268298608,0.15493130789711973
019779aa-12da-488c-976a-8330e92a594b,0.6587780274319047,0.6587780274319047,0.6587780274319047,0.0,0.0,0.0
019823b9-098f-465a-afbd-6b9eb1da2c67,0.33821287248997545,0.343111207418413,0.3612879925534942,0.004898334928437553,0.02307512006351875,0.018176785135081197
01985c87-8d3c-42e1-a5e5-4b6e8ce4fcda,0.5832151215605235,0.5662342229146217,0.7022034989606832,0.0169808986459018,0.11898837740015977,0.13596927604606157
01985e84-a712-409e-8683-708af806f846,0.6683654652299572,0.6614961952575252,0.67061231750515,0.0068692699724319795,0.0022468522751928344,0.009116122247624814
0198b4f9-66b0-4a1a-a064-e5182ddb54f2,0.9066044998591306,0.9010234330118639,0.8200096906580484,0.005581066847266669,0.0865948092010822,0.08101374235381553
0198e449-e93f-4574-9492-ba9124b618a2,0.6219022092912457,0.6219022092912457,0.6563695374185631,0.0,0.03446732812731734,0.03446732812731734
019974e7-1156-4c3a-87ca-1f61a7ecc985,0.3726996467174832,0.6041651909151237,0.7719591619990852,0.23146554419764048,0.39925951528160203,0.16779397108396155
0199b4db-5fca-4ded-a621-c5f12f604309,0.42339097116844276,0.4056389211043726,0.4047120238398653,0.017752050064070157,0.018678947328577444,0.000926897264507287
019b4c95-a7ec-440a-8a96-6879877757a0,0.7586044157645587,0.7437641956008144,0.845383980620245,0.014840220163744311,0.08677956485568628,0.10161978501943059
019b7e5b-a96d-4114-91a1-cda522a74efa,0.554342642712651,0.5559842555114143,0.4604519661254664,0.0016416127987632922,0.09389067658718458,0.09553228938594788
019b8e79-601f-4ca6-9d22-78f7e4948eb0,0.3072371521828543,0.292077060191494,0.3741281874615242,0.015160091991360314,0.06689103527866991,0.08205112727003022
019b95ae-7205-4084-8472-d0759e4214b3,0.5001501553261888,0.4785366551383282,0.4625806362067861,0.021613500187860568,0.037569519119402706,0.015956018931542137
019b962d-a41a-4ed0-bef0-3e0f37bad45c,0.30722568917714743,0.27386949483663975,0.3346494960020647,0.03335619434050768,0.02742380682491724,0.060780001165424924
019ba44c-3466-440d-ac47-4ec152be858b,0.46094514883985316,0.48369301815269977,0.288227560975389,0.022747869312846614,0.17271758786446417,0.1954654571773108
019bc767-c609-45c7-933d-2f89769faeef,0.4751859647867442,0.44368124411953747,0.1996569859164881,0.03150472066720672,0.27552897887025607,0.24402425820304938
019bc7e1-21ae-4a24-b257-49017bae0ece,0.4968076609019472,0.45098919367026824,0.6931445319262823,0.04581846723167898,0.1963368710243351,0.2421553382560141
019bd47f-d282-4920-9e67-b6d3c2d1c3df,0.366752423497139,0.4050167834216497,0.5565117251737958,0.038264359924510716,0.18975930167665678,0.15149494175214606
019bd68f-518f-4a5b-a5c2-456d24ad3f82,0.3335618125207027,0.634152463585901,0.2711013440409939,0.30059065106519833,0.06246046847970882,0.36305111954490715
019c3e6f-80af-4272-9751-bc923c5aa9ee,0.6126842148593797,0.6126842148593797,0.538175290657112,0.0,0.07450892420226773,0.07450892420226773
019c3fb7-7fa8-4a11-a82a-1feedb3ab031,0.36560433618768345,0.36560433618768345,0.5625977361929038,0.0,0.1969934000052203,0.1969934000052203
019ca44b-e462-4aa2-a329-fa3c8c80754e,0.1068092933942701,0.10368352406061601,0.1906265633899604,0.003125769333654091,0.0838172699956903,0.08694303932934438
019cc7b0-499e-4d54-b041-ee82e7f88560,0.5537852467214572,0.5469884843452848,0.4752625942071507,0.006796762376172438,0.07852265251430651,0.07172589013813407
019cd695-2427-4edb-92f6-e2fab5a29682,0.7575276841641003,0.7575276841641003,0.8317624738576611,0.0,0.07423478969356079,0.07423478969356079
019d040d-d820-45ad-ae44-5dbfb64b7f6f,0.6848315201154093,0.6969567387245428,0.7033920888868823,0.012125218609133515,0.01856056877147305,0.006435350162339537
019d14d0-e6c9-428e-93c1-d407a0244147,0.3287897037408371,0.3147308582209987,0.30382175104664033,0.014058845519838381,0.02496795269419677,0.01090910717435839
019d4ae7-f57d-4626-b622-3c984e6af0a0,0.5250650389626477,0.5860273351070158,0.7145749379202518,0.0609622961443681,0.18950989895760417,0.12854760281323607
019d6223-dd03-40ec-9387-ce61e353353d,0.6889014632286171,0.6889014632286171,0.47890497055732634,0.0,0.20999649267129078,0.20999649267129078
019d7cf9-6537-4a9f-b1ab-2575e9ac573c,0.4594820826107881,0.4931123431068228,0.8105337575587325,0.03363026049603468,0.35105167494794437,0.3174214144519097
019d89e3-7953-40eb-9f3d-bfc9603909c6,0.5394754099760497,0.4449593922967623,0.32410837215481625,0.09451601767928741,0.21536703782123345,0.12085102014194604
019de1f8-1570-44dd-8abf-a42d79af5b95,0.32861845973138754,0.3750869109465443,0.45316319798178606,0.04646845121515675,0.12454473825039852,0.07807628703524178
019de711-d2bd-4541-804d-7d02d0fd47fd,0.7085309392100363,0.7194418341392534,0.6143403395829989,0.010910894929217152,0.09419059962703735,0.1051014945562545
019e5cbe-d3a5-4370-ab67-e96a33d13367,0.6951115778069946,0.6650204349260976,0.6108101567396942,0.03009114288089698,0.08430142106730043,0.05421027818640345
019eb958-6e4e-44fa-870e-8bd99131bcd1,0.5064988232635044,0.4553442782892255,0.4661239169784952,0.05115454497427885,0.04037490628500917,0.010779638689269677
019ec9bd-b891-4fcc-940f-c48b991070a6,0.29326809787026425,0.3110585538305934,0.33984386998567234,0.017790455960329132,0.04657577211540809,0.028785316155078955
019ecd2f-ab16-4431-a4c5-21289e579e1a,0.6325722122614866,0.6240420379302047,0.6325722122614866,0.008530174331281892,0.0,0.008530174331281892
019ed04e-ca70-49d8-a4aa-5a70c1ba7745,0.5215367269774756,0.48683385851194627,0.7482636076112029,0.03470286846552928,0.22672688063372737,0.26142974909925665
019ef484-7312-4394-be9a-3106607e3e32,0.11905320843174222,0.11833656410893051,0.14524297187100926,0.0007166443228117103,0.026189763439267044,0.026906407762078755
019ef5c1-e1c8-4ae6-bfbd-5025e4977416,0.6365738570743341,0.38633269525562036,0.6604702316271225,0.25024116181871375,0.02389637455278837,0.2741375363715021
019ef7ab-7382-43f2-a03c-f29546612aae,0.8433270405269216,0.8551147120149971,0.9264330865771232,0.011787671488075468,0.08310604605020155,0.07131837456212609
019f4013-9eeb-4bb8-8441-8d1b645bbed1,0.7574361364947442,0.791382504054378,0.8114316614394483,0.03394636755963387,0.053995524944704165,0.020049157385070293
019f7e30-3ddf-40e6-bfb7-13e53a9904e8,0.4858982557200176,0.4151463955690375,0.5375043018101341,0.07075186015098012,0.051606046090116486,0.1223579062410966
019fcc3f-e5f9-4671-97d6-ac2b3953770f,0.5049873662994019,0.4950290218906642,0.5275131382428454,0.009958344408737663,0.022525771943443518,0.03248411635218118
01a0026e-0089-41be-94bc-6284ebbbd591,0.2652784828332354,0.2631514439891124,0.40372640015011374,0.0021270388441230192,0.13844791731687833,0.14057495616100135
01a003fd-7bc7-4ab7-ba6c-bf97e14af9e7,0.7040670173938031,0.6749347176004648,0.7523259650528102,0.029132299793338312,0.04825894765900718,0.07739124745234549
01a00a14-be30-4b5a-91f0-709053090af5,0.700545692130254,0.5435008238835914,0.42731247664211847,0.15704486824666253,0.2732332154881355,0.11618834724147298
01a04888-ed4a-4e99-9672-b1cae3733712,0.27821180311325416,0.2761487854721882,0.24015873259169643,0.0020630176410659784,0.038053070521557736,0.03599005288049176
01a056ab-60b8-4c07-ad71-99fb77e2f56a,0.6175760727826238,0.6330996319389447,0.7751397143179934,0.015523559156320865,0.15756364153536961,0.14204008237904875
01a060ac-7d55-4cbf-bce2-2b8172b5665e,0.5252033924058281,0.5367834490683965,0.7825834437297631,0.011580056662568339,0.25738005132393493,0.2457999946613666
01a06121-2cd7-420e-b229-063052620ab8,0.481759721443686,0.4740567813358695,0.5151350133477471,0.007702940107816525,0.03337529190406113,0.04107823201187766
01a0869a-4692-4dee-8378-5b5387f291f6,0.18761769658864122,0.18761769658864122,0.624074097043845,0.0,0.43645640045520373,0.43645640045520373
01a10065-2056-46f6-8ac7-6d510940146e,0.5512190790171029,0.5512190790171029,0.5690146547598847,0.0,0.01779557574278179,0.01779557574278179
01a26940-5322-4900-aeda-bc945f95e56e,0.6135814035751178,0.5845727855549111,0.8124744989205824,0.02900861802020671,0.19889309534546462,0.22790171336567133
01a28fea-1ad6-4b50-be1d-8e7c4e8944c7,0.43534575161137395,0.4709660361289758,0.6811441354048215,0.03562028451760185,0.2457983837934476,0.21017809927584574
01a2d3ce-b818-4b58-888e-0f398b58cfb2,0.6386426128811982,0.6438502939979462,0.7173810220113045,0.005207681116748075,0.07873840913010632,0.07353072801335825
01a2f695-0fd3-47f9-a083-646329968a63,0.5263571590664927,0.5483972230743646,0.7698673151358185,0.02204006400787184,0.2435101560693258,0.22147009206145396
01a30812-028e-48ff-9cd1-4f5a659f792b,0.328241537926844,0.328241537926844,0.22738371007011846,0.0,0.10085782785672556,0.10085782785672556
01a37b5c-a53f-411b-b7f3-4407ef686283,0.3633193429568662,0.3681803736923397,0.3922215112360228,0.004861030735473504,0.028902168279156593,0.02404113754368309
01a3baea-25bb-4988-a1da-e9e07e35a7ba,0.44826041891036167,0.4731867696675989,0.6914583214983796,0.02492635075723726,0.24319790258801793,0.21827155183078067
01a3bfa1-d3ff-4c67-9ed2-73f3a9de4eb1,0.31534095562136616,0.2484002986208609,0.2316628816461916,0.06694065700050525,0.08367807397517457,0.016737416974669322
01a44a93-0e1a-4edf-87f1-c6bb90f5fa03,0.2045468339837473,0.2018818263217196,0.21592633139939024,0.0026650076620276797,0.011379497415642953,0.014044505077670633
01a4727f-cc0e-4bc3-9640-8ba5661bbf78,0.8988011729756936,0.8935057623618751,0.8270221025099984,0.005295410613818552,0.0717790704656952,0.06648365985187665
01a49e35-291d-4d34-9303-ecd47d02adfe,0.47426650932907205,0.47426650932907205,0.527817011023132,0.0,0.053550501694060004,0.053550501694060004
01a4d572-247c-4cbc-9659-645e2e45eeee,0.7720491487384533,0.34588779594987423,0.5938700542852096,0.4261613527885791,0.17817909445324376,0.24798225833533533
01a4e777-3605-4e85-8c51-f18f41a0acc2,0.39476651486191033,0.40014883343634694,0.38700883452101176,0.0053823185744366064,0.007757680340898576,0.013139998915335183
01a52a1b-c2a2-4ad7-bf1f-fb862a4b3db1,0.5021878403699751,0.4421876966701994,0.3781992807543006,0.06000014369977569,0.12398855961567451,0.06398841591589882
01a53edc-00c6-461e-8f55-756ba822e7e2,0.5618360985102907,0.5618360985102907,0.5764685572457787,0.0,0.014632458735488019,0.014632458735488019
01a68b32-ac43-45cf-a221-20539f85dc3e,0.37324351092149693,0.37324351092149693,0.4522924630744677,0.0,0.07904895215297075,0.07904895215297075
01a6a56b-632c-4af8-a78a-103ecbbbb01a,0.24324659898751846,0.21650154240156366,0.2852141706901665,0.0267450565859548,0.04196757170264806,0.06871262828860286
01a6dc72-eade-4bf1-a8cc-3086c298daaf,0.4451840578223425,0.47997588451189876,0.470911078209589,0.03479182668955627,0.025727020387246502,0.00906480630230977
01a6dfcb-d39f-43c7-9345-3a9dcae3d928,0.5800013713224891,0.5800013713224891,0.5653983851031184,0.0,0.014602986219370728,0.014602986219370728
01a723d7-ed1d-40aa-90a2-5c17ef9dd8a6,0.43211725475603735,0.4259777851032396,0.6744257127091464,0.006139469652797769,0.24230845795310907,0.24844792760590684
01a74d75-e769-471c-ab26-da64ea51ed67,0.13266366520668724,0.10942269629612278,0.28408886275186107,0.023240968910564458,0.15142519754517383,0.1746661664557383
01a78678-6386-4244-a93b-0a984c901601,0.7019159624503556,0.6906504506944672,0.7662783599551612,0.011265511755888413,0.06436239750480566,0.07562790926069407
01a820ad-81ce-4fe7-a5a0-69c1df73aaaf,0.12192319165927437,0.12192319165927437,0.18505439560102313,0.0,0.06313120394174876,0.06313120394174876
01a8346a-ab71-4327-bddd-992d756f0b6c,0.645890720227457,0.645890720227457,0.8769703381834503,0.0,0.2310796179559933,0.2310796179559933
01a837a2-c3d2-4bc6-9416-7a599a25dc46,0.32630651737967303,0.33037472892200337,0.6620244324356134,0.0040682115423303356,0.33571791505594034,0.33164970351361
01a867ac-04d8-4f75-bf0f-d50b14c18f00,0.5277349503657123,0.5277349503657123,0.5712394804401125,0.0,0.04350453007440025,0.04350453007440025
01a8d8b8-3256-4097-bb83-74e75433b86d,0.525256649935872,0.525256649935872,0.3249022301622656,0.0,0.20035441977360635,0.20035441977360635
01a903a7-34c9-4e5d-8527-160a9c5fbcba,0.4647595427181451,0.49327605363606825,0.558513371719384,0.02851651091792312,0.09375382900123885,0.06523731808331573
01a90ae2-83c2-40ac-ae9c-881bd828061c,0.5561250514676772,0.5530959072638717,0.36499694068352917,0.0030291442038055116,0.19112811078414804,0.18809896658034253
01a94dc5-0a8e-4b60-931a-161ca6094d2e,0.6965983640879849,0.6658017565295005,0.6466956147090595,0.030796607558484457,0.04990274937892547,0.019106141820441014
01a99952-43fb-4311-8fad-df430c4b87df,0.753179341632475,0.755123757226839,0.7399353803227415,0.0019444155943639796,0.013243961309733487,0.015188376904097467
01a9b714-ff70-45c4-9563-f572db96f454,0.36316988680443685,0.34338899491828706,0.36592718479238645,0.019780891886149787,0.002757297987949603,0.02253818987409939
01a9bf38-6600-4bdb-9148-b8c6277fcbc5,0.65247198310423,0.653379561077133,0.626617960795143,0.0009075779729029732,0.025854022309087066,0.02676160028199004
01a9c291-a94e-48ba-8324-c87c03785ec6,0.5629856513684527,0.564742820524617,0.8717482457761486,0.0017571691561643066,0.30876259440769593,0.3070054252515316
01a9d3ff-1878-4954-b168-adcc2f7413a8,0.5704181892440701,0.5793021376179539,0.6011430535044164,0.008883948373883843,0.030724864260346374,0.02184091588646253
01a9d9d2-5f1c-4565-acdb-02fe65c25ce4,0.511506508220063,0.511506508220063,0.714521529476048,0.0,0.20301502125598492,0.20301502125598492
01aa67c0-5c6b-4b31-a946-7bf19cce7711,0.6607771388830986,0.7034555474957968,0.5207345992279818,0.042678408612698115,0.14004253965511682,0.18272094826781493
01aa6bca-4f6e-40ce-8005-a52e0b42874b,0.20013968311040314,0.16900329727720345,0.4238464829115607,0.031136385833199692,0.22370679980115754,0.25484318563435726
01aa72fb-6212-494c-bea7-ee9f4e66e0fc,0.6064333514452179,0.5881855823785146,0.7594735854291657,0.018247769066703334,0.15304023398394773,0.17128800305065106
01aaf979-420b-43da-963c-5c96e90aee79,0.5576506119661923,0.5553955993453294,0.7861616974055434,0.0022550126208628063,0.22851108543935117,0.23076609806021398
01ab1ed9-0d18-42dd-bf64-7a14909dab18,0.9248424340247287,0.8707850481696431,0.922820035460301,0.05405738585508557,0.002022398564427652,0.05203498729065792
01ab216d-6866-4775-a05b-99a5e302b801,0.8793724496323375,0.8803615238131413,0.8400884444418735,0.0009890741808037395,0.039284005190464044,0.040273079371267784
01ab368e-d338-4ec3-bd87-0e89661a5e4e,0.3339906557823789,0.3107091180336349,0.29548804033557613,0.02328153774874403,0.03850261544680278,0.01522107769805875
01abaf07-753c-40e3-bffb-1d56a7e464b4,0.5181759921134826,0.5090110329481049,0.6214806044523381,0.00916495916537774,0.10330461233885546,0.1124695715042332
01abd212-2ee8-4f45-b80f-55dff15ba99d,0.3279614442850818,0.3279614442850818,0.4866473893972062,0.0,0.15868594511212442,0.15868594511212442
01ac0759-7d98-46e0-b946-ebcaf23c0e91,0.15920915334108685,0.15920915334108685,0.3264461989710602,0.0,0.16723704562997335,0.16723704562997335
01ac0fdb-92bf-4e1d-8ccf-f715aa6b9d9b,0.7365133835091588,0.7260342094838071,0.7491858679155826,0.0104791740253517,0.012672484406423767,0.023151658431775468
01ac90bc-fdcd-4ec3-99b2-bc287ab50b7e,0.4637181028867259,0.4496664739143532,0.5667928678589111,0.014051628972372665,0.10307476497218526,0.11712639394455793
01aca1ac-db2d-44f9-8e7a-d0ec0915e8c0,0.5049668875077532,0.5059019732843469,0.633092989644121,0.0009350857765937359,0.12812610213636777,0.12719101635977403
01ad3e24-9d5f-40fc-b2d1-9af5388158e6,0.2803174180241267,0.2803174180241267,0.36697987971087925,0.0,0.08666246168675257,0.08666246168675257
01add76e-1b89-4de5-be2c-05be0a30aacf,0.7761777501036793,0.7645336287219398,0.7251950577630023,0.011644121381739536,0.05098269234067698,0.03933857095893745
01aed32e-95fd-4d49-b533-aadefd59da83,0.598730402843531,0.6083844722881451,0.5600773044053551,0.00965406944461411,0.03865309843817588,0.04830716788278999
01af7842-f46b-4196-aaab-3e20e475bc12,0.49735321529077825,0.5067642628749662,0.4626271851202607,0.009411047584187981,0.03472603017051756,0.044137077754705545
01afbb36-799a-4402-95ef-775b01e815c8,0.1772715800977642,0.19100224499711976,0.1890252689195085,0.013730664899355566,0.011753688821744296,0.00197697607761127
01afe84b-f61b-41a8-a2de-db03ed7d9dfc,0.5929027549164372,0.6033629833301533,0.7653002059106686,0.010460228413716077,0.17239745099423143,0.16193722258051535
01b02709-5e5a-429d-9907-ae39b5b8080d,0.5175552181133126,0.4960908003160018,0.6219867780761756,0.021464417797310842,0.10443155996286302,0.12589597776017386
01b0a6c6-899b-4630-ac4e-6cc9dce9c038,0.3598383282121374,0.3764922544980986,0.5556339220940246,0.016653926285961185,0.19579559388188722,0.17914166759592604
01b0a8ab-1860-4b7b-a664-ec07131458ee,0.39809783057681747,0.40191782524186653,0.4099534477847393,0.0038199946650490646,0.011855617207921831,0.008035622542872767
01b0bd1a-ffcd-49b6-9acb-4eee2273f1fc,0.6412339978125071,0.6412339978125071,0.775408393860677,0.0,0.13417439604816983,0.13417439604816983
01b0e399-daf8-4675-baa2-42b46372a89e,0.13779644993840204,0.14120336597722374,0.32244376300205035,0.0034069160388217057,0.18464731306364832,0.1812403970248266
01b0f7b8-9bd0-4628-aa9f-df4c2609f818,0.32209553415657466,0.32446641374814206,0.519021456972127,0.0023708795915673986,0.19692592281555232,0.19455504322398492
01b12b79-2540-4440-aacc-b65d2b92763e,0.3789633691403421,0.3789633691403421,0.3789633691403421,0.0,0.0,0.0
01b1527e-26e8-406d-8f22-b76e4a8b59c8,0.2772615221708409,0.376686032293252,0.3496947390975497,0.0994245101224111,0.07243321692670884,0.02699129319570226
01b185ab-14e7-4cb9-83bd-0d727f305756,0.48856996833267125,0.48856996833267125,0.5028747782139777,0.0,0.014304809881306502,0.014304809881306502
01b18958-ff79-4aa4-89d8-ac76e41456d1,0.8154430785672562,0.8154430785672562,0.9437802232681953,0.0,0.12833714470093915,0.12833714470093915
01b1d7e8-5a28-4667-aba5-089bcf278737,0.7453387170756163,0.7431066269517741,0.7082009630854422,0.0022320901238421786,0.03713775399017405,0.03490566386633187
01b1ee5f-6e24-42dd-b4ad-d059cca6ab85,0.5817896428557824,0.5725949106991738,0.5791283976011357,0.009194732156608598,0.002661245254646727,0.006533486901961871
01b20926-ba48-4383-bcd3-b4276b0d8c62,0.3799549272598956,0.3830426162232688,0.42104636414123353,0.003087688963373192,0.04109143688133793,0.038003747917964736
01b281a6-0036-4304-b6ae-81c4d1b1f24b,0.5101025835234415,0.6056430103998348,0.749306572922635,0.0955404268763933,0.23920398939919352,0.14366356252280021
01b29293-a02c-4af3-8fad-91d0af70c946,0.7019825259736079,0.7432759559565516,0.8094787880644376,0.04129342998294372,0.10749626209082974,0.06620283210788602
01b297ee-e4a5-4f46-9dc2-40d3de21654c,0.29975390674048163,0.3139063889158809,0.35616873033187113,0.014152482175399272,0.056414823591389496,0.04226234141599022
01b2b529-8f02-49ae-b5b9-787c153822b4,0.500080394482484,0.500080394482484,0.48107961233429386,0.0,0.01900078214819012,0.01900078214819012
01b3abb6-ac7c-4f25-8af7-268b0970967a,0.2474986582435134,0.2606475006828172,0.4198677042358001,0.013148842439303837,0.17236904599228672,0.1592202035529829
01b3c72f-f0bb-4ba6-b724-53de88d7fee1,0.02634591048828472,0.026588837257927992,0.07321009800287363,0.00024292676964327367,0.046864187514588915,0.046621260744945645
01b3e2e7-a53f-4c65-9227-883f2812741f,0.4757924252809627,0.4880642432324156,0.45613742267107005,0.012271817951452879,0.01965500260989267,0.03192682056134555
01b3ed0f-d1eb-4cfc-a4d8-741d6e17fe99,0.28299681516134045,0.22986003777398356,0.63202204400624,0.05313677738735689,0.3490252288448995,0.4021620062322564
01b3f5ac-76e3-4ba6-8783-468504681218,0.07724549983243469,0.07724549983243469,0.26693239488269,0.0,0.18968689505025532,0.18968689505025532
01b3ff09-3a70-44c7-8607-c9903a477f47,0.15509168302270657,0.1765640847046486,0.8753138851976398,0.021472401681942033,0.7202222021749332,0.6987498004929912
01b442be-630d-44f4-ab9c-657f64f7f2dc,0.6997717955813068,0.5205622568573662,0.6683913141940692,0.17920953872394052,0.03138048138723759,0.14782905733670293
01b4bd4d-95a0-4664-9d74-f93f7af30870,0.7319279437435277,0.7413800549942454,0.8675662256940572,0.009452111250717765,0.13563828195052952,0.12618617069981175
01b4d1ea-d58d-4ad3-8e51-7e90c672537a,0.14854025946371235,0.13873512777317076,0.11691065177823459,0.00980513169054159,0.03162960768547776,0.02182447599493617
01b4f06f-8582-486e-8549-c99372c34828,0.25166988060379797,0.25166988060379797,0.45832855452975235,0.0,0.20665867392595438,0.20665867392595438
01b51d28-6d2e-458e-a0a4-5a8effee1e7a,0.7751801815039565,0.7751801815039565,0.7943601231898715,0.0,0.01917994168591497,0.01917994168591497
01b54bed-c95f-4679-923f-03d564534aca,0.5807608121675172,0.5709190235980525,0.6908131064193175,0.009841788569464716,0.1100522942518003,0.11989408282126501
01b5bb3a-5c31-4551-ab87-950e6742e5f1,0.4162494630197431,0.4163801189285449,0.5395058246498478,0.00013065590880179112,0.12325636163010467,0.12312570572130288
01b6069e-701c-4203-8e13-d6071809ffda,0.4692098459657654,0.47637494852129947,0.4391153174041252,0.007165102555534042,0.030094528561640244,0.037259631117174286
01b6c424-3252-4d33-9564-6f64625968c4,0.8066745626926022,0.9142791799912526,0.9332254055701185,0.10760461729865045,0.12655084287751628,0.018946225578865827
01b710bd-35f2-435b-86ae-60c1a044932a,0.13602337854615038,0.2781233599526762,0.28988520253521505,0.1420999814065258,0.15386182398906467,0.011761842582538873
01b76c3c-dd16-4597-a7f3-5ee6190f2136,0.5963407679073788,0.5230357005856967,0.7361159363789069,0.07330506732168207,0.13977516847152816,0.21308023579321023
01b7848a-f0bb-4095-8cfe-6c3bb8fa5550,0.8975691539072647,0.3368815474141206,0.46914744452475654,0.5606876064931441,0.4284217093825081,0.13226589711063597
01b7af2d-9242-41f4-a1ba-a4247694e51e,0.7940268635657356,0.7469029171343533,0.8156733942835266,0.04712394643138229,0.02164653071779099,0.06877047714917328
01b7d795-2a55-4964-8d74-0569a6722564,0.30642106729671104,0.8674072260588307,0.588778751524472,0.5609861587621197,0.282357684227761,0.2786284745343587
01b7de18-d5e5-42ce-989a-cf22d986c803,0.6391162040221414,0.6383599305434801,0.7969968169517843,0.0007562734786613623,0.15788061292964284,0.1586368864083042
01b810ea-a512-4ff4-9d63-4988a6e0c9d3,0.770282918098602,0.7612789333628022,0.6255665922214877,0.009003984735799886,0.14471632587711436,0.13571234114131447
01b81869-1506-4986-99f2-ddb41f0cda0d,0.6062703438215731,0.6145740874176472,0.627705335755979,0.008303743596074109,0.0214349919344059,0.013131248338331791
01b82509-96fe-4573-a9ad-2f9aa9433346,0.22107178787430226,0.22107178787430226,0.2666860447797865,0.0,0.04561425690548426,0.04561425690548426
01b82932-6691-4eb4-ac2c-fc614c9b7a39,0.5747520097014197,0.5771127848963457,0.5824114458345055,0.002360775194925946,0.00765943613308584,0.005298660938159894
01b838c0-edcb-4558-8bff-115ea5c64414,0.6705287067740899,0.696078946815704,0.7362883852323034,0.025550240041614103,0.06575967845821351,0.04020943841659941
01b8430b-cab7-46bc-a947-b2c79d4c0a76,0.11710116322917877,0.12194631853836756,0.22074595119693363,0.0048451553091887894,0.10364478796775486,0.09879963265856608
01b8543f-8607-4464-a7b7-44505ac4e9cb,0.8727362372822101,0.9091869762158216,0.8073650796194386,0.036450738933611504,0.06537115766277146,0.10182189659638297
01b8790e-0ac3-4537-a43f-e2fbd6ba5186,0.28743584226018953,0.28495836455967566,0.3610739124386729,0.002477477700513875,0.07363807017848334,0.07611554787899721
01b8a5f6-339c-4cdf-8d2f-2cbc3d061a96,0.27930262705358144,0.30418576896701305,0.5268061197833401,0.024883141913431606,0.2475034927297587,0.22262035081632708
01b8f025-561b-45a5-b93d-41d10c9ecd44,0.6768411077595727,0.6669871706352658,0.674843150112307,0.009853937124306933,0.0019979576472657357,0.007855979477041197
01b91d12-32c7-4916-a703-d3e8707d8d72,0.520265892279059,0.520265892279059,0.7415827111340205,0.0,0.22131681885496157,0.22131681885496157
01b94d80-53ad-44b8-a003-a7480edb8aa4,0.4793232243196192,0.5024140441878657,0.7053099706323478,0.023090819868246515,0.22598674631272858,0.20289592644448207
01b96685-05c5-4531-afb6-eeeb871ff251,0.4628953872655217,0.45816221249983496,0.5751310817634712,0.004733174765686743,0.11223569449794946,0.1169688692636362
01b99ea7-9261-465f-a26d-715f1d4f9940,0.48371092113542474,0.48371092113542474,0.556546297693072,0.0,0.07283537655764721,0.07283537655764721
01b9c5c7-b6e0-4cc3-b9f1-0e495a9380fd,0.33138363011375277,0.3120059801678481,0.4740767962799087,0.019377649945904685,0.1426931661661559,0.1620708161120606
01ba8a98-f3a2-4490-82f7-48d601fee0b8,0.4067039735787273,0.3938622730052061,0.4428669268793835,0.012841700573521186,0.03616295330065622,0.049004653874177406
01ba8d54-b6c7-4b02-8c87-fe387447d51c,0.25902814459466933,0.25302637215325197,0.3535226311538459,0.0060017724414173634,0.09449448655917658,0.10049625900059395
01baaa45-5cd7-4456-b1c5-7d4291c7feec,0.8823521462937691,0.8049378126417236,0.9442951789901678,0.07741433365204553,0.06194303269639867,0.1393573663484442
01bb137d-2e06-405c-ad48-18e9b1edc202,0.5487022139907319,0.541853069023768,0.7416744997047321,0.0068491449669639826,0.19297228571400016,0.19982143068096414
01bb274c-506e-4938-acf2-44aa5fb29be2,0.5515127174222725,0.5455644674520025,0.7160046479595419,0.005948249970269992,0.1644919305372694,0.1704401805075394
01bb9fbc-a947-4d9d-a5ef-5d97dbb0ae09,0.6875624040904864,0.6205155451814607,0.7817041239785729,0.06704685890902573,0.0941417198880865,0.16118857879711224
01bbaa04-e00d-4fa0-943f-1c6c7fa19621,0.6956212774151893,0.6611586716091095,0.5466899703722234,0.03446260580607985,0.14893130704296587,0.11446870123688602
01bbcfe3-a218-4003-b30f-274dbeb6aa18,0.40794766622658224,0.432046871459918,0.5172757229636578,0.024099205233335752,0.10932805673707552,0.08522885150373977
01bc2dae-3786-4fd0-a84d-3d7953b6c6bf,0.37443154315984506,0.4163535689284127,0.34595588149070516,0.04192202576856763,0.028475661669139896,0.07039768743770752
01bc62c1-43f9-494d-aded-21b7042e4c9f,0.6435247859167779,0.6215362813221197,0.7874150129391078,0.021988504594658176,0.1438902270223299,0.16587873161698807
01bc6691-b247-4f30-b3ea-bf98ae37e77d,0.534643152523303,0.5359096240739887,0.5620494491395195,0.0012664715506857105,0.02740629661621652,0.02613982506553081
01bc8093-e78e-4306-a598-c65942b7b135,0.3630418626614843,0.3089759885835683,0.35440698789510955,0.05406587407791602,0.008634874766374756,0.045430999311541265
01bc9b2d-d393-4c50-b44c-3e25ce2d7885,0.28279577961712843,0.34512644905758927,0.7062181777054574,0.06233066944046084,0.42342239808832893,0.3610917286478681
01bca2f7-44c8-40d9-8ba6-244ef508ea1c,0.2359278332901314,0.2359278332901314,0.2150701501762313,0.0,0.0208576831139001,0.0208576831139001
01bcdfc3-7254-4f04-b5af-e07c5d583804,0.36807051496178156,0.5079480606397854,0.560737925220337,0.1398775456780038,0.1926674102585555,0.05278986458055168
01bdb226-ba27-456e-89ae-aad31041467d,0.550120242263053,0.585304804326172,0.6732962340442586,0.03518456206311904,0.12317599178120564,0.0879914297180866
01bde487-0a60-4a19-9400-6f215605dedf,0.5130047940790419,0.5247830785197853,0.4992980308967305,0.01177828444074347,0.013706763182311343,0.025485047623054813
01bdf4a4-9775-4fc4-9cd5-5470586427c3,0.5666786782345441,0.5550053843824618,0.5540117540756991,0.011673293852082267,0.012666924158844961,0.000993630306762694
01bea838-8e9f-4011-9506-290546aaffa6,0.6862258911728663,0.6862258911728663,0.7868903517167831,0.0,0.10066446054391687,0.10066446054391687
01bec651-9ddd-41b1-b875-6092e3c22c0e,0.6105295991195063,0.6062181837055993,0.43931597948278367,0.004311415413907005,0.17121361963672266,0.16690220422281565
01becb2d-3967-4a35-b226-bf22b4a58235,0.4857274479578347,0.49183841823313346,0.641092691539626,0.006110970275298777,0.15536524358179132,0.14925427330649255
01bef022-774c-4abe-a641-365ca953356f,0.5135295008128486,0.6107957088156785,0.5037119626582384,0.09726620800282981,0.009817538154610284,0.1070837461574401
01bf017a-d57f-456d-8332-349b735dac28,0.7873613046460465,0.8081405355626645,0.7242030409367466,0.02077923091661804,0.06315826370929989,0.08393749462591793
01bf12b2-6609-4482-becd-002b69aea5b3,0.5617279896671453,0.563680409435082,0.5825733370352512,0.0019524197679366972,0.020845347368105838,0.01889292760016914
01bf404b-44ac-4746-9e99-d45aba7135f0,0.2801812494178284,0.24508419303917783,0.7546198555820929,0.03509705637865057,0.4744386061642645,0.509535662542915
01bfe510-3a3c-4f6f-b874-ea0170e62de4,0.46103675548739187,0.5362766791636722,0.6215623147064198,0.0752399236762803,0.1605255592190279,0.0852856355427476
01c04152-bafb-4516-a8c1-d44fd8008a81,0.3539191157889479,0.3417942240329569,0.5687453570818627,0.012124891755991019,0.21482624129291478,0.2269511330489058
01c06646-cf7f-42d1-8ece-82286aa28e4d,0.3432110263100108,0.3432110263100108,0.607346081517949,0.0,0.2641350552079382,0.2641350552079382
01c06c9f-e51f-4a0e-84c9-d95a6c650245,0.5668170104662587,0.5614162212434864,0.7165974626004085,0.0054007892227722065,0.1497804521341498,0.15518124135692202
01c0d7ae-a835-41f7-8ea3-dd8bf57fea21,0.5728377929231592,0.581784504957757,0.6431926137532068,0.008946712034597848,0.07035482083004763,0.06140810879544978
01c16bdf-f1bd-441f-969b-4be5d4ae553c,0.43254932053577955,0.44277658487161087,0.5624693156440826,0.010227264335831321,0.1299199951083031,0.11969273077247178
01c1f8f6-b1b1-4254-be75-7b1fbf6c0a97,0.6448117995722845,0.77443102191551,0.7018138743385421,0.12961922234322554,0.05700207476625763,0.07261714757696791
01c20ced-afbf-4415-8c6a-8cb01494bd7e,0.49109301195437227,0.46823235682107134,0.6798832200391827,0.022860655133300933,0.1887902080848104,0.21165086321811133
01c261a5-0bff-404d-a581-e26eda1433a5,0.38282086058074233,0.3595509025389175,0.5509370727451973,0.0232699580418248,0.168116212164455,0.1913861702062798
01c27113-9898-4212-a097-ac862ba00502,0.22637516048254433,0.2258171914360404,0.2366316022429948,0.0005579690465039311,0.010256441760450458,0.010814410806954389
01c2827b-9b4f-4a6d-b2cd-b73788195117,0.30075447227308083,0.25960214456018044,0.5701811909329899,0.041152327712900394,0.2694267186599091,0.3105790463728095
01c2f7bb-c32a-4718-959a-f68cdfbccfdf,0.5324541842144422,0.5097017653275683,0.4160408857532329,0.02275241888687396,0.11641329846120935,0.09366087957433539
01c34934-de4b-4861-86e2-ea18801ddb92,0.16147367448723773,0.16147367448723773,0.31031669680379237,0.0,0.14884302231655464,0.14884302231655464
01c35f9d-0d97-495d-8e14-c496fe75a689,0.5678351063236109,0.5427470545365888,0.6471871827076021,0.025088051787022114,0.07935207638399122,0.10444012817101334
01c372d8-6dd7-4fd0-bd55-07c7782f2480,0.5809242389653132,0.5809242389653132,0.6274717816407251,0.0,0.046547542675411946,0.046547542675411946
01c3a5b3-9640-4eec-8157-6d5b0d9bdf28,0.2541932551789869,0.20268283224358324,0.5512637550311609,0.051510422935403644,0.297070499852174,0.34858092278757763
01c3db5f-9462-492d-95a0-d9f292e37174,0.611812712760535,0.5599884068741051,0.6672881098185348,0.05182430588642983,0.055475397057999865,0.1072997029444297
01c407ca-d2a9-433e-a776-c269a240c71e,0.3932247683736793,0.41216623283835113,0.7201535839727217,0.01894146446467182,0.32692881559904236,0.30798735113437054
01c42eef-cd54-46be-84cf-946549e2a8f6,0.679229615780457,0.6989971553954831,0.8013302587255331,0.019767539615026086,0.12210064294507605,0.10233310333004997
01c45dd5-5e3f-48ca-8a1a-e528bd0d0e64,0.5017667284289933,0.5017667284289933,0.6302316454682142,0.0,0.12846491703922092,0.12846491703922092
01c4abb0-1531-4987-993b-2183310205a6,0.5439832412053447,0.5809035713635095,0.6610130514449593,0.03692033015816476,0.11702981023961456,0.0801094800814498
01c58fbb-c85f-4ce9-a14f-c5cb0ce6fa47,0.6414579418595326,0.6595768439862051,0.7842511397694457,0.018118902126672443,0.14279319790991307,0.12467429578324063
01c59928-506d-4555-886a-19ff78058765,0.7020810400377061,0.6467986541101682,0.6432549150050006,0.05528238592753787,0.058826125032705456,0.003543739105167587
01c5c686-7504-443e-9864-bd580ede9ebf,0.5306420847393111,0.5843455249536971,0.8250751552020154,0.053703440214386,0.2944330704627043,0.24072963024831828
01c61b49-1e35-424c-9601-4ac1699b39e6,0.08233722887726336,0.1363120993907706,0.19786963775072008,0.053974870513507245,0.11553240887345673,0.06155753835994948
01c639ff-8198-4585-9543-e8a6d574ef25,0.31861418641439293,0.2972859885720804,0.28196182509537915,0.021328197842312546,0.03665236131901378,0.015324163476701236
01c68c35-03aa-49d5-8d69-abcf4fbf3386,0.5643941194698857,0.5816772667674538,0.6328579821771367,0.01728314729756808,0.06846386270725102,0.05118071540968294
01c6a3f3-955f-4ffb-ac76-1c32fa439ad5,0.5772125855316109,0.5655618271859681,0.6918855872962744,0.011650758345642775,0.11467300176466344,0.12632376011030622
01c6f1df-0099-42d4-9b84-6233f813feb1,0.6831511097798723,0.6867037399007218,0.817330999594937,0.003552630120849498,0.1341798898150648,0.1306272596942153
01c7116b-33fc-41fc-9c3d-4eec9d43479b,0.10126066936142014,0.10417396428786986,0.299579147433347,0.0029132949264497193,0.19831847807192687,0.19540518314547717
01c72822-64aa-4a25-a037-5d584a8d8ce2,0.5872272450427994,0.5570268103556149,0.7168761115858746,0.030200434687184585,0.12964886654307517,0.15984930123025975
01c72844-0593-4a4f-8e75-fe1ba5c42eb3,0.06296788840113808,0.050854999547425846,0.13150752654265288,0.012112888853712235,0.0685396381415148,0.08065252699522704
01c72880-e555-4554-b116-92c544261fb5,0.36659559606468073,0.4246509901226807,0.8178726527657043,0.058055394057999976,0.4512770567010236,0.3932216626430236
01c75a39-a567-4601-a366-3657537fd901,0.57590102265363,0.6177241850035671,0.8108311976392677,0.041823162349937104,0.23493017498563773,0.19310701263570063
01c764e2-5ef9-4866-b090-8e31b10a21d7,0.5585628170161707,0.5585628170161707,0.47777399784751107,0.0,0.08078881916865965,0.08078881916865965
01c78a6b-ad26-4915-a782-813e69d9b562,0.6670311985569439,0.4954226982352387,0.7100265270978053,0.17160850032170522,0.04299532854086141,0.21460382886256663
01c7c2f3-1a78-4702-a5fd-36be6811f8f1,0.6392806977767199,0.4172287952376406,0.3540784108739937,0.2220519025390793,0.2852022869027262,0.0631503843636469
01c7c7d9-4e33-44c4-83df-4a2e51d8f354,0.4202778099230256,0.6350069978278824,0.4414580248921905,0.2147291879048568,0.02118021496916489,0.1935489729356919
01c7debd-3dbf-4192-aec6-9f4a7b967dbe,0.40082468729279164,0.40082468729279164,0.4202851804945415,0.0,0.019460493201749862,0.019460493201749862
01c7f77c-fa60-4f5a-8f3f-965bf4e7214d,0.5166321051316172,0.5253962671817672,0.5518484961471193,0.00876416205015007,0.03521639101550211,0.026452228965352043
01c83793-35dc-4026-98a7-37e625d9b1d7,0.6047584729966566,0.8170193984216517,0.808214481161208,0.21226092542499508,0.20345600816455134,0.008804917260443745
01c86088-6848-43b1-8baf-e02d062c1f7c,0.6498312242605255,0.6498312242605255,0.5942449568031998,0.0,0.055586267457325755,0.055586267457325755
01c89331-5edc-4521-881b-f656c4c504e9,0.6909723479807449,0.696219856092756,0.6617752489589157,0.005247508112011134,0.02919709902182921,0.034444607133840344
01c8f471-3cf5-427a-9f39-4b51980e67db,0.5976457444274696,0.5976457444274696,0.7252865541764515,0.0,0.12764080974898184,0.12764080974898184
01c93ccc-7558-4813-8d10-cad32711ea31,0.6003600549368108,0.6003600549368108,0.7313989656979752,0.0,0.13103891076116447,0.13103891076116447
01c93f5a-7a82-4e89-8217-134bde03692e,0.7191668437881404,0.7442742339881508,0.6766088793940028,0.025107390200010404,0.042557964394137615,0.06766535459414802
01c97dde-25d1-4c92-a6b2-e28d93d88232,0.7124770508883731,0.7035991499113395,0.40834144717057785,0.00887790097703356,0.30413560371779524,0.2952577027407617
01c9a856-29ae-4772-b281-c6b6140818fc,0.0954752437531573,0.09639354519060093,0.30066499161460514,0.0009183014374436332,0.20518974786144784,0.2042714464240042
01ca29d5-ab64-4ce5-b718-acbf7d232ade,0.5316160166909545,0.5316160166909545,0.5574108844967706,0.0,0.02579486780581608,0.02579486780581608
01ca4bba-0956-475e-8f29-e20c297699ef,0.6287498030097681,0.55521648423271,0.6617587240421405,0.07353331877705815,0.03300892103237241,0.10654223980943056
01ca5c5b-6667-41a9-bea6-e052bfd2aa1c,0.36504584896547027,0.6702640758039039,0.8462549342404405,0.30521822683843364,0.48120908527497025,0.1759908584365366
01ca7b1e-e0b4-40ce-8883-faeb6b2d56cf,0.5783495945942524,0.5783495945942524,0.8244049348217605,0.0,0.24605534022750808,0.24605534022750808
01cab908-00a9-45a3-ba73-5261507e409a,0.08846962334446402,0.07986674172586421,0.15538119100267855,0.008602881618599817,0.06691156765821453,0.07551444927681435
01cc74cf-4225-4c1f-b042-94d097b923c4,0.607152065531593,0.6073860628578402,0.5265156830016334,0.00023399732624729275,0.08063638252995953,0.08087037985620682
01cca531-aa0f-4273-8ebb-2845f6fb312e,0.705236959830342,0.703126601115881,0.7904830719261436,0.0021103587144609692,0.08524611209580168,0.08735647081026265
01ccdda8-7f47-413f-b4cc-854c689024af,0.4684674865687219,0.49394852263123146,0.5335698641039958,0.025481036062509566,0.06510237753527387,0.039621341472764304
01cce49f-eac7-4067-8c97-ca137f3bf1eb,0.5615649327602352,0.5778726184211028,0.4889446824584976,0.0163076856608676,0.07262025030173763,0.08892793596260523
01cd101d-0866-448f-9eb3-66540fe85029,0.6344162366126694,0.6709416385048409,0.4856294200306541,0.03652540189217146,0.1487868165820153,0.18531221847418677
01cd2e41-f4b1-4c2e-b02b-05d6304ac99f,0.5252553202921451,0.5628726151410132,0.5602143179043046,0.03761729484886811,0.03495899761215959,0.002658297236708518
01cd3220-133c-441b-b77f-4d5de75cbd1f,0.4673066891626311,0.4673066891626311,0.43456109698057394,0.0,0.03274559218205714,0.03274559218205714
01cd4402-8697-474b-9640-06d60b2fdbdc,0.23812442759283656,0.30923500726550895,0.5543405508615264,0.0711105796726724,0.31621612326868986,0.2451055435960175
01cefa95-21cd-43e9-b25d-df8baed5862d,0.7646673673406612,0.7646673673406612,0.8267270872916102,0.0,0.062059719950948944,0.062059719950948944
01cf062a-99fd-4796-a200-a4c87a64b054,0.3545971967396742,0.35317246996340046,0.6130948029921978,0.0014247267762737548,0.25849760625252355,0.2599223330287973
01cf43a2-dcc0-492d-a1aa-711bf99a1f72,0.4919159060662977,0.22762934342897126,0.6475126582216709,0.2642865626373264,0.15559675215537322,0.4198833147926997
01d01d04-c2cd-4759-b133-4264ea67dbb2,0.7193369633555832,0.7280939311926069,0.6775496519723361,0.008756967837023732,0.041787311383247094,0.05054427922027083
01d04068-5678-4c59-99de-87058de6d9f0,0.6217456467614599,0.6946234023641974,0.6739988854580169,0.07287775560273746,0.05225323869655696,0.0206245169061805
01d0cf3d-bb23-4642-8d58-d3820e1dfadc,0.7209997006992311,0.6881810812317625,0.8047008909997762,0.03281861946746867,0.08370119030054501,0.11651980976801368
01d0d9d1-f124-4fba-94e2-e64e3e256139,0.5844152702773948,0.5923491687133927,0.7554865821721086,0.0079338984359979,0.1710713118947138,0.1631374134587159
01d100fd-46b8-4f38-9356-ce91c9386563,0.40660189318755946,0.3543051971458233,0.5951088282951491,0.052296696041736146,0.18850693510758965,0.2408036311493258
01d102e0-1450-46d8-95e9-c935c38c6e91,0.8441639434801943,0.8244902774640053,0.8242651670073975,0.01967366601618903,0.01989877647279681,0.00022511045660777995
01d1192b-1b52-43a1-b1fd-b521e3e68065,0.7250986012555606,0.7344543045366763,0.7723167841176476,0.00935570328111568,0.04721818286208701,0.03786247958097133
01d180c5-7844-4534-a2b9-4e6dc8bb8a2c,0.23547563953544853,0.23547563953544853,0.29419268088035744,0.0,0.058717041344908905,0.058717041344908905
01d19d72-7ddb-4b76-8016-271ff8fe1d05,0.5914269207509956,0.5914269207509956,0.5768401864802468,0.0,0.014586734270748747,0.014586734270748747
01d1fa25-0723-4495-a1f9-2dc5f86e1924,0.5746535746324595,0.594843278127604,0.6245807181905183,0.020189703495144484,0.04992714355805883,0.029737440062914344
01d216a9-e6b2-477b-88c2-1ff9152230d1,0.46533373131140143,0.4717562399059561,0.572352733618265,0.006422508594554677,0.10701900230686356,0.10059649371230889
01d22b1d-48da-4d3d-ac58-5b3a35ec49a7,0.5937613585561942,0.5937613585561942,0.8083881282692871,0.0,0.2146267697130929,0.2146267697130929
01d2a732-06a8-4ba0-9799-f43ff56e44ac,0.21235688433490008,0.21235688433490008,0.5138416629745447,0.0,0.3014847786396446,0.3014847786396446
01d2b31a-eb13-41df-9dce-488fcb44790e,0.5660457185833689,0.5660457185833689,0.5906353734667871,0.0,0.024589654883418133,0.024589654883418133
01d3df89-98b0-44c3-8f77-c8e7a3361d9a,0.581796783919876,0.581796783919876,0.47838617666325,0.0,0.10341060725662599,0.10341060725662599
01d3eabb-d318-461d-a5f2-ed85ba17dc89,0.6280012519536063,0.39749602435988857,0.2074638875600869,0.23050522759371778,0.4205373643935194,0.19003213679980166
01d42ae1-21ca-4225-b253-014396a85fcf,0.625445972362853,0.6161538397071511,0.7050253101940948,0.009292132655701946,0.07957933783124171,0.08887147048694366
01d42ce6-e406-4af8-972a-42fef07cf17a,0.6184281915535869,0.6360540670110916,0.6189096492476521,0.017625875457504714,0.00048145769406526817,0.017144417763439446
01d442c2-aa86-4975-967a-72ef9935c7eb,0.6516249338881807,0.6469971838895566,0.7576961520464746,0.004627749998624031,0.1060712181582939,0.11069896815691793
01d45959-64a7-462a-81be-b24646c995f7,0.8436107907129409,0.5631560482099002,0.9496717105531717,0.2804547425030407,0.1060609198402308,0.3865156623432715
01d4dee7-2731-4f55-ad72-243b4b021582,0.5243351215273434,0.5243351215273434,0.6819548386345459,0.0,0.15761971710720246,0.15761971710720246
01d52114-4048-4954-9399-01ecf73347bf,0.7775069174100155,0.7641619292072377,0.7610217728052053,0.013344988202777852,0.01648514460481021,0.003140156402032357
01d54150-8a56-44d8-b014-c6d066c59206,0.5595880406946503,0.582223032287572,0.6200787859603476,0.022634991592921705,0.06049074526569731,0.037855753672775605
01d5684f-2d8a-45dc-9c50-6fb156fef0a7,0.6443252109079197,0.6632677237794778,0.586332392232078,0.018942512871558126,0.05799281867584172,0.07693533154739984
01d5728a-c80a-4772-a04a-94b91ec6f830,0.4280584393144717,0.4685311515722102,0.5977877387584749,0.04047271225773852,0.16972929944400322,0.1292565871862647
01d57b1d-7017-43be-85f4-4a2c99ccf1c3,0.5640719046792677,0.5854864719752199,0.5122890859746781,0.021414567295952147,0.05178281870458956,0.07319738600054171
01d5c52a-e89b-485e-a2a9-a73b79c4eafc,0.08963523995131405,0.09356999427525807,0.23796616217948244,0.003934754323944023,0.1483309222281684,0.14439616790422438
01d5f0d8-1a6b-4e8d-8a9a-66b65a935471,0.341270612200386,0.3135520883948346,0.34114026822453775,0.0277185238055514,0.0001303439758482683,0.02758817982970313
01d64076-1686-46e5-aca7-acade4ec67c3,0.5198301064302455,0.4966573591440056,0.4511438922338313,0.023172747286239914,0.06868621419641424,0.04551346691017433
01d6ab15-7d76-4ff1-9420-fa39da287785,0.3410151243053041,0.37408430533417986,0.8628761909932453,0.03306918102887574,0.5218610666879412,0.48879188565906545
01d6ace8-d511-4d0f-af1b-b8f0976f4d4e,0.28198941725449794,0.4537155143404257,0.66405278016452,0.17172609708592773,0.382063362910022,0.2103372658240943
01d6e187-ed14-4ca4-8e83-323da83c6f63,0.454545162867573,0.46461039586127717,0.6810678470827358,0.010065232993704154,0.2265226842151628,0.21645745122145865
01d7d7dc-9ca3-4d9a-a789-38939878941f,0.2231454994201659,0.2373899742181213,0.21112686543274375,0.014244474797955403,0.012018633987422145,0.026263108785377548
01d7e66f-25ba-441b-9fe7-004a9660348c,0.5092240207015288,0.5092240207015288,0.5372490620121481,0.0,0.028025041310619225,0.028025041310619225
01d7e852-ab90-4600-a23e-b64a0c730d43,0.7014156211481299,0.6917568598600662,0.529798801837403,0.009658761288063755,0.17161681931072692,0.16195805802266316
01d7fd5f-b50a-4b2d-8b8c-e2ce4fe6fee0,0.739354691082387,0.6274005730462371,0.7908759204958409,0.11195411803614996,0.05152122941345383,0.1634753474496038
01d8bf84-0d05-49b7-bd70-6d5daec3a2f1,0.25323627900894896,0.36363104286747516,0.26306630274813536,0.1103947638585262,0.0098300237391864,0.1005647401193398
01d8cb40-f645-42bc-a839-154906bfde39,0.34640982383992247,0.33286007732803774,0.428882898545445,0.01354974651188473,0.08247307470552251,0.09602282121740724
01d8db3d-ebb1-431c-9c88-c13dcaa4d474,0.6966529458388465,0.7740616118344966,0.6887159784021581,0.0774086659956501,0.007936967436688369,0.08534563343233847
01d91701-da50-432a-bfd9-dbc8fa349329,0.4707813370745686,0.4962125000894938,0.4421553791571043,0.025431163014925207,0.028625957917464306,0.05405712093238951
01d94642-85e3-4ed3-aeed-b36f81d1149c,0.7480506261978872,0.7326107226450141,0.8028703290562405,0.015439903552873058,0.05481970285835325,0.0702596064112263
01d990b8-a631-43cc-8081-8eda6ce8fb50,0.6220880914066068,0.6220880914066068,0.777555294729842,0.0,0.15546720332323516,0.15546720332323516
01d9a49b-3fa0-4d8e-a426-0d37abcd84fd,0.607994161398185,0.607994161398185,0.5751985265593577,0.0,0.0327956348388273,0.0327956348388273
01d9b0ce-3155-49de-9448-642616de4aeb,0.20836049128008874,0.20836049128008874,0.45132185009265413,0.0,0.2429613588125654,0.2429613588125654
01da0d08-93a8-4eef-99b1-2b8643e78632,0.31585990848413587,0.3738860285664557,0.5811563757634414,0.05802612008231983,0.2652964672793055,0.20727034719698567
01da8ddc-1608-4c17-a0e9-619b9bde86dc,0.5273130424603034,0.5959296621533021,0.38454257930128305,0.0686166196929987,0.14277046315902037,0.21138708285201907
01dacb94-2b80-4dcb-97f3-a9a7a7307fde,0.4352726613303405,0.41319918131435635,0.47318703671370566,0.022073480015984137,0.03791437538336517,0.05998785539934931
01dad322-e96b-458e-975f-e43209f2dcea,0.3864204142262748,0.3069276863148209,0.3795594369768375,0.0794927279114539,0.0068609772494372945,0.0726317506620166
01dadf89-aab4-4762-a24d-2d4b64a8980b,0.47121250506881796,0.4808933289512461,0.6184724267324238,0.009680823882428136,0.1472599216636058,0.13757909778117766
01dae41f-4386-40b8-8d44-5e44a37da2be,0.5057205689843002,0.5612415978185418,0.6273933969292573,0.05552102883424159,0.12167282794495715,0.06615179911071556
01db2a14-dc65-4c78-90aa-d1eef96de999,0.8242481032985197,0.830840159472015,0.8606716840333115,0.006592056173495231,0.036423580734791794,0.029831524561296563
01dc0dc7-6c3c-4d20-895b-53ad25753e42,0.20887331072407223,0.20887331072407223,0.22603213118928397,0.0,0.01715882046521175,0.01715882046521175
01dc2c18-c620-4dcf-954c-233557ac70df,0.30228785626483856,0.30228785626483856,0.7037723689099734,0.0,0.40148451264513485,0.40148451264513485
01dc84a3-3146-40d2-91e9-3638f3b9b68e,0.054878620629018875,0.03660896289825041,0.1252357518458093,0.01826965773076846,0.07035713121679041,0.08862678894755888
01dcc0eb-e775-430a-875c-bcda8b745dcf,0.5478324444718109,0.5440951763421729,0.5143851519963416,0.0037372681296380383,0.03344729247546929,0.029710024345831254
01dcc8c9-86aa-4921-b443-c37875dbaf2e,0.38479930654624894,0.40014912298478983,0.43022315906108066,0.015349816438540886,0.04542385251483172,0.030074036076290833
01dd0bc9-dc45-4c17-9b5c-ab8e7b666a93,0.3688957003549466,0.3564747240727618,0.3338856580267508,0.012420976282184804,0.03501004232819582,0.02258906604601102
01dd3a01-a8ba-48c7-8c8c-22d8b05ac90b,0.9583982718501436,0.8895843907230907,0.9508717392974965,0.06881388112705289,0.007526532552647125,0.061287348574405764
01dda595-6c2b-40b5-9b1f-6368915e351e,0.6711230091587053,0.6711230091587053,0.7468193952576343,0.0,0.07569638609892904,0.07569638609892904
01ddc6b9-6555-4856-b7cb-cb1c197ed3b7,0.45949229622529764,0.42495301015148873,0.6988591445461512,0.034539286073808906,0.23936684832085353,0.27390613439466244
01dddcb2-1714-4ccc-af5e-acadf5a58cc0,0.5993412446587577,0.7584970018832644,0.9097283988118969,0.1591557572245067,0.3103871541531392,0.15123139692863252
01dde0d9-267a-4d20-8bac-532b0d209fc7,0.43078294015746454,0.7918620040498765,0.871046733455029,0.36107906389241196,0.4402637932975645,0.07918472940515253
01de3d1b-5f16-43dd-8585-51b5999fa300,0.4203480940605159,0.4205402298510075,0.6469838835743307,0.0001921357904915988,0.2266357895138148,0.2264436537233232
01de4e07-83a9-4bd8-8b6b-26436a27a4dc,0.4929282148465784,0.49515429185679993,0.5024561928100252,0.002226077010221539,0.009527977963446788,0.007301900953225249
01de9f96-2f1c-4218-bb5c-270e5180ff03,0.39268235783830097,0.5518346448055473,0.8303334567467983,0.15915228696724637,0.4376510989084973,0.2784988119412509
01dee5cf-0218-4efc-899c-67a913869a82,0.4696832449269352,0.45932898593635363,0.5623440678197972,0.010354258990581566,0.09266082289286198,0.10301508188344355
01df1e2d-dc9f-4a7b-81f7-8146be546cf8,0.3667535349099187,0.34875362561239537,0.4472062777479626,0.01799990929752332,0.08045274283804393,0.09845265213556725
01df2acf-b64a-4e83-8305-46f1bcb113ea,0.17309295437286723,0.1881619794866352,0.17309295437286723,0.015069025113767981,0.0,0.015069025113767981
01df6793-d518-40e5-9524-567fc8885e46,0.6412438747939786,0.7005204789924423,0.6994994056775515,0.0592766041984637,0.05825553088357294,0.0010210733148907636
01df7ced-33c1-42cc-a6c9-fb5453cf62b8,0.6476520407333003,0.6476520407333003,0.5680974607665019,0.0,0.07955457996679838,0.07955457996679838
01dfa9d1-349c-4120-bb4c-71531ac8f67c,0.7263712998235717,0.7255547033407501,0.8881022154362048,0.0008165964828216188,0.16173091561263309,0.1625475120954547
01dfb6a9-8766-4552-bd75-7fbdf31576ee,0.5486431216029174,0.33086449497315595,0.7395476088173739,0.21777862662976144,0.19090448721445652,0.40868311384421796
01dfc87a-72b1-43c4-b603-ba48bcc59cfb,0.8802291953667913,0.7740599335847743,0.939522780023387,0.10616926178201702,0.05929358465659562,0.16546284643861264
01dfedaf-469c-4beb-b4e0-3e51aed96ecc,0.7385841149766971,0.726977967424755,0.6413913563461422,0.011606147551942114,0.09719275863055488,0.08558661107861276
01e0673b-4f46-49d1-b1ad-5e3aa0b73d93,0.5171224934809948,0.46809202436193087,0.5838656290889618,0.049030469119063946,0.06674313560796696,0.11577360472703091
01e0b909-495b-4f77-87a2-f9c90700597c,0.5135293103747961,0.7300339058582466,0.5778446854718133,0.21650459548345047,0.06431537509701724,0.15218922038643323
01e0eb97-92b8-45dc-a1a8-1a19bac92c14,0.2003373984804713,0.19467500819661293,0.2495644157198567,0.005662390283858371,0.04922701723938541,0.05488940752324378
01e1096d-8cea-45fc-afa8-e9a8d2d63f31,0.9124423458480846,0.898602749210215,0.7714521531513686,0.0138395966378696,0.14099019269671598,0.12715059605884638
01e1373f-8b5e-4743-8b14-64702ed0f5ed,0.4077560452118536,0.4077560452118536,0.7323876826643778,0.0,0.3246316374525242,0.3246316374525242
01e14795-9dcd-47c9-8daa-72b799a9c333,0.770752740142064,0.7701932445509566,0.5567842352998218,0.0005594955911073507,0.21396850484224217,0.21340900925113482
01e19056-503e-48b2-afc4-48d533c5d4fe,0.45089708192442324,0.45980904856065075,0.48600359075262123,0.008911966636227509,0.03510650882819799,0.026194542191970482
01e20bec-0991-4a1b-a3af-9c4ac40d39ac,0.5125635735200498,0.5156035237858939,0.5224954015131397,0.003039950265844138,0.009931827993089892,0.006891877727245754
01e216d0-193d-40c3-9085-3c51377a1ec6,0.4970692447226966,0.5060154514491854,0.7292844457383408,0.00894620672648877,0.23221520101564425,0.22326899428915548
01e23e05-453f-4143-9976-bc45ab3d99fd,0.5762746423507834,0.5762746423507834,0.853703802122773,0.0,0.27742915977198956,0.27742915977198956
01e2582d-cb5f-4642-a066-9af2d5fb9575,0.35884199525507177,0.3217303308693179,0.6970707384152856,0.03711166438575386,0.3382287431602138,0.37534040754596765
01e259f4-0324-4308-b47a-ffb644887d7b,0.27755634545185526,0.26281532548924796,0.30033180565162626,0.014741019962607294,0.022775460199771003,0.037516480162378296
01e26549-855d-4b28-b6a8-c71634f9a949,0.3663469318247234,0.36714742597944305,0.5356047499546629,0.0008004941547196665,0.1692578181299395,0.16845732397521984
01e26a27-6847-45e5-9b40-7b7a12807b5b,0.8003917876220162,0.6053747355645996,0.8597801925706846,0.1950170520574166,0.05938840494866837,0.25440545700608497
01e292fa-00e7-4766-8431-3ac034d5c507,0.4835921368756162,0.4627515926018084,0.48364714162294326,0.02084054427380777,5.5004747327058734e-05,0.02089554902113483
01e29951-beb6-4a2f-94bb-0663cf235c2d,0.5282633172258542,0.5282633172258542,0.5308891882776073,0.0,0.002625871051753159,0.002625871051753159
01e3974c-5d1e-4732-bf4b-9f920ccca619,0.8205722778005642,0.8493063691316862,0.8097124979439853,0.028734091331122036,0.010859779856578933,0.03959387118770097
01e3d322-f927-45ee-83fa-2544a68fb1f4,0.8889949579297275,0.884326054878956,0.8892796340463583,0.0046689030507715,0.00028467611663085535,0.0049535791674023555
01e3e945-af64-4769-9430-fe239704710e,0.4252746190324933,0.4329385264510889,0.8259832505987776,0.0076639074185955725,0.40070863156628433,0.39304472414768876
01e3e94c-5c55-4a9a-9a50-b3844c6a6cda,0.6395448714645623,0.5262722917520816,0.5132366014793387,0.11327257971248073,0.1263082699852236,0.013035690272742873
01e43cea-8420-4114-90bd-4c1a78ba4e29,0.5742174509433955,0.5451806427684388,0.480479956190736,0.029036808174956685,0.09373749475265947,0.06470068657770278
01e44cc3-a9e1-402e-a95e-93af5c600023,0.5296660322610421,0.5201176061213258,0.5177692094008717,0.009548426139716293,0.011896822860170464,0.002348396720454171
01e463a7-9480-4d6a-8952-ec935c784b2d,0.6167315469320721,0.6030840147010877,0.5667720097013962,0.01364753223098436,0.04995953723067592,0.03631200499969156
01e48e6f-fb76-4600-8988-eb1546f7147c,0.6455699052616314,0.6455699052616314,0.5671156260767567,0.0,0.07845427918487469,0.07845427918487469
01e4b2bf-8b5e-471b-8148-f9c9df085726,0.5537641846451153,0.5957626101472054,0.5545725062392515,0.0419984255020901,0.0008083215941361299,0.04119010390795397
01e4ecc9-99d3-4ae7-9c1f-0018f057dbe4,0.5528998610744917,0.5590233523087311,0.56322412662941,0.006123491234239387,0.010324265554918277,0.0042007743206788906
01e4eef1-e80b-409c-99f9-0a858731a108,0.46251735288186213,0.45095871448324126,0.5011383303502961,0.011558638398620869,0.03862097746843396,0.05017961586705483
01e4fd22-fda7-43dc-a3ed-b70679be2a79,0.7705843710329615,0.6220399015710344,0.8652218857522852,0.14854446946192712,0.09463751471932369,0.2431819841812508
01e50f3a-5f4d-4e5a-8714-21ef5d8d7e5c,0.4519986971823424,0.48893185858412946,0.559931348575121,0.03693316140178704,0.10793265139277852,0.07099948999099148
01e52080-ed6c-43c7-b9bb-0bae8a0440c3,0.4722095074240852,0.4675687574667747,0.5402305124316206,0.004640749957310508,0.06802100500753538,0.07266175496484589
01e52bd4-689d-4310-b2af-72e2b19b8001,0.4336432671617472,0.45168924305885455,0.48052045038771546,0.018045975897107325,0.04687718322596823,0.02883120732886091
01e54053-4d7b-4966-9355-00ab1b4e69e0,0.8333659148765667,0.7667264994263544,0.8513495986591278,0.06663941545021235,0.0179836837825611,0.08462309923277345
01e54749-cce5-4a25-9429-95ef0a2211c7,0.15167821556155703,0.619112922985409,0.917747981350856,0.46743470742385196,0.766069765789299,0.298635058365447
01e55680-af29-4eb9-98fb-c4308156e743,0.6610301572835326,0.6610301572835326,0.8279783048623465,0.0,0.16694814757881382,0.16694814757881382
01e5aaf3-fddf-40b7-aafb-683b98f0ae1f,0.49434253121864435,0.49434253121864435,0.5472032800258815,0.0,0.05286074880723712,0.05286074880723712
01e5ae11-8658-427b-b927-8920a4478957,0.5898372634852834,0.5686044386187208,0.703709875171789,0.02123282486656264,0.11387261168650553,0.13510543655306817
01e5ae82-62dd-4838-a188-ceada14a75ed,0.48804716159137757,0.5068611282905088,0.8385270966158207,0.018813966699131213,0.35047993502444313,0.3316659683253119
01e5cef9-bec0-4332-bcce-7ba1ccde76fa,0.5206541761436853,0.5130600544639895,0.6896956112583069,0.007594121679695753,0.16904143511462166,0.17663555679431742
01e633ed-399d-4248-a84e-b5b277fe20da,0.1550352679388398,0.1532902551900777,0.2457974455602814,0.0017450127487620981,0.09076217762144162,0.09250719037020372
01e69c03-19bc-4daf-959b-e31f6db7b107,0.0767908128486762,0.07217715905924063,0.16224751212463603,0.004613653789435568,0.08545669927595984,0.0900703530653954
01e6ee56-165c-4abc-80c8-52dc0b92dacc,0.4219692312186375,0.409444251661663,0.4026072285609887,0.012524979556974514,0.019362002657648814,0.0068370231006743
01e74f32-2ee1-4304-aa1f-2fd5e2ee6ce3,0.2793568321945712,0.2890099205562659,0.484937015140919,0.009653088361694706,0.20558018294634783,0.19592709458465313
01e8001f-46bd-45c7-af3c-d514538b8cc0,0.582849946602255,0.7358678086977604,0.9296484028193117,0.15301786209550539,0.34679845621705674,0.19378059412155135
01e815b3-102e-4787-9c60-e59ce9dad1ec,0.32324394604779993,0.15193527058056866,0.45558140496971666,0.17130867546723128,0.13233745892191673,0.303646134389148
01e821a2-7b99-480c-ae82-0c4ee92c2bc4,0.7082048114904296,0.7068719505411307,0.5362048649630489,0.001332860949298853,0.1719999465273807,0.17066708557808186
01e8620e-4262-4fac-bf8c-d2c8ff8b1760,0.6494107483510593,0.6406806015990831,0.5291483074416024,0.008730146751976142,0.12026244090945692,0.11153229415748078
01e886e5-5df3-4493-bbf9-d2c32577b011,0.5710362239321182,0.7981508852780513,0.8275518005337104,0.22711466134593317,0.2565155766015922,0.02940091525565902
01e906d9-00e7-4329-89ff-343e2fa29868,0.6707976589883942,0.5458493171631175,0.6930244478876494,0.1249483418252767,0.022226788899255223,0.14717513072453192
01e9242d-7b23-4d92-9995-3f8a8b83ca5e,0.2831454337462707,0.27170983577827457,0.39360955045890195,0.011435597967996147,0.11046411671263123,0.12189971468062738
01e95337-e0c1-46b9-be3c-ac5e84b47cc4,0.5451334018302136,0.5327640494051604,0.4801877268336479,0.012369352425053215,0.06494567499656573,0.05257632257151251
01e973c3-f389-4600-afb4-ad3f9b292135,0.9150379408348732,0.9224561918355599,0.7797016818168847,0.007418251000686715,0.1353362590179885,0.14275451001867523
01e9b19e-df45-434f-87ce-02cf5217d785,0.5831030671438834,0.6245380257244495,0.7124647831069274,0.04143495858056612,0.12936171596304402,0.0879267573824779
01e9e8b6-511a-4aa1-98f7-4f15642d736e,0.3905080130653619,0.3927731338591479,0.6475064889333194,0.0022651207937859907,0.2569984758679575,0.2547333550741715
01ea1033-6708-40ff-8b8c-7510390200ef,0.43509182728316337,0.3899756987706474,0.6198606553003215,0.04511612851251595,0.18476882801715816,0.2298849565296741
01ea574b-2e7f-4e5e-b08c-39e4383979e9,0.7922907261111428,0.8208457375657807,0.8117502953493565,0.028555011454637902,0.01945956923821368,0.009095442216424221
01ea8026-577c-46de-8603-b3190a5ca1ea,0.37815225767743493,0.2510999448544576,0.2579468543123283,0.12705231282297735,0.12020540336510666,0.006846909457870698
01ea8946-ba2e-49a9-ac48-2e2142fa51a4,0.5452952146690477,0.5452952146690477,0.6017371485725154,0.0,0.056441933903467634,0.056441933903467634
01eaff85-c634-4099-839d-6a7f5cac5902,0.29407250646031546,0.29407250646031546,0.4781757381586172,0.0,0.18410323169830173,0.18410323169830173
01eb34fa-4573-43ad-8e1c-2a6d043e5992,0.47515337213973585,0.6094717609240313,0.5817574590120844,0.13431838878429547,0.10660408687234857,0.027714301911946904
01ebd76f-e492-4b07-a6b3-3bbab905926a,0.567635807951341,0.5181296953548141,0.6620962127720074,0.04950611259652693,0.09446040482066631,0.14396651741719324
01ec14ff-42c0-4bfe-966a-72cc2c066bc6,0.025919770188096086,0.025919770188096086,0.09157220751878167,0.0,0.06565243733068558,0.06565243733068558
01ecdd2c-cb59-47d1-8861-773d68d3698b,0.6794107103396263,0.7427691462603244,0.7113699417159537,0.06335843592069812,0.03195923137632739,0.03139920454437073
01ed0cbc-3d4e-48df-aae7-04a492e21d85,0.4345875938744398,0.4345875938744398,0.49498814539398867,0.0,0.06040055151954887,0.06040055151954887
01ed636c-d281-467a-9f11-481c9ca31038,0.7543053236697752,0.6543616311940298,0.7774299741673525,0.09994369247574542,0.02312465049757728,0.1230683429733227
01edc691-4065-416f-b131-93860a074b6b,0.34695413798312846,0.3186372378801944,0.4001155415459412,0.028316900102934084,0.05316140356281274,0.08147830366574682
01edc79a-5532-489a-a344-54f501c2b918,0.38917844082951936,0.39450315874081804,0.42256938269344146,0.005324717911298682,0.03339094186392211,0.028066223952623426
01ede51a-ffbf-47df-9e35-9c91a61736c0,0.7157983700641587,0.7379156039879501,0.739348967590039,0.02211723392379139,0.02355059752588029,0.0014333636020888996
01ee25b0-a97c-4b1b-8391-42d3ffe3391c,0.7338275116388692,0.7338275116388692,0.7251814252236665,0.0,0.008646086415202703,0.008646086415202703
01ee7b0c-516f-4fd5-8e76-111901befad5,0.4976724015788594,0.4976724015788594,0.573851278339228,0.0,0.07617887676036861,0.07617887676036861
01ee9c79-60d6-47f1-ba36-e91b0e1728d9,0.2720485441959249,0.3838164173925327,0.4193679821904273,0.1117678731966078,0.14731943799450242,0.03555156479789462
01eebf0f-b138-460f-8469-d5fca274093a,0.4532737881678198,0.4532737881678198,0.5926758157470501,0.0,0.13940202757923026,0.13940202757923026
01eed244-5548-4567-8362-488f2e665368,0.5378579234190551,0.5517594113337918,0.682647673863996,0.013901487914736665,0.1447897504449409,0.13088826253020425
01ef4547-72cb-414e-900f-49219270afb2,0.546949320529077,0.5913150569612529,0.6872981761086318,0.044365736432175895,0.1403488555795548,0.09598311914737889
01efb1c3-537c-4133-a7df-a0765e8a1b3e,0.4158740065754748,0.3953325340774582,0.3343527550898736,0.020541472498016577,0.08152125148560119,0.06097977898758461
01efb4a3-6311-4c08-9370-a5944053fe52,0.6665308795802515,0.6937993966647857,0.7479850170660889,0.02726851708453426,0.08145413748583741,0.05418562040130315
01efbcb6-e699-49c3-bfa6-d6ee1e8e0877,0.31507137753952025,0.31532912155666193,0.6528195077453264,0.00025774401714168116,0.33774813020580613,0.33749038618866445
01efbf91-dfc0-4f17-9423-d115ad849ded,0.578599123587336,0.6068959073680962,0.6560002828794174,0.02829678378076017,0.07740115929208136,0.049104375511321185
01eff97d-ef3b-493e-99e9-ac76a6777989,0.09742533481233574,0.09742533481233574,0.46469211412328726,0.0,0.36726677931095153,0.36726677931095153
01f03907-ac3d-4bc9-bf5d-c52ba4bcdf2d,0.5517716967494407,0.5497849745250055,0.5497849745250055,0.001986722224435189,0.001986722224435189,0.0
01f070d1-c80c-440e-a798-801585c8c862,0.49953101460314975,0.4473537273241431,0.6387077701696758,0.05217728727900667,0.1391767555665261,0.19135404284553276
01f0718f-ea66-4cb6-9612-7499f54a5bb1,0.3937391688302308,0.39450207665982157,0.39450207665982157,0.0007629078295907643,0.0007629078295907643,0.0
01f07f40-abc9-4fc7-8d11-5623767929e8,0.2621426309161713,0.2621426309161713,0.34406404202333746,0.0,0.08192141110716616,0.08192141110716616
01f092c3-d72b-4b97-87a9-e5c980460804,0.44248422644133045,0.4379609073556053,0.3469714022842978,0.004523319085725175,0.09551282415703266,0.09098950507130749
01f0c496-ae42-47c7-b4c1-7ceb88f795f1,0.4047622976917633,0.32015677608962756,0.32025299714876865,0.08460552160213575,0.08450930054299466,9.622105914108836e-05
01f0c959-6881-470f-9955-0ba5f9a35c95,0.5842821058026609,0.670186135056732,0.6871764499953105,0.08590402925407103,0.10289434419264953,0.0169903149385785
01f0f499-c7ab-4d8b-a60a-7457a94c4bc5,0.578175974854602,0.5367272220059129,0.5913259890920803,0.0414487528486891,0.013150014237478302,0.0545987670861674
01f12a00-4add-47ae-9835-f67c6092e85d,0.40550133090622764,0.3611411156389229,0.3569074696303623,0.044360215267304715,0.04859386127586535,0.004233646008560632
01f138b5-651c-4066-90f6-1b3d89e6b539,0.3146354239327126,0.3146354239327126,0.31127018586566396,0.0,0.003365238067048637,0.003365238067048637
01f1c68f-fb7f-4ead-826c-f7913d6d0494,0.3393721571649978,0.3777383851325721,0.5169447845511467,0.03836622796757427,0.17757262738614887,0.1392063994185746
01f1e4d8-6344-410c-8c30-f71269361335,0.7464666303278907,0.6859297546818207,0.7419402701693059,0.06053687564607002,0.0045263601585848745,0.056010515487485146
01f2615c-2b26-483e-99ae-f66fcb8f6458,0.4459761297916567,0.6081462901708642,0.9643005936323095,0.1621701603792075,0.5183244638406528,0.3561543034614453
01f2761d-e00a-4a2d-89ad-4d071761751d,0.5232062117434757,0.5538807575254819,0.5805464234059335,0.030674545782006235,0.05734021166245784,0.026665665880451606
01f2a491-d33c-4493-8cf7-bc1bfcc3c42c,0.7513806420702509,0.7878192877947495,0.8565500053137699,0.03643864572449862,0.105169363243519,0.06873071751902038
01f30699-b4b7-41c0-9234-06545437e285,0.495255007083198,0.495255007083198,0.49729234436965075,0.0,0.0020373372864527783,0.0020373372864527783
01f33ab3-87e1-4fa1-994a-f6612d015d12,0.40207808206932255,0.39778949091387267,0.4813355662394955,0.0042885911554498835,0.07925748417017298,0.08354607532562286
01f4a64c-ba9b-4e7b-a85d-e5d4295e76c2,0.29939593080892035,0.29767782540288057,0.3681734888248109,0.0017181054060397827,0.06877755801589053,0.07049566342193031
01f4bf11-5cc2-44c2-b884-dfd6adf96d1a,0.23302307283041607,0.23770960284021198,0.23800558324206345,0.004686530009795908,0.004982510411647378,0.00029598040185147
01f4cca9-241b-4d6e-b33f-bbda91864dac,0.24292760718018164,0.3160251694656081,0.45015509206483084,0.07309756228542647,0.2072274848846492,0.13412992259922274
01f60552-4df9-4e5d-ba2a-e7383855ff76,0.3796966189184061,0.3840789063495775,0.3840789063495775,0.004382287431171361,0.004382287431171361,0.0
01f60a34-21af-4024-9f24-445adf1da0f1,0.21223451784157835,0.37074969957319975,0.6588265657320461,0.1585151817316214,0.4465920478904678,0.28807686615884637
01f64882-a7f8-4df1-a84f-fe5c3869dd39,0.4653529454589007,0.3677818513869941,0.3334814360182114,0.09757109407190662,0.13187150944068932,0.0343004153687827
01f6742c-5018-43a2-9760-47ab13ad4b51,0.3442711264012709,0.3550996303168301,0.6363429192989078,0.010828503915559229,0.29207179289763696,0.28124328898207773
01f685a6-0df2-4055-aa84-e405e2c29102,0.6353005905784921,0.6177491234034636,0.6733812597905582,0.017551467175028534,0.0380806692120661,0.05563213638709463
01f6869b-4908-4f7e-b2af-2712e80ffdd1,0.17851969798565584,0.17851969798565584,0.3641275307445274,0.0,0.18560783275887158,0.18560783275887158
01f6b104-ebd1-4ac4-87bf-436d2946de2d,0.6574224154306979,0.6512928089856376,0.625221725557625,0.006129606445060332,0.032200689873072896,0.026071083428012565
01f6ea22-cd7d-4bb5-ac41-9e53379b0502,0.452265597606819,0.4632496387302463,0.5565959573505707,0.010984041123427324,0.10433035974375165,0.09334631862032433
01f72652-1b4c-4e34-9f3c-06b5d32ebd40,0.22542968065539998,0.202048402017653,0.7958975557586839,0.02338127863774697,0.5704678751032839,0.5938491537410309
01f75ebd-0afa-4d1c-961c-64cf4032eac5,0.7284616612983272,0.8069889512581367,0.8928954750007065,0.07852728995980951,0.1644338137023793,0.0859065237425698
01f76109-97e5-4f87-9f7c-c45bc73ae4d7,0.4152773850600448,0.3268021472681243,0.41430379309107,0.08847523779192051,0.0009735919689747852,0.08750164582294573
01f7cbab-e988-4ee7-bce5-c21c2c56fa93,0.4388012495013643,0.4388012495013643,0.4138828479697184,0.0,0.024918401531645873,0.024918401531645873
01f80845-3399-4013-bef7-c7fdc5afb2dc,0.4438478295691901,0.4438478295691901,0.5823805246438385,0.0,0.13853269507464838,0.13853269507464838
01f80989-c6df-4c73-a745-8a52cc128221,0.5848985957354418,0.5961314018331342,0.4699265342161718,0.011232806097692394,0.11497206151926997,0.12620486761696237
01f81f22-6519-41a0-8669-82ec15bf97c3,0.36386447186127563,0.44726819113759103,0.6141435200261951,0.0834037192763154,0.25027904816491947,0.16687532888860407
01f88da2-1132-46da-8cc7-41d86129fd32,0.3331918809376955,0.3331918809376955,0.5173107829816328,0.0,0.18411890204393733,0.18411890204393733
01f8c90c-07e4-4ad4-8d60-538b985bfdf9,0.9281170203212274,0.8708503760419012,0.9218105314473704,0.05726664427932626,0.006306488873857097,0.050960155405469165
01f90109-d9ff-4883-8490-c68a16d99fe2,0.6727606845625766,0.6860098112381852,0.6421561677044239,0.013249126675608514,0.030604516858152797,0.04385364353376131
01f91e52-9b05-4016-a1f7-9a3769b86902,0.7806321030344989,0.767250915993242,0.7963723014844548,0.013381187041256903,0.01574019844995589,0.029121385491212792
01f9246c-2799-46c0-9890-c4d790aadda3,0.4964390360888651,0.18682072749529738,0.18660421789102943,0.3096183085935677,0.30983481819783565,0.00021650960426794486
01f95614-db60-4702-9ca5-d49422389660,0.5640645532923781,0.5734097898632355,0.48051423948450595,0.009345236570857396,0.0835503138078722,0.0928955503787296
01f99d9a-dbf2-4b70-b3a5-e4fd09a799e5,0.7640993053910569,0.7744338707448172,0.8682644831081758,0.010334565353760317,0.10416517771711897,0.09383061236335866
01f9c212-a916-43f5-aadd-dd8bc63c42a5,0.628594099597671,0.6122055110236808,0.5934475169275236,0.01638858857399017,0.035146582670147364,0.018757994096157193
01f9e02e-f952-458f-91cb-412fa913065c,0.4062667380041655,0.4319092011566158,0.5188496968183809,0.02564246315245028,0.11258295881421537,0.0869404956617651
01fa682e-bf0a-4fdb-b4be-d96cc4939b83,0.5801746046155521,0.5801746046155521,0.6447616646432017,0.0,0.06458706002764958,0.06458706002764958
01fae280-91f2-424e-abf8-f451a7977711,0.40768950337876575,0.40346960834077544,0.5352871755657477,0.004219895037990307,0.12759767218698193,0.13181756722497223
01fb07ae-c00e-46d1-be91-1ddf8036bd1e,0.7719681835672224,0.7719681835672224,0.8067814251239284,0.0,0.034813241556705954,0.034813241556705954
01fb0ad1-ba7b-4074-a3d4-e4a6bc4cea65,0.3334415292582741,0.3178782753111942,0.40947516794960614,0.015563253947079858,0.07603363869133206,0.09159689263841192
01fb85e5-8027-4f1a-9ca7-c98f543087d4,0.3850651073603982,0.3893484836446068,0.5334284736973154,0.0042833762842086065,0.1483633663369172,0.1440799900527086
01fc2a5a-9834-4b73-a8db-3d2b4fbc720b,0.12288340870752423,0.12218538513931794,0.17443043891657398,0.0006980235682062935,0.05154703020904974,0.05224505377725604
01fcadab-36e1-4e3f-92f5-529bd20704e9,0.3070180886355415,0.3010024043081532,0.47221574302168345,0.006015684327388249,0.16519765438614198,0.17121333871353023
01fce860-676c-4f14-9aa7-2b3e4c8d015d,0.43426499476429065,0.45259677120912084,0.5283522060135795,0.018331776444830195,0.09408721124928882,0.07575543480445862
01fd111e-169f-4ead-a0cf-0815e43d138d,0.4148565873484616,0.4148565873484616,0.44702869941360474,0.0,0.032172112065143144,0.032172112065143144
01fd178f-2c46-4f06-962c-3e250d1b5252,0.4305803726681257,0.44882638341017833,0.4755954329374543,0.01824601074205262,0.04501506026932861,0.02676904952727599
01fd609d-dac2-485e-b000-319da7c59ce9,0.2237587571709716,0.22497794535671536,0.2638885644587634,0.0012191881857437636,0.04012980728779181,0.038910619102048044
01fdec34-bfd0-49d3-af9e-1fc96d5a5ae4,0.310253081973977,0.2839297757994884,0.5609723098957153,0.02632330617448858,0.25071922792173834,0.2770425340962269
01fe0ab8-3fd2-415e-9cda-ad34f4299069,0.2920107889096505,0.288202111195652,0.2890275482928191,0.0038086777139985095,0.002983240616831362,0.0008254370971671476
01fe30f9-744c-46a5-ab2f-013def69c91e,0.3590360699564734,0.7413420546764677,0.6188340621158256,0.38230598471999433,0.2597979921593522,0.12250799256064215
01fe9748-32b8-4597-aec4-7ed66a318d24,0.2241843636850779,0.3749815308907359,0.7013112705172617,0.15079716720565797,0.47712690683218384,0.32632973962652584
01fef2f0-dcef-484e-8ca6-019d7a460c4d,0.5682770963562915,0.64322809684783,0.9056675137998967,0.07495100049153847,0.3373904174436052,0.26243941695206674
01ff1769-7f84-4a7c-a24e-fa9db50f962d,0.08512443549958244,0.09260613519977932,0.10182013147815844,0.007481699700196881,0.016695695978575995,0.009213996278379114
01ff24d6-230a-4d1d-8ef1-0b4c69521465,0.2879868245365365,0.28069291200015306,0.3678955527186631,0.007293912536383451,0.07990872818212658,0.08720264071851003
01ff3598-77ce-460b-af9b-1b1d613851b4,0.7688315668395986,0.6080463122211496,0.7817129862098984,0.16078525461844906,0.01288141937029974,0.1736666739887488
0200902d-92e1-4eda-8fa8-02dd1e004c7a,0.43489450897494175,0.3950810934270207,0.5705425511693,0.03981341554792106,0.13564804219435822,0.17546145774227928
0200bd87-63b1-4f99-a6dc-3e875c96d99e,0.3854912549052988,0.3756926369036458,0.42687816351271796,0.009798618001652992,0.04138690860741917,0.05118552660907216
0200f6f6-e3c4-415d-a300-1b9d3d239005,0.3177983747913323,0.32282089912666,0.4169982412669031,0.005022524335327683,0.09919986647557077,0.09417734214024309
020114e8-7685-439f-8c62-a1765effd8e9,0.6404220319448963,0.7912603263267199,0.6841218230339436,0.1508382943818236,0.04369979108904731,0.1071385032927763
0201872c-3ad3-425d-ab66-61a0fb1c6edb,0.6633978846979445,0.6633978846979445,0.6581658050608171,0.0,0.0052320796371273515,0.0052320796371273515
0201a997-4ac3-4e07-b285-d28eeb3e842f,0.5076174692826323,0.5521028187644416,0.6516082914713749,0.044485349481809267,0.1439908221887426,0.09950547270693333
0201f5ed-0838-4faf-b02d-017f802644ff,0.6132192370243701,0.6132192370243701,0.6579406983564889,0.0,0.04472146133211885,0.04472146133211885
020201dc-688a-4f18-940e-88d9a38429da,0.5334158819520545,0.6804076731312827,0.5503335671943769,0.14699179117922823,0.0169176852423224,0.13007410593690583
0202b276-c507-4e88-9452-1528446d36d9,0.3790971535280712,0.37397676259630835,0.45952261819011286,0.005120390931762864,0.08042546466204165,0.08554585559380451
0203264d-cbd6-4662-ad9a-579c07897a09,0.6369663623094348,0.6751202807372756,0.8241477048394726,0.03815391842784077,0.18718134253003782,0.14902742410219705
02034c3e-35b3-41bb-973a-d08e1b84554e,0.18093537444390453,0.2985429581144134,0.5580247108432497,0.11760758367050886,0.37708933639934517,0.2594817527288363
0203d705-cf53-4f31-8f21-594a93435121,0.22329059970242737,0.22329059970242737,0.37054534468118505,0.0,0.14725474497875768,0.14725474497875768
0203ff5b-0b35-4e73-a005-bc0ebe8f4c7f,0.362245212997609,0.357338234871755,0.4838984437228358,0.004906978125854,0.12165323072522682,0.12656020885108082
02041b6e-99c7-42f4-a16b-711f83591ed7,0.7902000732688216,0.7902000732688216,0.8427405186110194,0.0,0.05254044534219782,0.05254044534219782
02042c3c-1865-4b55-817c-96cc1fc2f190,0.704912285425878,0.704912285425878,0.792555366803784,0.0,0.087643081377906,0.087643081377906
02048434-4bf9-44a6-aacb-2deab0eec3d8,0.6397159149818269,0.5875098659794745,0.9040920839112262,0.05220604900235237,0.2643761689293993,0.3165822179317517
02052336-7b8a-4163-bb1e-220c3244a065,0.4087617095527821,0.42469835793618876,0.4817853205275878,0.015936648383406637,0.0730236109748057,0.05708696259139906
0205a110-448b-49be-a4c6-407a297c9c3c,0.5705041644559617,0.5721680301089306,0.5485298083241479,0.0016638656529688323,0.021974356131813866,0.023638221784782698
02068728-2519-43ef-a36c-936f4aa5924c,0.6308266780130776,0.5808218039946791,0.5738141912949724,0.05000487401839848,0.057012486718105215,0.007007612699706733
0206c991-73da-4540-b0df-12f30c450c53,0.6099571840230724,0.6037628736656422,0.7362548116374539,0.006194310357430233,0.12629762761438146,0.1324919379718117
02070e16-42b8-4fba-af30-fc27bb9e9b1d,0.3503578394751284,0.40871829921161673,0.22066694562143785,0.058360459736488346,0.12969089385369054,0.18805135359017888
0207eb11-0d13-4083-afd1-c25d0604c6e5,0.5698319556189001,0.555746153117739,0.5022537622383719,0.014085802501161093,0.06757819338052817,0.05349239087936708
0208083d-911f-43dd-ad0a-0b0f6a31064d,0.36727433055247716,0.36727433055247716,0.440412724053895,0.0,0.07313839350141782,0.07313839350141782
02083b2a-6e47-4513-8abb-60547f0602ab,0.4132553661972248,0.4113570256631866,0.919560130174932,0.001898340534038201,0.5063047639777072,0.5082031045117454
0208a37d-dd97-401f-b095-348c92b0fb5f,0.6487367644425672,0.6501334363220689,0.6669641601357197,0.0013966718795016542,0.01822739569315246,0.016830723813650805
0208ad59-dcf6-4811-9f15-b088c8919ab5,0.5911918262883634,0.5900635012461259,0.35277498435810023,0.0011283250422374769,0.2384168419302632,0.2372885168880257
0209c6f6-edce-43bf-a6b3-d48650d795f7,0.5290865937984631,0.5290865937984631,0.6550206475706237,0.0,0.1259340537721606,0.1259340537721606
0209c72a-98c5-4ca7-ae85-1d0f0b8ed90f,0.5411297475222019,0.5750479567078347,0.6554063951983884,0.03391820918563282,0.1142766476761865,0.08035843849055369
020a0088-23fd-4d3a-a8e3-a96b35af7873,0.24416203964256483,0.24416203964256483,0.5052486643412178,0.0,0.261086624698653,0.261086624698653
020aa607-b20d-4282-b23d-9d5aa2f423bd,0.5080109605174429,0.49884207810384157,0.5472428030367603,0.00916888241360131,0.03923184251931744,0.04840072493291875
020aab06-ad42-493d-965f-d1e6644d9e0f,0.6893152102694775,0.6893152102694775,0.8818164335926943,0.0,0.19250122332321684,0.19250122332321684
020aba38-a9a9-4d74-af34-f40eafcb899f,0.7822704218475336,0.7655519585669911,0.6383128129183259,0.016718463280542495,0.14395760892920773,0.12723914564866523
020af0bf-1186-4a3a-b250-e29ad9d49692,0.7017869592656715,0.6933231869589578,0.3477002816365858,0.00846377230671369,0.3540866776290857,0.345622905322372
020af393-a85b-4493-a1f4-e5cf68c29d3e,0.22503861408778475,0.21532521956602457,0.31052045378028054,0.009713394521760177,0.08548183969249579,0.09519523421425596
020b2041-9717-4595-8ea5-77e2cb944fc0,0.5334320271057827,0.24501833432651157,0.13774317387238633,0.2884136927792712,0.3956888532333964,0.10727516045412525
020b2470-56e1-4bef-a953-5b4f9c16c774,0.23984377452030983,0.23984377452030983,0.36788112266756895,0.0,0.12803734814725912,0.12803734814725912
020b34b3-29b1-45a3-a82d-736c0f9a5244,0.6371370387477323,0.6653953286128937,0.719752711215687,0.028258289865161434,0.08261567246795465,0.054357382602793214
020b3cb0-47f2-44b8-b42f-9bd82b2f9c62,0.5271325601967927,0.364213703673839,0.43992799996096765,0.16291885652295368,0.08720456023582501,0.07571429628712867
020b81aa-0a87-4fe4-91a7-e8f804c0420b,0.08155359429094147,0.08155359429094147,0.18114157748354928,0.0,0.09958798319260781,0.09958798319260781
020b98ba-abd1-4bd7-b1d8-da061fa346d4,0.44484822076246694,0.44484822076246694,0.3630787953821195,0.0,0.08176942538034743,0.08176942538034743
020b99d9-0a9e-48f0-b53f-931b0884e90c,0.475000979643944,0.4791813775454999,0.4998161805464834,0.004180397901555888,0.024815200902539414,0.020634803000983526
020baac9-99c5-4c3a-84bc-6edcda8e224f,0.400992360376688,0.4604911212351205,0.49746648573357305,0.059498760858432476,0.09647412535688504,0.03697536449845257
020bb335-50e9-4aae-8c5f-b9992e135492,0.4561260047517946,0.5916211894835554,0.6043061900273734,0.13549518473176075,0.1481801852755788,0.012685000543818048
020bc4e2-1b6c-42cf-89e0-c0b4744c5863,0.48248911400895556,0.5133920176583238,0.6755973853363699,0.030902903649368207,0.19310827132741437,0.16220536767804616
020beeaa-1fdf-44ab-8aec-75ed0da5cee1,0.3765471107117364,0.3718410022828004,0.5345696634388862,0.0047061084289359845,0.15802255272714982,0.1627286611560858
020bf5ce-50b4-427d-ac68-d1263a3e8877,0.14500660758295184,0.13838238607342057,0.1505629506205411,0.006624221509531264,0.005556343037589256,0.01218056454712052
020c0a37-798d-4316-a3c1-07875c23a3a7,0.3546597040564685,0.30976284654014835,0.3112279917751807,0.044896857516320166,0.04343171228128784,0.001465145235032328
020c392d-57fa-4bd2-85cb-5efa5b67cb30,0.1997428607100063,0.1997428607100063,0.2049520858108183,0.0,0.005209225100812009,0.005209225100812009
020c77bb-1903-4f61-8e3e-6365027287f1,0.3618304441343524,0.45284352894068447,0.4759673091661654,0.09101308480633208,0.11413686503181303,0.02312378022548095
020ca605-63fa-4be2-ab25-a09de1386d96,0.7013198594830933,0.6236722683968688,0.782942087454286,0.07764759108622443,0.08162222797119267,0.1592698190574171
020cda8e-6647-4342-b8e1-f1f8ed03dae1,0.49027596041477023,0.523558489663964,0.5305403042684931,0.03328252924919378,0.04026434385372285,0.0069818146045290685
020d64fa-de04-4b02-bb77-1e365c2973e6,0.6275460938412077,0.6381925022809023,0.8038800434597092,0.010646408439694555,0.17633394961850146,0.1656875411788069
020d778b-2698-481d-b5ce-bd46efe2a52a,0.4858819179881501,0.4858819179881501,0.5708073461155388,0.0,0.08492542812738874,0.08492542812738874
020de31b-2ec3-47c4-aff8-2104c2ca259a,0.5031682455549407,0.5857070733701931,0.7279787821776952,0.08253882781525246,0.22481053662275452,0.14227170880750206
020e82c4-e30c-46f2-9c3c-0ada7756596e,0.7623289136433654,0.7616896324237462,0.7376549753959835,0.0006392812196192033,0.024673938247381955,0.02403465702776275
020eaa4b-f693-40a4-8224-b449c2bf37bf,0.5292876537268547,0.5292876537268547,0.6230816557320235,0.0,0.09379400200516874,0.09379400200516874
020ebb2c-50be-4d8a-b4a2-f5418f5a41ca,0.41866402727705054,0.36628552497161543,0.5425909687906245,0.052378502305435115,0.12392694151357397,0.1763054438190091
020edbf4-a13f-4497-956b-36228db0d65f,0.7994289862128218,0.757259685697557,0.8569240311926678,0.042169300515264796,0.05749504497984603,0.09966434549511083
020f3789-8ce3-4bae-b060-ef4bc0bed035,0.4549964833047619,0.46334400008424464,0.7136620060582133,0.008347516779482755,0.2586655227534514,0.25031800597396864
020f4d33-e33e-4482-8867-3572e4ec44aa,0.30101629366252597,0.30101629366252597,0.3503094003985329,0.0,0.04929310673600695,0.04929310673600695
020f83cb-fc6f-485f-aaa5-d79b98a99be5,0.5195367116367934,0.5261815585076124,0.5437557876741579,0.00664484687081901,0.024219076037364506,0.017574229166545496
020fee41-0be6-493f-809d-ac1e59db9b34,0.43754752345629194,0.6800372798104612,0.8253763809851123,0.2424897563541693,0.3878288575288204,0.1453391011746511
02104330-75de-407d-ad38-16941ba73bf7,0.13381505902271304,0.15971185730516188,0.20825195719089634,0.02589679828244884,0.0744368981681833,0.04854009988573446
02107161-d0b8-40fd-8a91-5690a9317943,0.7565605793492713,0.3348790113773916,0.7786004489083489,0.4216815679718797,0.022039869559077552,0.4437214375309573
0210970e-40f4-4dd8-81cb-a400201dc9f0,0.5652988894233905,0.5268648819216178,0.636919925749223,0.038434007501772616,0.0716210363258325,0.11005504382760511
0211240b-7134-4b2d-9653-c73d8205415c,0.6953084157673468,0.6431622555367004,0.8232155910194374,0.05214616023064644,0.1279071752520906,0.18005333548273705
021158cd-728c-4e76-a373-f7796433cf1f,0.2436328825915755,0.2436328825915755,0.338697644680188,0.0,0.09506476208861248,0.09506476208861248
0211afdb-70d4-4f5a-bbc0-b3ce566c3be4,0.3327583035627857,0.3327583035627857,0.3012074269213718,0.0,0.03155087664141387,0.03155087664141387
0211d8f3-3f9a-4773-8e96-6964a5ea41b7,0.7473349133640532,0.6668096173570178,0.5984357932527158,0.0805252960070354,0.14889912011133744,0.06837382410430204
02121c87-b5fd-4272-8588-5608c1b02bca,0.1592197655717419,0.10118732943409879,0.5474715107233004,0.0580324361376431,0.38825174515155847,0.44628418128920155
021246eb-1686-48f6-99de-c588dcd27a58,0.8369205006885745,0.8173334949153576,0.8758094914692168,0.019587005773216926,0.03888899078064234,0.058475996553859266
02126796-6c82-4d27-9349-79cfc79c0d8f,0.7726797784817604,0.4256721831421596,0.7558142438646421,0.3470075953396008,0.01686553461711826,0.33014206072248253
0212b3e4-c6b4-4283-9a2f-d0e59fb299e7,0.616953510390754,0.6110619509850966,0.4992146042247596,0.005891559405657332,0.11773890616599436,0.11184734676033703
02131a81-03fd-4792-b826-8f6137df2a23,0.2650633789686178,0.2511768226566683,0.297851235988174,0.013886556311949516,0.032787857019556166,0.04667441333150568
0213d7d4-3405-4b65-b92d-ed958535dfbf,0.7943369064121101,0.5633255927786646,0.6550247106869268,0.23101131363344551,0.13931219572518327,0.09169911790826224
02141914-6e11-4e52-9083-851ffb60e5f0,0.47498449582084157,0.48302345422767207,0.6103228699946958,0.008038958406830499,0.1353383741738542,0.1272994157670237
02147335-aa98-411d-b8d8-6b9662afd01a,0.4394083777267079,0.45474418242127923,0.590593810680839,0.015335804694571353,0.15118543295413117,0.13584962825955982
02147ed6-bbf3-407b-a924-5f055a2fc955,0.6298950987299864,0.5996377043645248,0.6086596492054157,0.0302573943654616,0.021235449524570682,0.009021944840890916
02148553-491b-4a3c-8f83-f48bbc6f3426,0.9611920798348756,0.43660817139363906,0.9959386137299151,0.5245839084412366,0.034746533895039455,0.559330442336276
02148c5c-29de-40be-affd-5822e6452feb,0.5615141766219373,0.651512100074594,0.6931332635964685,0.08999792345265678,0.13161908697453129,0.041621163521874505
02149a70-e78c-4ed7-9bed-8666f42f7071,0.39385158520208685,0.372213503923132,0.3558410999420024,0.021638081278954835,0.03801048526008444,0.016372403981129602
0214a4ff-3cf1-4956-b6cb-eaffa355cdef,0.20763175403641862,0.20948802176658882,0.30247310899928836,0.0018562677301701969,0.09484135496286974,0.09298508723269955
0214b314-7d47-498d-863c-6171b45344a2,0.829315234791589,0.8217339027008503,0.7614445028375312,0.007581332090738635,0.0678707319540578,0.06028939986331916
0214d7e3-7642-4963-b3d0-954d6e80418b,0.611822952459994,0.6067518264609063,0.6054403764073332,0.005071125999087656,0.006382576052660793,0.0013114500535731377
02150503-0491-4f7d-ac70-ca914a45a066,0.7874591046665456,0.7874591046665456,0.8319222998956066,0.0,0.04446319522906106,0.04446319522906106
02152541-291f-4072-bff9-766596f9edb3,0.5505667690385558,0.5379085255870867,0.4124717043882859,0.012658243451469153,0.13809506465026994,0.12543682119880079
02156192-9c8e-457f-9926-bc39451a3f6f,0.3987761302931314,0.41422175368493624,0.7034806097330714,0.01544562339180483,0.30470447943993995,0.2892588560481351
0215fc53-5065-49d5-b60b-7bd8cacb3ae0,0.10044991150281543,0.09759840506811726,0.3619637986983188,0.00285150643469817,0.2615138871955034,0.2643653936302015
02160d2a-03b8-4f7e-964d-8ed96ed23214,0.5770225014839042,0.5709108205032055,0.6570067849094225,0.006111680980698697,0.07998428342551833,0.08609596440621703
0216471e-c29d-4d06-9ecd-928f313b2238,0.5275219626751322,0.4864590637679179,0.49349619499911923,0.04106289890721426,0.03402576767601295,0.00703713123120131
0216875c-0145-41a1-a2cf-14017d11fd1f,0.5437799214835652,0.5415881395644049,0.5915633081078169,0.0021917819191603627,0.047783386624251634,0.049975168543411996
0216a7fc-9e16-4ce8-8f0b-47c629afd24d,0.3536897615890108,0.2688633584877544,0.5411920877573503,0.08482640310125639,0.1875023261683395,0.2723287292695959
0216f3d9-a76e-4050-9403-fa28134c26d6,0.662534968679652,0.662534968679652,0.616586863878236,0.0,0.04594810480141598,0.04594810480141598
0216f986-9b7d-4a30-878b-3b246ba1f939,0.7572982581189162,0.7414046961851436,0.6974079886963466,0.01589356193377256,0.059890269422569586,0.04399670748879703
02172aab-c91a-4082-9aef-2a43373d5746,0.5728246098908577,0.5797318810722326,0.819825564633248,0.006907271181374908,0.24700095474239026,0.24009368356101535
021758cd-5c50-4d64-8bab-b826a0d6427d,0.7388405223343388,0.44257809034381207,0.7568769531997033,0.29626243199052676,0.01803643086536444,0.3142988628558912
0217671f-6016-4f8b-b3d4-404b904bd81b,0.6925218035467029,0.6640260637002985,0.6391187542956315,0.02849573984640441,0.05340304925107142,0.02490730940466701
021779fd-1bef-401a-8370-093e9f549341,0.6287882505149001,0.5431431082123378,0.6564721019883792,0.08564514230256226,0.027683851473479182,0.11332899377604144
0217a960-5731-480c-874c-c28ebe7306b4,0.6749583944305649,0.6780808708031031,0.649873354283167,0.003122476372538152,0.025085040147397986,0.028207516519936138
0217bc1a-4ea7-4410-a3ae-075225aea605,0.44763821875015847,0.44763821875015847,0.44763821875015847,0.0,0.0,0.0
0217d4c7-5f17-4885-93cd-0cdb43953e99,0.5527619578732341,0.5692132045994975,0.6440982656116102,0.016451246726263413,0.09133630773837609,0.07488506101211267
0217e123-80c5-4b4d-9035-461b7b4c7877,0.500988568999811,0.5310494752678336,0.45436866668953446,0.030060906268022602,0.04661990231027657,0.07668080857829918
021806b7-a934-448f-b26e-942b7d82dea7,0.7108787463544495,0.7108787463544495,0.736272267376806,0.0,0.02539352102235648,0.02539352102235648
02180e30-eff9-4da8-9c4a-f2b845ab72b9,0.6482874466658102,0.6448018096382467,0.5831124839791283,0.0034856370275634374,0.06517496268668188,0.061689325659118444
021823b6-2e62-4f7c-9948-acd27dc2236c,0.3231295752990529,0.529039465317476,0.33201517384942797,0.20590989001842314,0.008885598550375073,0.19702429146804806
0218cff5-f724-4ad6-b9a9-90499688ccf4,0.7280417623674642,0.5142428988528138,0.45014619178603626,0.21379886351465038,0.27789557058142794,0.06409670706677756
0218dc5f-6ff7-4005-aa2e-a38249f54575,0.5669297510001295,0.5685400795804321,0.7426719410160644,0.0016103285803025225,0.17574219001593483,0.1741318614356323
02194a2d-d082-45bd-947b-143b3c6a504f,0.3509766487716806,0.3999651972658144,0.44633030773896454,0.04898854849413381,0.09535365896728393,0.04636511047315012
0219708d-bd0c-4301-8e45-ca35f025cdd5,0.8047464758950686,0.827761192330266,0.7986517129330651,0.02301471643519737,0.006094762962003508,0.029109479397200877
02198b59-c5e3-4c6a-b36f-0fa66ea798b2,0.034183821441757634,0.02979287915000436,0.3749427645366218,0.004390942291753273,0.34075894309486415,0.34514988538661745
0219a0dc-634d-4a7a-8b12-98826dfc79b8,0.6446429317923443,0.6294593047427101,0.664524202804678,0.015183627049634274,0.019881271012333723,0.035064898061968
0219b411-d782-4203-9e08-8f02d9e96baa,0.6369826554501382,0.6432783507480384,0.7598976565745558,0.0062956952979001946,0.12291500112441756,0.11661930582651736
0219d570-0971-4085-9bfb-85070e12abe1,0.4116908929457142,0.4116908929457142,0.4116908929457142,0.0,0.0,0.0
021a3fb4-e407-453b-933d-a66797dfca05,0.24174799602801397,0.22006010809382587,0.2487554855701071,0.021687887934188105,0.007007489542093126,0.02869537747628123
021a96ba-9b43-46fa-995f-f670eff8056d,0.20735884231369675,0.20234735755503214,0.31013289616077777,0.005011484758664614,0.10277405384708102,0.10778553860574563
021b39b4-1512-4e25-b577-5cab1e0dcd27,0.9212574189458748,0.9212574189458748,0.9463937782770759,0.0,0.025136359331201175,0.025136359331201175
021b96ba-fae5-4d81-aaf6-2ffb62ae8270,0.5194195851295376,0.5194195851295376,0.6393217837439634,0.0,0.11990219861442586,0.11990219861442586
021bb425-bcf8-47a0-b8f8-84001b0c774a,0.5531178776956938,0.5587596383300029,0.6975970823997101,0.005641760634309101,0.14447920470401632,0.13883744406970722
021bfdf2-671a-4707-b35f-8ac80061a904,0.4608524358564469,0.4366205189030146,0.5127493327431265,0.024231916953432298,0.05189689688667959,0.07612881384011189
021c4735-f95f-40cb-812b-9cb5749dd36e,0.4907365541031212,0.4923655268583751,0.4868689293260612,0.0016289727552538658,0.0038676247770600414,0.005496597532313907
021cbaf0-4bc5-411b-af46-35473e562638,0.22739087826047719,0.22119587438070898,0.6564337120493147,0.006195003879768207,0.42904283378883745,0.4352378376686057
021d45d2-a6ce-4648-bf69-8d9fb786606d,0.5344742209559813,0.5344742209559813,0.6695314413780531,0.0,0.1350572204220718,0.1350572204220718
021d7b8a-fe8b-41c3-a1ee-5e0600290fbc,0.08952440338067509,0.09113127822060495,0.2539648926753678,0.001606874839929856,0.16444048929469274,0.16283361445476285
021de17d-ccb7-44f2-a379-06b7d372931b,0.15141526083299042,0.15141526083299042,0.31369456902782544,0.0,0.16227930819483502,0.16227930819483502
021dff79-b915-489c-9f7b-f623f2289cce,0.4404912343608016,0.4404912343608016,0.5993397877679797,0.0,0.15884855340717807,0.15884855340717807
021e013a-96ee-457a-b659-ab7f772d6763,0.503076280457155,0.4927120372526137,0.5981947918725634,0.010364243204541324,0.09511851141540839,0.10548275461994971
021e2610-409d-483e-9ef6-0ff16eba0732,0.49844902274531994,0.5157327998164295,0.6439235370226868,0.017283777071109563,0.14547451427736685,0.1281907372062573
021e799d-8291-46cf-9eba-54e104dc4d01,0.5827880210460443,0.5827880210460443,0.732846546435622,0.0,0.15005852538957765,0.15005852538957765
021eb133-b26c-43dd-970d-7915aab9a6cf,0.849323942015165,0.3385932588520746,0.5792731373796006,0.5107306831630904,0.2700508046355644,0.24067987852752604
021eb94f-7d4b-4788-9228-6a8cf41f5219,0.610678480543673,0.5993141372659305,0.71554850380536,0.011364343277742495,0.10487002326168693,0.11623436653942942
021ed574-0454-4453-9af6-0b92e26b6b6c,0.7161838130148416,0.7405570972225789,0.568155710585503,0.024373284207737322,0.14802810242933861,0.17240138663707594
021efaf7-b48e-4e96-b49b-977b5e8a0f6c,0.4833643013843695,0.6294140545150478,0.6324314249348958,0.14604975313067836,0.14906712355052631,0.0030173704198479534
021f80ad-7f9a-42ee-9f43-79c580289036,0.6623651267851831,0.6693687143255099,0.36615777865855986,0.007003587540326817,0.29620734812662325,0.30321093566695007
021fe86f-ba6f-4a68-8e67-f6823a7ab5b3,0.3592416866259794,0.38357795506981424,0.3942059014078471,0.024336268443834852,0.03496421478186773,0.010627946338032879
0220976b-b273-422a-8040-f60453c65db1,0.3314636917228243,0.31307327821177433,0.2578116164334403,0.018390413511049974,0.073652075289384,0.055261661778334026
0221019e-8792-48cd-9d1f-1a0c5cf24a67,0.5952310512602117,0.6259523026540335,0.6280080609227648,0.030721251393821758,0.03277700966255315,0.002055758268731389
0221537b-b755-4e5c-9417-6edb9ef68555,0.46585376135355844,0.45180857223197934,0.48499032516710683,0.014045189121579094,0.01913656381354839,0.033181752935127484
02215a4c-3966-4994-9dad-442919e7b258,0.21811808349720102,0.21811808349720102,0.2862683505966743,0.0,0.0681502670994733,0.0681502670994733
02215cc7-228d-46bd-8be8-3f3033f6a04b,0.477652827216931,0.4370444307348154,0.5943199370408963,0.04060839648211556,0.11666710982396528,0.15727550630608084
0222168e-377e-4d50-aa33-a20a28ba360d,0.6928747125119428,0.6928747125119428,0.5830591169671625,0.0,0.10981559554478026,0.10981559554478026
022221ff-9dad-4ceb-85fc-ecb744d62a84,0.5121186903730816,0.40835810138724815,0.6926176394582368,0.1037605889858334,0.1804989490851553,0.2842595380709887
02228a6d-3bf6-417e-ac0b-c7fdf9093ed3,0.8485839284951886,0.8161264714582147,0.8604409639527377,0.03245745703697389,0.011857035457549125,0.04431449249452302
0222bf21-c7b0-44f8-93c7-777e6062756d,0.46574392180938795,0.4722351254189363,0.6192591195668354,0.006491203609548357,0.15351519775744749,0.14702399414789913
0222ecb4-6db1-4157-8f94-9b2fb3eae1e2,0.6714358378027838,0.6961140249128523,0.7260627354879582,0.024678187110068528,0.05462689768517437,0.02994871057510584
0222f411-4d11-4282-a176-07c68bb2aed5,0.7244938676367794,0.7151635618408777,0.7449343051690931,0.009330305795901661,0.020440437532313727,0.029770743328215388
0223262c-ecaa-4cce-8cb2-40166d1b4b85,0.48450608343173107,0.47065263077635255,0.5795834839920504,0.013853452655378518,0.09507740056031933,0.10893085321569784
02236339-7d2d-46ce-a32c-94bd745a1ce5,0.7475610038463171,0.6928104299041588,0.6022825419689416,0.05475057394215832,0.14527846187737548,0.09052788793521716
022390b1-fef7-4e8e-862b-26f1bbbc0641,0.5666657001014449,0.551773073256561,0.5291320832293691,0.014892626844883905,0.03753361687207579,0.022640990027191887
02240a82-b127-407d-a3e5-270538bbc159,0.5064409523937188,0.49912754262733494,0.5115611640913953,0.007313409766383838,0.005120211697676513,0.012433621464060352
02243048-d643-4bed-988e-a8968db26ff8,0.6446995994845885,0.6446995994845885,0.5571451382347713,0.0,0.08755446124981725,0.08755446124981725
02244e21-c240-4276-9a32-8c20564ea4e9,0.30231250923281483,0.17793931380073033,0.37219796567909114,0.1243731954320845,0.0698854564462763,0.1942586518783608
0224569e-848e-417b-af01-b38aa2f94d17,0.25196664249681566,0.20402413879037626,0.45896475778098517,0.047942503706439404,0.2069981152841695,0.25494061899060894
0224598b-a393-4cb7-8a32-374722d867ec,0.5629794529647072,0.5629794529647072,0.502292060967801,0.0,0.060687391996906204,0.060687391996906204
02257101-cd50-4b0a-a710-932b78076e01,0.5379763153255118,0.4704597305778506,0.6817094234827412,0.0675165847476612,0.1437331081572294,0.2112496929048906
02259284-20ad-48a8-85f1-10a12166fc0e,0.6220002885662603,0.6854883521522485,0.6474766849312865,0.06348806358598813,0.025476396365026188,0.03801166722096194
02266281-2f96-439a-abcf-6b3414776c00,0.7280015261587737,0.7385360136450965,0.7626172816206096,0.010534487486322797,0.03461575546183593,0.024081267975513132
0226aaad-d0b0-4196-9bac-b24a0c134afb,0.6397076275000687,0.6397076275000687,0.5604949092789335,0.0,0.07921271822113518,0.07921271822113518
0226c2ef-c415-4ad9-a96e-9ee1453ac5be,0.5974273518642501,0.5744030213691107,0.6536987093449467,0.02302433049513941,0.05627135748069656,0.07929568797583597
0226d8b5-6c64-4e01-9da9-8c08e7094fa8,0.6371926665764093,0.5605370669715548,0.4356219852626838,0.07665559960485446,0.20157068131372546,0.124915081708871
02271558-0622-4605-bbb8-d7cdc87d5380,0.4174995291356554,0.4228451402939592,0.561708689806539,0.005345611158303787,0.14420916067088357,0.1388635495125798
022760e9-bbda-4610-b1a9-7905b70d2b17,0.3658518131625686,0.3658518131625686,0.6796032165528026,0.0,0.31375140339023405,0.31375140339023405
02276f89-24ad-4f73-b6f2-749fb5383504,0.31688714863106066,0.31688714863106066,0.30357249054600977,0.0,0.01331465808505089,0.01331465808505089
02289cc7-7b47-44ef-9235-914f68709c44,0.1313639301922016,0.12546842735287897,0.2009543981780384,0.005895502839322636,0.06959046798583679,0.07548597082515943
02295e85-3eb3-4031-8a24-81b823397ae9,0.8458334497736988,0.8478927836826854,0.860340401932426,0.0020593339089866047,0.014506952158727215,0.01244761824974061
0229962c-f5a6-4d5c-9dd5-9671e4c6b442,0.5863649543883831,0.6209735094259311,0.6291450815974828,0.034608555037548006,0.04278012720909974,0.008171572171551733
0229f0f8-1554-445e-9c8d-4c4b239fa444,0.5720846523420594,0.5221559709662651,0.649646650831985,0.049928681375794315,0.07756199848992562,0.12749067986571994
0229fe08-17ca-4819-aa15-6381a91580a0,0.4938352041588157,0.4858365803060838,0.5202414662952549,0.007998623852731923,0.026406262136439207,0.03440488598917113
022a847a-a1e4-4fa6-90f3-8c4f2cdefcff,0.3856596462281746,0.33984412109609097,0.4796585239674552,0.045815525132083645,0.09399887773928056,0.1398144028713642
022ab591-97f2-4d32-b346-c9f1bc4102b1,0.6263566197203849,0.7077781899098532,0.8478768305925936,0.08142157018946827,0.22152021087220863,0.14009864068274036
022af165-0f32-4846-b63b-1e9cabd2a37e,0.41615927230279587,0.41028056545636266,0.36753366019092976,0.005878706846433213,0.04862561211186611,0.0427469052654329
022b8e3f-2cb8-4b4a-8763-c49f94be18b5,0.24987964084438063,0.5838704484390719,0.5401336339028658,0.33399080759469124,0.2902539930584852,0.04373681453620604
022bbcea-167a-4f6e-82be-053448147bd5,0.19907990401385534,0.19907990401385534,0.3772407599919093,0.0,0.17816085597805398,0.17816085597805398
022bd2da-3199-43e4-be10-51487ac8fe68,0.896358139920172,0.8935504684863692,0.8676422205483639,0.002807671433802783,0.028715919371808063,0.02590824793800528
022bdfe4-cfcb-45f2-9c5d-3b37519f0ceb,0.6223179913118051,0.6223179913118051,0.6549136255095331,0.0,0.03259563419772804,0.03259563419772804
022c22a3-24be-45ac-a2b2-a59decfcfa41,0.2578853059991753,0.2654084497833728,0.5115235030993226,0.007523143784197495,0.2536381971001473,0.2461150533159498
022d0429-cbea-430b-bb08-7cd26bc51085,0.7643672169078624,0.7643672169078624,0.8491726080847116,0.0,0.08480539117684927,0.08480539117684927
022d2d68-5f35-46c4-9f9d-b2b7fac48e4e,0.4252350207629073,0.5244175128755011,0.5368714379446772,0.09918249211259378,0.11163641718176986,0.012453925069176086
022d4631-417f-4363-85b7-60570b41fc3a,0.26662557590572744,0.2993434407075481,0.30180290053248937,0.03271786480182065,0.03517732462676193,0.002459459824941279
022da0a5-21f8-4623-8517-fa4a705f7754,0.1825109041591993,0.18305379558871085,0.3370138031809225,0.000542891429511555,0.1545028990217232,0.15396000759221165
022dc5b7-46ac-464d-9236-cf034e517641,0.6325338966986161,0.6342240423265778,0.5624189403086304,0.001690145627961659,0.07011495638998577,0.07180510201794743
022dc7ab-a4e2-4b3e-b386-ca0732fbb187,0.49464959645058865,0.49464959645058865,0.48618232669452105,0.0,0.008467269756067597,0.008467269756067597
022dcf60-a742-4063-97a2-68e0de6f3e2e,0.43404781436405315,0.557981318123502,0.6993514615481438,0.1239335037594489,0.2653036471840906,0.14137014342464171
022e5065-10f5-4921-84cc-f936d0c0dbf9,0.2760506725786795,0.26975972340147847,0.762366022562599,0.006290949177201022,0.4863153499839195,0.49260629916112053
022eb296-698d-432b-bec4-d21a6291e1d3,0.38797583909922484,0.37837293785886467,0.465275187927018,0.009602901240360173,0.07729934882779316,0.08690225006815333
022eb2db-516e-43f1-8c9e-98cfd9fad256,0.5679919827414718,0.5847774184651968,0.3540186725383319,0.01678543572372504,0.21397331020313987,0.2307587459268649
023008c0-c993-4f3e-b5e5-17e4001d55f0,0.15321225107563924,0.149611449653319,0.5290301173321015,0.003600801422320249,0.37581786625646224,0.3794186676787825
02304cd0-a245-42cb-80e4-54f6f99cd2b0,0.8086961152220644,0.8090197799590352,0.7488883899562069,0.0003236647369707635,0.059807725265857536,0.0601313900028283
0230bed5-d617-48e5-bd68-4fb43543bb3a,0.4975128016781349,0.46839840535127797,0.6868184912643458,0.029114396326856917,0.1893056895862109,0.21842008591306783
0230ec67-f2d4-469b-b3f9-b506e85ab35a,0.5485102985280508,0.5485102985280508,0.6185231059541787,0.0,0.07001280742612792,0.07001280742612792
02311757-0251-42fb-a35e-ac256714c5ce,0.5053072088293096,0.6734909941034457,0.7661891687337348,0.16818378527413613,0.2608819599044252,0.09269817463028907
02311fd0-2868-464a-8373-e440225abb50,0.5133685546279382,0.5087372468757424,0.7053677792878147,0.004631307752195779,0.1919992246598765,0.1966305324120723
023126ec-f25c-4df4-b28b-1bfc3297b7e5,0.7957544416216135,0.7957544416216135,0.8396326164799557,0.0,0.04387817485834222,0.04387817485834222
0231c1eb-1723-48d9-ace5-8c589d5edbbe,0.8340359312041198,0.8309641231788508,0.5240172031387349,0.003071808025268963,0.3100187280653849,0.3069469200401159
02325d02-f7e8-4c44-88e3-164fd95789dc,0.6924533170010231,0.6992018548489755,0.9068367570590057,0.006748537847952374,0.2143834400579826,0.20763490221003023
02339840-1d7e-40f5-ac25-a6055fb5edd6,0.4903597643948775,0.4175549866067465,0.4171202361694987,0.07280477778813099,0.07323952822537877,0.0004347504372477773
0233b143-dfec-4638-919c-0ffe454240f5,0.4377864520743679,0.45169067799793233,0.7784541199291909,0.01390422592356444,0.340667667854823,0.32676344193125856
02347774-44df-4b30-aa44-48848c4b177e,0.266859635720596,0.266859635720596,0.27047133143981233,0.0,0.0036116957192163235,0.0036116957192163235
0234d631-905b-4b06-b050-f99bb4ed6e8e,0.6291180464300701,0.6599348110762213,0.7051825736181907,0.03081676464615124,0.07606452718812062,0.04524776254196938
0234ee76-bd1b-4fc9-a9dd-aea573430162,0.28299382862142164,0.28299382862142164,0.3011601454588369,0.0,0.018166316837415264,0.018166316837415264
02350c13-89bf-4986-b62c-d996819c64e4,0.11280975525926219,0.12015175347710068,0.15052385431876572,0.007341998217838486,0.03771409905950353,0.030372100841665042
02351979-587c-4134-bfdc-55571bf95dbd,0.7675427268517416,0.5036163415575443,0.754419141150137,0.2639263852941973,0.013123585701604656,0.25080279959259266
02353252-1508-4a19-aef8-a13b3e55c547,0.5118837316648573,0.49669911024402924,0.9707614702533315,0.015184621420828104,0.45887773858847414,0.47406236000930224
0235501b-ee95-45fb-91e1-7c3f19df4801,0.5128361556594234,0.5231976135284092,0.685069688103445,0.01036145786898579,0.17223353244402162,0.16187207457503583
0235711b-4992-48ea-a60c-194a09fadfd4,0.701576666938389,0.701576666938389,0.7669365218691887,0.0,0.06535985493079965,0.06535985493079965
0235de0a-53d8-4c95-951f-59db4e75671d,0.13055647571863874,0.0987555436469087,0.2554447475655038,0.03180093207173004,0.12488827184686505,0.1566892039185951
0235fc5c-d711-4a58-8433-fc952f7966b1,0.09716607949426205,0.08423153637226842,0.1052957483843195,0.01293454312199363,0.008129668890057451,0.02106421201205108
02361a95-8915-46c8-89ca-ff2b296a58f0,0.6381617310379419,0.611481736483389,0.6563618671093073,0.026679994554552944,0.01820013607136539,0.044880130625918335
02361f55-de26-4fca-a30c-eaaad2ffa2bc,0.6896112510565869,0.6896112510565869,0.6960990576858066,0.0,0.006487806629219661,0.006487806629219661
02362788-620e-4598-9924-72451791843e,0.7008336982367858,0.657965503340388,0.7479293371704211,0.042868194896397815,0.04709563893363533,0.08996383383003315
0236557a-1911-4d60-8b0d-0d4c1db7c7a4,0.3535599699255334,0.37401242717901684,0.31768276732834544,0.020452457253483436,0.03587720259718796,0.0563296598506714
0236cb7d-c6e3-4ae0-985b-057b310df822,0.6088786887436752,0.6176674442144984,0.4878731472455285,0.00878875547082314,0.12100554149814674,0.12979429696896988
0236fa31-59bb-4e14-ae63-f8a7bfa02d00,0.694305756452151,0.694305756452151,0.6732703950287743,0.0,0.021035361423376697,0.021035361423376697
02374aa1-b0d4-45c1-ae65-6a97c7c77263,0.7004045514759981,0.6582981911668224,0.7023831749077779,0.042106360309175694,0.0019786234317797913,0.044084983740955486
02379c8e-298d-4f9b-845c-141767f4e208,0.6688285232803843,0.6688285232803843,0.6739186489558433,0.0,0.0050901256754589674,0.0050901256754589674
02381503-c885-4a81-806b-5f91f707ffb1,0.5653188377698845,0.54062376366581,0.5829135370859323,0.024695074104074455,0.017594699316047846,0.0422897734201223
02382e64-7e9a-4109-99e0-6730f67c6400,0.383198677413297,0.41190968318824395,0.7624866709467626,0.02871100577494695,0.3792879935334656,0.35057698775851864
023837bc-396a-48ef-b684-7af9f463bf80,0.5769526724395012,0.5769526724395012,0.6954009127371957,0.0,0.11844824029769452,0.11844824029769452
02385e6a-2af0-400f-bada-9313f51589b5,0.625600364188267,0.6270560274540394,0.613735830581985,0.0014556632657724,0.011864533606282035,0.013320196872054435
02388eab-b577-4a21-89d1-bb23f094e31f,0.8389688346567105,0.5742343344594278,0.7209035956689506,0.2647345001972826,0.11806523898775989,0.14666926120952273
0238e59d-0f03-4029-a438-cdea3d20bb21,0.6937851591652957,0.6877552370388595,0.5942699214571879,0.00602992212643616,0.09951523770810777,0.09348531558167161
023965b2-f8b5-40c2-bb2d-419278a4b417,0.3621587136760446,0.6446211537263068,0.6320403134536942,0.2824624400502622,0.2698815997776496,0.012580840272612637
0239f01f-ac32-4c0b-b6db-c456cdf0e21b,0.13756003075290116,0.13585116125773827,0.25484487687717633,0.0017088694951628847,0.11728484612427517,0.11899371561943806
023a924f-d9c0-43b0-8cd1-ae313ad72458,0.8007994882708935,0.6965151086970608,0.9058244738364035,0.10428437957383274,0.10502498556550999,0.20930936513934273
023ae892-b11c-4424-8408-118584542a15,0.15835015135945674,0.15835015135945674,0.3244216054328365,0.0,0.16607145407337975,0.16607145407337975
023b06e5-028b-4190-8056-2f6246fc0bdd,0.4202901125589596,0.38922980940005475,0.6040405647840196,0.031060303158904845,0.18375045222505998,0.21481075538396482
023b2d2f-0fa3-423f-9e82-c3f3b3b618e1,0.30048221508437595,0.30292517768875127,0.46145600098134887,0.0024429626043753205,0.16097378589697292,0.1585308232925976
023b7f7a-27e8-49ee-91bc-077fd0a14e04,0.8047158891221375,0.8662150861314792,0.6053331435652055,0.0614991970093417,0.19938274555693203,0.26088194256627373
023b8121-c6af-4dd7-90c9-a92297709347,0.8444151791281727,0.8444151791281727,0.7601265806963544,0.0,0.08428859843181824,0.08428859843181824
023bd8fa-d5ac-4a9e-859e-7732bb43f85e,0.7315793564395132,0.7307231426692873,0.7358656030133942,0.0008562137702259331,0.004286246573880992,0.005142460344106925
023c0718-d502-427c-9ad9-a815e2bfdd7a,0.462842665998408,0.5925727291440842,0.32204769275413286,0.1297300631456762,0.14079497324427515,0.27052503638995135
023c8a12-1b81-4326-8b47-e65b4441e81b,0.5623167456836722,0.7266985556136991,0.47843615543385426,0.16438180993002693,0.08388059024981792,0.24826240017984486
023ca9ee-24f0-45a3-a826-13dd61022df8,0.3796827292546652,0.3796827292546652,0.33421528293430935,0.0,0.04546744632035582,0.04546744632035582
023caf91-4e96-403e-b548-63215d537b30,0.5894920982456241,0.54594611152437,0.6808773939394269,0.04354598672125409,0.09138529569380283,0.13493128241505692
023cd61e-4dee-418d-9734-f4cd65936466,0.6277147286018994,0.6277147286018994,0.5002274470793006,0.0,0.1274872815225988,0.1274872815225988
023d0afa-e794-46a5-acb6-6a8114d09506,0.22143026640447064,0.20568433043101766,0.5656776373011523,0.015745935973452974,0.34424737089668167,0.35999330687013464
023d66f4-8eb8-45f5-97b6-6b653929756b,0.5168857810957074,0.5253127208999655,0.5635774211477956,0.008426939804258127,0.04669164005208826,0.03826470024783013
023d7b1d-1761-4f26-abb2-30c292da831a,0.6056864137245838,0.6086144933561344,0.6332062953594455,0.0029280796315506175,0.027519881634861743,0.024591802003311125
023dae6d-1786-4521-b206-b34970c1cea3,0.5323173969023229,0.475035891285462,0.8037626652944737,0.05728150561686096,0.2714452683921508,0.32872677400901174
023de69e-849c-4928-a511-10e1b68aaa58,0.5446424165048149,0.6050585831512815,0.7734359554045732,0.06041616664646654,0.2287935388997583,0.16837737225329175
023dfeff-7e03-4bbd-800d-7df5e4ee4bd3,0.762108381103137,0.779787042884712,0.6490045445595332,0.017678661781575067,0.11310383654360379,0.13078249832517885
023e6af2-61ef-4c40-bf7f-a2d825649193,0.621297542764542,0.621297542764542,0.7328947560407679,0.0,0.11159721327622596,0.11159721327622596
023e8306-b0fd-48af-9a8b-a8dea88fcca4,0.8062160460750104,0.816574643389245,0.6400738115700816,0.010358597314234608,0.16614223450492882,0.17650083181916343
023ed880-6013-4d2e-b244-179938323f21,0.8194185673160281,0.8238594469678315,0.8839075498227869,0.004440879651803398,0.06448898250675872,0.06004810285495532
023ef458-b37f-448a-a3a9-527079d8bc19,0.26353359881010774,0.26353359881010774,0.33067975239025504,0.0,0.0671461535801473,0.0671461535801473
023f0012-0c46-4f56-bffa-e19072019d85,0.17143712367510833,0.17143712367510833,0.2755484652018456,0.0,0.10411134152673729,0.10411134152673729
023f0ac5-7bd8-4fcb-ba32-fc6bfd074019,0.639748886045654,0.2855037647626578,0.8387393591987875,0.35424512128299623,0.19899047315313345,0.5532355944361297
023f379c-2601-4890-bf15-f29fdb25a442,0.5066637259314998,0.5878831336218595,0.7192176255781351,0.08121940769035974,0.2125538996466353,0.13133449195627556
023f3fca-026c-4d42-a9f3-91c40fc5dc02,0.6946425363844234,0.6235346834628016,0.6550878249336033,0.0711078529216218,0.039554711450820124,0.03155314147080168
023f497d-a292-4d25-a2e9-d94229090d64,0.5385622350303364,0.5084173836757474,0.6886267910605831,0.030144851354588997,0.1500645560302467,0.1802094073848357
023f7b78-7cd8-4b96-85d4-a9e39c3753d4,0.5345041781065203,0.5547739678874738,0.7272443436046726,0.020269789780953507,0.19274016549815232,0.1724703757171988
023ff05c-b83e-4a35-bd8d-b64f3d8fffdc,0.5890669755733691,0.5890669755733691,0.5601816223970446,0.0,0.028885353176324458,0.028885353176324458
02402168-b734-427b-8036-359410f36a8b,0.6843019809924663,0.6877597802186161,0.6612506250116826,0.003457799226149749,0.023051355980783672,0.02650915520693342
02403195-b13c-4ef6-90ec-b5264d938b98,0.2694733768045556,0.231342774605483,0.4046360076232789,0.03813060219907258,0.13516263081872332,0.1732932330177959
0240612d-d377-4d62-b535-35df39f5013f,0.7293053501746045,0.7253020034415251,0.6763424157431406,0.004003346733079449,0.05296293443146394,0.04895958769838449
02408b8c-e349-410b-9e1e-c425715f8274,0.1828809909804736,0.5083449904433479,0.27331267972913303,0.3254639994628743,0.09043168874865942,0.23503231071421488
0240b062-b3cf-487b-863c-e564e8137848,0.22752605536319603,0.21528953012511165,0.6107104330869076,0.012236525238084384,0.3831843777237116,0.395420902961796
0240e6f2-bbcf-45ca-b78e-958e1fc015ec,0.3879665739593837,0.37108862600251624,0.34502982903545154,0.01687794795686748,0.04293674492393218,0.0260587969670647
0240ee3c-fe66-4d59-9878-a97962196552,0.27090297961420856,0.26206444316783106,0.3125708841470759,0.008838536446377498,0.04166790453286734,0.05050644097924484
0240f1c3-ed4b-4748-8c1c-cf35d17a1ebf,0.6434600374814113,0.6434600374814113,0.5760241377401272,0.0,0.06743589974128417,0.06743589974128417
0241f411-35fa-4a29-910e-47bea3be791f,0.7833392797204407,0.7833392797204407,0.6871235843975014,0.0,0.09621569532293928,0.09621569532293928
02423ea2-473b-4d68-8b41-b57930ae07d3,0.30925142465091265,0.3553696154379784,0.40444076008503305,0.04611819078706575,0.09518933543412039,0.04907114464705464
0242ae41-8ac4-4ed5-a257-04ea56169d2b,0.5422855032703295,0.5348451070172664,0.41626803794112077,0.007440396253063142,0.12601746532920877,0.11857706907614562
0242d005-a0d1-47aa-bbb5-4b42b69f188e,0.318640571214651,0.3409452014592295,0.3581691609664108,0.022304630244578516,0.039528589751759824,0.017223959507181308
0243492c-6685-4115-9f59-84b8ac6406f9,0.4915690105861669,0.4915690105861669,0.4442164218464585,0.0,0.047352588739708434,0.047352588739708434
0243693a-b41f-46d6-a0ed-fcac2456b795,0.6182301941711271,0.6135603139004003,0.6869662479785931,0.0046698802707267895,0.06873605380746595,0.07340593407819274
0243837d-9976-42e7-8631-dd2889ab1981,0.4821139315337085,0.45690714998385257,0.5636536873652739,0.02520678154985595,0.08153975583156536,0.10674653738142131
0243a9e2-0e49-4752-81d6-0e24f42dc369,0.3619389333069165,0.33684159156873683,0.555509296195479,0.02509734173817968,0.19357036288856244,0.21866770462674212
0243ba56-7bb9-4c0a-87c7-e7844d88cb5e,0.6349739099988446,0.6320207328592973,0.663511290615693,0.002953177139547347,0.028537380616848407,0.031490557756395754
0243e103-ae80-4bd2-b4eb-6dfa80a31342,0.6953061518987356,0.7858450562361396,0.8193810693842347,0.09053890433740408,0.12407491748549915,0.03353601314809507
0243f30c-6297-4cde-8b3c-42fe7d246e9c,0.1409043879969156,0.1409043879969156,0.5923539910698006,0.0,0.45144960307288495,0.45144960307288495
02440d85-d5ac-4586-8244-6d0b8c867cb3,0.33990688697512184,0.33990688697512184,0.5021708330859076,0.0,0.16226394611078576,0.16226394611078576
0244b303-284a-481b-8c7c-b96d5b905741,0.24079680028906666,0.2796915499535863,0.15638029957271132,0.03889474966451964,0.08441650071635534,0.12331125038087498
0244cf8d-fd26-4e27-a23e-d979455c954b,0.18328117019037612,0.1720269352399457,0.1837319511078375,0.01125423495043043,0.0004507809174613686,0.0117050158678918
0244f79d-846d-45fd-9f2a-14789b84ebf1,0.7680360088850642,0.7789292400015755,0.8634495593620365,0.010893231116511304,0.09541355047697231,0.084520319360461
0245571b-6290-400c-a106-3f4a571d9b6b,0.5498304907478408,0.5101256086571614,0.44595121222585105,0.03970488209067946,0.1038792785219898,0.06417439643131034
02456cfe-098f-428a-81d8-c6f2c5da43dc,0.3899717246580408,0.4019909627869415,0.3812340662454399,0.012019238128900711,0.008737658412600935,0.020756896541501646
024572ae-5334-4841-8bd5-c627232c6fd7,0.6068407865245686,0.6403267611562506,0.6140872768539779,0.033485974631682014,0.007246490329409272,0.026239484302272742
02457638-83f7-4aa6-ab78-68c17eb45083,0.1015923400464889,0.11097209938359644,0.8858129657109017,0.009379759337107538,0.7842206256644129,0.7748408663273053
02458836-ea81-446a-87f2-777a5b0960fb,0.05343790657534808,0.055221404568842246,0.09810082984854361,0.0017834979934941639,0.04466292327319553,0.042879425279701365
0245a20e-59c4-4b9c-ac74-8a001f22a7e2,0.37475673023102374,0.32154458567282895,0.5598438986553255,0.053212144558194785,0.18508716842430173,0.23829931298249651
024620ab-f15b-453a-a78b-adad0965a5b6,0.4455719893522269,0.4634298167619003,0.6613032057328944,0.0178578274096734,0.21573121638066745,0.19787338897099405
02466cca-3ad2-4451-9d04-40f8e47c4434,0.43778542973711404,0.7103940913736537,0.7179073041349614,0.2726086616365397,0.28012187439784736,0.007513212761307675
0246a0e4-35c3-46f3-b078-fd619ef7ee75,0.6859641789543488,0.5870735121303461,0.5571808347712404,0.09889066682400272,0.12878334418310844,0.029892677359105724
0246a23e-2c42-4dbf-9983-e54eb335ae8d,0.3062551514657941,0.3062551514657941,0.15482677675248926,0.0,0.1514283747133048,0.1514283747133048
0246aee9-6035-49e2-879a-0e7a32b687f2,0.44114473021070577,0.4736061406340483,0.527977670290997,0.03246141042334255,0.08683294008029119,0.054371529656948636
0246b90a-d933-4b56-9a71-3fd1ae119e80,0.7557105195893472,0.709606920284941,0.5380299892753501,0.04610359930440622,0.21768053031399714,0.17157693100959093
0246f746-0a88-4889-b767-94a3990f5ecc,0.2005864021313787,0.22404780511279818,0.6356008190635026,0.023461402981419466,0.43501441693212395,0.4115530139507044
0246f9ac-120b-4e12-952a-8a193f7b0f99,0.4805986892882494,0.490252229640537,0.5543083654101556,0.009653540352287604,0.07370967612190621,0.0640561357696186
02474519-0207-4cc3-aa68-4d47f6c46427,0.4852618790339169,0.3178184771904082,0.6983931129577713,0.1674434018435087,0.2131312339238544,0.3805746357673631
02477159-a5b5-417a-af30-818ccdf26d01,0.5740349658215845,0.5734118042324109,0.3763583656978831,0.0006231615891736375,0.19767660012370142,0.19705343853452778
02481405-37c2-470a-89a2-7615a479f4ac,0.5933976245658436,0.5747269305281837,0.7530970718749915,0.018670694037659863,0.15969944730914798,0.17837014134680784
02487237-c527-41b6-ab9f-6cd39d970001,0.5191503005484324,0.5366038533908882,0.6259466958508316,0.017453552842455866,0.10679639530239926,0.0893428424599434
02489382-3949-4122-994c-2ea704820fd4,0.2186016194926313,0.28437034778190645,0.2763247773537864,0.06576872828927516,0.05772315786115512,0.008045570428120041
024905c9-b887-4648-8742-01b5abb628f5,0.6691395381428201,0.6486902416807551,0.45810271785689055,0.02044929646206506,0.21103682028592957,0.1905875238238645
02493565-c32e-416a-b36c-c8f351f7b0cb,0.48776524094113577,0.41220355498320044,0.7583527550102879,0.07556168595793533,0.2705875140691521,0.34614920002708743
0249a0da-fcff-4c29-8ac3-a88517d1c00d,0.4757357545180093,0.49809314440869784,0.49809314440869784,0.022357389890688528,0.022357389890688528,0.0
024ae9a3-4186-4a78-8476-86d4a846830c,0.1770396540650875,0.20561963751514584,0.2847761942764737,0.028579983450058327,0.1077365402113862,0.07915655676132788
024afde9-925a-43a4-8f80-39bd9399c753,0.6045219004497661,0.6045219004497661,0.6011747771252212,0.0,0.0033471233245448984,0.0033471233245448984
024b58c5-aaa9-45d3-a598-4396efec0bf8,0.1779126669562447,0.1779126669562447,0.21026317372997622,0.0,0.032350506773731524,0.032350506773731524
024ba77c-195d-4764-86be-4a59bdff62f6,0.49005285885877375,0.4799114146571439,0.5184400958266325,0.010141444201629879,0.028387236967858775,0.038528681169488654
024bced7-0e3c-456e-b14e-99554d574379,0.5213862813899405,0.5213862813899405,0.687736551971743,0.0,0.16635027058180252,0.16635027058180252
024c93f5-32e6-46d1-8779-b89aae32d3e0,0.6107964670190491,0.5676957591328702,0.7030656083588125,0.043100707886178924,0.09226914133976338,0.1353698492259423
024ccaa9-2473-43cd-803b-d76a9d33a9de,0.6281894833522172,0.6200040001824421,0.7619289558366861,0.008185483169775187,0.13373947248446882,0.141924955654244
024d1016-4a61-4330-999d-4f31a8503f08,0.3482546849314575,0.33846281168370607,0.33846281168370607,0.009791873247751437,0.009791873247751437,0.0
024d1260-6cdb-4310-aeaf-3438a819f5f7,0.5566514911564621,0.5566514911564621,0.5401864897161193,0.0,0.016465001440342797,0.016465001440342797
024dd39b-0d1d-4817-bdd0-8be9a0facca2,0.7474456005615486,0.8904843170320025,0.8784658422368027,0.14303871647045385,0.13102024167525406,0.012018474795199796
024ddefd-729e-47b0-bdbe-3c1219fc023e,0.7517782076825128,0.7601842398580839,0.8073058932765542,0.008406032175571121,0.05552768559404142,0.0471216534184703
024dea7a-b8d6-4728-9591-d0a313516f1a,0.530495418300343,0.49502082094245053,0.8235767254728971,0.035474597357892435,0.2930813071725541,0.32855590453044653
024debcb-785d-4937-ba47-4d8192c2b37c,0.4417831591112287,0.44168453383320067,0.3950418026443267,9.862527802800836e-05,0.04674135646690197,0.046642731188873965
024e374a-7614-4185-b3be-16082b710974,0.26003033207361237,0.27288777362268696,0.547048121568553,0.012857441549074589,0.2870177894949406,0.274160347945866
024e3d5b-128d-4f7f-a0d8-bf5143ffa149,0.19569606668949208,0.18599624029295028,0.3774619458808588,0.009699826396541794,0.18176587919136672,0.1914657055879085
024ed96c-af5b-4bef-b14b-274b07a66c7d,0.823121611721581,0.823121611721581,0.6746551488796612,0.0,0.1484664628419199,0.1484664628419199
024f3adc-5d58-440c-b682-8aff04b9231b,0.5724538444705194,0.5474508273724765,0.5876680502344698,0.025003017098042868,0.015214205763950384,0.04021722286199325
024f4fd8-3994-4f6c-82e6-a3e0bca19eb7,0.2969923911299548,0.3104863519781277,0.4353152968077312,0.013493960848172892,0.1383229056777764,0.1248289448296035
024f9470-0383-41aa-a22d-cd48dab9c042,0.2794808926402707,0.29197797774851897,0.3507715678607217,0.012497085108248263,0.07129067522045102,0.058793590112202754
024f9f7c-0a82-41b9-995e-ff9e1550e0fa,0.7559813260744617,0.7551781187993017,0.7551781187993017,0.0008032072751599229,0.0008032072751599229,0.0
024fe520-2a8e-481e-8755-ae8f39a02f71,0.17455236624633286,0.1558920858131565,0.31955722743195564,0.018660280433176357,0.14500486118562278,0.16366514161879914
0250311a-b278-4258-b3b8-a869a3baab46,0.24340710935150697,0.22029932996538298,0.3537502711414611,0.02310777938612399,0.11034316178995415,0.13345094117607814
02506bc4-b670-4415-9d73-5bcf7f136201,0.4300194876080987,0.43529494770630395,0.47608251143451746,0.005275460098205231,0.04606302382641875,0.040787563728213516
02509aa5-2b23-41af-bb65-2c4f68313c70,0.48645718785374487,0.9021845739903972,0.7181254052283943,0.41572738613665233,0.23166821737464943,0.1840591687620029
0250e41f-d8e6-477a-a9c1-96894ace4ecf,0.5857272235785179,0.5755306662435351,0.5679863635303561,0.010196557334982814,0.017740860048161777,0.007544302713178963
0250f407-0fed-4315-b00e-c4eea719b794,0.29783526583431175,0.283892309590508,0.6133094361632481,0.013942956243803761,0.3154741703289363,0.3294171265727401
025111bd-4a1b-4317-82ce-575e17358194,0.7250837034122517,0.7279703209118078,0.7136520807145161,0.002886617499556099,0.011431622697735566,0.014318240197291665
02522cfb-b50c-4a06-ba27-048ec1c14576,0.3435712842784263,0.3435712842784263,0.35752205217687527,0.0,0.013950767898448957,0.013950767898448957
025263e9-4f61-4953-8a57-5cccb0eec6f5,0.16750576149445132,0.19678922635759022,0.45770884189874345,0.029283464863138903,0.2902030804042921,0.2609196155411532
02527605-f54d-466f-9254-15b7ae6bbb1d,0.6396950417388154,0.6384603828550678,0.56354029752119,0.0012346588837476302,0.07615474421762547,0.07492008533387784
0252a51e-7332-47af-befb-b47245d88310,0.42680932103792263,0.4674801313328636,0.41551143504185617,0.04067081029494096,0.011297885996066459,0.05196869629100742
0252d370-72bc-47fd-97b3-81c27052af94,0.527940594940322,0.5001388176091666,0.6633318311530157,0.02780177733115541,0.13539123621269378,0.16319301354384919
0252f805-92c3-438d-bbd4-5783c83164c9,0.529854209869299,0.5209978833847851,0.5763433805879875,0.008856326484513843,0.04648917071868852,0.055345497203202365
0253496d-7c25-454c-b9be-45ff70154469,0.23051241017236215,0.24837824957987337,0.5483498193858165,0.017865839407511214,0.3178374092134544,0.29997156980594314
025485b8-6ae1-41d3-ad10-ad146ea92858,0.3347169871448449,0.34585316592958676,0.4371031257339941,0.01113617878474188,0.10238613858914924,0.09124995980440737
0254ba4d-a8c6-4a5c-beba-0d0b77c4c672,0.4336914666779275,0.4722849159992171,0.4594431494693326,0.03859344932128961,0.025751682791405106,0.012841766529884502
0254f890-050e-486b-8364-7d8a65356cd6,0.545802985361101,0.573581930983435,0.6191979483964217,0.027778945622334072,0.07339496303532078,0.04561601741298671
025522b4-9859-4642-a4d8-36a00fc867d6,0.18405147983525982,0.1846453892385299,0.17275408253046676,0.0005939094032700876,0.011297397304793066,0.011891306708063154
02555b18-6653-4c55-9698-6eff1b4191e5,0.5055155715365498,0.5076053073462942,0.4589364471719719,0.002089735809744364,0.046579124364577895,0.04866886017432226
02559325-c164-4e6c-8e59-9e5e565944d7,0.3770054613188427,0.3871872320514843,0.394523613963105,0.010181770732641593,0.017518152644262264,0.007336381911620671
0255a8a1-46ea-4c88-b791-f9aff187beed,0.4749625822783033,0.49937472903671537,0.5724880568721533,0.02441214675841208,0.09752547459385003,0.07311332783543795
0255c469-9018-4e3c-8be5-1de9e3515bbc,0.4856985634789933,0.4837949563264756,0.7184672790456589,0.0019036071525176945,0.23276871556666556,0.23467232271918326
02567f71-4dca-4e6c-972a-7a7ccafefe74,0.36646810815088837,0.3621604494653293,0.3711682950794829,0.004307658685559046,0.00470018692859453,0.009007845614153576
0256eede-d81e-42d0-b5d7-c018ceca9727,0.39321978038504185,0.39321978038504185,0.6052490000151639,0.0,0.21202921963012206,0.21202921963012206
02573e8b-c15c-4d6c-a208-f3d48a2d8b30,0.6579482535566575,0.6233361408234358,0.5434240608563835,0.034612112733221734,0.11452419270027403,0.0799120799670523
0257540e-3fa2-4b7c-baae-9174a2534ba3,0.062178781694592136,0.05949835195952727,0.10537354788703834,0.002680429735064868,0.04319476619244621,0.045875195927511075
025779b0-a44a-4254-81f4-1bffccfc8186,0.5088809698528985,0.6573531707393028,0.6991790215716224,0.14847220088640423,0.19029805171872383,0.0418258508323196
02585867-e1b1-4858-ac37-9d077ccc8ff5,0.39151923613712997,0.41466378700581646,0.4638256667361355,0.023144550868686498,0.07230643059900554,0.04916187973031905
02585aa7-6d59-4b3f-aac8-2b8b4afa5261,0.7120240943504514,0.7193864896412657,0.6840764314356708,0.007362395290814283,0.02794766291478068,0.03531005820559496
0258865f-a1fe-4324-8d24-5ebe4cc846aa,0.33369427225125664,0.2816916807348584,0.8761021247912464,0.052002591516398244,0.5424078525399898,0.594410444056388
0258b7dd-c0cb-43b0-b793-ac491fcf92a8,0.5307370798288995,0.5271480477388355,0.6831219095579594,0.003589032090064004,0.15238482972905987,0.15597386181912387
02595358-b61f-4db8-9979-2600e9fbdfc5,0.8376309681954555,0.8587761249352971,0.8364636761831913,0.02114515673984163,0.0011672920122641761,0.022312448752105807
02595541-3637-4bd4-9b97-8598d7124d08,0.6043204543000537,0.6001606355710987,0.7464183905095945,0.004159818728954989,0.1420979362095408,0.1462577549384958
02595824-feef-46ba-b6a4-ed97942eeb22,0.1575946783712877,0.1575946783712877,0.4668293900404999,0.0,0.3092347116692122,0.3092347116692122
0259ef96-1648-4702-85b2-b32675ca9dc5,0.5878782155349689,0.585918935018114,0.6019877883142079,0.0019592805168549,0.014109572779238966,0.016068853296093866
025a3f15-03de-4fc6-9685-b91b3c0a2b09,0.3699800519750557,0.3557736169371859,0.22624589768013564,0.01420643503786978,0.14373415429492004,0.12952771925705026
025a4ff3-4484-4415-a3d5-72d3d48bcdc1,0.19584657864417812,0.5716161060310653,0.7449876300688255,0.3757695273868872,0.5491410514246474,0.17337152403776024
025aa3d2-ca04-4b53-a27b-31b166097fac,0.5045207066464868,0.524863247639734,0.6548214402553391,0.02034254099324717,0.1503007336088522,0.12995819261560504
025b399b-b4a4-4c7b-b0d6-96155e3f22b3,0.7079876124779644,0.4773130439765946,0.3796503962627916,0.2306745685013698,0.32833721621517276,0.09766264771380295
025b5119-87c5-4b3e-8ebc-c0d49f83b57f,0.6624713121514422,0.5847423107449702,0.5888309273471207,0.07772900140647199,0.07364038480432145,0.004088616602150541
025bc7b2-a800-4bec-aaf3-d63f3e9cf9fe,0.36116795722688927,0.37327528564577056,0.3755965481681065,0.012107328418881291,0.014428590941217234,0.002321262522335943
025c123b-6818-473b-b83a-55c7b336fce7,0.2372345592460858,0.24644651852438576,0.4753549347224724,0.009211959278299958,0.23812037547638662,0.22890841619808666
025c1a57-ef2c-4bae-bcd1-cc464cccfd1d,0.5438234361102364,0.5438234361102364,0.6393270419874574,0.0,0.09550360587722095,0.09550360587722095
025c62bc-1cad-49ed-8ec5-136e5c809354,0.1461159142921656,0.1461159142921656,0.16261071701087657,0.0,0.016494802718710955,0.016494802718710955
025c7168-d926-4929-836a-de8bf0c268b6,0.27171601022680636,0.27171601022680636,0.26719999991104026,0.0,0.004516010315766095,0.004516010315766095
025c9c54-91f8-46b5-a100-64a78a529639,0.6493604639435819,0.6493604639435819,0.48977544206090995,0.0,0.15958502188267198,0.15958502188267198
025cb0df-ddeb-4d84-adae-dc9801662179,0.42332742825148834,0.4233522809792162,0.35523120800332386,2.4852727727842083e-05,0.06809622024816447,0.06812107297589232
025dbe08-a935-4537-85d5-c431976cee8c,0.5001333418147429,0.5264194322527749,0.5264194322527749,0.026286090438031984,0.026286090438031984,0.0
025e60ef-aba7-43c0-824f-17bde954aedd,0.4475604298612046,0.47032076729763955,0.7103318430689468,0.022760337436434963,0.2627714132077422,0.24001107577130726
025f3b9a-2f0e-4880-b618-bffd93733185,0.48286881084396943,0.7702107001805072,0.7666560093437504,0.28734188933653776,0.283787198499781,0.0035546908367567465
025f3e76-12c5-4817-9e03-553d670e0537,0.7101284055868808,0.798260591916524,0.6847655956318573,0.08813218632964315,0.02536280995502349,0.11349499628466664
025f5ab5-250b-4dac-b86c-c8912b0735d9,0.13994429195193708,0.14128662301876727,0.18770105905130274,0.0013423310668301824,0.04775676709936566,0.04641443603253548
025f94d3-14ac-4eaf-bcc6-de2aaf7be523,0.537756731453522,0.5346722493887452,0.7067761524211161,0.003084482064776739,0.16901942096759415,0.1721039030323709
025fa907-0561-4c1f-961d-3406260c38f8,0.8729961396522237,0.8795733690715408,0.8029452524279511,0.006577229419317154,0.07005088722427255,0.0766281166435897
025fdbef-a645-45bb-bc91-1a6ad369ba35,0.5475649719994332,0.5688898143014218,0.8016187831583924,0.02132484230198861,0.2540538111589592,0.23272896885697059
0260148d-ec78-4716-b1e1-5c4f9e879fdd,0.6825880953726187,0.6971708018053391,0.7086576790420411,0.014582706432720416,0.02606958366942247,0.011486877236702053
02604db8-b3fb-4857-abf8-e923fd04de81,0.12180403614559643,0.12180403614559643,0.18723579072303542,0.0,0.065431754577439,0.065431754577439
02607dec-4549-4334-bd14-b745f6f9339a,0.8539557191750078,0.8499597224198048,0.6819245762035162,0.003995996755203013,0.17203114297149158,0.16803514621628857
0260d896-5403-440f-ad6e-aa22357c1720,0.6132645532585242,0.6111309151943467,0.5716279678032614,0.0021336380641775454,0.04163658545526283,0.039502947391085286
0261745e-78bd-44d3-ac4f-038fc5997874,0.3408161082053859,0.3566365021918488,0.5545612026994217,0.0158203939864629,0.21374509449403578,0.19792470050757288
0261bc06-ee50-42c2-9ae2-f8bf32986cf1,0.5554665166422631,0.39273932219035956,0.31786832494352135,0.16272719445190353,0.23759819169874175,0.07487099724683821
0261f521-af5a-4b58-96d7-23f20c9d6976,0.1279972185582313,0.128462829129085,0.14439411668864158,0.00046561057085370283,0.016396898130410287,0.015931287559556584
02621cb5-8bdd-4ade-8c37-56e0f9172291,0.6402866854483965,0.6794291286318954,0.8838381713462661,0.03914244318349891,0.24355148589786957,0.20440904271437066
026265ed-1021-4ca7-839d-b00e225ee238,0.701129996963149,0.7511401948919902,0.7415377157213895,0.050010197928841205,0.04040771875824045,0.009602479170600753
0262755c-4c5f-4580-9e59-13d707689c9c,0.612495735129979,0.6068042522327792,0.6305539910209405,0.005691482897199784,0.01805825589096144,0.023749738788161223
0262a3d2-a94a-4da8-9f14-a7676d98f0b8,0.24995075242895248,0.25919318857036083,0.5163504038143195,0.00924243614140835,0.26639965138536703,0.2571572152439587
0262d1e8-c166-4d47-9ab7-e7784d2b10c7,0.48005164087198754,0.5390099309630559,0.8262627724333,0.0589582900910684,0.3462111315613125,0.2872528414702441
026322a4-abea-4b06-9d12-93fd00952732,0.4487709420319453,0.4175561133447706,0.6508892259278505,0.03121482868717468,0.2021182838959052,0.23333311258307987
02632c15-feec-4ae4-b1be-4616e1f2c559,0.44097314843484825,0.44974197350169054,0.5345299436942323,0.00876882506684229,0.0935567952593841,0.0847879701925418
0263657e-4ac6-4bd5-8589-e3fb5af0bb1f,0.28881429433473504,0.3029388513242177,0.4046301686538343,0.014124556989482673,0.11581587431909923,0.10169131732961656
026385d5-64b7-40b1-afbf-2c3361e5ae94,0.4859928761812945,0.49376658746680935,0.45334313881540994,0.0077737112855148505,0.03264973736588456,0.04042344865139941
02639106-d864-4bf3-8941-1428d0c25c8b,0.49555579095881647,0.4645480899322103,0.5492104557486451,0.03100770102660616,0.053654664789828665,0.08466236581643483
0263f3f7-7fbf-4e59-a440-9e3ca2bd5999,0.3143340069651751,0.3398627362102665,0.35661978697381863,0.02552872924509142,0.042285780008643525,0.016757050763552106
02640826-9f4c-4051-b8f8-211b30352795,0.6539025349043932,0.579450161778155,0.6074941550626598,0.0744523731262382,0.046408379841733405,0.028043993284504798
02647361-0369-4c32-a682-2e75e482aba9,0.5193360011171223,0.4170965237354869,0.7855421383870139,0.10223947738163541,0.2662061372698916,0.36844561465152703
02647ab3-d9bc-4bfe-b8a1-d8d1d627fb6a,0.4404960069249964,0.4900818697923882,0.5924623116441781,0.049585862867391806,0.15196630471918166,0.10238044185178985
026518e5-69f5-4521-a75a-68c7bcca94bc,0.6591091705563802,0.6275929752367058,0.5304512065219353,0.03151619531967442,0.12865796403444485,0.09714176871477043
026537f6-2cf5-436b-bac7-97cfffd24788,0.17242463642204758,0.16862337286752904,0.17857337309060198,0.0038012635545185414,0.006148736668554394,0.009950000223072936
0265fa15-88d9-4812-885e-c095fbb01230,0.5420349821760478,0.5420349821760478,0.5723702634639459,0.0,0.030335281287898086,0.030335281287898086
0265fac2-9ebf-4bc9-a1bd-1242c8821a6f,0.20779456528910764,0.20779456528910764,0.24391318460380684,0.0,0.0361186193146992,0.0361186193146992
02663335-2b71-4d91-ba2d-f0ffbf8c0c86,0.5068710538894297,0.40335887612663884,0.363064557244698,0.10351217776279081,0.14380649664473166,0.04029431888194085
02663bb0-f4c2-4e7c-b6fa-7ea4ce611497,0.359733981044243,0.37965675071284,0.716215916823246,0.019922769668597018,0.35648193577900306,0.33655916611040604
02670e6b-655e-4066-85e1-6df8c3acfb91,0.7351659093122181,0.7351659093122181,0.7968959490892806,0.0,0.061730039777062484,0.061730039777062484
02674f6f-b9bb-402d-96f0-3243738e1fa0,0.7525002095305628,0.7615669838171223,0.6091545099363147,0.009066774286559443,0.14334569959424814,0.1524124738808076
02675b5d-a642-49b1-8699-c0d8748a7bff,0.47542255699496977,0.46796101170907395,0.5169599731248338,0.007461545285895821,0.041537416129864,0.04899896141575982
0267998c-7bc4-41f6-a357-dded94541154,0.10155340481594877,0.10155340481594877,0.21382840485553214,0.0,0.11227500003958338,0.11227500003958338
0267a403-cef6-461a-9c13-0385a0ad41a8,0.42332188805383414,0.42332188805383414,0.4484937221575127,0.0,0.02517183410367857,0.02517183410367857
0267ea00-b783-4a81-b4d5-ac887415c321,0.4925562680040381,0.43030458188276927,0.612633985322492,0.06225168612126886,0.1200777173184539,0.18232940343972276
026855db-39ec-41d0-b9a4-22ebba10cbd8,0.8461186880911203,0.8461186880911203,0.8554459764595614,0.0,0.0093272883684411,0.0093272883684411
026896af-f245-41ba-afcf-f57f2a38b01f,0.1995179875567442,0.20057714943948857,0.40024091231925285,0.0010591618827443805,0.20072292476250866,0.19966376287976428
0268db04-98be-41d2-a11b-979109fdf26e,0.3856367410766756,0.40888111252764875,0.7936937742687393,0.023244371450973134,0.4080570331920637,0.3848126617410906
0268db32-dda2-4f4e-a8f7-07abac019fd4,0.400573800332962,0.3917587788362199,0.400573800332962,0.008815021496742126,0.0,0.008815021496742126
026901ed-5d34-423f-8aec-e475f3b8008a,0.39689186213464905,0.3795032939561583,0.6564071201177042,0.01738856817849077,0.25951525798305514,0.2769038261615459
02690be4-dd9c-4556-b805-0e2dc230b2c2,0.6670295380830819,0.6223062118521756,0.7770530798244389,0.044723326230906246,0.11002354174135709,0.15474686797226334
02691afd-ec70-401c-85b2-d74506e20ff9,0.5336483106275829,0.5253967291932921,0.5127700689813929,0.008251581434290833,0.02087824164619001,0.012626660211899177
02694944-a317-447c-ab0b-fea2de0e60bf,0.579421690959889,0.7932690601760998,0.7932690601760998,0.21384736921621073,0.21384736921621073,0.0
02696a4f-988d-4ee9-92a2-4a14d62ef7ed,0.7506482617517655,0.844809634168562,0.8696672924867607,0.09416137241679656,0.1190190307349952,0.02485765831819864
026a12b7-d437-4fc9-85c5-0e10e36355f9,0.7972792173606704,0.7692233134956054,0.5928006937154218,0.02805590386506507,0.20447852364524866,0.1764226197801836
026a2a94-3c2d-479b-811f-7c50a3684ef1,0.5887896507881314,0.5838608315756812,0.5155452849332531,0.004928819212450142,0.07324436585487826,0.06831554664242812
026a3181-879c-48f8-8962-4bad95f0da4b,0.5847461925965197,0.5860958145275511,0.6432551063490772,0.0013496219310313862,0.05850891375255751,0.057159291821526126
026a62c5-35b2-4b05-be7b-7b83ef1ff47f,0.7456830835143459,0.7440254341686746,0.7281934597620718,0.0016576493456712527,0.01748962375227403,0.015831974406602778
026ae670-011b-4f78-8901-f61c2491151b,0.6190261967802274,0.6126755001331096,0.7544479449026104,0.006350696647117848,0.13542174812238295,0.1417724447695008
026af07b-18b0-4322-9958-15b97aa21a49,0.9593220544395699,0.954847983027866,0.955682144667259,0.004474071411703862,0.0036399097723108786,0.0008341616393929829
026b4c55-aa18-4f21-be55-4b1555e866d8,0.392959804895174,0.39715230184374517,0.2801772474125334,0.004192496948571156,0.1127825574826406,0.11697505443121176
026ba149-3ded-4fbf-8fab-586cda9cf819,0.07739376030576729,0.07350637574416564,0.33601547740468046,0.003887384561601648,0.2586217170989132,0.26250910166051483
026bff3a-d584-4a13-a27c-fd76f0b795b9,0.5400372560927131,0.5457208380783669,0.7500837553055448,0.005683581985653774,0.2100464992128317,0.20436291722717792
026c6493-13ba-47a7-b822-0a6c6efd54d2,0.5652126942058135,0.6354552705855752,0.7398089637270514,0.07024257637976161,0.17459626952123786,0.10435369314147624
026cf847-2bec-45d3-a5b3-086017fffedd,0.6909562925939206,0.6871839960454328,0.5764170812678953,0.0037722965484877635,0.11453921132602529,0.11076691477753753
026d35d8-edf7-456a-b300-f2d89afe44ee,0.30327657149606213,0.3266336306973223,0.42549068885435465,0.02335705920126019,0.12221411735829252,0.09885705815703233
026d5e8c-70f9-457d-8850-98efbc07b4a6,0.47600228979075726,0.481956277881371,0.5459225508799664,0.00595398809061376,0.06992026108920918,0.06396627299859542
026d649e-8468-4e7b-ba4a-b5e7976c1138,0.32853609214393,0.4370827555710923,0.37197304842604384,0.1085466634271623,0.04343695628211386,0.06510970714504843
026d8886-c000-4b00-9e2b-a9a0eae7ea19,0.7662817627758537,0.7742751559632858,0.7627183203328702,0.007993393187432085,0.0035634424429834555,0.01155683563041554
026ddec2-e707-4b1c-99ac-48041f2c76ac,0.27181542490034954,0.27181542490034954,0.31387106654747693,0.0,0.042055641647127384,0.042055641647127384
026de40a-d106-473b-b228-ef26f5b87182,0.6449958963479107,0.6889413799739552,0.4380602537703482,0.04394548362604456,0.20693564257756247,0.25088112620360703
026de40d-da9a-4147-9d37-b1bc0f31fcd0,0.7033688896444688,0.42510531721717854,0.47106574397918344,0.2782635724272902,0.23230314566528532,0.0459604267620049
026de664-7b11-4c60-bf2f-99c81a2823cf,0.13492269526970468,0.13492269526970468,0.5195874328691438,0.0,0.3846647375994391,0.3846647375994391
026e28bc-e45b-4796-bde0-3d25e6d355d9,0.46177063372681587,0.48943100746245743,0.5035425558360105,0.027660373735641564,0.041771922109194615,0.014111548373553051
026e7874-66b0-4fdf-9ddb-469bec0225ca,0.3203439236487918,0.3296795389853248,0.45767725138644433,0.009335615336533043,0.13733332773765256,0.1279977124011195
026ee97a-6c56-4fe8-901b-367f79453fdb,0.4442060977170123,0.46274858615217757,0.47256566793488514,0.01854248843516526,0.02835957021787283,0.00981708178270757
026ef143-4bb6-4f4c-8dd1-b4ae92993841,0.8091528163595625,0.6140018672990304,0.739425386681371,0.1951509490605321,0.06972742967819145,0.12542351938234064
026f0d52-dcd0-4550-8740-84bf82beda14,0.5282716895262308,0.5201021261312548,0.32325889242922995,0.008169563394975987,0.20501279709700088,0.1968432337020249
026f3f68-5e2f-46f3-b33c-68cb784188ae,0.6067226113229031,0.6067226113229031,0.7461096539462729,0.0,0.13938704262336987,0.13938704262336987
026fb3b0-5951-4b66-8d3f-66ceaad5cf23,0.5979237658579558,0.6489953389791958,0.6142289574594574,0.05107157312124,0.016305191601501567,0.03476638151973843
026fbb46-1c07-42c3-bb0a-f187a7e23d83,0.41600099159082,0.41600099159082,0.32851533665640253,0.0,0.08748565493441746,0.08748565493441746
026fd269-4c92-42af-a382-585fb56d8f23,0.5398958066456613,0.5799125355814448,0.8264977745153783,0.04001672893578356,0.28660196786971703,0.24658523893393347
026fe56e-0218-41e3-b702-edd847159b77,0.4976010059655059,0.5519853269875152,0.48828659294026144,0.05438432102200935,0.009314413025244439,0.06369873404725379
026fe736-3be9-4567-86dd-eaea5249bd9d,0.8139056929784971,0.8192137729252765,0.8549567961388905,0.005308079946779398,0.0410511031603934,0.035743023213614
02702a37-7bdf-42af-a471-b7ec79073875,0.5995744060598245,0.5995744060598245,0.6978304072036109,0.0,0.09825600114378641,0.09825600114378641
02703491-1a92-4e36-b117-87cba8ed2684,0.6100831487147449,0.6050252228721139,0.7600471762900064,0.005057925842630984,0.1499640275752615,0.1550219534178925
027050c3-a656-46d0-9ef0-336d4f59bbad,0.6622857861011843,0.6664878852220567,0.7649357226005349,0.004202099120872438,0.10264993649935061,0.09844783737847818
0270bfcc-d003-479b-aa9e-116b98c37c96,0.6004188379012718,0.6004188379012718,0.6929877587082321,0.0,0.09256892080696033,0.09256892080696033
02710807-4dcc-441e-9f3c-6d14228cf813,0.4442364852344917,0.4442364852344917,0.873610903390477,0.0,0.42937441815598526,0.42937441815598526
02719d8f-942c-4aba-97fb-d26fdf60f91c,0.7093732328914305,0.7246522884919178,0.7712030788287111,0.015279055600487257,0.06182984593728058,0.046550790336793324
0271e010-551f-419c-9116-0a14594117ee,0.3539793860356367,0.35292900687052275,0.7499911640574568,0.0010503791651139682,0.3960117780218201,0.39706215718693405
02721564-ba31-4b6f-a221-8ae033325eaa,0.3744111521016851,0.3737739181985256,0.3685285681151228,0.0006372339031594509,0.005882583986562273,0.005245350083402822
02728141-af58-4920-ac2c-907afc7a3e87,0.5153941872032483,0.5379793083541797,0.5565512520155188,0.022585121150931475,0.04115706481227055,0.018571943661339074
02731bb3-4e1d-4a1e-a6ac-f4703234d846,0.6646222320109815,0.6650251662702195,0.44849768020376374,0.00040293425923798587,0.21612455180721774,0.21652748606645572
027360ce-7623-4279-9d22-02a3726b9cd6,0.5053677807968046,0.5053677807968046,0.5359779528555954,0.0,0.030610172058790797,0.030610172058790797
0273bb12-b44f-499a-8429-dbb5226fd610,0.5099942884421657,0.5046895323112651,0.7126540205125399,0.005304756130900534,0.20265973207037424,0.20796448820127478
0273c33d-8c92-4547-8c4a-a68af73f3e54,0.0439308621839306,0.04283762645471431,0.04085881824755033,0.0010932357292162895,0.0030720439363802685,0.001978808207163979
0273df3b-394f-42bb-84bd-8484755f1e18,0.6548919256818715,0.6616466733427229,0.6790989118817028,0.006754747660851379,0.024206986199831304,0.017452238538979925
0274670d-c014-407b-97db-140468f014aa,0.6941511173790379,0.6908960529596165,0.7269990856084553,0.0032550644194213607,0.03284796822941738,0.03610303264883874
0274911c-c846-4ebb-92d7-45b9c0638f58,0.23985318882852577,0.24509230508204172,0.27492853825885266,0.005239116253515946,0.03507534943032689,0.029836233176810945
0274add4-25de-48de-b5e4-4eed735f4953,0.37032628682788066,0.36835999012187803,0.7257522303536528,0.0019662967060026237,0.3554259435257721,0.35739224023177474
0274f1d1-ffb7-4eff-959e-54d7a52dff8f,0.8089099082521707,0.8089099082521707,0.722451811922474,0.0,0.0864580963296967,0.0864580963296967
027533ed-6387-4a8d-9bea-267748477a25,0.37800004736875875,0.37763537511345613,0.44140798766317707,0.0003646722553026227,0.06340794029441832,0.06377261254972094
0275387f-d40e-41e7-8b09-86e393e31140,0.5114777815792408,0.4566691997933668,0.8016529543836357,0.054808581785874055,0.29017517280439487,0.3449837545902689
02754c47-27c1-49a8-82cf-4931db052931,0.2774878592171395,0.2634951942481695,0.5087525251081421,0.013992664968970003,0.23126466589100259,0.2452573308599726
02755023-68b3-4e1f-b42c-c72d374e2a8f,0.4997834282489106,0.607505660418005,0.7654658868759111,0.10772223216909443,0.2656824586270005,0.15796022645790608
02755fd2-cfad-4161-afe7-5d72ddb2f85d,0.5750807855596911,0.6226118744456651,0.5460987036265119,0.047531088885974015,0.028982081933179193,0.07651317081915321
027580a1-0da8-4cdf-ad7a-14ecfbbf62ad,0.3735252761938022,0.3920981409204974,0.39435576669443395,0.01857286472669517,0.020830490500631738,0.002257625773936567
0275a0e3-e084-47e7-b58e-a13d21b6dd80,0.5475739224725145,0.23798054707175556,0.2184780203073748,0.30959337540075893,0.3290959021651397,0.019502526764380773
0275b8d6-1113-4bf5-a45f-2a608f5de480,0.5901902690122236,0.5975380415705145,0.5975380415705145,0.007347772558290888,0.007347772558290888,0.0
0275bb2c-9432-49dc-9aa6-e8e89a80a4ae,0.5904571929041018,0.5883170096169369,0.5161741023661097,0.0021401832871649207,0.07428309053799209,0.07214290725082717
0275cc98-a583-4760-b426-276328297d5d,0.7830995684597417,0.7923550872697772,0.7564305022692961,0.009255518810035501,0.026669066190445623,0.035924585000481124
027605fc-774f-4faf-9462-2e9e8140ca9d,0.20859424442193655,0.193730767534447,0.38216593999487875,0.01486347688748954,0.1735716955729422,0.18843517246043173
02768278-3e11-488a-8ae4-a4e111ac4e8f,0.4109694935569692,0.4109694935569692,0.4225607351151681,0.0,0.011591241558198906,0.011591241558198906
0276fd37-3a2b-4acf-bb1d-169e94e148c8,0.25891146005908205,0.25891146005908205,0.2363247037079851,0.0,0.022586756351096943,0.022586756351096943
02771e6d-58eb-4fbd-a1e0-3c7cea7291f8,0.5156228502442709,0.7075765075133709,0.6813827103052716,0.19195365726909996,0.16575986006100074,0.026193797208099223
02776b58-0af1-4f40-a04c-476d78215b5d,0.7431078611957237,0.7938342909358106,0.7561207224080372,0.0507264297400869,0.013012861212313487,0.03771356852777341
027771b2-12cd-44d6-93d2-7fd706593569,0.2845551243629662,0.31497169832115046,0.31749225642742895,0.030416573958184256,0.03293713206446275,0.002520558106278492
027796f1-179b-4d12-ae99-ca439e076247,0.6446001014731723,0.3879327620277193,0.3182352595233823,0.25666733944545295,0.32636484194979,0.06969750250433704
027878c9-981b-4ebc-8e8e-37253263a94d,0.20898616136732778,0.21409485802668451,0.21438116066006188,0.005108696659356732,0.005394999292734098,0.0002863026333773666
0278b6e2-8298-4260-977c-3bb837c1374a,0.3418860770408062,0.34396108158885236,0.6621285713200741,0.0020750045480461554,0.3202424942792679,0.3181674897312217
0278c273-eff5-46fb-8e6f-a6686882a7ca,0.31655047153256943,0.7985709673036883,0.843862570815863,0.48202049577111883,0.5273120992832936,0.04529160351217476
0278dd9d-ea5e-4494-a83d-10febb208d09,0.7539860918996016,0.7370167945910073,0.8160862744233733,0.01696929730859431,0.062100182523771696,0.07906947983236601
02792230-17e8-4626-ae83-ecbb27134267,0.3104815669611559,0.30940074585974486,0.5152847647336962,0.0010808211014110558,0.2048031977725403,0.20588401887395136
02795080-dd31-4184-a7fd-f095461989c4,0.6753450718287616,0.66647558515083,0.8282620927034262,0.008869486677931526,0.15291702087466463,0.16178650755259616
02795dad-75f3-41ae-92a0-b83ee6a6d94b,0.10412488964612845,0.1097594312565002,0.13853034118446675,0.005634541610371746,0.034405451538338294,0.028770909927966548
02797d0d-30b6-44bf-a928-171688075588,0.5945008693437115,0.5985680425775821,0.6043583813332709,0.004067173233870625,0.00985751198955942,0.005790338755688795
02798008-e60c-4320-b4d2-d1a652ac5236,0.2962332908611911,0.2962332908611911,0.5265381804001489,0.0,0.23030488953895778,0.23030488953895778
0279f616-464c-4b84-a91a-f0e101d466e1,0.4591700786206031,0.4591700786206031,0.5377795213064824,0.0,0.07860944268587933,0.07860944268587933
027a018c-93ce-4b61-8057-39c5072d1182,0.5792516972935613,0.438601824853596,0.438601824853596,0.1406498724399653,0.1406498724399653,0.0
027a2874-8349-486a-96a4-35260aa0fde1,0.5481706911485915,0.5481706911485915,0.3355830910535481,0.0,0.2125876000950434,0.2125876000950434
027a3cc2-0862-48e2-98d8-5015e0c91397,0.4466411249387088,0.48635024162793133,0.5850344591697677,0.03970911668922256,0.13839333423105893,0.09868421754183637
027a4410-8298-4cec-9894-f0cb9d687de2,0.21797035880266044,0.21196052968601814,0.27009286748665506,0.006009829116642301,0.05212250868399462,0.058132337800636924
027a518e-1185-435e-8539-b17408f30a7b,0.40357178530116355,0.38966872007916387,0.5322874827515289,0.013903065221999689,0.12871569745036537,0.14261876267236506
027abf27-94b8-486d-b02c-3bf9e87ea1bb,0.7278061767710204,0.852411120206703,0.8901414117911863,0.12460494343568251,0.1623352350201659,0.03773029158448338
027ac655-1628-40a2-894b-36e34570f340,0.4656501319034334,0.6254981246407506,0.8304823357335201,0.1598479927373172,0.36483220383008674,0.20498421109276954
027acea2-9c75-46ab-9546-24ce6e6affc6,0.7207886355981262,0.461577847588123,0.7486098092948346,0.25921078801000325,0.027821173696708335,0.2870319617067116
027b6f67-f934-4a93-ba26-1fdc05b8fa39,0.4629587970364912,0.46306264439207684,0.4102028460132814,0.00010384735558566227,0.05275595102320979,0.05285979837879545
027bc438-31a1-4a8f-8372-a0fcc06b2585,0.41013243135818933,0.41013243135818933,0.4234903289724355,0.0,0.013357897614246161,0.013357897614246161
027bd46f-e84b-41b0-9cdf-3feb586c4379,0.4906312255946191,0.46648384084648475,0.6247752162241068,0.024147384748134326,0.13414399062948773,0.15829137537762206
027be66b-9811-4258-82c1-61d820b08c6c,0.39054940416085554,0.34929130528118585,0.539711602275316,0.04125809887966969,0.14916219811446046,0.19042029699413016
027c6767-3993-4d55-9a5e-9f1183509f69,0.4822712263885818,0.49294464761129303,0.7009738991035936,0.010673421222711255,0.21870267271501187,0.20802925149230062
027c97a3-afed-4d57-bc51-afdc9bb13794,0.15918564032344173,0.15918564032344173,0.15918564032344173,0.0,0.0,0.0
027cd88a-4fe5-4525-9177-05fba616112a,0.2743802521256945,0.2743802521256945,0.1997828826244911,0.0,0.07459736950120341,0.07459736950120341
027d4f5e-c82c-4d07-a7a3-32b41a7d6b3e,0.6350544036636808,0.6881353900239863,0.53770173709605,0.05308098636030545,0.09735266656763086,0.1504336529279363
027d68ba-0754-4bdc-8420-dc08432ba861,0.25218719419963664,0.25218719419963664,0.24913534054818315,0.0,0.0030518536514534955,0.0030518536514534955
027d6977-ac03-43f9-8886-77efea29121d,0.6831761278095508,0.6587971502057774,0.7185965020132979,0.02437897760377339,0.03542037420374711,0.059799351807520496
027db7a5-49ef-4cc0-9408-3f69f6549475,0.24689836886906139,0.26986808086870245,0.372208597210857,0.022969711999641068,0.1253102283417956,0.10234051634215452
027dd3c6-6273-4158-8534-dacf0455a321,0.5839807527488021,0.577335450565816,0.4095507414328214,0.00664530218298609,0.17443001131598074,0.16778470913299465
027e0792-81d6-43db-a2f3-afb7d323eaf4,0.5848847949028835,0.5830303720301506,0.34058220856723076,0.0018544228727328527,0.24430258633565272,0.24244816346291986
027e09b1-5c97-41b2-9424-62a0c106c18e,0.7522717318669119,0.29875286637909587,0.822156758714012,0.453518865487816,0.06988502684710007,0.523403892334916
027e15c3-0f5c-455e-ae43-0f895b574d1d,0.6987657822414999,0.6779802538223363,0.725279764332357,0.02078552841916359,0.02651398209085709,0.04729951051002068
027e1b65-d357-4449-94b2-66c8321c67eb,0.5302831518375037,0.5903501780132667,0.8001141087135416,0.06006702617576298,0.26983095687603786,0.20976393070027488
027e2e0e-a3aa-4cd8-ad54-656b38ea5994,0.383314346637438,0.32907667015177666,0.3535237223972546,0.05423767648566136,0.029790624240183416,0.02444705224547794
027e56c7-1297-4811-93a4-3313c34d9ce3,0.34770380116542443,0.3411690372277601,0.10867044401446713,0.006534763937664334,0.2390333571509573,0.23249859321329297
027e9aa3-f6e2-4344-91eb-56becf199741,0.3162996185188474,0.3138176753253639,0.3138176753253639,0.0024819431934834935,0.0024819431934834935,0.0
027eced2-31d3-4403-ad91-01c66c697630,0.5623687482474554,0.5552260054592573,0.4992437783431999,0.007142742788198153,0.06312496990425553,0.05598222711605738
027eeddd-400d-449a-9663-8391bbf47266,0.3058653668743898,0.2919738383252409,0.4497807123729329,0.013891528549148935,0.14391534549854307,0.157806874047692
027ef907-a592-4d37-a5ef-7b9dc8f7ecb5,0.3061035569419689,0.30365610783677327,0.38867003558859825,0.0024474491051956204,0.08256647864662936,0.08501392775182498
027f14af-336a-45af-abe9-e09467fec456,0.09805995642039834,0.2470432045777427,0.2718387584930781,0.14898324815734437,0.17377880207267976,0.02479555391533539
027f5f4a-34bf-4b7f-897d-396647a1221d,0.7266434694518168,0.7333364562218939,0.7953010842584903,0.006692986770077125,0.06865761480667354,0.061964628036596414
027f7703-95dd-40d1-a841-ea30af57db87,0.4000413017800808,0.4338276188948739,0.48343880918993193,0.03378631711479313,0.08339750740985113,0.049611190295058005
027fa260-bafb-41bd-b697-47842d6d054a,0.756849411099124,0.8430952261865388,0.701058115257494,0.0862458150874148,0.055791295841630006,0.1420371109290448
027faea2-5863-4f5f-841f-bdf90c7af57d,0.5898224342277177,0.5898224342277177,0.7559095060562638,0.0,0.1660870718285461,0.1660870718285461
027fc59d-8552-4a16-8da9-7c9a8f8a623c,0.8486548231521033,0.8751996297399439,0.7536780584219737,0.02654480658784064,0.09497676473012961,0.12152157131797026
027fe785-39b8-4b9e-b894-1cba70958c94,0.6666911755603593,0.6692996807708266,0.6755174247708214,0.0026085052104672934,0.008826249210462156,0.0062177439999948625
027ff6af-de78-4369-93a0-40af762e7333,0.4051179271890251,0.17986905253135765,0.2449499347818338,0.22524887465766746,0.16016799240719132,0.06508088225047615
02802a43-c325-4b11-b76e-aa33db5601f6,0.28180692855753464,0.8661359616964173,0.8422405689630851,0.5843290331388826,0.5604336404055504,0.023895392733332188
02803c03-6c72-49b2-b740-7c56faf2d006,0.48499403265591723,0.49071645036536143,0.5966973585294609,0.005722417709444205,0.1117033258735437,0.1059809081640995
02803f88-5a76-4162-9907-42d4139b0fb9,0.4634105500397398,0.46061465933211093,0.4643986585100354,0.0027958907076288675,0.0009881084702956233,0.003783999177924491
02808e50-be84-4acc-8dda-2669fc6f9417,0.46649128042983007,0.4610463119341336,0.3327692358138179,0.005444968495696478,0.13372204461601217,0.1282770761203157
0280f5b1-9121-4793-9da9-c57db6ed3d2c,0.22373126059246434,0.22373126059246434,0.2221350539364239,0.0,0.001596206656040433,0.001596206656040433
02812727-6bda-4f0e-b141-03c140e60659,0.4167312582115942,0.4209249318906697,0.433992839240632,0.004193673679075527,0.017261581029037798,0.013067907349962271
028130f3-3e58-4d8f-9a69-11a7f5ef6674,0.6573371588326222,0.6443452320531801,0.6740369997417128,0.012991926779442164,0.016699840909090602,0.029691767688532766
02813d7d-bd50-450b-b263-534e2a062630,0.6776506019048935,0.6793699559068567,0.6140757294412195,0.0017193540019632136,0.06357487246367399,0.0652942264656372
02819dbb-2f34-4ee7-9730-d151a17f4125,0.3564041476502626,0.3589354693249508,0.3468273865853326,0.0025313216746881695,0.00957676106493005,0.01210808273961822
0281a3c5-de52-4c95-b996-ffd440636210,0.799211265129885,0.7800289245849784,0.89921410387304,0.01918234054490664,0.10000283874315496,0.1191851792880616
0281cd23-cbda-42f3-8e4c-d035bcfe4f8f,0.39293677901987417,0.3937954593294399,0.5532081456073905,0.000858680309565707,0.16027136658751634,0.15941268627795063
02822dc0-3a8c-419f-9f74-ec5be25dfdee,0.15731228099991246,0.1612616887187234,0.08613137879396725,0.003949407718810943,0.07118090220594521,0.07513030992475615
02823a00-7257-4dfa-b726-cebe5444f80f,0.5655558182498505,0.5702512958431089,0.5264542623492308,0.00469547759325839,0.0391015559006197,0.04379703349387809
02824033-7941-421d-8ddb-3de475b1c8c0,0.7375005902102836,0.7375005902102836,0.7650161937867567,0.0,0.02751560357647309,0.02751560357647309
02824568-38e1-443b-a706-7ea54dbee6ff,0.4713153441811478,0.4772424022295511,0.5204873341540628,0.005927058048403322,0.049171989972915,0.043244931924511676
02825a50-a586-429e-b5f0-cc9a88b7d890,0.4004749604098696,0.4004749604098696,0.4580522328344818,0.0,0.05757727242461225,0.05757727242461225
0282b6bf-537b-4efa-9709-7b35fdd2054a,0.4134446580361549,0.46840320866997115,0.6925067340150788,0.05495855063381627,0.2790620759789239,0.22410352534510763
0282bcd1-7c39-439c-8e81-1fafb6613e08,0.41013626385468693,0.40559421577488597,0.25371214024993455,0.004542048079800964,0.15642412360475239,0.15188207552495142
0282ed55-5c83-42c3-a3d5-e7f36d962a76,0.4698447404261371,0.45904032658630106,0.4654021899715899,0.010804413839836047,0.004442550454547223,0.006361863385288824
0283dbe0-1779-4f60-9c4c-721c90c72929,0.4006977679536388,0.6356035998767599,0.7624854809648671,0.23490583192312103,0.3617877130112283,0.12688188108810727
0283e3fb-b2d7-463c-a895-f905ac496e35,0.5772069650150916,0.5772069650150916,0.7630613393978865,0.0,0.18585437438279484,0.18585437438279484
028475e4-7467-4703-9867-4482507729a2,0.6121561348269992,0.4989097832592284,0.6869825583552186,0.11324635156777074,0.07482642352821944,0.18807277509599019
0284b7c1-6fb0-46f8-a850-53f11888d414,0.655332495695441,0.6775492083925547,0.5380544410766686,0.022216712697113672,0.1172780546187725,0.13949476731588617
02850491-7b92-4703-8193-364ce256d458,0.40013512762420106,0.2913519285418496,0.5636126401226706,0.10878319908235146,0.1634775124984696,0.27226071158082105
02856793-d72c-4e1c-88e5-0e6a8ed9daa3,0.43366484399283894,0.4204475231782484,0.5010830332666008,0.013217320814590539,0.06741818927376181,0.08063551008835235
028580ff-49de-4f89-a36a-f20429fa4dee,0.45760655206953504,0.5095078277047105,0.5364692412540375,0.05190127563517544,0.07886268918450245,0.026961413549327018
02859996-c84f-4531-b912-0d76dc48085d,0.239944949129028,0.22809599791727056,0.3633855273604702,0.011848951211757441,0.1234405782314422,0.13528952944319964
0285a309-ce45-4138-8c83-a20f8210cc40,0.32147804537048114,0.32355248566469125,0.3724718646631755,0.0020744402942101114,0.050993819292694365,0.04891937899848425
02860062-bac4-44f0-95ee-77854152d8b2,0.7701839235011144,0.8036773875320926,0.663630584485283,0.03349346403097819,0.10655333901583142,0.1400468030468096
028651bb-d54e-421a-b25a-174227a72ed1,0.6575478852416339,0.5848352542676085,0.5965120290338278,0.07271263097402536,0.06103585620780605,0.011676774766219311
0286789c-1f96-4a00-a164-f16bbf4ce890,0.750075825039126,0.6731927442002654,0.865069330992744,0.07688308083886053,0.11499350595361801,0.19187658679247854
02868a65-beaf-4aed-ad36-81f95ff56339,0.6595463848286339,0.6630570211443364,0.5019943272034865,0.0035106363157024756,0.15755205762514746,0.16106269394084993
0286a62c-1305-489c-975e-e024ce7f5a8e,0.19539798333874916,0.19539798333874916,0.5499175233156368,0.0,0.3545195399768877,0.3545195399768877
0286f7ad-83a7-4811-bc28-a7da4be336aa,0.7118102614930377,0.6757146707144954,0.5372411521921221,0.0360955907785423,0.17456910930091563,0.13847351852237333
02871315-faa0-4fd4-8b2e-c25117dc3a9b,0.657466565669029,0.6503747626305763,0.7792486830077617,0.007091803038452693,0.12178211733873279,0.12887392037718548
0287333f-51e8-46e6-85aa-237d14d0143f,0.33905943022876484,0.3256266209424648,0.4869268914392202,0.01343280928630003,0.14786746121045535,0.16130027049675538
02878f5f-a7b6-4d65-b23e-20d37577f087,0.542650785753285,0.5428981641896995,0.6335507004402937,0.00024737843641453594,0.09089991468700875,0.09065253625059422
02879042-a266-4670-af82-f8582cda9e50,0.6388992156881043,0.6851773765106217,0.596086337174826,0.046278160822517456,0.04281287851327831,0.08909103933579576
0287e12b-17ea-4d58-a66e-8c5c66549361,0.27976044189704746,0.27534288734799783,0.2808081576673006,0.004417554549049629,0.0010477157702531437,0.005465270319302773
0287f454-4a3d-4a00-9a10-5200bc46f0e2,0.889566128194936,0.9015439443540278,0.92293403414131,0.01197781615909188,0.033367905946374066,0.021390089787282185
0288467c-a885-41ea-a037-429c808c6978,0.3106729727638674,0.3171817428690972,0.35645552996864854,0.006508770105229822,0.04578255720478114,0.039273787099551316
0288852a-9034-4dd0-aed0-ae8b9e2ddf5a,0.7409328590026227,0.7052255386983177,0.7518338363125112,0.03570732030430501,0.010900977309888482,0.046608297614193495
02888c80-992b-4f57-8934-6447930ac3da,0.5430328871664595,0.47088201914875294,0.688829998336148,0.07215086801770654,0.14579711116968852,0.21794797918739506
0288d242-ac4f-4691-93fe-f4899e4278df,0.7803831859427097,0.8175410640760737,0.6326537352478103,0.03715787813336402,0.1477294506948994,0.18488732882826342
0288d5de-4fc2-4ea2-941a-6c6ee1d557c3,0.4768725767516073,0.41215301389636616,0.41229298380392876,0.06471956285524116,0.06457959294767857,0.0001399699075625982
0288e31c-7794-4a90-ae2c-4562fe40f034,0.8184432469137685,0.7898602842532507,0.6932824241732588,0.02858296266051774,0.12516082274050966,0.09657786007999192
02891646-ccd7-4007-b484-134f9ed682e1,0.5199725056136346,0.5021783733865587,0.5999700652310562,0.01779413222707593,0.07999755961742161,0.09779169184449754
02895185-3d12-43ee-a600-c48a23812991,0.44076262213085704,0.48615615819998015,0.7525170607387162,0.04539353606912311,0.3117544386078591,0.266360902538736
0289f219-3efe-4e68-b9d4-cfb2f85b301f,0.3619320634642154,0.34757567248557375,0.36198878852384897,0.014356390978641664,5.6725059633555563e-05,0.01441311603827522
028a399d-2a69-4172-8fb3-8b796dad33b1,0.4335050511999017,0.4335050511999017,0.5502224115560133,0.0,0.11671736035611158,0.11671736035611158
028a47ea-21c3-4371-ae98-f48531ab0c53,0.7131722724009928,0.7103905295655318,0.7103905295655318,0.002781742835460954,0.002781742835460954,0.0
028a4dfd-01d7-47bf-8a4b-1a1cee6d7959,0.39448183249103536,0.40235956258535327,0.6676460772966583,0.007877730094317914,0.2731642448056229,0.265286514711305
028a4f8f-2a78-45d1-96e6-ad431aa22c6c,0.6055034071257817,0.6012934102764947,0.6148570756046193,0.004209996849286912,0.009353668478837673,0.013563665328124586
028a4fa0-29b4-494c-9cd0-2c4e97e8fae8,0.5815311988468306,0.7033749511023337,0.5683920968427263,0.12184375225550315,0.013139102004104286,0.13498285425960743
028ab7d4-8ba2-4a19-b244-78c1a7015cca,0.3880483635954002,0.40912534945749124,0.3880483635954002,0.021076985862091058,0.0,0.021076985862091058
028aedd9-ea34-44ae-9e21-7c042f280636,0.33524270481054474,0.4118125779383846,0.9009935902338614,0.07656987312783986,0.5657508854233166,0.4891810122954768
028b126b-7438-4da0-9b97-20902fcff5a3,0.8194536791962016,0.46624329485881455,0.5173706609587675,0.35321038433738705,0.3020830182374341,0.05112736609995294
028b3298-b485-419b-b1d1-839184bd7bab,0.5252410166930551,0.5307193557087967,0.4701308044738468,0.0054783390157415734,0.05511021221920831,0.06058855123494988
028ba8fb-9a29-4ffd-9a4a-122a7313afa1,0.22415365876491963,0.23154517860089066,0.24728398217768768,0.007391519835971028,0.02313032341276805,0.015738803576797022
028bbf99-69a5-414f-9d77-f38aed830809,0.5933469250296601,0.5933469250296601,0.3907355546146938,0.0,0.20261137041496635,0.20261137041496635
028c0754-bc14-4083-a282-9084f734a0b4,0.6883002583903247,0.702104930834066,0.8492194113831331,0.013804672443741284,0.16091915299280835,0.14711448054906706
028c25c2-9f46-42d9-bea2-2827093eda09,0.5969294778384169,0.5522369238517103,0.7269462513440168,0.044692553986706574,0.13001677350559993,0.1747093274923065
028c73a1-b0ca-433a-8dd5-d3abb959baec,0.47573755086629177,0.49278319010427507,0.3534467925493631,0.0170456392379833,0.12229075831692865,0.13933639755491195
028c8187-18b9-48c4-81bc-73b44fc51c40,0.5431343989735142,0.5431343989735142,0.4907236380378381,0.0,0.05241076093567615,0.05241076093567615
028cb4eb-2cd1-4dbd-843b-93ade2f8bbbf,0.5834423154716178,0.6042131294259193,0.5834423154716178,0.02077081395430147,0.0,0.02077081395430147
028cc13a-67f1-4fea-b59e-2d9e847e6785,0.4589533881232569,0.47565314760419064,0.6058781288998945,0.016699759480933718,0.14692474077663753,0.1302249812957038
028cd943-67df-42d2-8f3c-0ca3306b741f,0.47503122871603826,0.44673978298186745,0.42128943912672406,0.028291445734170806,0.05374178958931419,0.025450343855143387
028ce026-9231-4969-af37-0b742007d7ba,0.6353979149418075,0.6353979149418075,0.5212190660898706,0.0,0.11417884885193696,0.11417884885193696
028ce7dc-896f-4ad9-b9f3-2252edcadb13,0.29250067679845543,0.262098803146826,0.8777794440668868,0.03040187365162944,0.5852787672684314,0.6156806409200608
028d027f-f98c-4699-8f99-da224358168b,0.5991570896125435,0.638647871693709,0.8525320930493919,0.03949078208116541,0.2533750034368484,0.21388422135568297
028d82a2-ab7d-4553-95a0-e2f164bb65fe,0.6178983569978973,0.6178983569978973,0.6950578821950677,0.0,0.0771595251971704,0.0771595251971704
028df1ad-8a11-4638-b703-27b03f416e7c,0.8708192529097062,0.8305484844440516,0.9384096419930706,0.04027076846565458,0.06759038908336445,0.10786115754901904
028e5119-7ca4-41ef-a1f0-e0ce9d8889ef,0.2697456156232873,0.2697456156232873,0.2697456156232873,0.0,0.0,0.0
028e65ea-eff9-44b8-8af5-2376bafffc61,0.49878130637066703,0.49878130637066703,0.4714907151769597,0.0,0.02729059119370736,0.02729059119370736
028eaaa2-95a9-4bcb-b3bc-a5ba181a3c59,0.492310652343607,0.492310652343607,0.6755026304789461,0.0,0.1831919781353391,0.1831919781353391
028f26b8-86b0-4aaf-aa4c-57e4f9a00450,0.3989865297629631,0.3989865297629631,0.3989865297629631,0.0,0.0,0.0
028fb17a-fcb1-4db5-a021-6044afba66a6,0.3156335570055609,0.3300039430547863,0.6589177357124244,0.014370386049225414,0.3432841787068635,0.3289137926576381
028fcf31-b8c1-44b1-9c61-19978469fb72,0.5988080354928259,0.6713075923941461,0.76562699228043,0.07249955690132015,0.16681895678760406,0.0943193998862839
028fe65c-6db3-4b15-a1c7-1b4f05f5920b,0.3257502032844045,0.3037732157155091,0.36431831122618186,0.021976987568895434,0.03856810794177734,0.060545095510672775
02900f4e-f581-470d-8aea-0404c5912458,0.8366898289279208,0.8794233721050698,0.9234998167445739,0.04273354317714906,0.08680998781665317,0.04407644463950411
02901397-cae0-43ae-b21c-1bb22c60c2c9,0.5121636099262543,0.5174603164089595,0.8488148127682497,0.0052967064827051935,0.33665120284199535,0.33135449635929015
02906243-bea1-43be-b58f-46d85bec5e7d,0.5712257638866485,0.5989220361593771,0.7225314474480784,0.02769627227272864,0.15130568356142993,0.12360941128870129
0290696a-9350-4fd8-b56a-35e5e7df4aba,0.6472388353546111,0.498931024262856,0.8352418714931151,0.14830781109175512,0.188003036138504,0.3363108472302591
02907172-296e-4961-bda9-a99900823356,0.6048126751166257,0.6048126751166257,0.5660985731271702,0.0,0.038714101989455574,0.038714101989455574
02907799-64c8-476d-8f79-bcaf4e8c247d,0.5887883492379714,0.787894890016749,0.9764002610365683,0.19910654077877754,0.3876119117985969,0.18850537101981935
0290aae2-9337-4ae2-a4b9-044406206949,0.4401786209278094,0.4646779514997619,0.8524976515832038,0.02449933057195247,0.4123190306553944,0.3878197000834419
0290cc8e-98e8-459f-ba58-2519301d7d5b,0.14790080816569173,0.1310496482607851,0.3544041896370338,0.016851159904906626,0.20650338147134206,0.2233545413762487
02910e05-39a0-4697-946e-fa51119c1b35,0.8489191467833279,0.7363904839652431,0.9254069274900937,0.11252866281808482,0.07648778070676576,0.18901644352485059
02911a2d-3522-40bd-b49e-ebc41735c456,0.503636760349584,0.5790649360441723,0.5577449211473995,0.07542817569458826,0.05410816079781544,0.02132001489677282
02912cbb-00b7-463d-a7d2-ffcdb8c23878,0.22498700410160757,0.27494899019335456,0.33299960583424815,0.049961986091746985,0.10801260173264057,0.05805061564089359
02913d36-4325-4943-8573-d8e177b01a6d,0.616855182257449,0.6304944743304401,0.5995386517712192,0.013639292072991194,0.01731653048622972,0.030955822559220914
02916749-51d3-4dd7-a90e-1c0b6961910f,0.7769092766664938,0.7769092766664938,0.758682222195236,0.0,0.01822705447125783,0.01822705447125783
0291a592-6c7b-4a48-8847-774bf254d0f3,0.6901223426337655,0.5325341967873393,0.680080263128506,0.15758814584642622,0.010042079505259482,0.14754606634116674
0291af25-6619-4b42-ab0f-3425e56047c0,0.4467160079660115,0.7701842914936632,0.7600956910908547,0.32346828352765167,0.3133796831248432,0.010088600402808456
0291dcf6-b8a3-492f-888f-06a3023ab2ef,0.639909515348586,0.6528578130555666,0.7635991577246354,0.012948297706980583,0.1236896423760494,0.11074134466906882
0291e647-7828-47a8-aae2-84ca65bbfec6,0.4746265667818302,0.3753273342893001,0.6568365839179165,0.09929923249253009,0.18221001713608637,0.28150924962861645
0291e915-4f07-486c-b69b-3f5ec3743c14,0.7455349352603639,0.6356641258687754,0.7516785096541224,0.10987080939158844,0.006143574393758566,0.11601438378534701
02920c8d-12db-4772-aaf5-db6fdee8d327,0.49226536926388875,0.49599964691980086,0.6121995350023487,0.0037342776559121105,0.11993416573845994,0.11619988808254783
02923d4c-f420-469c-81e6-403f6b0dc2bb,0.4271074045289282,0.4271074045289282,0.578525140877586,0.0,0.1514177363486578,0.1514177363486578
02923e35-8c7b-4e63-8fdf-cbc618f6c7e3,0.5601068574145645,0.5495483635214361,0.650304289525765,0.010558493893128351,0.09019743211120057,0.10075592600432892
029283a5-8891-492b-aba2-ad6babdf2f2d,0.3665365684762473,0.40030116160070506,0.37192084340876663,0.03376459312445773,0.005384274932519306,0.028380318191938425
0292abe8-6239-48fe-82ab-bc85b50adf1d,0.32140655527016926,0.32423764819537404,0.6160387281472135,0.002831092925204781,0.29463217287704424,0.29180107995183946
02930977-1952-47d4-a125-b2e36f3b77d1,0.3679453133665612,0.3679453133665612,0.7234869174863287,0.0,0.35554160411976743,0.35554160411976743
029316ba-60a6-4a22-93e4-7f8ece82bbd1,0.6354892417645099,0.6622883826684401,0.686203797125865,0.026799140903930208,0.05071455536135505,0.023915414457424844
0293170e-1c9f-47c5-a4cd-469baf66e1ea,0.8461308801695269,0.8405988360778757,0.8416488580555849,0.0055320440916512,0.004482022113941997,0.0010500219777092035
02933393-a324-4b0b-8635-455fa757e864,0.7199808661349458,0.6625519489495355,0.6683598516808797,0.05742891718541032,0.05162101445406608,0.005807902731344239
029336c9-b045-4c41-bcce-b317f7106b0e,0.4824757182888066,0.49921318618390786,0.6949329423166078,0.016737467895101277,0.21245722402780126,0.19571975613269998
0293fcf9-608b-4fab-9960-ba91d2e920ee,0.5777159137449521,0.4596651041804074,0.5601485654447727,0.11805080956454472,0.017567348300179475,0.10048346126436525
0294623c-d4e3-4045-b023-527dd47055ef,0.440082023068887,0.440082023068887,0.5467076227160894,0.0,0.10662559964720242,0.10662559964720242
02947a5f-143b-4910-a183-3c482c44e77f,0.6173525670719351,0.6173525670719351,0.529449443567106,0.0,0.0879031235048291,0.0879031235048291
02949e27-7d1b-4316-81e2-fe0a2ff626b8,0.7350012712308922,0.6787041700439813,0.6936538392274781,0.05629710118691089,0.041347432003414064,0.014949669183496828
0294b28a-f48b-4307-9ad1-f31f018961b7,0.39631054255068604,0.4074502014497875,0.6461303631126095,0.011139658899101457,0.24981982056192348,0.23868016166282202
0294df5b-d837-4073-8650-5fd1d4d3dcac,0.48452819693529303,0.48452819693529303,0.34878498490837445,0.0,0.13574321202691858,0.13574321202691858
02950634-834e-4e64-8bc5-f2e09f170ca6,0.5471924304594428,0.5471924304594428,0.8080281715443367,0.0,0.26083574108489394,0.26083574108489394
02951554-1d86-437a-8a6c-c772ec10ded5,0.22891898750165077,0.22399874959481328,0.2563625416685285,0.004920237906837488,0.027443554166877743,0.03236379207371523
0295695f-dc27-40b7-b608-b4559538a6a5,0.5118911119018799,0.5271151804817111,0.572583856293546,0.015224068579831274,0.060692744391666165,0.04546867581183489
02957a44-56ad-448e-bc19-7abe33f8957e,0.8240243805850146,0.8378264351956769,0.6670592062924338,0.013802054610662307,0.15696517429258083,0.17076722890324314
0295928d-5e33-41c4-972f-a991cc0f3a74,0.4655919957798421,0.4488818302772742,0.5876746275830136,0.01671016550256793,0.12208263180317147,0.1387927973057394
0295bd1e-9100-4c2e-a7f1-86134671f0af,0.28124569390213433,0.3055110080481067,0.3005191911307042,0.024265314145972383,0.019273497228569858,0.004991816917402525
0295eb17-4a66-4a83-a6c7-658303d6faa6,0.2061408346747756,0.19699398083981168,0.2360159994528664,0.009146853834963914,0.029875164778090796,0.03902201861305471
0295ed66-d737-44a3-8be7-cd375b79cc62,0.5413274125934542,0.5323003137456351,0.629803037395694,0.009027098847819048,0.0884756248022398,0.09750272365005885
029655ee-efed-44ef-a2e3-9f65fd55aef2,0.4868541755228229,0.4868541755228229,0.5356843634276861,0.0,0.04883018790486321,0.04883018790486321
029660bf-9a65-43d6-ab85-4b1e34e54000,0.5499828849851237,0.5499828849851237,0.6578595949416863,0.0,0.10787670995656262,0.10787670995656262
029668f9-3187-42f8-8da0-70f579f1c5f4,0.6313487153974701,0.5010279971137842,0.901731254802184,0.13032071828368585,0.2703825394047139,0.40070325768839976
0296bd33-e81b-4e51-85d7-6d1cd0fe84f8,0.5002412239357369,0.4962483052186394,0.5465144284344808,0.0039929187170975045,0.04627320449874395,0.05026612321584145
0296ecc4-a489-4501-bf94-d37970134c57,0.4171896538464642,0.44260214640198176,0.6354320299265255,0.02541249255551753,0.21824237608006125,0.19282988352454372
029746ac-9eba-4322-8990-6749d8aca907,0.44463823653481493,0.30603929166312777,0.30603929166312777,0.13859894487168717,0.13859894487168717,0.0
02975ba9-e50e-444b-9731-694f8c96d6f8,0.36918750668465095,0.37473893367607225,0.28519150160682005,0.005551426991421304,0.0839960050778309,0.0895474320692522
02979ce7-e481-46a8-990b-4e0b0fd705df,0.5670456388706239,0.6098431159547927,0.652966723971672,0.04279747708416881,0.08592108510104812,0.04312360801687931
0297af96-6096-41c0-9c53-e30ba540f551,0.743813220149186,0.7482856970876358,0.7646911957759469,0.004472476938449765,0.02087797562676086,0.016405498688311093
0297e3f8-0d74-40d3-9d8d-e31943368eba,0.6856858906277651,0.7334391461320948,0.8266751596640242,0.04775325550432974,0.14098926903625908,0.09323601353192934
0297efe2-82f1-46ed-bde4-1ea2dc7990d6,0.7652914559726355,0.6210134022884001,0.6920928052826487,0.1442780536842354,0.07319865068998677,0.07107940299424864
029805ea-354d-403a-9c71-27214c796a7d,0.6160298708940436,0.6132498135627092,0.4970456449272909,0.0027800573313343513,0.11898422596675268,0.11620416863541833
0299e665-cc84-4605-b7d6-c2b8ed7cb5eb,0.5101772100377756,0.5007905802990515,0.40908533683399206,0.009386629738724062,0.10109187320378354,0.09170524346505948
0299ef40-18f3-492b-bedb-5b3ba1ac3ed4,0.6983878436313363,0.7677666697574564,0.7652582272580107,0.06937882612612012,0.06687038362667441,0.0025084424994457066
0299f36d-4746-4687-a61a-d9b3646efe37,0.7561392947253448,0.7561392947253448,0.49920700216290065,0.0,0.25693229256244415,0.25693229256244415
029a4c5a-6e54-40b5-b3b5-d8f020af11c6,0.5782937344009786,0.5782937344009786,0.6968834478136213,0.0,0.11858971341264268,0.11858971341264268
029a77fb-a0ff-4c00-bbe6-852937c3d288,0.3639422125157778,0.3276839953760982,0.4219913758818166,0.03625821713967958,0.058049163366038825,0.09430738050571841
029b0143-19f6-4390-91b5-65a019205fca,0.4267111411945772,0.4296799753359057,0.7728940101061846,0.0029688341413284802,0.34618286891160743,0.34321403477027895
029b58ff-d5ec-456b-9ba4-725ac2c47fda,0.5183534891248868,0.5422150906034443,0.5560001305207505,0.023861601478557537,0.03764664139586371,0.013785039917306174
029b6b3d-efb7-471f-bb5d-e08c32acd075,0.4444611195830933,0.4803781431424489,0.5800425079082142,0.03591702355935561,0.1355813883251209,0.09966436476576529
029b8afd-1ece-4a94-84d8-d6e25443d911,0.37777787071492613,0.44805013145573386,0.39685900158824083,0.07027226074080772,0.0190811308733147,0.051191129867493024
029bb9aa-8091-4bbd-bdd6-55acd33c3fcf,0.452846826792094,0.452846826792094,0.520287894867094,0.0,0.06744106807500005,0.06744106807500005
029c15b4-3479-49ed-9e39-19444abf573f,0.12669892153855739,0.12724314919843294,0.3610066798381849,0.0005442276598755513,0.23430775829962752,0.23376353063975197
029c1c48-70b9-48b1-9f5a-af85b9fa0c18,0.21593058850230495,0.21593058850230495,0.22257357346055842,0.0,0.006642984958253467,0.006642984958253467
029caa66-d0a9-4233-8c4a-d8c404fe20bc,0.7684917973219341,0.6935533779910603,0.5274943362912273,0.07493841933087375,0.24099746103070674,0.166059041699833
029cae0c-11d9-4a9d-84e0-4bff8a575d94,0.18542651497286514,0.18542651497286514,0.15308991268491115,0.0,0.032336602287953986,0.032336602287953986
029d0d1c-1ef8-48c3-90bb-c381758a1b55,0.6044931550971486,0.5848938762125966,0.6245453196852918,0.01959927888455204,0.020052164588143184,0.039651443472695225
029d5670-a4bc-4b34-8eba-cc382d766399,0.37319390421744747,0.38826240554143315,0.6128458405807454,0.015068501323985684,0.23965193636329796,0.22458343503931227
029d679f-4723-4914-9f80-fbe44cc9a165,0.2991111668755466,0.8280620005370556,0.654883836424435,0.528950833661509,0.3557726695488884,0.17317816411262055
029d7147-cc3e-4593-b8c3-142361e55df3,0.5287738923612215,0.6435807076263165,0.6965315313065771,0.11480681526509495,0.16775763894535556,0.052950823680260606
029d7438-2e46-4687-800b-44933fb0deb2,0.6414057082726239,0.6344795792396705,0.5232350319839122,0.006926129032953421,0.1181706762887117,0.11124454725575827
029d77c2-f2bc-4a5e-a317-c6a0d1b59089,0.6094495985544767,0.6283192388899186,0.664153092632987,0.018869640335441917,0.054703494078510384,0.03583385374306847
029dfeb5-db74-4c7d-b66b-2fb3856ab63b,0.6157340257784507,0.6980529782671935,0.4001834732404596,0.08231895248874277,0.2155505525379911,0.29786950502673387
029e4c5d-1ccf-4bbf-aec5-4b4eabeb7f36,0.7621118782697802,0.7621118782697802,0.8208472947212162,0.0,0.058735416451435984,0.058735416451435984
029e6b04-bbd6-42f5-bad9-c02fb1149050,0.5426648800039106,0.5651619769402105,0.44097019683517896,0.022497096936299976,0.10169468316873159,0.12419178010503157
029e7c1a-eab4-4ad3-a374-2fc3bfb29e90,0.6980478318202992,0.651835583660617,0.8519516252935376,0.04621224815968217,0.15390379347323846,0.20011604163292063
029e7f7e-3fdd-404f-b6f7-d08de87f3592,0.8918276828048928,0.7440778828556178,0.9513452463624632,0.14774979994927495,0.05951756355757043,0.20726736350684538
029e917c-8862-4308-b0b1-8d1cb4948402,0.5566629931998035,0.5566629931998035,0.5568826187473679,0.0,0.0002196255475643838,0.0002196255475643838
029eb206-474c-4568-83cb-1dddcc26ad4f,0.2869379216857841,0.38303757510585457,0.40393735055182467,0.09609965342007049,0.11699942886604059,0.020899775445970104
029f48b2-b6d9-4ab9-896d-ed33655b7d70,0.506500567508009,0.48714002997323175,0.39952470204216306,0.019360537534777233,0.10697586546584592,0.08761532793106869
029f7538-a881-4a75-a04d-15150059b12c,0.6609858807023337,0.6609858807023337,0.7008483905334171,0.0,0.039862509831083415,0.039862509831083415
029f8fc6-04e1-491f-bc31-dc283440201b,0.45635254273212467,0.45635254273212467,0.6957443573881134,0.0,0.2393918146559887,0.2393918146559887
029fdc0f-9e6c-4302-8456-188a21a00b8d,0.3643049016274763,0.8404023007914949,0.6967346171797644,0.4760973991640186,0.33242971555228806,0.14366768361173055
029fed04-f40e-4c7c-bc02-ecf148aedf95,0.3787384825002478,0.33476272128414386,0.6594435560273437,0.043975761216103915,0.28070507352709595,0.32468083474319986
02a01010-0aca-4ba7-b179-bd4630412985,0.6450553902800812,0.6450553902800812,0.547417529275983,0.0,0.09763786100409821,0.09763786100409821
02a04a0f-e07b-4b1d-acac-069097391c7b,0.5599986212734334,0.7175576553659178,0.703074168830982,0.1575590340924844,0.1430755475575486,0.014483486534935808
02a0638b-8667-483c-b453-fe5e612c2781,0.5557213234199916,0.7724686843245171,0.6909545936087728,0.2167473609045255,0.13523327018878117,0.08151409071574434
02a06667-ad24-437d-806f-4d53f9307c7d,0.2925098991301977,0.2767103027889199,0.458163262778293,0.01579959634127781,0.1656533636480953,0.1814529599893731
02a07193-1f14-4461-8503-9440760fe96f,0.5781365006463399,0.5819076015169286,0.48982592006756726,0.0037711008705886284,0.08831058057877267,0.0920816814493613
02a0c579-76d7-452a-84b0-8148937943e5,0.702177574504269,0.644972215694169,0.7710956502470333,0.05720535881010003,0.06891807574276432,0.12612343455286434
02a0cb21-76ad-4883-9d1d-d66606f8c144,0.4315010914216164,0.4535501044177063,0.5115796836215986,0.02204901299608991,0.08007859219998215,0.058029579203892234
02a1039a-7331-4a45-bd7c-c44123d74cd0,0.6790089603340589,0.6790089603340589,0.7299056559463326,0.0,0.050896695612273724,0.050896695612273724
02a13cde-73a7-4ccf-a914-8a92d8f57375,0.4852492183147387,0.4589431279525258,0.5982218100072076,0.02630609036221293,0.11297259169246893,0.13927868205468186
02a1fba3-a391-49d5-a600-13ca9c411727,0.40998438068439086,0.9449164706240273,0.952030888172797,0.5349320899396364,0.5420465074884062,0.007114417548769736
02a24415-21fa-482d-a4e6-0b5f7a1e9191,0.19628394076175915,0.21190816916329278,0.30065352890701,0.01562422840153363,0.10436958814525088,0.08874535974371725
02a27c68-fd4a-4d18-b27e-c074a9b78dbc,0.30928201691493906,0.30928201691493906,0.23663695554120165,0.0,0.07264506137373741,0.07264506137373741
02a2c759-d268-4e56-926f-e12ab625fdf6,0.5467953691284563,0.5515279422992904,0.6377316629486123,0.004732573170834087,0.090936293820156,0.08620372064932191
02a2e789-e2b6-4a34-ad9f-59f831016d99,0.7160200398197977,0.7497663689099275,0.7715666470583409,0.03374632909012987,0.05554660723854321,0.021800278148413343
02a31556-7527-4957-86c2-c7bac5322d66,0.6017054584215373,0.4636070518432768,0.46472223166510274,0.13809840657826056,0.1369832267564346,0.0011151798218259623
02a326f0-1eed-479d-8b0c-dda2dabaee67,0.48466735828912577,0.6902233380216853,0.5375655117808542,0.20555597973255957,0.05289815349172844,0.15265782624083113
02a35437-4039-42e6-b2f6-1db684367a78,0.33250469789470555,0.33250469789470555,0.19031578036431526,0.0,0.14218891753039029,0.14218891753039029
02a3850f-6946-4e5c-9d20-e49e15ce0c9b,0.07243192106029778,0.08633348529419474,0.21247828347345496,0.013901564233896962,0.14004636241315718,0.12614479817926022
02a38aec-b744-485c-a9fd-81ae5cba42da,0.2807422413073494,0.28081395317161617,0.7472417800727554,7.171186426674359e-05,0.466499538765406,0.46642782690113926
02a453da-0f1d-4580-b007-ed0242702ac9,0.5193076836693629,0.4918920862678448,0.96593715333983,0.027415597401518055,0.4466294696704671,0.4740450670719852
02a45d4c-d6f0-4032-b434-6a1f1303ce09,0.43815566439866305,0.9461890546399087,0.9857780570430906,0.5080333902412456,0.5476223926444276,0.03958900240318197
02a46943-e4d7-4313-aa4a-1ac845ea14e9,0.36221377532232146,0.3648847891702352,0.377937753376753,0.002671013847913739,0.015723978054431542,0.013052964206517803
02a5695e-a7a2-4685-a0cb-99287392cab1,0.29688313193318955,0.3011477277587571,0.4225723730900203,0.004264595825567541,0.12568924115683078,0.12142464533126324
02a59b84-9fc0-40b8-89d7-a7ab8ba8e6f9,0.46204407870990327,0.46204407870990327,0.5009714137519604,0.0,0.03892733504205714,0.03892733504205714
02a5a1ec-4f15-42bd-afc6-8ccb69043b80,0.8737554476888679,0.9149537741364118,0.955116686156002,0.04119832644754384,0.08136123846713406,0.04016291201959021
02a63bf2-41f9-4238-8407-a7f897fd1805,0.38090402946419444,0.32693228326311463,0.4612446051393609,0.05397174620107981,0.08034057567516645,0.13431232187624625
02a66e36-e341-4b79-8de3-ce9b820647dc,0.7921131981450166,0.7803037557907697,0.7485994401393262,0.011809442354246857,0.04351375800569035,0.03170431565144349
02a68df9-82d4-4afe-ae73-f3f66df8ae92,0.4321874327835068,0.41306421271898963,0.4909853894646714,0.019123220064517166,0.05879795668116461,0.07792117674568177
02a6ffb4-071c-4fe6-becf-b1dae38a3b54,0.9428250342243095,0.4235859041047673,0.9503798983199158,0.5192391301195423,0.00755486409560624,0.5267939942151485
02a7203a-6181-4eaf-ba89-bf1b2c353251,0.216868165728376,0.25989149094649805,0.27756363452206934,0.04302332521812205,0.060695468793693336,0.017672143575571286
02a8309a-bbe4-4cd8-9dca-f7288fae2986,0.33943535756274046,0.3360081948981638,0.3360081948981638,0.003427162664576655,0.003427162664576655,0.0
02a8a4f5-fbcf-4516-8494-a72c1ceee942,0.616525239163871,0.6920009576582119,0.6831503901972936,0.07547571849434087,0.06662515103342259,0.00885056746091828
02a94efc-411b-4c9c-b307-c9f9aeee33d6,0.6320457780563165,0.552951184237496,0.7340699786835619,0.07909459381882045,0.10202420062724549,0.18111879444606593
02a9517f-80c9-4ee1-8df0-2ebbe578728a,0.4081988072814288,0.4081988072814288,0.6027834907094215,0.0,0.19458468342799268,0.19458468342799268
02a9ef06-4ee0-4c0d-acad-838d66948023,0.5058410152071259,0.5188852802567515,0.5587963951678324,0.013044265049625636,0.05295537996070654,0.0399111149110809
02aa1bfc-72d5-451a-a2c3-cee9d0121cb2,0.5731095009062861,0.532781458113951,0.47302445149437095,0.04032804279233515,0.10008504941191515,0.05975700661958
02aacbf6-a6fa-46f1-b399-ab20e0fc8d10,0.4747304414142208,0.4747304414142208,0.6379196668345946,0.0,0.16318922542037373,0.16318922542037373
02aad541-c0d2-4540-88af-9dad152afbc0,0.896872179203002,0.8876439935799773,0.5208229745284216,0.009228185623024743,0.37604920467458036,0.3668210190515556
02ab1000-d576-43ca-a668-d271fc2b193b,0.25606001399190914,0.2660507024575381,0.546003372019767,0.00999068846562895,0.28994335802785787,0.2799526695622289
02ac0c26-b271-402b-95f1-e8cbd70c62fd,0.16744590032353013,0.16744590032353013,0.31241314456477937,0.0,0.14496724424124924,0.14496724424124924
02ac129c-361e-4be0-8321-b8ec36070b64,0.19239772578550296,0.20322791242970276,0.47998737922462154,0.010830186644199796,0.2875896534391186,0.2767594667949188
02ac1ba1-8e44-4226-88c3-73bc837916a3,0.6090354185709751,0.6036730951773074,0.5921229741032356,0.005362323393667712,0.01691244446773954,0.011550121074071829
02ac9257-d677-49be-8c26-1d505becae13,0.3730251188071998,0.40270827626172173,0.41308776538807435,0.029683157454521936,0.04006264658087455,0.010379489126352615
02acbad9-3466-4c96-bd1b-96e87ab7a5d9,0.7250829992241467,0.739019304709243,0.8457955316765964,0.01393630548509639,0.12071253245244973,0.10677622696735334
02acd8af-9151-483f-9dec-f4d5186231a1,0.5028209391314338,0.48804468030382564,0.5022709594288666,0.014776258827608135,0.0005499797025672049,0.01422627912504093
02ad2126-0c78-4cac-9474-50d12f2b7ff2,0.380135079613384,0.380135079613384,0.6163792453266683,0.0,0.23624416571328433,0.23624416571328433
02ad361d-128a-4e40-982c-7d38690e4971,0.4411598106257054,0.509610688110154,0.7489394931136497,0.06845087748444856,0.3077796824879443,0.23932880500349574
02ad4a26-ee08-4f9d-9cc5-342ca1be61b7,0.7426139378350496,0.7381307739141003,0.8423909697500109,0.0044831639209492735,0.09977703191496134,0.10426019583591062
02adc34e-f689-4c8b-bb03-5f48774d0b0d,0.17512612180907822,0.1876458452348721,0.18195143523443424,0.012519723425793883,0.006825313425356028,0.005694410000437855
02add9ac-17fe-41e4-b453-754057d37f08,0.5940441414353557,0.6467132300103438,0.5965702653745202,0.05266908857498809,0.002526123939164515,0.05014296463582357
02aeb14e-3c2e-4dc0-99ca-a6286fdaf22c,0.28834784937944946,0.28180005945226255,0.32624922716526084,0.006547789927186909,0.037901377785811374,0.04444916771299828
02af460a-3065-4de9-b44f-0efde618ebc5,0.24539098199382295,0.18346986008438115,0.5229872901483604,0.061921121909441795,0.2775963081545375,0.3395174300639793
02af8501-83d9-47e5-95b2-f35fa0528fb7,0.6069009448718902,0.3465742459166302,0.32333042184378247,0.26032669895525995,0.2835705230281077,0.023243824072847752
02afbac5-98db-43df-86ef-d859cfd8833b,0.629053371093912,0.8131078514784694,0.7947219104188499,0.1840544803845574,0.16566853932493786,0.01838594105961955
02b00570-11d6-4739-8c41-9a3f6f3b56b0,0.42838141428186677,0.501123217134641,0.4007127188482869,0.07274180285277426,0.02766869543357986,0.10041049828635412
02b00ffc-606d-4d08-8f68-8d6238f32c1e,0.30446692118097307,0.30446692118097307,0.648788056892446,0.0,0.34432113571147294,0.34432113571147294
02b0455c-bcf2-48af-a38c-bcf78bc37008,0.6197706002364372,0.6197706002364372,0.5315979225434885,0.0,0.08817267769294868,0.08817267769294868
02b06078-22e0-42f6-832b-3b69c2718c29,0.5441842333792539,0.531318708508345,0.4295483508143576,0.012865524870908973,0.11463588256489632,0.10177035769398735
02b0a7df-fb43-4c8d-b087-202a3fffdebd,0.5483552938739115,0.4893021874571739,0.8046536222717365,0.059053106416737555,0.25629832839782507,0.3153514348145626
02b10845-a560-4b3d-a05d-a1e3d17fc99a,0.5087906538885445,0.512880136443184,0.5511212200284252,0.004089482554639479,0.04233056613988073,0.03824108358524125
02b10c58-a7ce-4384-8811-bbfebf098ba8,0.6551088043343362,0.6474303853669492,0.595717456790604,0.0076784189673869685,0.05939134754373221,0.05171292857634524
02b14cfb-c8e0-49bb-8a90-17bd1ea11873,0.5537626195421,0.5819638295677135,0.6790001424761571,0.028201210025613488,0.1252375229340571,0.09703631290844361
02b19e89-9735-47e0-b874-f69e6b8dae15,0.1742406829541669,0.16175413640789757,0.5263853063608515,0.012486546546269323,0.35214462340668456,0.36463116995295386
02b1a4d5-ba3e-4e4f-bb33-a57e8507b9e8,0.5746304377095774,0.592169622838536,0.5998078431961912,0.01753918512895858,0.025177405486613735,0.007638220357655157
02b1a631-70ae-454b-ac69-03fa5332b9b5,0.5789705738759678,0.6127962507118095,0.5905704890406489,0.0338256768358417,0.011599915164681063,0.022225761671160638
02b24f2a-66fb-4bfb-902f-a3cd92f83d7d,0.13200317385800228,0.13775429380528023,0.48837532503321435,0.0057511199472779495,0.35637215117521204,0.3506210312279341
02b2879d-4181-43b6-bdb8-0a84f126d078,0.5247282415266363,0.5065408486506306,0.5003640606749626,0.01818739287600568,0.02436418085167369,0.006176787975668008
02b29d5b-f30a-4d1a-bf81-bf9bd43dcc74,0.5432206175970874,0.577529435124929,0.48394775689612585,0.03430881752784165,0.05927286070096155,0.0935816782288032
02b34833-268d-4246-b04c-8dc7e6595c7d,0.5810026538407278,0.5730976529230907,0.6902188881526736,0.007905000917637128,0.10921623431194583,0.11712123522958295
02b383a5-0096-48f9-831c-890fe9e99dab,0.2610680176512811,0.2466145271595328,0.7396940616261793,0.014453490491748322,0.4786260439748982,0.49307953446664654
02b3ab13-83cc-4305-97f0-e3ba639f6181,0.6124424275147723,0.6286293440058717,,0.01618691649109938,,
02b3b69a-ee5f-4cdd-b835-6af48e0da9f8,0.16323857238274475,0.16323857238274475,0.5018299836948721,0.0,0.33859141131212733,0.33859141131212733
02b3ba8d-341c-4ed9-a18d-364277cd447a,0.5321809862927919,0.42541738150907904,0.8387179338261381,0.10676360478371283,0.30653694753334626,0.4133005523170591
02b3cac4-877e-47cb-900e-3c667fe62688,0.5308070894025242,0.5308070894025242,0.5221699384530968,0.0,0.008637150949427408,0.008637150949427408
02b3e685-2758-4411-8b8a-e3927517e6a1,0.7021084060829303,0.7047540861483783,0.5622479363944954,0.002645680065447964,0.1398604696884349,0.14250614975388287
02b41379-ecc6-42f1-8064-dc9cef5bd4a5,0.20185444897577012,0.21951827388482514,0.23180604559631374,0.01766382490905502,0.029951596620543613,0.012287771711488593
02b4863d-aadb-4a87-afa9-dc8c57bf3a59,0.501001609410176,0.501001609410176,0.6042289534071607,0.0,0.10322734399698463,0.10322734399698463
02b53aa2-f14f-439e-b04a-6f0478d7a110,0.6544669860190178,0.6774329796147628,0.6843889765125708,0.022965993595745027,0.02992199049355304,0.0069559968978080144
02b5c494-b748-4deb-bb52-0371743983f0,0.21630722785788356,0.2898450240798446,0.6210925967091895,0.07353779622196102,0.4047853688513059,0.3312475726293449
02b5dd2d-6fd9-40c2-816c-abcf90b6a62c,0.01634649670199619,0.01625233595986605,0.10253264765083374,9.416074213013798e-05,0.08618615094883755,0.08628031169096768
02b5de93-d24a-4036-9e24-7ea623c31f5e,0.7262490982583958,0.6953184449531739,0.7066777743299661,0.030930653305221933,0.01957132392842964,0.011359329376792293
02b62355-7be2-4b44-9253-4b69a9829af9,0.368188996443268,0.3825997626743709,0.4987399560353999,0.014410766231102878,0.13055095959213187,0.11614019336102899
02b628d5-e34a-43db-8236-832e0980e4c0,0.5128653238331069,0.5386592923881126,0.6434948943655119,0.02579396855500571,0.13062957053240498,0.10483560197739927
