id,duration_s,endpoint_bool,last_active_A_energy_fixed,last_active_B_energy_alt,last_active_C_silero_vad,trailing_silence_A,trailing_silence_B,trailing_silence_C,energy_slope_1000ms_A,energy_slope_1000ms_B,energy_slope_1000ms_C,dt_AB_ms,dt_AC_ms,dt_BC_ms,dfeat_AB,dfeat_AC
00006fe3-5331-4db2-b30e-65affe00cfbe,6.16,True,5.96,5.96,6.16,0.20000000000000018,0.20000000000000018,0.0,3.677330789138395,3.677330789138395,-25.461061506543523,0.0,200.00000000000017,200.00000000000017,0.0,29.138392295681918
000081dd-b6dc-420c-be34-57bd8224c18f,12.9651875,True,11.97,11.96,12.1,0.9951875000000001,1.0051875,0.8651875000000011,-5.561965300305053,-5.472264280413648,-13.835367995913684,9.999999999999787,129.999999999999,139.9999999999988,0.08970101989140478,8.273402695608631
0000abee-a101-4a2f-bdb5-aecae1187830,5.04,False,4.84,4.82,4.9,0.20000000000000018,0.21999999999999975,0.13999999999999968,9.580526179745192,10.019877023179,0.5665150804631264,19.999999999999574,60.0000000000005,80.00000000000007,0.43935084343380737,9.014011099282065
0001e47c-ff52-46ca-8368-380f2a052bed,6.0,False,5.76,5.75,5.9,0.2400000000000002,0.25,0.09999999999999964,0.9038206788086993,1.554520895263108,-11.83447905814292,9.999999999999787,140.00000000000057,150.00000000000034,0.6507002164544087,12.73829973695162
00021667-9e19-4e6b-8f5c-af600d298b73,5.509,False,5.48,5.47,5.5,0.028999999999999915,0.03900000000000059,0.009000000000000341,-6.746672398695515,-6.143655089354453,-8.943749819373965,10.000000000000675,19.999999999999574,30.00000000000025,0.6030173093410625,2.1970774206784496
00027097-da25-4c47-a43a-5c5d2ffe17d3,12.08,True,11.79,11.8,12.0,0.2900000000000009,0.27999999999999936,0.08000000000000007,-12.881999982812772,-13.101249189382365,-25.289935004801496,10.000000000001563,210.00000000000085,199.9999999999993,0.219249206569593,12.407935021988724
0002ae75-9228-4230-a2df-2040db3507f6,4.48,False,4.21,4.2,4.3,0.27000000000000046,0.28000000000000025,0.1800000000000006,0.87912670484309,1.12305808581095,-6.073474086434885,9.999999999999787,89.99999999999986,99.99999999999964,0.24393138096786005,6.952600791277975
0002e1f1-d00e-4063-816a-c42932faccb2,7.28,True,7.02,7.01,7.1,0.2600000000000007,0.27000000000000046,0.1800000000000006,-7.028141517172599,-6.466243221791731,-13.348594094544707,9.999999999999787,80.00000000000007,89.99999999999986,0.5618982953808676,6.320452577372108
0002ee44-0df6-4260-afde-5782d3d2b13c,10.1578125,False,9.47,8.52,8.6,0.6878124999999997,1.6378125000000008,1.5578125000000007,-1.532591109367468,8.633477159343446,-2.3875069071126247,950.000000000001,870.000000000001,80.00000000000007,10.166068268710914,0.8549157977451567
000309d6-6d8c-442e-962a-168c4354ee17,7.6,True,7.39,7.4,7.6,0.20999999999999996,0.1999999999999993,0.0,1.3501551677546164,-0.003946888634285007,-22.238936824720806,10.000000000000675,209.99999999999997,199.9999999999993,1.3541020563889015,23.589091992475424
00031c38-c73a-45c0-af61-b99fd7230fb4,2.68,False,2.5,2.49,2.68,0.18000000000000016,0.18999999999999995,0.0,7.553427554593232,7.975166956011381,14.343993814435766,9.999999999999787,180.00000000000017,189.99999999999994,0.42173940141814903,6.790566259842534
000370e9-9e71-4079-8030-079044dd5c01,5.84,False,5.61,5.6,5.7,0.22999999999999954,0.2400000000000002,0.13999999999999968,-0.9823046102729333,-0.21979317973366064,-15.37816430471214,10.000000000000675,89.99999999999986,100.00000000000054,0.7625114305392726,14.395859694439206
000395cd-4871-4827-ba7c-0bf3ab6ef0ac,11.52,True,11.28,11.28,11.5,0.2400000000000002,0.2400000000000002,0.019999999999999574,11.498641047980415,11.498641047980415,-22.64634391326995,0.0,220.00000000000063,220.00000000000063,0.0,34.144984961250366
00041845-3075-4939-b22a-e158d6e286d4,7.84,False,7.65,7.65,7.8,0.1899999999999995,0.1899999999999995,0.040000000000000036,48.38212247969584,48.38212247969584,16.869941801405535,0.0,149.99999999999946,149.99999999999946,0.0,31.512180678290303
00042d88-194b-4dd9-b57b-ff58195704c3,12.52,False,12.31,12.31,12.5,0.20999999999999908,0.20999999999999908,0.019999999999999574,16.525812046848788,16.525812046848788,4.362637527057024,0.0,189.9999999999995,189.9999999999995,0.0,12.163174519791763
00042d89-9bd0-4c19-afb8-7373ec57f30e,7.48,True,7.44,7.45,7.48,0.040000000000000036,0.03000000000000025,0.0,4.203195538573583,4.0322893583711945,2.3713504355802186,9.999999999999787,40.000000000000036,30.00000000000025,0.17090618020238857,1.8318451029933644
00043f22-043b-4c18-a5b0-40b85d771df1,10.124125,True,9.13,9.13,9.3,0.9941249999999986,0.9941249999999986,0.8241249999999987,-1.2072824034916183,-1.2072824034916183,-8.78391708880574,0.0,169.99999999999994,169.99999999999994,0.0,7.576634685314122
00054cf4-e4a9-498a-8816-41dd0c69ca3b,4.908375,True,3.78,3.82,4.0,1.1283750000000006,1.0883750000000005,0.9083750000000004,-4.713437104266818,-3.7980091137183436,-9.041878068731773,40.000000000000036,220.0000000000002,180.00000000000017,0.9154279905484746,4.328440964464955
00058036-56ee-411f-9c3b-cfb6c3de6215,11.0,True,10.74,10.75,11.0,0.2599999999999998,0.25,0.0,-0.37316450631129244,-0.3380714520924721,-16.82983988415865,9.999999999999787,259.9999999999998,250.0,0.03509305421882036,16.456675377847358
0005bf20-0d33-428e-bae0-f45b758ceefd,11.5124375,False,10.55,10.52,10.7,0.9624375000000001,0.9924375000000012,0.8124375000000015,-0.6784302839791669,3.147099484380905,-18.381309232672905,30.000000000001137,149.99999999999858,179.99999999999972,3.825529768360072,17.702878948693737
0005c7c1-415f-4a12-a226-ad49724f4582,2.24,False,2.15,2.14,2.2,0.0900000000000003,0.10000000000000009,0.040000000000000036,4.902256778457101,6.003775717079758,-2.74607642076769,9.999999999999787,50.00000000000027,60.00000000000006,1.1015189386226574,7.6483331992247905
0005f00b-437a-42f6-b057-603f4bfad2c4,9.4,False,9.26,9.26,9.4,0.14000000000000057,0.14000000000000057,0.0,-8.775636437471064,-8.775636437471064,-14.574157919242209,0.0,140.00000000000057,140.00000000000057,0.0,5.798521481771145
0005f388-7ed9-4700-ae5f-0a15059a02dc,4.96,False,4.72,4.71,4.96,0.2400000000000002,0.25,0.0,-12.795744972029086,-11.002761363150023,-26.968993076420013,9.999999999999787,240.00000000000023,250.0,1.7929836088790623,14.173248104390927
0006b31b-e955-4346-bc62-1966fec6f549,3.406875,True,2.7,3.39,3.0,0.7068749999999997,0.01687499999999975,0.4068749999999999,-6.475596377844575,-6.819907437803855,-14.738923187789075,690.0,299.99999999999983,390.0000000000001,0.34431105995928046,8.2633268099445
0006c6b0-9b19-461f-8517-ff8b494d558a,7.92,True,7.86,7.85,7.9,0.05999999999999961,0.07000000000000028,0.019999999999999574,0.2905243633095058,1.9981253728938753,-7.947811607711867,10.000000000000675,40.000000000000036,50.00000000000071,1.7076010095843694,8.238335971021373
0006e83b-da40-4c89-9684-2608baaeb7fb,9.08,True,8.86,8.87,9.08,0.22000000000000064,0.21000000000000085,0.0,-13.539695367607594,-13.414969121569731,-18.838250539576364,9.999999999999787,220.00000000000063,210.00000000000085,0.12472624603786286,5.29855517196877
0006f11b-252e-44ed-857f-470e29cc475d,5.4334375,False,5.36,5.38,4.5,0.07343749999999982,0.05343750000000025,0.9334375000000001,-8.806709416188946,-7.466736495251841,-6.80087952011189,19.999999999999574,860.0000000000003,879.9999999999999,1.3399729209371047,2.0058298960770564
00075fff-65af-40d7-a609-080d7b773e36,4.12,False,3.67,3.73,4.1,0.4500000000000002,0.3900000000000001,0.020000000000000462,2.6561636149918035,3.0189470270031333,-5.685200849520855,60.00000000000006,429.9999999999997,369.99999999999966,0.3627834120113298,8.341364464512658
00079349-93fc-49fa-9cfa-07b578b6e6e8,6.72,True,6.51,6.53,6.7,0.20999999999999996,0.1899999999999995,0.019999999999999574,-6.067559079507367,-5.601407521536136,0.3530173771035713,20.000000000000462,190.0000000000004,169.99999999999994,0.466151557971231,6.420576456610938
0007a870-7ff3-4b5c-b7ab-78ac6f06aa7c,8.08,False,7.97,7.97,8.08,0.11000000000000032,0.11000000000000032,0.0,-8.67838218702295,-8.67838218702295,-4.591239124935739,0.0,110.00000000000031,110.00000000000031,0.0,4.08714306208721
0007cbe7-13a3-4db8-a402-83c177c774a0,5.88,False,5.78,5.82,5.88,0.09999999999999964,0.05999999999999961,0.0,3.164569403726638,-3.5274795994344883,-13.790610213993455,40.000000000000036,99.99999999999964,59.99999999999961,6.692049003161126,16.95517961772009
0007fc28-e75c-4203-bba3-fca70ed4bc7c,14.6998125,True,13.71,13.71,13.9,0.9898124999999993,0.9898124999999993,0.7998124999999998,3.8258527412481604,3.8258527412481604,-32.99353538562063,0.0,189.9999999999995,189.9999999999995,0.0,36.819388126868795
00084e3c-d246-4afb-8571-775197821c2d,5.04,False,4.79,4.79,5.0,0.25,0.25,0.040000000000000036,7.653928686729628,7.653928686729628,-28.968255796749077,0.0,209.99999999999997,209.99999999999997,0.0,36.622184483478705
0008b352-b34d-493c-ba3f-8cf615a6fbdb,6.16,False,5.91,5.9,6.0,0.25,0.2599999999999998,0.16000000000000014,-3.643463448028497,-3.659231543610393,-6.746929408647186,9.999999999999787,89.99999999999986,99.99999999999964,0.015768095581895736,3.103465960618689
000a547c-8179-45bb-9227-9e6dc9ba09db,6.815,False,4.78,4.58,4.7,2.035,2.2350000000000003,2.115,-32.0791701629575,-12.057090387138857,-26.93671271047,200.00000000000017,80.00000000000007,120.00000000000011,20.022079775818646,5.142457452487502
000a6785-f42c-4e5f-9d9d-d0c389cb658d,7.16,True,6.96,6.91,7.0,0.20000000000000018,0.25,0.16000000000000014,-10.977485484554807,-5.683520545359609,-19.83800860067821,49.99999999999982,40.000000000000036,89.99999999999986,5.293964939195198,8.860523116123405
000ab56f-81e3-4b9c-8de8-af596ef9fe56,14.96,False,14.75,14.76,14.96,0.21000000000000085,0.20000000000000107,0.0,-4.587348855784556,-4.809464684043695,-16.6350001511215,9.999999999999787,210.00000000000085,200.00000000000108,0.22211582825913911,12.047651295336944
000b04dc-a6e9-4775-b2b8-47befe2a2b74,7.64,True,7.36,7.38,7.6,0.27999999999999936,0.2599999999999998,0.040000000000000036,5.542106105202371,3.6858772017890455,-23.12708626726578,19.999999999999574,239.99999999999932,219.99999999999974,1.8562289034133252,28.669192372468153
000b4815-4305-4bd8-a589-48d19e4eea24,7.16,True,6.85,6.92,7.16,0.3100000000000005,0.2400000000000002,0.0,-5.101142927735204,-6.253307699115734,-18.82806340052628,70.00000000000028,310.0000000000005,240.00000000000023,1.15216477138053,13.726920472791075
000bd4ec-b5f9-4507-b16e-856d432ed464,7.36,True,7.01,7.03,7.36,0.35000000000000053,0.33000000000000007,0.0,-0.673150711859387,-1.4816548709058415,-15.399023781422617,20.000000000000462,350.0000000000005,330.00000000000006,0.8085041590464545,14.72587306956323
000be3a6-6ab4-488d-b1a5-7d580cc1fa94,3.117,False,2.94,3.08,3.1,0.17700000000000005,0.03699999999999992,0.016999999999999904,6.044222445701807,-0.9872994664524924,-0.9275681479558965,140.0000000000001,160.00000000000014,20.000000000000018,7.031521912154299,6.971790593657703
000c4022-e00f-4f52-869b-059df1de458a,11.72,False,11.71,11.7,11.7,0.009999999999999787,0.02000000000000135,0.02000000000000135,-6.632633378079395,-6.267336052798503,-6.267336052798503,10.000000000001563,10.000000000001563,0.0,0.365297325280892,0.365297325280892
000c460d-d307-422c-b3a0-39ca7d71c649,6.44,False,6.19,6.21,6.4,0.25,0.23000000000000043,0.040000000000000036,-2.2094107923913158,-2.7684755741890297,-16.199574120043323,19.999999999999574,209.99999999999997,190.0000000000004,0.5590647817977139,13.990163327652008
000c4ea0-95c1-4587-8313-a8b51050fb1e,6.0,False,5.63,5.63,5.8,0.3700000000000001,0.3700000000000001,0.20000000000000018,-2.540595521743588,-2.540595521743588,-21.289568461716406,0.0,169.99999999999994,169.99999999999994,0.0,18.74897293997282
000c603d-df2b-42ec-8b63-11ffd5dd9309,4.76,True,4.5,4.66,4.76,0.2599999999999998,0.09999999999999964,0.0,-0.5094469067101963,-15.86828269469719,-19.774972529069718,160.00000000000014,259.9999999999998,99.99999999999964,15.358835787986994,19.265525622359522
000c8197-2d2d-4c62-a75e-816960e38c94,4.12,True,3.71,3.73,3.9,0.41000000000000014,0.3900000000000001,0.2200000000000002,-9.713037144256052,-8.675923134743226,-14.86823839022104,20.000000000000018,189.99999999999994,169.99999999999994,1.0371140095128268,5.155201245964987
000c9790-2221-4b1a-aec4-114a494a0c30,2.68,True,2.53,2.53,2.68,0.15000000000000036,0.15000000000000036,0.0,11.416354392112213,11.416354392112213,-13.141242319994634,0.0,150.00000000000034,150.00000000000034,0.0,24.557596712106847
000cbed0-28da-40ff-a51c-e234d4dee703,6.6,True,6.39,6.35,6.5,0.20999999999999996,0.25,0.09999999999999964,-1.1009335703952554,8.031222757240615,-19.469191898352644,40.000000000000036,110.00000000000031,150.00000000000034,9.13215632763587,18.36825832795739
000cefad-30e3-4590-a7b1-a83c0d8eba28,13.0,True,12.88,12.9,13.0,0.11999999999999922,0.09999999999999964,0.0,-0.9913652116778063,-4.747811096937756,-19.883409850043282,19.999999999999574,119.99999999999922,99.99999999999964,3.7564458852599496,18.892044638365476
000d52b8-16df-4742-9b2b-a9a58645a9d9,6.04,True,5.97,6.0,6.0,0.07000000000000028,0.040000000000000036,0.040000000000000036,-2.9760764915719484,-5.101112650103119,-5.101112650103119,30.00000000000025,30.00000000000025,0.0,2.125036158531171,2.125036158531171
000d5bdf-6d25-45a4-ad7a-42acea9f6816,5.2155625,True,4.84,4.92,4.4,0.3755625,0.29556249999999995,0.8155624999999995,-5.687718675243495,-2.0198370922979536,-3.8625261917365967,80.00000000000007,439.9999999999995,519.9999999999995,3.6678815829455416,1.8251924835068984
000dae34-596a-4958-9eda-c69f90369ca1,12.24,True,11.8,11.8,11.9,0.4399999999999995,0.4399999999999995,0.33999999999999986,-4.862829493865335,-4.862829493865335,-16.83440075242806,0.0,99.99999999999964,99.99999999999964,0.0,11.971571258562726
000dae9f-157b-47af-a27d-012c99cc71cb,3.92,False,3.47,3.5,3.7,0.44999999999999973,0.41999999999999993,0.21999999999999975,4.628501351100457,2.95471326375882,-8.929962114879542,29.999999999999805,229.99999999999997,200.00000000000017,1.673788087341637,13.55846346598
000dbf35-30cd-4737-b5c1-8efe885576c3,3.04,True,2.65,2.64,3.0,0.3900000000000001,0.3999999999999999,0.040000000000000036,-3.196464230865668,-2.59178978353158,-35.76850210488641,9.999999999999787,350.0000000000001,359.9999999999999,0.6046744473340881,32.572037874020744
000e3c4d-515c-4ddc-8bd1-f07d50fce3c4,8.88,False,8.69,8.65,8.8,0.19000000000000128,0.23000000000000043,0.08000000000000007,-6.167226941348091,-2.7670593772714787,-12.228605894151107,39.99999999999915,110.00000000000121,150.00000000000034,3.4001675640766127,6.0613789528030155
000e4dcd-1033-47ed-b199-4db780d698d4,7.64,False,7.36,7.36,7.6,0.27999999999999936,0.27999999999999936,0.040000000000000036,-3.1760446096341464,-3.1760446096341464,-16.55074660001829,0.0,239.99999999999932,239.99999999999932,0.0,13.374701990384143
000e4fe1-9677-4894-8ffa-e86b2aff28b1,4.04,True,3.79,3.76,3.9,0.25,0.28000000000000025,0.14000000000000012,-14.435040447832755,-15.1169739091681,-19.316541638427093,30.00000000000025,109.99999999999987,140.0000000000001,0.6819334613353458,4.881501190594339
000e690f-7d7d-4385-9645-acced48a24f2,6.44,False,6.17,6.18,6.3,0.27000000000000046,0.2600000000000007,0.14000000000000057,1.7715582217181496,0.683556154014466,-9.271274117862479,9.999999999999787,129.9999999999999,120.00000000000011,1.0880020677036835,11.04283233958063
000ee09a-9de8-4c96-8005-81b2ff48498c,13.3289375,False,12.35,12.54,12.6,0.9789375000000007,0.7889375000000012,0.7289375000000007,13.855066151693837,6.143507554771333,-0.6714071130502681,189.9999999999995,250.0,60.0000000000005,7.711558596922504,14.526473264744105
000f8454-1e16-434b-bbaf-26bc9dfcb2d5,6.96,False,6.77,6.77,6.96,0.1900000000000004,0.1900000000000004,0.0,38.33095579974933,38.33095579974933,6.454793997816229,0.0,190.0000000000004,190.0000000000004,0.0,31.876161801933105
000f8ebb-49ec-4a7b-96f8-6c3260129e9e,6.96,True,6.66,6.58,6.7,0.2999999999999998,0.3799999999999999,0.2599999999999998,-0.9820051109922702,2.23174125480318,-8.096431045665561,80.00000000000007,40.000000000000036,120.00000000000011,3.21374636579545,7.1144259346732905
000fcfb3-17c8-4002-9157-4e2a4e1a6784,3.16,True,2.96,2.96,3.16,0.20000000000000018,0.20000000000000018,0.0,-3.9594853411737314,-3.9594853411737314,-23.120833176405682,0.0,200.00000000000017,200.00000000000017,0.0,19.16134783523195
00100618-a653-4bf4-9c41-a9f15d24ae0e,7.1516875,False,6.86,6.85,5.0,0.2916875000000001,0.3016875000000008,2.1516875000000004,16.133260905777348,16.047389386487513,-20.60792860543234,10.000000000000675,1860.0000000000002,1849.9999999999995,0.08587151928983516,36.74118951120968
00101864-980c-434d-a956-cac9430fe3ee,8.0,True,7.78,7.77,8.0,0.21999999999999975,0.23000000000000043,0.0,18.563169688212025,19.357986220247064,-17.178112412165515,10.000000000000675,219.99999999999974,230.00000000000043,0.7948165320350391,35.74128210037754
00107a14-af5a-4190-b3cd-bdd76a74426f,6.12,True,5.65,5.81,6.1,0.46999999999999975,0.3100000000000005,0.020000000000000462,0.8096458821638118,-10.907059611174404,-20.289943679516306,159.99999999999926,449.9999999999993,290.00000000000006,11.716705493338216,21.099589561680116
001087dd-b3e9-4968-8558-4776f84d7c33,17.24,True,16.91,16.94,17.2,0.3299999999999983,0.29999999999999716,0.03999999999999915,-1.7020404551288173,-0.20599618860812266,-7.511831800119788,30.000000000001137,289.99999999999915,259.999999999998,1.4960442665206946,5.809791344990971
00109981-661b-4140-aba3-ef57c608b4ed,3.92,False,3.7,3.75,3.9,0.21999999999999975,0.16999999999999993,0.020000000000000018,4.469351953452038,-3.5252034993246735,-12.126576931864008,49.99999999999982,199.99999999999974,149.99999999999991,7.994555452776711,16.595928885316045
00110ec2-e20d-4af9-9d61-f10b798fbdd3,9.68,True,9.3,9.26,9.4,0.379999999999999,0.41999999999999993,0.27999999999999936,16.050912414932903,20.78913855288845,-5.546947671427129,40.000000000000924,99.99999999999964,140.00000000000057,4.738226137955547,21.597860086360033
00117b17-aaca-47b6-8a55-b2bdaba0eb71,9.32,False,9.15,9.14,9.3,0.16999999999999993,0.17999999999999972,0.019999999999999574,43.310008536123824,43.74239588866896,20.489354577394973,9.999999999999787,150.00000000000034,160.00000000000014,0.4323873525451347,22.82065395872885
0011a1fb-35e6-4433-b99c-bc6ed0197c21,6.6,True,6.36,6.36,6.6,0.23999999999999932,0.23999999999999932,0.0,3.949481981885123,3.949481981885123,-23.286405878839062,0.0,239.99999999999932,239.99999999999932,0.0,27.235887860724183
0011adf8-f320-4880-914c-b34bbb371d1f,4.88,True,4.59,4.6,4.88,0.29000000000000004,0.28000000000000025,0.0,-4.830945757564313,-5.495931349872644,-32.52513513803899,9.999999999999787,290.00000000000006,280.0000000000002,0.664985592308331,27.694189380474675
0011c6e8-f2fc-4d83-96a3-dd258a3a2872,3.62,True,2.87,3.04,3.2,0.75,0.5800000000000001,0.41999999999999993,-6.34819844911872,-6.6120930029058655,-12.703512380618875,169.99999999999994,330.00000000000006,160.00000000000014,0.26389455378714555,6.355313931500155
0011eab3-f30a-4db3-b6fa-37d4871f1ebc,4.2264375,True,2.28,2.81,4.1,1.9464375000000005,1.4164375000000002,0.12643750000000065,-4.784455929791156,2.960282442940488,0.3122405339342682,530.0000000000002,1819.9999999999998,1289.9999999999995,7.744738372731645,5.096696463725425
0012027a-d9d7-4d2f-979e-d63233631b2c,10.1761875,False,9.17,9.19,9.4,1.0061874999999993,0.9861874999999998,0.7761874999999989,5.466573246426545,4.298287829897329,-21.04575396667201,19.999999999999574,230.00000000000043,210.00000000000085,1.1682854165292165,26.512327213098555
00124647-bfb7-4eda-bcb6-4dfdf404192f,8.76,True,8.49,8.51,8.76,0.2699999999999996,0.25,0.0,3.9846732551161597,2.081314489045832,-16.299839075318395,19.999999999999574,269.99999999999955,250.0,1.9033587660703275,20.284512330434556
00128947-3fe1-42d6-bb1d-aa1482b46252,15.2,True,14.99,15.0,15.2,0.20999999999999908,0.1999999999999993,0.0,1.189737563224913,1.6207315137237113,-12.007867503180101,9.999999999999787,209.9999999999991,199.9999999999993,0.4309939504987983,13.197605066405014
0012926b-8ab2-42a7-87bd-619b50236803,7.2,True,6.94,7.06,7.2,0.2599999999999998,0.14000000000000057,0.0,-4.246608906314346,-12.539556228913192,-19.331027813546513,119.99999999999922,259.9999999999998,140.00000000000057,8.292947322598845,15.084418907232166
0012a39f-9819-4c98-9546-5795cf916fdf,6.84,True,6.59,6.6,6.8,0.25,0.2400000000000002,0.040000000000000036,5.23877001780718,3.364074944755544,-24.599841177289917,9.999999999999787,209.99999999999997,200.00000000000017,1.8746950730516363,29.838611195097098
0012d02b-6f01-4dc7-97a9-f816ade65f20,11.28,False,10.93,10.96,11.1,0.34999999999999964,0.3199999999999985,0.17999999999999972,-0.2832311253667597,0.7919441671932611,-3.6803804040996884,30.000000000001137,169.99999999999994,139.9999999999988,1.0751752925600209,3.3971492787329285
00142d59-6064-46b3-91b3-bb32711940d7,5.72,False,5.5,5.51,5.7,0.21999999999999975,0.20999999999999996,0.019999999999999574,3.2926622334093145,3.24951907598352,-5.047557743052525,9.999999999999787,200.00000000000017,190.0000000000004,0.04314315742579433,8.340219976461839
00146e47-2ab2-47be-8d83-375774491f94,8.48,False,8.34,8.35,8.48,0.14000000000000057,0.13000000000000078,0.0,1.310625211819005,0.21830767396582448,-8.02203095313346,9.999999999999787,140.00000000000057,130.0000000000008,1.0923175378531804,9.332656164952464
0014d740-a350-44de-9c14-31cb82b2ed5e,12.882625,True,11.88,11.89,12.0,1.002625,0.9926250000000003,0.8826250000000009,-7.201982472619136,-7.100854635932936,-11.51669930162028,9.999999999999787,119.99999999999922,109.99999999999943,0.10112783668620029,4.314716829001144
0014db25-7b67-4081-b13a-2de651cfc39e,5.56,True,5.05,5.08,5.2,0.5099999999999998,0.47999999999999954,0.35999999999999943,8.20038815911037,6.412400500609139,-7.570420649000278,30.00000000000025,150.00000000000034,120.00000000000011,1.7879876585012306,15.770808808110647
0014f1d0-47f8-4e6a-8560-13621488acf6,3.068,False,3.06,3.06,3.068,0.008000000000000007,0.008000000000000007,0.0,-0.33989558611487364,-0.33989558611487364,0.10811198898668464,0.0,8.000000000000007,8.000000000000007,0.0,0.4480075751015583
00151f2d-0f58-4ac8-8b38-0f02ba015337,14.1095625,False,13.14,13.12,13.3,0.9695624999999986,0.9895624999999999,0.8095624999999984,1.0242937928934392,3.080879245862483,-14.958876207115075,20.00000000000135,160.00000000000014,180.00000000000148,2.0565854529690437,15.983170000008515
00154200-56d9-4687-bc50-296b619151b9,5.68,False,5.46,5.46,5.68,0.21999999999999975,0.21999999999999975,0.0,13.733713005612472,13.733713005612472,5.478621632259942,0.0,219.99999999999974,219.99999999999974,0.0,8.255091373352531
00154588-2a8f-48ba-9f52-7ae2b0b16390,11.431625,False,10.35,10.43,10.6,1.0816250000000007,1.0016250000000007,0.8316250000000007,2.3710564694990666,-2.8855358094896872,-13.234018951220483,80.00000000000007,250.0,169.99999999999994,5.256592278988753,15.60507542071955
0015b7fa-db6b-48b9-8678-ba4495fff9c5,9.92,True,9.58,9.62,9.9,0.33999999999999986,0.3000000000000007,0.019999999999999574,-1.364197266122664,-0.9264815902043387,-13.747880090303582,39.99999999999915,320.0000000000003,280.00000000000114,0.4377156759183253,12.383682824180918
0016253d-64fd-485d-bb96-eecdd22c69df,3.84,True,3.65,3.78,3.8,0.18999999999999995,0.06000000000000005,0.040000000000000036,5.7805044977346975,-10.310163513476862,-10.302528915671886,129.9999999999999,149.99999999999991,20.000000000000018,16.09066801121156,16.083033413406582
00166b10-73b5-4ae7-be8f-9ef7d143dfcd,7.0826875,True,6.69,6.69,6.9,0.3926874999999992,0.3926874999999992,0.18268749999999923,-5.710240043591233,-5.710240043591233,-18.036852460582388,0.0,209.99999999999997,209.99999999999997,0.0,12.326612416991155
0016b51e-ed0d-44c1-943e-de2937ded67b,9.16,False,8.91,8.91,9.16,0.25,0.25,0.0,0.4160738185733653,0.4160738185733653,-5.562853258296231,0.0,250.0,250.0,0.0,5.978927076869597
0016bb2e-1d82-40ff-92a6-4ab7a210bd90,7.76,True,7.49,7.47,7.6,0.2699999999999996,0.29000000000000004,0.16000000000000014,-1.0444830026331797,0.24565275811009266,-18.200193606217237,20.000000000000462,109.99999999999943,129.9999999999999,1.2901357607432724,17.15571060358406
00172271-3941-4f44-a54c-3c576cfe4d63,9.52,True,9.22,9.23,9.4,0.29999999999999893,0.28999999999999915,0.11999999999999922,-5.559740054308866,-6.120608970184412,-18.65418476466881,9.999999999999787,179.99999999999972,169.99999999999994,0.5608689158755453,13.094444710359943
0018761e-31b5-4bc1-a3b0-70f5d45af5f2,11.0,False,10.78,10.78,11.0,0.22000000000000064,0.22000000000000064,0.0,-4.018374909060468,-4.018374909060468,-28.017670867466595,0.0,220.00000000000063,220.00000000000063,0.0,23.999295958406126
0018a285-def0-43a4-ad65-e2b678ebd6b9,11.943,False,11.64,11.65,8.3,0.30299999999999905,0.29299999999999926,3.642999999999999,7.703218307895054,7.864730897169127,-17.841598434059122,9.999999999999787,3340.0,3349.9999999999995,0.1615125892740732,25.544816741954175
0019dced-7d53-4d6b-84dc-a465ade073e3,8.6,True,8.2,8.23,8.6,0.40000000000000036,0.3699999999999992,0.0,-3.2637195142813864,-5.3837836992622625,-21.44076235487358,30.000000000001137,400.00000000000034,369.9999999999992,2.120064184980876,18.177042840592193
001a4018-89b3-40d0-9091-fc80798b4cf5,6.32,False,6.14,6.1,6.2,0.1800000000000006,0.22000000000000064,0.1200000000000001,56.43707659193171,59.29389432286134,44.836547321681756,40.000000000000036,60.0000000000005,100.00000000000054,2.8568177309296345,11.60052927024995
001abbc8-61c0-4adc-9280-2768eb9e23b6,10.97875,False,9.8,9.95,10.1,1.178749999999999,1.0287500000000005,0.8787500000000001,1.253884638195907,3.4735158421511314,-5.203165279826108,149.99999999999858,299.9999999999989,150.00000000000034,2.2196312039552244,6.457049918022015
001ac15b-e84e-419b-9c0d-92ef3a3e481c,10.12,True,9.94,9.95,10.1,0.17999999999999972,0.16999999999999993,0.019999999999999574,-9.633379913445594,-10.02838133099334,-31.330914682333855,9.999999999999787,160.00000000000014,150.00000000000034,0.3950014175477463,21.69753476888826
001ad5b0-abcd-40cf-8f37-7fb64de4d7f2,6.76,False,6.76,6.75,6.76,0.0,0.009999999999999787,0.0,-5.2137374666865846,-4.490133391054256,-5.2137374666865846,9.999999999999787,0.0,9.999999999999787,0.7236040756323288,0.0
001b1fe3-ee88-4fa7-955d-78adcf13b8c2,4.64,False,4.43,4.44,4.6,0.20999999999999996,0.1999999999999993,0.040000000000000036,1.037610421155745,-2.1871030019490485,-29.161458005999588,10.000000000000675,169.99999999999994,159.99999999999926,3.2247134231047934,30.199068427155332
001b52ba-b220-4c2e-823f-26a678eb9ed2,7.0,True,6.68,6.55,6.8,0.3200000000000003,0.4500000000000002,0.20000000000000018,-17.77921542776973,-11.746979422949769,-30.47964314575721,129.9999999999999,120.00000000000011,250.0,6.032236004819962,12.700427717987477
001b5d4d-c0ae-4259-85bf-bf41be3a31a7,9.08,True,8.86,8.88,9.08,0.22000000000000064,0.1999999999999993,0.0,0.3509000523810601,1.7211115854551047,-14.427564435457843,20.00000000000135,220.00000000000063,199.9999999999993,1.3702115330740445,14.778464487838903
001b6960-71bf-40e0-ac2a-747bb8ae0578,8.72,True,8.62,8.62,8.7,0.10000000000000142,0.10000000000000142,0.02000000000000135,-10.743592107302979,-10.743592107302979,-19.35782201941371,0.0,80.00000000000007,80.00000000000007,0.0,8.614229912110732
001b6d62-1a3e-4026-87d8-a43031addce7,20.24,False,20.03,20.03,20.2,0.2099999999999973,0.2099999999999973,0.03999999999999915,5.475390325956122,5.475390325956122,6.263599093597807,0.0,169.99999999999815,169.99999999999815,0.0,0.7882087676416853
001bc892-c1d4-4d33-afe4-77751bdc8116,3.6,True,3.38,3.35,3.5,0.2200000000000002,0.25,0.10000000000000009,3.232156035923736,5.289514973750968,-22.38398050498186,29.999999999999805,120.00000000000011,149.99999999999991,2.0573589378272326,25.616136540905597
001c174a-62cc-45f0-89c0-f7980e1073c9,5.92,True,5.67,5.7,5.9,0.25,0.21999999999999975,0.019999999999999574,-1.9100879164858453,-2.28378684033332,-20.95813321539599,30.00000000000025,230.00000000000043,200.00000000000017,0.3736989238474746,19.048045298910143
001c267f-ff0f-4d8b-9431-cfe7ca6e65a4,7.08,False,6.59,6.53,6.7,0.4900000000000002,0.5499999999999998,0.3799999999999999,3.790171304968261,4.2062260789376,1.2272374548048672,59.99999999999961,110.00000000000031,169.99999999999994,0.41605477396933876,2.5629338501633936
001c9355-dc7e-4667-8a53-3e477971c29f,5.32,True,5.12,5.09,5.2,0.20000000000000018,0.23000000000000043,0.1200000000000001,-5.623670983467265,-3.5272824826737605,-14.79830667787885,30.00000000000025,80.00000000000007,110.00000000000031,2.096388500793504,9.174635694411585
001cd569-35cf-40e5-95ec-f118673cc577,10.88,True,10.51,10.87,10.88,0.370000000000001,0.010000000000001563,0.0,-4.288803717113878,-16.208197196556124,-16.256212074533103,359.99999999999943,370.000000000001,10.000000000001563,11.919393479442245,11.967408357419224
001d00fb-b97d-45ae-98e4-863e749a4830,12.96,False,12.76,12.77,12.96,0.20000000000000107,0.19000000000000128,0.0,-9.006441047459651,-8.985047487582134,-4.333987407651032,9.999999999999787,200.00000000000108,190.00000000000128,0.021393559877516566,4.672453639808619
001d1b13-119a-4fec-a3bc-09f4e2593748,7.0,True,6.75,6.76,6.9,0.25,0.2400000000000002,0.09999999999999964,-2.244053309090079,-4.238108719929585,-13.50622240665283,9.999999999999787,150.00000000000034,140.00000000000057,1.9940554108395059,11.26216909756275
001d218c-84a2-4f65-9d08-cb8200750f3e,7.18125,False,6.26,6.2,6.3,0.9212500000000006,0.9812500000000002,0.8812500000000005,-1.7128539132599783,2.0456696511981436,-7.0235782394453485,59.99999999999961,40.000000000000036,99.99999999999964,3.758523564458122,5.310724326185371
001d2e6e-1f08-42c1-abbb-fa50ae7e0cf4,9.56,True,9.05,9.07,9.4,0.5099999999999998,0.4900000000000002,0.16000000000000014,10.362558932518228,9.693136123008474,-9.297518380797799,19.999999999999574,349.99999999999966,330.00000000000006,0.6694228095097543,19.660077313316027
001d508c-f948-4ca5-bb7d-892a6dc49a9d,12.1756875,False,11.17,12.09,11.5,1.0056875000000005,0.08568750000000058,0.6756875000000004,7.9672012029169545,-0.1567732889289598,-23.606737796692375,919.9999999999999,330.00000000000006,589.9999999999999,8.123974491845914,31.57393899960933
001d770f-d628-4c7c-a5de-b03a20f95c6f,11.96,True,11.73,11.75,11.96,0.23000000000000043,0.21000000000000085,0.0,-4.108279395395058,-5.6404609169179585,-13.87801563260716,19.999999999999574,230.00000000000043,210.00000000000085,1.5321815215229009,9.769736237212104
001db9fa-c4ac-4e8f-94e1-39c780794242,6.4,True,6.03,6.09,6.4,0.3700000000000001,0.3100000000000005,0.0,1.4967547079540482,3.4121090417416493,-10.085919201894768,59.99999999999961,370.0000000000001,310.0000000000005,1.9153543337876011,11.582673909848817
001dea92-14a7-474b-88d7-218423dda66b,4.96,True,4.65,4.65,4.8,0.3099999999999996,0.3099999999999996,0.16000000000000014,10.987183588888064,10.987183588888064,-3.276866028596309,0.0,149.99999999999946,149.99999999999946,0.0,14.264049617484373
001dee74-3b2a-4d84-b673-c6b1c115f76a,6.6,False,6.35,6.5,6.6,0.25,0.09999999999999964,0.0,-16.770174403071202,-13.217223494568032,-7.693850388968486,150.00000000000034,250.0,99.99999999999964,3.5529509085031705,9.076324014102717
001e46c2-2203-4c28-b21f-dadd02217f59,15.36,True,15.2,15.21,15.36,0.16000000000000014,0.14999999999999858,0.0,-5.39813306071972,-5.403516019577879,-8.074142981492033,10.000000000001563,160.00000000000014,149.99999999999858,0.005382958858158204,2.6760099207723123
001edde0-c612-4cc9-9fff-a29d1a394fa6,2.76,True,2.56,2.61,2.76,0.19999999999999973,0.1499999999999999,0.0,9.920762875778568,10.9876977468412,0.4411781002215747,49.99999999999982,199.99999999999974,149.99999999999991,1.0669348710626316,9.479584775556994
001f1061-a4a9-4fdf-a02b-60ab9297f8f0,9.7419375,False,8.71,9.06,8.9,1.0319374999999997,0.6819375000000001,0.8419375000000002,10.417082572820279,-31.55619301682096,-25.28007928451688,349.99999999999966,189.9999999999995,160.00000000000014,41.97327558964124,35.69716185733716
001f7e89-fdf5-440b-8926-111f633851ce,11.96,True,11.64,11.62,11.96,0.3200000000000003,0.34000000000000163,0.0,-3.7211271751461394,-2.786118861194536,-35.23415985618414,20.00000000000135,320.0000000000003,340.00000000000165,0.9350083139516037,31.513032681038002
001fa4d0-e8e5-4669-8849-fa2ad5af73b5,6.52,False,6.4,6.4,6.5,0.11999999999999922,0.11999999999999922,0.019999999999999574,9.700671194317591,9.700671194317591,-1.2507892824149995,0.0,99.99999999999964,99.99999999999964,0.0,10.95146047673259
001fda21-4f14-46f1-a7a8-0c3c679e9916,3.68,True,3.39,3.42,3.68,0.29000000000000004,0.26000000000000023,0.0,1.8483268435638618,1.8774492056062875,-18.427154411044853,29.999999999999805,290.00000000000006,260.0000000000002,0.029122362042425687,20.275481254608714
001fdd88-42aa-4035-86cf-e52b72291217,13.56,False,13.52,13.54,13.56,0.040000000000000924,0.02000000000000135,0.0,8.518894658785726,7.689454336949539,5.237925839965702,19.999999999999574,40.000000000000924,20.00000000000135,0.829440321836187,3.280968818820024
001fe357-c69c-4332-9044-4db1756757e7,5.96,True,5.71,5.69,5.8,0.25,0.2699999999999996,0.16000000000000014,-6.822421461048703,-6.543923630711643,-16.01617965964848,19.999999999999574,89.99999999999986,109.99999999999943,0.2784978303370593,9.193758198599777
002010ad-817e-4b4e-a73c-280678bc3d21,3.68,True,3.22,3.35,3.5,0.45999999999999996,0.33000000000000007,0.18000000000000016,9.162974305949934,-2.6414543022995542,-10.633408547003182,129.9999999999999,279.99999999999983,149.99999999999991,11.804428608249488,19.796382852953116
00204637-16a5-419c-b6c6-f07336b7044b,10.4,True,10.17,10.18,10.4,0.23000000000000043,0.22000000000000064,0.0,-0.41978853722263676,-0.20042569733109797,-13.85396181905269,9.999999999999787,230.00000000000043,220.00000000000063,0.2193628398915388,13.434173281830054
002077dd-1ca7-430f-b0ee-b006579475d4,4.307875,True,3.71,3.71,3.8,0.5978750000000002,0.5978750000000002,0.5078750000000003,0.11978856143939529,0.11978856143939529,-12.779540275791453,0.0,89.99999999999986,89.99999999999986,0.0,12.899328837230849
002093c2-8654-4fe1-9397-c49277294323,10.5705625,True,9.56,10.51,9.7,1.010562499999999,0.06056249999999963,0.8705625000000001,1.0594291153798328,-3.845988141983592,-9.309577196506686,949.9999999999993,139.9999999999988,810.0000000000005,4.905417257363425,10.369006311886519
0020a695-6853-46a7-98ff-ef5a24c1db25,6.1765,False,4.82,4.75,4.9,1.3564999999999996,1.4264999999999999,1.2764999999999995,1.6859044052980077,4.692751044093975,-6.495561927637496,70.00000000000028,80.00000000000007,150.00000000000034,3.0068466387959676,8.181466332935504
0020a79e-43e0-46ae-a2e7-9423741faf0b,3.04,True,2.76,2.77,3.0,0.28000000000000025,0.27,0.040000000000000036,0.2513000963729759,0.6702710253315963,-11.145305612438555,10.000000000000231,240.00000000000023,229.99999999999997,0.4189709289586204,11.396605708811531
0020b142-e467-4394-8686-d6b3da005cdb,4.48,False,4.18,4.18,4.3,0.3000000000000007,0.3000000000000007,0.1800000000000006,-3.859990169367396,-3.859990169367396,-16.40030818465984,0.0,120.00000000000011,120.00000000000011,0.0,12.540318015292442
0020bf3d-5bbc-4f99-baa5-c3aa181f8efb,5.36,True,5.1,5.14,5.36,0.2600000000000007,0.22000000000000064,0.0,6.723351753514798,4.344417145450786,-30.393603684253744,40.000000000000036,260.0000000000007,220.00000000000063,2.3789346080640126,37.11695543776854
0020f137-badc-41b4-a61f-3ec0af8b811d,3.96,False,3.68,3.7,3.96,0.2799999999999998,0.2599999999999998,0.0,-2.276571170493631,-1.050194215413503,-2.68690295211089,20.000000000000018,279.99999999999983,259.9999999999998,1.2263769550801278,0.41033178161725914
00210924-cce4-4f56-a925-46d4cb72e629,8.4,False,8.4,8.4,8.4,0.0,0.0,0.0,-5.758009077993049,-5.758009077993049,-5.758009077993049,0.0,0.0,0.0,0.0,0.0
00211738-3a9b-422a-80c6-aa348ee20c4a,7.424,True,7.38,7.32,7.4,0.04400000000000048,0.10400000000000009,0.02400000000000002,25.948642245266566,24.694223468360693,22.059257070755763,59.99999999999961,20.000000000000462,80.00000000000007,1.2544187769058723,3.889385174510803
002128ec-c194-4748-863c-8c2ba8d65260,7.4,False,7.14,7.15,7.4,0.2600000000000007,0.25,0.0,-2.5964169055136725,-2.2569807871317056,2.0651063213670633,10.000000000000675,260.0000000000007,250.0,0.33943611838196697,4.661523226880735
0021562c-a4da-41e1-9166-6b24d33cf3b1,9.68,False,9.39,9.44,9.68,0.28999999999999915,0.2400000000000002,0.0,5.124843539647332,3.2549238399356537,-21.915042071822896,49.999999999998934,289.99999999999915,240.00000000000023,1.8699196997116787,27.03988561147023
00217ebc-01ad-4ed1-9279-943d4a22953d,6.997375,True,6.72,6.61,6.8,0.27737500000000015,0.3873749999999996,0.19737500000000008,-29.91134997363974,-22.883458629068315,-35.87933047121873,109.99999999999943,80.00000000000007,189.9999999999995,7.027891344571426,5.9679804975789885
002191de-728d-4329-9766-052a682bae01,4.8,True,4.57,4.55,4.7,0.22999999999999954,0.25,0.09999999999999964,-4.649639157107228,0.6763587700605268,-19.31075891951316,20.000000000000462,129.9999999999999,150.00000000000034,5.325997927167755,14.661119762405932
0021feb7-e9eb-42c8-91b3-8bed864e98de,4.92,True,4.75,4.84,4.9,0.16999999999999993,0.08000000000000007,0.019999999999999574,2.874484321580908,0.7944170830204056,-10.633962654688359,89.99999999999986,150.00000000000034,60.0000000000005,2.0800672385605026,13.508446976269267
00220894-3cd1-4a35-b611-1908b89c0f91,12.64,True,12.16,12.36,12.6,0.4800000000000004,0.28000000000000114,0.040000000000000924,-1.1181370652409275,-5.4028286197953355,-13.581937096739626,199.9999999999993,439.9999999999995,240.00000000000023,4.284691554554408,12.463800031498698
00220949-6595-4ca7-9e8d-aa0ee7f8158d,4.0,False,3.8,3.78,4.0,0.20000000000000018,0.2200000000000002,0.0,-6.4390988324920215,-5.345689415862276,-24.825320536547387,20.000000000000018,200.00000000000017,220.0000000000002,1.0934094166297452,18.386221704055366
00225890-a310-45db-b6bc-9ed4c16e886b,9.56,True,9.44,9.46,9.56,0.120000000000001,0.09999999999999964,0.0,-6.95661579680844,-6.417133311303324,-9.73615516169382,20.00000000000135,120.000000000001,99.99999999999964,0.5394824855051157,2.7795393648853794
00225e8b-43ee-4b61-ba5a-d77f257ac25a,7.76,False,7.61,7.64,7.76,0.14999999999999947,0.1200000000000001,0.0,1.2541906115754478,1.473096440959009,-3.926256002071772,29.99999999999936,149.99999999999946,120.00000000000011,0.2189058293835613,5.18044661364722
0022de60-8b7a-4685-af87-98ef0225d1c4,3.36,True,2.92,2.98,3.36,0.43999999999999995,0.3799999999999999,0.0,3.66128850746932,0.9459887800622178,-17.432344724358565,60.00000000000006,439.99999999999994,379.9999999999999,2.7152997274071025,21.093633231827884
002341e2-97e9-4b3a-9de6-f54ff3d52401,7.0,False,6.64,6.63,6.8,0.3600000000000003,0.3700000000000001,0.20000000000000018,-1.0363520876085248,-0.018187711179147737,-18.3133945453979,9.999999999999787,160.00000000000014,169.99999999999994,1.018164376429377,17.277042457789378
0023ad86-5a2f-40cb-adfd-23ff1b5e3f4f,9.2,True,8.14,8.15,8.4,1.0599999999999987,1.049999999999999,0.7999999999999989,2.928872539658743,2.725687921220784,-7.8242765058940735,9.999999999999787,259.9999999999998,250.0,0.20318461843795932,10.753149045552817
0023b36b-0ecd-4b97-8072-00b1eb871266,2.36,True,2.06,2.1,2.36,0.2999999999999998,0.2599999999999998,0.0,12.50020135358523,8.013631811791821,-13.738099424243314,40.000000000000036,299.99999999999983,259.9999999999998,4.486569541793408,26.23830077782854
0023ce03-f499-4304-b709-74a9b8a84a2b,7.44,False,7.2,7.2,7.3,0.2400000000000002,0.2400000000000002,0.14000000000000057,-8.555559942593188,-8.555559942593188,-4.492181504682309,0.0,99.99999999999964,99.99999999999964,0.0,4.063378437910879
0023ce91-cb5b-4ea8-b85a-3fd261b770af,12.92,False,12.69,12.69,12.9,0.23000000000000043,0.23000000000000043,0.019999999999999574,-6.7857154763987735,-6.7857154763987735,-6.820920960876844,0.0,210.00000000000085,210.00000000000085,0.0,0.03520548447807048
00246b3f-9e51-4edd-ad95-21658764a54f,10.0,True,9.72,9.71,9.9,0.27999999999999936,0.28999999999999915,0.09999999999999964,-13.367601853439002,-13.484785630943197,-23.776216374765514,9.999999999999787,179.99999999999972,189.9999999999995,0.11718377750419506,10.408614521326513
00248c87-1201-410e-9d5d-ceb7a2359c9d,4.36,False,4.07,4.13,4.36,0.29000000000000004,0.23000000000000043,0.0,-0.669619899306824,1.2208602607562586,3.987235265846837,59.99999999999961,290.00000000000006,230.00000000000043,1.8904801600630825,4.656855165153661
00249afb-94ac-4f03-8b9a-32bd031f90e5,16.0,True,15.85,15.85,15.3,0.15000000000000036,0.15000000000000036,0.6999999999999993,-7.7726488618845195,-7.7726488618845195,-13.92049609913547,0.0,549.999999999999,549.999999999999,0.0,6.14784723725095
0024b6cd-4988-45df-b67c-297e757e7b5d,2.4746875,True,2.37,2.37,2.4746875,0.10468749999999982,0.10468749999999982,0.0,8.298557295935336,8.298557295935336,-4.401443925520494,0.0,104.68749999999983,104.68749999999983,0.0,12.700001221455828
0024de79-bbd8-435a-969c-b952beef0d95,9.04,False,8.79,8.8,9.0,0.25,0.23999999999999844,0.03999999999999915,-8.879869002273916,-9.204206027750038,-15.614026926670503,10.000000000001563,210.00000000000085,199.9999999999993,0.3243370254761224,6.7341579243965874
0025110d-861c-46a5-83b2-300062fef70d,1.72,True,1.33,1.47,1.7,0.3899999999999999,0.25,0.020000000000000018,6.087362508032716,0.3933257767816859,-1.3591291775311742,139.99999999999991,369.9999999999999,229.99999999999997,5.69403673125103,7.44649168556389
002545a0-c033-444f-b0f4-27ec1f1f5caa,5.24,False,5.14,5.14,5.2,0.10000000000000053,0.10000000000000053,0.040000000000000036,17.556755272538176,17.556755272538176,8.746234293933792,0.0,60.0000000000005,60.0000000000005,0.0,8.810520978604384
00255cc5-2cbc-4574-8266-945f4828b89c,12.8005625,True,11.37,11.36,11.7,1.4305625000000006,1.4405625000000004,1.1005625000000006,-14.64118834102856,-13.824139070149775,-31.276463067038588,9.999999999999787,330.00000000000006,339.9999999999999,0.8170492708787851,16.635274726010028
00259f44-a687-43fa-a574-1f4db5e5d97b,11.172125,True,9.8,10.03,10.4,1.3721249999999987,1.142125,0.7721249999999991,0.6917250749324866,1.6052539172253133,-7.0966749552313635,229.99999999999864,599.9999999999997,370.000000000001,0.9135288422928267,7.78840003016385
0025c5d9-adcc-4e57-b0a5-99e6cf975c23,13.3428125,True,12.12,12.13,12.6,1.2228125000000016,1.2128125,0.7428125000000012,0.33642497920822273,-0.2638570211207318,-6.8462355463186855,10.000000000001563,480.00000000000045,469.99999999999886,0.6002820003289545,7.1826605255269085
0025d6e2-f31d-4946-bd2e-399b3d780032,4.64,True,4.43,4.37,4.6,0.20999999999999996,0.2699999999999996,0.040000000000000036,13.261061337914802,13.790788058423704,-25.5982206741182,59.99999999999961,169.99999999999994,229.99999999999955,0.5297267205089025,38.859282012033
00262a88-5cb4-4aa8-9fdf-69623884549a,7.0,True,6.98,6.96,7.0,0.019999999999999574,0.040000000000000036,0.0,-0.5541283735787091,2.7883539916334636,-7.303184332650415,20.000000000000462,19.999999999999574,40.000000000000036,3.342482365212173,6.749055959071706
00263b57-fd17-41c1-8337-348b20b7940d,3.96,True,3.51,3.48,3.6,0.4500000000000002,0.48,0.3599999999999999,4.623514811938491,12.250146507036588,-19.34060006649881,29.999999999999805,90.0000000000003,120.00000000000011,7.626631695098097,23.9641148784373
00266c1b-fd35-4c7c-ab72-a5705587d439,9.32,True,9.06,9.07,9.2,0.2599999999999998,0.25,0.120000000000001,4.093618291855987,3.4270929793111713,-15.020945549566788,9.999999999999787,139.9999999999988,129.999999999999,0.6665253125448154,19.114563841422775
0026d102-0e94-4188-bb08-86a176c30364,5.4,False,5.24,5.24,5.4,0.16000000000000014,0.16000000000000014,0.0,1.271452305548812,1.271452305548812,-18.032650086097977,0.0,160.00000000000014,160.00000000000014,0.0,19.30410239164679
0026e2b8-bd69-491b-a788-bc9aabd45403,5.68,True,5.39,5.39,5.5,0.29000000000000004,0.29000000000000004,0.17999999999999972,-9.04453570855239,-9.04453570855239,-10.059110006066902,0.0,110.00000000000031,110.00000000000031,0.0,1.0145742975145122
00277e4f-37ba-4d9d-b8c5-1ab095367f5f,3.96,False,3.67,3.67,3.8,0.29000000000000004,0.29000000000000004,0.16000000000000014,-10.864987098413904,-10.864987098413904,-12.469954451226057,0.0,129.9999999999999,129.9999999999999,0.0,1.604967352812153
0027d458-9a95-499c-895b-aeb337750212,3.8,True,3.53,3.54,3.8,0.27,0.2599999999999998,0.0,-4.360640757432416,-5.484687345279246,-16.070011047825407,10.000000000000231,270.0,259.9999999999998,1.1240465878468298,11.70937029039299
00284ae0-473d-4d68-9f78-6f27f38df6fb,8.68,True,8.52,8.49,8.68,0.16000000000000014,0.1899999999999995,0.0,-1.4590975195428937,0.09873082378122437,-27.101255179145806,29.99999999999936,160.00000000000014,189.9999999999995,1.557828343324118,25.642157659602912
0028bdae-f2b7-4961-ae7b-fe54e7a15caf,6.28,True,5.91,5.93,6.1,0.3700000000000001,0.35000000000000053,0.1800000000000006,-5.926160082542144,-5.750520376250999,-15.550505213218159,19.999999999999574,189.9999999999995,169.99999999999994,0.175639706291145,9.624345130676016
0028cf13-8024-486a-a53f-8cfa5278a1d6,8.2,True,7.79,7.79,8.2,0.40999999999999925,0.40999999999999925,0.0,-6.65285954617038,-6.65285954617038,-31.68760139496438,0.0,409.99999999999926,409.99999999999926,0.0,25.034741848794
0028d0f3-7eae-4864-b965-352c0022943b,14.64,True,14.25,14.63,14.5,0.39000000000000057,0.009999999999999787,0.14000000000000057,-2.5963301705842032,-14.142472824247733,-8.981834847078687,380.0000000000008,250.0,130.0000000000008,11.54614265366353,6.3855046764944845
00299c83-1bcd-4c0c-974f-92db6698a73d,9.68,True,9.54,9.53,9.68,0.14000000000000057,0.15000000000000036,0.0,-11.480816922773782,-10.97714589651615,-29.078481807497642,9.999999999999787,140.00000000000057,150.00000000000034,0.5036710262576314,17.597664884723862
0029a6f6-7ff6-4f60-8dd3-77435528cc0f,6.16,True,5.96,5.95,6.16,0.20000000000000018,0.20999999999999996,0.0,3.7143613452056194,4.132507917418606,-27.975488330572233,9.999999999999787,200.00000000000017,209.99999999999997,0.4181465722129869,31.689849675777854
0029a93b-ced5-4386-a669-cea59242fad5,4.87525,True,4.27,4.31,4.5,0.6052500000000007,0.5652500000000007,0.3752500000000003,-4.414573027355839,-3.306378255143163,-8.959827236471039,40.000000000000036,230.00000000000043,190.0000000000004,1.1081947722126761,4.5452542091152
002a51ad-2b93-4e1d-b475-37fb3f2cad1f,7.52,False,7.43,7.47,7.5,0.08999999999999986,0.04999999999999982,0.019999999999999574,19.974136263670218,18.38017240956418,16.367343122763366,40.000000000000036,70.00000000000028,30.00000000000025,1.5939638541060361,3.606793140906852
002a5800-43b0-4a2e-9c93-8d6d2655290a,10.84,True,9.87,10.58,10.1,0.9700000000000006,0.2599999999999998,0.7400000000000002,-2.853848942227307,-6.130962289622446,-13.140387269043956,710.0000000000009,230.00000000000043,480.00000000000045,3.2771133473951393,10.286538326816649
002a592d-31df-42e5-9c8b-6fc4a2dca898,6.2,False,6.03,5.9,6.1,0.16999999999999993,0.2999999999999998,0.10000000000000053,-18.37776872815957,-7.850503391627992,-28.44638298581211,129.9999999999999,69.9999999999994,199.9999999999993,10.527265336531578,10.068614257652541
002a9794-652d-4ee9-883f-cc7679acf47d,7.6,False,7.36,7.33,7.5,0.23999999999999932,0.2699999999999996,0.09999999999999964,40.260235132696174,44.76246496988159,12.573836020556842,30.00000000000025,139.9999999999997,169.99999999999994,4.502229837185418,27.686399112139334
002ab493-60e7-433b-9f42-545f6e75d7bd,9.24,True,8.74,8.75,9.2,0.5,0.4900000000000002,0.040000000000000924,-7.5405346176689925,-8.699799773716654,-21.16902932470878,9.999999999999787,459.9999999999991,449.9999999999993,1.1592651560476614,13.628494707039788
002ab907-c703-4365-9430-17e07ac07b91,6.64,False,6.57,6.56,6.6,0.0699999999999994,0.08000000000000007,0.040000000000000036,5.481048152970196,4.907725702417971,5.58534275936954,10.000000000000675,29.99999999999936,40.000000000000036,0.573322450552225,0.1042946063993444
002b5e69-534b-439a-a1a4-d98ff64167bf,8.52,False,8.16,8.19,8.3,0.35999999999999943,0.33000000000000007,0.21999999999999886,7.283830885978797,4.752101398305837,-7.059137837077774,29.99999999999936,140.00000000000057,110.00000000000121,2.53172948767296,14.342968723056572
002be122-75f1-4847-95f8-6af637cb9f1f,10.76,True,10.42,10.41,10.7,0.33999999999999986,0.34999999999999964,0.0600000000000005,0.8532286906700677,1.3595695906624143,-29.367628646299604,9.999999999999787,279.9999999999994,289.99999999999915,0.5063408999923467,30.220857336969672
002bf713-f34d-4081-b1cf-5a32d4d7e898,7.76,True,7.43,7.43,7.6,0.33000000000000007,0.33000000000000007,0.16000000000000014,-7.738042444841231,-7.738042444841231,-16.512841716226472,0.0,169.99999999999994,169.99999999999994,0.0,8.774799271385241
002c1875-d043-461d-8fd2-8a360839fa55,7.5946875,False,7.17,7.39,7.5946875,0.4246875000000001,0.20468750000000036,0.0,-10.307023015630477,-12.37899774830218,-18.057664164472477,219.99999999999974,424.6875000000001,204.68750000000034,2.071974732671702,7.750641148842
002c18f1-08d3-4eb0-85ca-9401cfbe2a2b,7.924,True,7.7,7.71,7.9,0.2240000000000002,0.2140000000000004,0.02400000000000002,-2.931957590350886,-3.7167951809367157,-25.30553634456929,9.999999999999787,200.00000000000017,190.0000000000004,0.7848375905858296,22.373578754218403
002c2eaf-2144-4d31-a5ef-d3fc97e6d59d,7.6,False,7.41,7.41,7.6,0.1899999999999995,0.1899999999999995,0.0,18.285778645519358,18.285778645519358,14.713026093409097,0.0,189.9999999999995,189.9999999999995,0.0,3.572752552110261
002c4715-ce68-4eaf-917b-cf5bcf1688d4,3.84,True,3.69,3.69,3.8,0.1499999999999999,0.1499999999999999,0.040000000000000036,-1.39068264147537,-1.39068264147537,-13.689295459362963,0.0,109.99999999999987,109.99999999999987,0.0,12.298612817887593
002c74b7-c430-4a99-8d4f-5d08fa8fedc5,3.96,True,3.94,3.95,3.96,0.020000000000000018,0.009999999999999787,0.0,5.082347689913536,4.8149788778190725,4.416624965678844,10.000000000000231,20.000000000000018,9.999999999999787,0.26736881209446306,0.6657227242346915
002c9a6f-5775-44df-89ea-3abf9bf32e9c,3.262,False,3.26,3.26,3.262,0.002000000000000224,0.002000000000000224,0.0,7.440327127242265,7.440327127242265,8.09520103564463,0.0,2.000000000000224,2.000000000000224,0.0,0.6548739084023651
002ce78d-97e8-488b-937e-f3287fbad6b4,15.0,True,14.16,14.21,14.8,0.8399999999999999,0.7899999999999991,0.1999999999999993,0.24727803465234102,0.4340323657578814,-7.745052973059088,50.00000000000071,640.0000000000006,589.9999999999999,0.18675433110554038,7.992331007711429
002d2cb8-c567-4e5a-ac0f-8242f0afd710,12.88,True,12.44,12.41,12.6,0.4400000000000013,0.47000000000000064,0.28000000000000114,-6.672814146473995,-4.986362869404878,-21.979745941517596,29.99999999999936,160.00000000000014,189.9999999999995,1.6864512770691178,15.3069317950436
002db1ce-a85a-4db3-8ac0-67936ebda218,8.36,True,7.96,8.04,8.2,0.39999999999999947,0.3200000000000003,0.16000000000000014,-10.499463427393112,-10.444721266358284,-14.511333803277985,79.99999999999918,239.99999999999932,160.00000000000014,0.05474216103482732,4.0118703758848735
002e38b4-3489-42a3-b0be-836d0362d319,5.28,False,5.07,5.06,5.28,0.20999999999999996,0.22000000000000064,0.0,18.00534691585658,17.203540700913656,9.237636842766541,10.000000000000675,209.99999999999997,220.00000000000063,0.8018062149429248,8.76771007309004
002e4cdb-9210-49d1-ae19-a905d979c6a9,6.36,True,6.07,6.07,6.2,0.29000000000000004,0.29000000000000004,0.16000000000000014,-1.843284326996588,-1.843284326996588,-17.203434974701583,0.0,129.9999999999999,129.9999999999999,0.0,15.360150647704994
002e4d73-3c63-45de-8bd0-a44fa8fdcc33,13.12,False,12.85,12.88,13.1,0.2699999999999996,0.23999999999999844,0.019999999999999574,8.891606639135494,9.015400661586249,-11.077956140214845,30.000000000001137,250.0,219.99999999999886,0.12379402245075433,19.96956277935034
002e8e2f-ab0f-4bab-be02-0cc639ad8158,12.72,True,12.43,12.41,12.6,0.2900000000000009,0.3100000000000005,0.120000000000001,4.686990373552563,5.262812561675053,-17.389015589887915,19.999999999999574,169.99999999999994,189.9999999999995,0.5758221881224905,22.07600596344048
002ebc8a-62a7-4398-b9f5-08297424b323,10.9673125,True,9.95,10.16,10.1,1.017312500000001,0.8073125000000001,0.8673125000000006,-3.0669097456046184,-10.419603915428375,-10.552330898002742,210.00000000000085,150.00000000000034,60.0000000000005,7.3526941698237565,7.485421152398123
002ef19d-375f-465c-9cdd-48c8bb1d50cf,2.68,True,2.42,2.41,2.5,0.26000000000000023,0.27,0.18000000000000016,-5.9671103489142086,-5.287858786183793,-22.237940180072567,9.999999999999787,80.00000000000007,89.99999999999986,0.6792515627304159,16.27082983115836
002ef98c-0ec2-4e34-bb07-5fdfdd5f18e5,2.44,True,2.09,2.32,2.3,0.3500000000000001,0.1200000000000001,0.14000000000000012,20.167332467605146,-13.576174413317801,-10.810052498454748,229.99999999999997,209.99999999999997,20.000000000000018,33.74350688092295,30.977384966059894
002f3b1e-f140-4525-a99f-afb126b5c585,7.24,False,6.89,7.0,7.2,0.35000000000000053,0.2400000000000002,0.040000000000000036,-7.527924164964771,-1.3524476652861903,-3.8282751151136507,110.00000000000031,310.0000000000005,200.00000000000017,6.175476499678581,3.6996490498511205
002f71f3-d5fa-4753-a82e-a1bfc61303ab,4.96,True,4.63,4.67,4.96,0.33000000000000007,0.29000000000000004,0.0,-10.7984738758156,-10.632304834222541,-16.298997740170673,40.000000000000036,330.00000000000006,290.00000000000006,0.1661690415930579,5.500523864355074
002fa5e4-3e64-4c86-8aaf-7cdbc6d66106,6.1068125,True,5.15,5.15,5.3,0.9568124999999998,0.9568124999999998,0.8068125000000004,-7.710627288685063,-7.710627288685063,-12.459561830630584,0.0,149.99999999999946,149.99999999999946,0.0,4.748934541945521
003079fd-9c67-4604-a7d9-8d2d64916e2f,2.004,False,1.8,1.81,2.0,0.20399999999999996,0.19399999999999995,0.0040000000000000036,-7.8066560148706845,-8.804975685159617,-22.659866863999447,10.000000000000009,199.99999999999994,189.99999999999994,0.9983196702889323,14.853210849128763
00308be6-23af-4957-bfeb-1ea8166bd6bd,10.76,False,10.55,10.59,10.76,0.20999999999999908,0.16999999999999993,0.0,10.025386645895326,9.512975438361805,2.6622650444195024,39.99999999999915,209.9999999999991,169.99999999999994,0.5124112075335212,7.363121601475823
0030c448-f1ec-41b0-be08-e63a57c444a1,5.888,False,5.58,5.65,5.888,0.30799999999999983,0.23799999999999955,0.0,-0.683723224202185,-5.199871648656244,-2.168990422182179,70.00000000000028,307.99999999999983,237.99999999999955,4.516148424454059,1.485267197979994
00313dc2-ee6c-4164-8add-9110dcfe93b0,10.56,True,10.31,10.34,10.56,0.25,0.22000000000000064,0.0,4.315183346259002,3.3576597592548776,-14.367520487301471,29.99999999999936,250.0,220.00000000000063,0.9575235870041245,18.682703833560474
0031486d-e230-4e68-8f5a-3f59e98da7fd,8.16,False,7.95,7.93,8.0,0.20999999999999996,0.23000000000000043,0.16000000000000014,30.559221297693316,28.641987293490033,25.986015313158997,20.000000000000462,49.99999999999982,70.00000000000028,1.9172340042032836,4.573205984534319
0031982f-c6bc-44b0-82b6-949b2051e8e7,9.8,True,9.46,9.54,9.8,0.33999999999999986,0.26000000000000156,0.0,-9.043752373688157,-8.95423674097434,-10.130336525972043,79.9999999999983,339.9999999999999,260.0000000000016,0.0895156327138178,1.0865841522838853
0031b608-93d5-41ce-83d5-e409675f1761,5.56,True,5.27,5.28,5.4,0.29000000000000004,0.27999999999999936,0.15999999999999925,-8.056422850664966,-9.40016193534304,-14.670552881915137,10.000000000000675,130.0000000000008,120.00000000000011,1.3437390846780737,6.614130031250172
0031d8af-cca0-4c1f-9de4-0c865f584feb,7.76,False,7.72,7.7,7.76,0.040000000000000036,0.05999999999999961,0.0,11.229958327065146,10.835395477508284,4.205996727207502,19.999999999999574,40.000000000000036,59.99999999999961,0.3945628495568627,7.023961599857644
0031f852-870e-4c7b-a9f6-d31d9bfc3eeb,8.8,True,8.19,8.36,8.7,0.6100000000000012,0.4400000000000013,0.10000000000000142,0.026769868009768782,-0.5357183324228454,-6.396925682374464,169.99999999999994,509.9999999999998,339.9999999999999,0.5624882004326142,6.423695550384233
0032cdcc-81e2-4d59-b610-016c6c5756a2,6.44,True,6.16,6.21,6.4,0.28000000000000025,0.23000000000000043,0.040000000000000036,-3.0304425916632867,-4.8467190586416695,-25.94836521648569,49.99999999999982,240.00000000000023,190.0000000000004,1.8162764669783829,22.917922624822403
0032e85b-d6a1-45ce-9bc6-eda54f034a2d,7.8,False,7.8,7.8,7.8,0.0,0.0,0.0,0.8022524467650328,0.8022524467650328,0.8022524467650328,0.0,0.0,0.0,0.0,0.0
0033e616-ca4a-4cbd-834f-db185cd34fdb,11.56,True,10.33,11.44,11.56,1.2300000000000004,0.120000000000001,0.0,2.882977991654016,0.7481795207108374,0.9357322688427708,1109.9999999999995,1230.0000000000005,120.000000000001,2.1347984709431786,1.9472457228112452
00340941-9c6c-4c26-bd94-55dd51765c4f,10.246375,True,9.24,9.24,9.4,1.0063750000000002,1.0063750000000002,0.8463750000000001,-3.2619721829787376,-3.2619721829787376,-15.67623079107754,0.0,160.00000000000014,160.00000000000014,0.0,12.414258608098802
00340f5e-55fb-4432-a32f-503d9a4fadcc,8.8114375,True,7.81,7.82,8.1,1.0014375000000006,0.9914375,0.7114375000000006,-1.0048938022495515,-1.3126843629635974,-27.43488777218408,10.000000000000675,290.00000000000006,279.9999999999994,0.30779056071404587,26.42999396993453
00341fd1-4e25-416b-a48e-dd26772b980f,14.08875,True,12.88,12.9,13.2,1.2087499999999984,1.1887499999999989,0.8887499999999999,3.088041265550973,2.121441024087045,-21.136543022871074,19.999999999999574,319.9999999999985,299.9999999999989,0.9666002414639276,24.224584288422047
00342155-983a-48f9-9e6d-72897b0add85,8.88,True,8.43,8.46,8.7,0.45000000000000107,0.41999999999999993,0.1800000000000015,-0.7852360376036974,-5.316308298234006,-16.16326016496625,30.000000000001137,269.99999999999955,239.99999999999844,4.531072260630308,15.378024127362552
0034479c-f827-43d4-b335-68102e405b5b,7.32,False,7.09,7.1,7.3,0.23000000000000043,0.22000000000000064,0.020000000000000462,8.037797856761323,8.071308973575674,-0.6823297432847985,9.999999999999787,209.99999999999997,200.00000000000017,0.03351111681435093,8.720127600046121
0034e5ef-ad65-4017-af5a-50ddc425e0fa,9.56,False,9.39,9.42,9.56,0.16999999999999993,0.14000000000000057,0.0,1.3159784184824055,0.3765915563513362,-2.2908360576240696,29.99999999999936,169.99999999999994,140.00000000000057,0.9393868621310693,3.606814476106475
0034f5bd-2bdc-49d5-bb87-67640532b6ac,2.36,False,1.98,1.98,2.1,0.3799999999999999,0.3799999999999999,0.2599999999999998,7.29141344438131,7.29141344438131,-10.687930452039087,0.0,120.00000000000011,120.00000000000011,0.0,17.979343896420396
00356a6c-720d-4734-b0f6-4c83da5138a1,3.16,True,2.71,2.97,3.0,0.4500000000000002,0.18999999999999995,0.16000000000000014,-2.8567218236195666,-3.633190975080459,-2.4419147255952542,260.0000000000002,290.00000000000006,29.999999999999805,0.7764691514608923,0.41480709802431237
00359443-a336-4b20-9800-bbd11007080f,12.307125,True,11.32,11.32,11.5,0.9871249999999989,0.9871249999999989,0.8071249999999992,-6.419585418479006,-6.419585418479006,-28.75312799510391,0.0,179.99999999999972,179.99999999999972,0.0,22.333542576624904
00359b6f-4ab4-4f6a-9b7e-085e6d8d2b1d,4.693375,True,4.47,4.44,4.6,0.22337499999999988,0.25337499999999924,0.09337499999999999,-16.219758915220773,-14.10366651556208,-30.038931031802,29.99999999999936,129.9999999999999,159.99999999999926,2.116092399658692,13.819172116581228
0035b37e-3cd5-415f-903c-4de4fb9fd306,11.96,False,11.64,11.67,11.8,0.3200000000000003,0.2900000000000009,0.16000000000000014,-3.128093767249508,-5.891957115835418,-11.372245819678339,29.99999999999936,160.00000000000014,130.0000000000008,2.76386334858591,8.24415205242883
0035c559-adef-4e17-a53f-3764cd596ff4,10.6,False,10.4,10.39,10.6,0.1999999999999993,0.20999999999999908,0.0,26.93076875894367,26.670494180678165,-1.9035322981374547,9.999999999999787,199.9999999999993,209.9999999999991,0.2602745782655056,28.834301057081127
00367a9c-adc7-402c-8f96-b89cb82ad0e5,3.72,False,3.45,3.29,3.5,0.27,0.43000000000000016,0.2200000000000002,-25.28916586452121,-8.76795669093546,-29.549241105414584,160.00000000000014,49.99999999999982,209.99999999999997,16.52120917358575,4.260075240893375
00368f4a-ab7b-4aa8-bc26-416c3558227b,3.82,False,1.38,3.66,3.8,2.44,0.1599999999999997,0.020000000000000018,0.4420231378696263,-0.060039989047084866,1.7540823259392502,2280.0000000000005,2420.0,139.9999999999997,0.5020631269167112,1.312059188069624
0036d875-8e4c-4318-9136-78daf69c0283,6.884,True,6.59,6.6,6.884,0.2940000000000005,0.2840000000000007,0.0,1.4067453829854721,1.5275232507242258,-13.70366179188413,9.999999999999787,294.00000000000045,284.0000000000007,0.12077786773875365,15.110407174869602
0036dd03-fe11-4e64-b20b-71d33466c481,5.68,True,5.41,5.41,5.6,0.2699999999999996,0.2699999999999996,0.08000000000000007,-14.22490593605289,-14.22490593605289,-24.914170910052626,0.0,189.9999999999995,189.9999999999995,0.0,10.689264973999736
00370724-5b67-4c3a-bf6f-a4e754393668,16.0,False,15.15,15.79,15.4,0.8499999999999996,0.21000000000000085,0.5999999999999996,-0.2856042703085185,-14.491425934682098,0.20163666375792072,639.9999999999987,250.0,389.9999999999988,14.20582166437358,0.4872409340664392
003762ea-6192-4e1b-b955-f17b91e23845,14.4,False,13.88,13.9,14.1,0.5199999999999996,0.5,0.3000000000000007,6.261388724254253,4.23754734845792,-13.37226685716721,19.999999999999574,219.99999999999886,199.9999999999993,2.0238413757963336,19.633655581421465
0037af08-d8e9-4725-b09c-34880818d7ae,10.526375,False,9.51,9.52,9.7,1.016375,1.0063750000000002,0.8263750000000005,0.6740783831375203,-0.27395676094636057,-3.295884418432,9.999999999999787,189.9999999999995,179.99999999999972,0.9480351440838809,3.9699628015695207
0037d370-9653-49d6-9b76-1704eefc9e76,3.44,False,3.41,3.43,3.4,0.029999999999999805,0.009999999999999787,0.040000000000000036,-4.7698826975925375,-3.8424557089875098,-5.435609067673594,20.000000000000018,10.000000000000231,30.00000000000025,0.9274269886050277,0.6657263700810567
0037f9d0-2d6b-4047-ab02-38e22c19bc62,10.84,False,10.62,10.62,10.8,0.22000000000000064,0.22000000000000064,0.03999999999999915,3.9698497570039657,3.9698497570039657,-13.456607480901708,0.0,180.00000000000148,180.00000000000148,0.0,17.426457237905673
00382414-c2e6-404e-b8dd-c511b4fade13,6.88,True,6.86,6.88,6.88,0.019999999999999574,0.0,0.0,-2.153802516228534,-2.4922247860552447,-2.4922247860552447,19.999999999999574,19.999999999999574,0.0,0.33842226982671075,0.33842226982671075
00383a00-cab3-4ab0-adcf-1ab80d996ffe,11.577375,False,10.46,10.47,10.8,1.1173749999999991,1.1073749999999993,0.7773749999999993,7.371604170713152,7.282885147654622,-16.30803871932387,9.999999999999787,339.9999999999999,330.00000000000006,0.08871902305852952,23.679642890037023
0038622a-48a1-4217-a3a3-961275c73b0d,7.32,True,6.62,6.61,6.8,0.7000000000000002,0.71,0.5200000000000005,7.74568202708025,8.042459102446234,-15.591654000479403,9.999999999999787,179.99999999999972,189.9999999999995,0.2967770753659833,23.337336027559655
003870e0-b7dc-4b5f-a67b-7f7e4393d837,12.5606875,False,11.49,11.5,11.7,1.0706875,1.0606875000000002,0.8606875000000009,12.27541170359071,11.874708937709952,-12.702449215381838,9.999999999999787,209.9999999999991,199.9999999999993,0.40070276588075693,24.977860918972546
00387f48-890d-4599-9a7a-322a3d4da58d,11.44,False,11.22,11.22,11.3,0.21999999999999886,0.21999999999999886,0.1399999999999988,4.418836556969455,4.418836556969455,0.975551498581942,0.0,80.00000000000007,80.00000000000007,0.0,3.443285058387513
0038df9c-9ab4-493d-b4cf-cad81706c332,5.8,False,5.76,5.78,5.8,0.040000000000000036,0.019999999999999574,0.0,-10.095873549988463,-9.688310636499274,-9.892663840158908,20.000000000000462,40.000000000000036,19.999999999999574,0.4075629134891887,0.20320970982955444
0038f486-0ea2-4547-9ef7-49b6c4899d67,13.360625,False,12.37,12.36,12.5,0.9906250000000014,1.0006250000000012,0.8606250000000006,26.807453303262257,26.983184392325892,19.287815707189527,9.999999999999787,130.0000000000008,140.00000000000057,0.17573108906363544,7.51963759607273
0039606c-966e-4ac9-89aa-e08d00efff9c,5.6,True,5.24,5.26,5.4,0.35999999999999943,0.33999999999999986,0.1999999999999993,-13.272289528288532,-12.379934501981207,-10.711943695832636,19.999999999999574,160.00000000000014,140.00000000000057,0.8923550263073246,2.560345832455896
00398dc8-cb26-4c1e-9df7-6136f0f612b2,12.32,True,12.03,12.05,12.3,0.2900000000000009,0.2699999999999996,0.019999999999999574,-1.3731262849108874,-1.7076042333035328,-21.331000484139903,20.00000000000135,270.00000000000136,250.0,0.33447794839264544,19.957874199229014
0039ff93-2cc7-4fb6-a9b7-70a749bb9aad,11.4669375,True,10.78,10.46,10.8,0.6869375000000009,1.0069374999999994,0.6669374999999995,-25.107330226731563,-14.62505235488704,-26.03308783760581,319.9999999999985,20.00000000000135,339.9999999999999,10.482277871844522,0.9257576108742462
003a67c4-d42c-421f-9d42-c11f99356bba,12.091625,True,11.04,11.26,11.5,1.0516250000000014,0.8316250000000007,0.5916250000000005,-5.208972317712831,-2.5820849490290767,-11.325070116224163,220.00000000000063,460.00000000000085,240.00000000000023,2.6268873686837546,6.116097798511332
003a8732-5cb4-47da-9f7d-19f93fe28915,5.6,False,5.39,5.38,5.6,0.20999999999999996,0.21999999999999975,0.0,-0.21039383232280437,-0.31946264787961476,-30.154342411421144,9.999999999999787,209.99999999999997,219.99999999999974,0.10906881555681039,29.94394857909834
003ab093-41fd-4397-8434-8631150407f9,2.4535,False,2.34,2.12,2.3,0.11350000000000016,0.3334999999999999,0.1535000000000002,-33.05907263336446,-13.45716412454827,-26.76373003524754,219.99999999999974,40.000000000000036,179.99999999999972,19.601908508816187,6.2953425981169175
003abb95-27a2-4736-977d-eb2f3d8cc636,7.76,True,7.61,7.57,7.76,0.14999999999999947,0.1899999999999995,0.0,-12.39200225345741,-9.614984292378608,-34.88056098769135,40.000000000000036,149.99999999999946,189.9999999999995,2.7770179610788013,22.488558734233937
003ac3d8-d798-4b56-9dc1-e1fa333da5ee,15.0,False,14.72,14.66,15.0,0.27999999999999936,0.33999999999999986,0.0,-1.061803022372476,4.255671841638629,-46.53974394889904,60.0000000000005,279.9999999999994,339.9999999999999,5.317474864011105,45.477940926526564
003ac4de-a31a-4615-89df-2afc538a2373,2.44,False,2.17,2.41,2.3,0.27,0.029999999999999805,0.14000000000000012,19.14054086337482,-7.6877893201231124,3.8864107270815604,240.00000000000023,129.9999999999999,110.00000000000031,26.828330183497933,15.25413013629326
003ac71d-20a7-4575-8b5f-c2d4c4da4c72,8.0,True,7.84,7.84,8.0,0.16000000000000014,0.16000000000000014,0.0,-3.1781033119908146,-3.1781033119908146,-28.942463194414394,0.0,160.00000000000014,160.00000000000014,0.0,25.76435988242358
003ad086-f481-49d5-90a3-bfb1cf4347e7,7.04,False,6.8,6.78,6.9,0.2400000000000002,0.2599999999999998,0.13999999999999968,-0.7773602118517028,-0.07902475200424273,-14.891837899325262,19.999999999999574,100.00000000000054,120.00000000000011,0.69833545984746,14.11447768747356
003ae4c5-df8a-4405-90ba-3e89c5cdb3bc,4.24,True,3.9,3.92,4.1,0.3400000000000003,0.3200000000000003,0.14000000000000057,-18.971748434254504,-18.796714216175648,-22.935036998608805,20.000000000000018,199.99999999999974,179.99999999999972,0.17503421807885644,3.9632885643543005
003b636c-2a39-424d-b75e-9686aa3b3aba,6.0,False,5.94,5.86,6.0,0.05999999999999961,0.13999999999999968,0.0,-13.548474910027352,-5.405179961864934,-18.425607254703735,80.00000000000007,59.99999999999961,139.9999999999997,8.143294948162417,4.877132344676383
003b72e6-249c-4e21-bdb7-181d891b92da,11.16,False,10.88,10.88,11.16,0.27999999999999936,0.27999999999999936,0.0,-3.3403876165213098,-3.3403876165213098,-18.432676309753262,0.0,279.9999999999994,279.9999999999994,0.0,15.092288693231952
003b8c15-72d7-4634-829f-41514ae6cb19,9.36,False,9.18,9.17,9.2,0.17999999999999972,0.1899999999999995,0.16000000000000014,-0.0942413872178412,0.8026534532070314,-3.006810027774042,9.999999999999787,19.999999999999574,29.99999999999936,0.8968948404248727,2.912568640556201
003bbbeb-5942-4b4f-9b4c-19abe8cb8ae5,9.0,True,8.79,8.78,8.9,0.21000000000000085,0.22000000000000064,0.09999999999999964,7.567970120358343,9.56672981497712,-21.434888425370453,9.999999999999787,110.00000000000121,120.000000000001,1.9987596946187765,29.002858545728795
003be31d-04f5-4fb9-a805-5057d88d489d,4.52,True,3.94,3.97,4.4,0.5799999999999996,0.5499999999999994,0.11999999999999922,4.759653794605785,5.320669975125248,-6.142630409128571,30.00000000000025,460.0000000000004,430.00000000000017,0.5610161805194629,10.902284203734355
003be661-4aae-4b77-9f1d-b640e9be4f0b,4.24,False,4.01,4.0,4.2,0.23000000000000043,0.2400000000000002,0.040000000000000036,-3.9365138707635867,-3.0842906594207027,-20.92663937248181,9.999999999999787,190.0000000000004,200.00000000000017,0.852223211342884,16.99012550171822
003c345a-d29d-4dd7-9b2d-9fb5c2ce1e89,7.96,False,7.72,7.74,7.96,0.2400000000000002,0.21999999999999975,0.0,2.3535819522989248,3.1046597286928588,-3.453360984682276,20.000000000000462,240.00000000000023,219.99999999999974,0.751077776393934,5.806942936981201
003c40e7-ad7a-44ed-8796-1e10f2d4bd7c,3.56,True,3.31,3.3,3.4,0.25,0.26000000000000023,0.16000000000000014,-7.383360665554078,-6.744464624323813,-19.253621695134683,10.000000000000231,89.99999999999986,100.00000000000009,0.6388960412302653,11.870261029580604
003c6cfb-ce61-4041-9797-2a5c01a960c8,8.0,False,7.74,7.7,8.0,0.2599999999999998,0.2999999999999998,0.0,11.55609966226978,14.728108030040461,-31.64162701455116,40.000000000000036,259.9999999999998,299.99999999999983,3.1720083677706814,43.197726676820935
003cf18b-2663-4c2d-9328-13ca6a2cc2a3,5.36,False,5.02,5.05,5.2,0.34000000000000075,0.3100000000000005,0.16000000000000014,-1.4668086590153169,-0.6857789805550569,-12.591379582222352,30.00000000000025,180.0000000000006,150.00000000000034,0.78102967846026,11.124570923207035
003d0c7b-9cf3-4419-ae87-349c198833c1,7.4,False,7.05,7.06,7.4,0.35000000000000053,0.34000000000000075,0.0,7.227646896015721,7.469990013224765,-7.482077963489691,9.999999999999787,350.0000000000005,340.00000000000074,0.24234311720904422,14.709724859505412
003d17d2-7640-4001-918e-2df490bbd9a8,12.4243125,False,11.52,11.4,11.5,0.9043124999999996,1.0243124999999988,0.9243124999999992,-20.364758177697812,-11.487456013452295,-18.441686204789207,119.99999999999922,19.999999999999574,99.99999999999964,8.877302164245517,1.9230719729086054
003d3882-0f37-480f-8536-ae0d4a9d9fa1,4.72,False,4.72,4.72,4.7,0.0,0.0,0.019999999999999574,-7.72884881670002,-7.72884881670002,-7.1167075124395165,0.0,19.999999999999574,19.999999999999574,0.0,0.6121413042605033
003ec730-80fd-4102-b48c-cfd0a6adee34,9.76,True,9.54,9.54,9.76,0.22000000000000064,0.22000000000000064,0.0,5.325400087537627,5.325400087537627,-26.653399073667984,0.0,220.00000000000063,220.00000000000063,0.0,31.97879916120561
003ed3ce-6874-4795-9292-5d675fcf3132,5.5466875,False,5.33,5.33,5.4,0.21668749999999992,0.21668749999999992,0.14668749999999964,38.89270092848086,38.89270092848086,26.18809112699906,0.0,70.00000000000028,70.00000000000028,0.0,12.704609801481805
003fd670-0d8a-4634-a1ad-c1e5e9b05e26,8.56,False,8.37,8.34,8.56,0.19000000000000128,0.22000000000000064,0.0,46.817680142268806,48.00449146610665,15.457192800655204,29.99999999999936,190.00000000000128,220.00000000000063,1.1868113238378442,31.360487341613602
003ff3c2-43c1-42b3-a36d-39d1386734f1,5.8,True,5.62,5.61,5.8,0.17999999999999972,0.1899999999999995,0.0,0.5578019637039587,1.5544980670660116,-34.63278372647389,9.999999999999787,179.99999999999972,189.9999999999995,0.9966961033620528,35.19058569017785
00405df5-f4c4-4d62-b6fb-190eabf764d7,2.516,True,2.38,2.39,2.5,0.13600000000000012,0.1259999999999999,0.016000000000000014,-3.965609281092254,-6.743241666352611,-18.337567424385362,10.000000000000231,120.00000000000011,109.99999999999987,2.7776323852603566,14.371958143293108
00406c65-e435-4403-bcad-2669c54637be,5.04,True,4.69,4.7,4.9,0.34999999999999964,0.33999999999999986,0.13999999999999968,9.348957567074761,8.82991497615223,-11.74482270328628,9.999999999999787,209.99999999999997,200.00000000000017,0.5190425909225311,21.09378027036104
0040b14c-4f41-496e-94b5-c55917927a00,3.416,False,3.39,3.4,3.4,0.0259999999999998,0.016000000000000014,0.016000000000000014,2.698748913488892,2.6440452660109006,2.6440452660109006,9.999999999999787,9.999999999999787,0.0,0.05470364747799117,0.05470364747799117
0040fda4-43dc-4c5e-bd85-82b6c801a64b,8.72,False,8.49,8.56,8.7,0.23000000000000043,0.16000000000000014,0.02000000000000135,2.265257570447764,6.728847503089854,-0.22832929359040433,70.00000000000028,209.9999999999991,139.9999999999988,4.4635899326420905,2.4935868640381686
0041196e-0c02-4d36-82b4-c656c943f795,10.16,False,9.95,9.95,10.0,0.21000000000000085,0.21000000000000085,0.16000000000000014,10.832777907560885,10.832777907560885,2.2557393953282188,0.0,50.00000000000071,50.00000000000071,0.0,8.577038512232667
00415988-4b83-475a-956c-470e344f1aa1,4.56,True,4.27,4.34,4.56,0.29000000000000004,0.21999999999999975,0.0,-4.654091583411922,-3.2688032926760435,-6.728430449719612,70.00000000000028,290.00000000000006,219.99999999999974,1.3852882907358781,2.0743388663076905
00417843-d72b-46a1-9b25-ac8d0f17e8c5,13.8085,True,11.17,13.73,11.4,2.6385000000000005,0.07850000000000001,2.4085,2.167694460602806,-3.0878765903799477,-7.142190058979814,2560.0000000000005,230.00000000000043,2330.0,5.255571050982754,9.30988451958262
004193a1-ef5e-4a66-9b51-b39de26c9dcb,8.32,True,7.88,7.9,8.3,0.4400000000000004,0.41999999999999993,0.019999999999999574,-0.7813638766004903,-0.3600881662074411,-10.885010118138283,20.000000000000462,420.0000000000008,400.00000000000034,0.42127571039304923,10.103646241537792
00420727-9b4b-4a8e-9569-c74eae93d6a7,11.9051875,False,10.91,10.91,10.4,0.9951875000000001,0.9951875000000001,1.5051875,-22.74465595127611,-22.74465595127611,0.8451595206419446,0.0,509.9999999999998,509.9999999999998,0.0,23.589815471918055
0042253f-7024-468b-bdd3-9fb1c500c8ea,11.44,True,11.27,11.21,11.4,0.16999999999999993,0.22999999999999865,0.03999999999999915,-15.342056566570673,-10.108629375539946,-38.7373375745449,59.99999999999872,130.0000000000008,189.9999999999995,5.233427191030726,23.39528100797423
004233de-1ece-4d92-a95f-231a394d993b,9.08,True,8.82,8.83,9.0,0.2599999999999998,0.25,0.08000000000000007,-8.935830624490956,-8.920412691235198,-23.20555666510838,9.999999999999787,179.99999999999972,169.99999999999994,0.015417933255758243,14.269726040617423
00430ce6-7502-416e-927b-53a3f185a0e2,7.48,False,7.39,7.39,7.48,0.09000000000000075,0.09000000000000075,0.0,-5.325882309039955,-5.325882309039955,-7.440848167788253,0.0,90.00000000000074,90.00000000000074,0.0,2.114965858748298
00434f52-632c-4e96-91fe-72d30adbbd02,16.0,True,15.11,15.11,15.3,0.8900000000000006,0.8900000000000006,0.6999999999999993,-7.406642891601058,-7.406642891601058,-24.138990425549782,0.0,190.00000000000128,190.00000000000128,0.0,16.732347533948726
0043a36c-f8ab-491c-b11e-73ed93049b54,4.36,False,4.07,4.07,4.3,0.29000000000000004,0.29000000000000004,0.0600000000000005,14.052624111021032,14.052624111021032,-22.041111959991706,0.0,229.99999999999955,229.99999999999955,0.0,36.09373607101274
0043c465-71a9-488e-bb23-0db84b5330e6,8.84,True,8.83,8.83,8.8,0.009999999999999787,0.009999999999999787,0.03999999999999915,-5.448506561350387,-5.448506561350387,-4.274963358877099,0.0,29.99999999999936,29.99999999999936,0.0,1.1735432024732875
00448d10-5427-4b50-9fad-63574d3efd38,4.4,True,4.2,4.19,4.4,0.20000000000000018,0.20999999999999996,0.0,-1.1310110008848562,-0.578446218568987,-17.03396684387374,9.999999999999787,200.00000000000017,209.99999999999997,0.5525647823158691,15.902955842988883
0044a2d2-abb1-4f2e-b347-052e7c70e763,4.96,True,4.62,4.61,4.96,0.33999999999999986,0.34999999999999964,0.0,-1.2161022035202214,-0.5644707014494347,-28.028468974607264,9.999999999999787,339.9999999999999,349.99999999999966,0.6516315020707867,26.812366771087042
0044b184-5200-4204-9265-183f6f6ffb7a,7.4,False,7.39,7.36,7.4,0.010000000000000675,0.040000000000000036,0.0,31.52968211943282,29.858883332845124,31.38502215172713,29.99999999999936,10.000000000000675,40.000000000000036,1.6707987865876959,0.14465996770568879
00450432-d958-44b6-8f3d-1782eb646237,7.2,True,6.93,6.91,7.1,0.27000000000000046,0.29000000000000004,0.10000000000000053,-6.4959873550495075,-5.602590768644127,-30.435860207834878,19.999999999999574,169.99999999999994,189.9999999999995,0.8933965864053803,23.93987285278537
004505de-d55f-49fa-a01e-8f879cc52609,4.6,False,4.32,4.33,4.5,0.27999999999999936,0.2699999999999996,0.09999999999999964,-14.398622139702677,-14.73625971039298,-24.713366755650483,9.999999999999787,179.99999999999972,169.99999999999994,0.337637570690303,10.314744615947806
00454388-5f3d-4b28-ba96-907cd14ecd7b,4.36,True,3.98,3.98,4.2,0.38000000000000034,0.38000000000000034,0.16000000000000014,-3.5469964160152654,-3.5469964160152654,-18.95400090181487,0.0,220.0000000000002,220.0000000000002,0.0,15.407004485799604
004557da-dfa3-4a0d-b719-c0539b529b60,6.56,True,5.93,5.9,6.0,0.6299999999999999,0.6599999999999993,0.5599999999999996,-5.367849632134292,0.9349366000869529,-18.481853555091693,29.99999999999936,70.00000000000028,99.99999999999964,6.302786232221245,13.114003922957401
0045d4d1-fa49-49d8-8664-7ea32d5a63ee,4.745,False,4.66,4.74,4.7,0.08499999999999996,0.004999999999999893,0.04499999999999993,14.52251619395644,12.250893903320154,12.32123644989319,80.00000000000007,40.000000000000036,40.000000000000036,2.2716222906362855,2.2012797440632497
0045fc3c-9690-486b-a1e0-cf27447be0a7,4.84,False,4.69,4.7,4.8,0.14999999999999947,0.13999999999999968,0.040000000000000036,15.125240033501942,14.392952670728885,0.7212281790874029,9.999999999999787,109.99999999999943,99.99999999999964,0.7322873627730573,14.40401185441454
00461d90-887e-4ce2-af6a-1bcde0b23549,10.6,True,10.35,10.37,10.5,0.25,0.23000000000000043,0.09999999999999964,-8.98146822512254,-8.932454948447505,-21.14574220642908,19.999999999999574,150.00000000000034,130.0000000000008,0.0490132766750353,12.16427398130654
0046b3cb-d5cb-4fe4-96ee-405362b13ec8,4.84,False,4.68,4.61,4.8,0.16000000000000014,0.22999999999999954,0.040000000000000036,-4.711954030174109,2.9862759135486754,-27.298973540060025,69.9999999999994,120.00000000000011,189.9999999999995,7.698229943722785,22.587019509885916
0046c4d6-93ae-4a6b-84fe-fa926e2b735c,7.92,True,7.66,7.66,7.9,0.2599999999999998,0.2599999999999998,0.019999999999999574,-5.662577762948117,-5.662577762948117,-28.985800710332583,0.0,240.00000000000023,240.00000000000023,0.0,23.323222947384465
0046f6d8-4036-4c69-84f4-a05ff8dfc559,5.96,True,5.41,5.43,5.6,0.5499999999999998,0.5300000000000002,0.3600000000000003,14.509280518591254,13.29131881233975,-5.191395341343284,19.999999999999574,189.9999999999995,169.99999999999994,1.2179617062515042,19.700675859934538
0046fa14-be3b-4f7e-bcf7-d6d98d1dcbcc,3.76,False,3.6,3.6,3.76,0.1599999999999997,0.1599999999999997,0.0,-10.68544459245755,-10.68544459245755,-19.635532494679943,0.0,159.9999999999997,159.9999999999997,0.0,8.950087902222393
00470190-1eb1-4b84-9f54-1d8069392876,11.2375625,True,10.24,10.25,10.6,0.997562499999999,0.9875624999999992,0.6375624999999996,0.6859683546134117,0.5632630205459979,-7.215011212321683,9.999999999999787,359.99999999999943,349.99999999999966,0.1227053340674138,7.900979566935095
00473abb-187e-42d5-bbeb-e9620dfe79f5,5.8,True,5.53,5.52,5.7,0.2699999999999996,0.28000000000000025,0.09999999999999964,-4.35729148211559,-3.4566422886256447,-12.047874570656587,10.000000000000675,169.99999999999994,180.0000000000006,0.9006491934899454,7.690583088540997
00478079-c51b-4512-9967-a4376ba27f03,8.88,True,8.66,8.63,8.8,0.22000000000000064,0.25,0.08000000000000007,-12.413395216802414,-11.547502721425408,-34.171613188502455,29.99999999999936,140.00000000000057,169.99999999999994,0.8658924953770057,21.75821797170004
00479e9b-af2c-4842-a784-ce7cddc4de1e,10.7079375,False,9.74,9.73,9.9,0.9679374999999997,0.9779374999999995,0.8079374999999995,25.833717295091777,26.221172294994474,8.929247730057464,9.999999999999787,160.00000000000014,169.99999999999994,0.3874549999026975,16.90446956503431
0047ddde-3d10-4cca-b7f2-b4b1700698ac,3.68,True,3.59,3.54,3.68,0.0900000000000003,0.14000000000000012,0.0,-12.640816992358145,-6.452131336903114,-27.30528028551477,49.99999999999982,90.0000000000003,140.0000000000001,6.188685655455031,14.664463293156624
00480e9d-1952-41f3-98d4-279e46650f39,8.2,False,7.98,7.97,8.1,0.21999999999999886,0.22999999999999954,0.09999999999999964,-12.137259514996941,-12.351910001813634,-32.40229290588414,10.000000000000675,119.99999999999922,129.9999999999999,0.21465048681669252,20.265033390887197
004812be-d3ac-4c31-8639-094a6ee9e738,5.36,False,5.32,5.34,5.36,0.040000000000000036,0.020000000000000462,0.0,-6.194183048565992,-7.669257456713372,-9.867501903705032,19.999999999999574,40.000000000000036,20.000000000000462,1.4750744081473801,3.6733188551390397
00481f07-388e-49a4-90c2-b59ea982b455,7.76,False,7.5,7.52,5.2,0.2599999999999998,0.2400000000000002,2.5599999999999996,15.490705593422403,14.72952568885127,-4.2111086570459815,19.999999999999574,2300.0,2319.9999999999995,0.7611799045711329,19.701814250468384
0048dab8-238b-41f2-bb1e-ba37e261312e,8.56,False,8.48,8.5,8.56,0.08000000000000007,0.0600000000000005,0.0,16.697641970323936,17.04674164444885,14.646809858636331,19.999999999999574,80.00000000000007,60.0000000000005,0.3490996741249148,2.0508321116876047
0048e36e-9424-486c-a709-99ecd2d527ac,12.32,False,12.09,12.08,12.3,0.23000000000000043,0.2400000000000002,0.019999999999999574,11.430980855667414,11.839560267115672,-4.768004862319375,9.999999999999787,210.00000000000085,220.00000000000063,0.40857941144825816,16.19898571798679
004903c2-adb1-41c4-8b10-5f54307dec7c,2.52,True,2.37,2.37,2.5,0.1499999999999999,0.1499999999999999,0.020000000000000018,-1.0744426840602883,-1.0744426840602883,-9.95086159925511,0.0,129.9999999999999,129.9999999999999,0.0,8.87641891519482
00493a31-5a7e-4bd9-bc13-7aa4c14372a2,6.16,False,6.07,6.06,6.16,0.08999999999999986,0.10000000000000053,0.0,22.418960991194695,21.270478981209262,25.286384258148058,10.000000000000675,89.99999999999986,100.00000000000054,1.1484820099854325,2.867423266953363
00494bda-3594-478c-9bda-9a825ec7c10c,7.96,True,7.77,7.73,7.8,0.1900000000000004,0.22999999999999954,0.16000000000000014,-9.21321111066993,-2.4930824364211244,-13.633888705636307,39.99999999999915,30.00000000000025,69.9999999999994,6.720128674248805,4.420677594966378
004953bb-349e-4f35-b9e6-ca50cf0fb1b1,7.96,False,7.77,7.74,7.96,0.1900000000000004,0.21999999999999975,0.0,-36.90068429337036,-35.11012461911679,-39.43225823492937,29.99999999999936,190.0000000000004,219.99999999999974,1.790559674253572,2.53157394155901
0049e736-5ce3-4771-9762-da41ef967f0e,5.08,False,4.99,4.85,5.08,0.08999999999999986,0.23000000000000043,0.0,-13.288243553148298,0.5763039275109921,-23.327640791167056,140.00000000000057,89.99999999999986,230.00000000000043,13.86454748065929,10.039397238018758
004a5741-f825-4d80-a5ee-4bf4d3301fcb,6.4899375,True,6.45,6.48,4.3,0.03993749999999974,0.009937499999999488,2.1899375,4.9478103468844346,4.4498095792882575,-12.821449506400832,30.00000000000025,2150.0000000000005,2180.0000000000005,0.49800076759617706,17.769259853285266
004a59da-b285-4d8b-93d1-1610a84262d7,11.72,True,11.24,11.62,11.7,0.4800000000000004,0.10000000000000142,0.02000000000000135,-0.9202271751976935,-7.447157835918719,-7.328349429504367,379.999999999999,459.9999999999991,80.00000000000007,6.526930660721026,6.408122254306674
004a651d-38cd-44a2-9a23-befa3b90b794,11.6275625,True,10.56,10.55,10.8,1.0675624999999993,1.077562499999999,0.8275624999999991,4.436292733851704,4.571834721951322,-26.6392508180737,9.999999999999787,240.00000000000023,250.0,0.13554198809961804,31.075543551925406
004a8f5d-3fce-4f52-a086-fe8df18935a0,4.72,False,4.45,4.44,4.7,0.2699999999999996,0.27999999999999936,0.019999999999999574,-2.1322662362402376,-1.8205056028826705,2.4693058038355113,9.999999999999787,250.0,259.9999999999998,0.3117606333575671,4.601572040075749
004aa4b2-0f31-4212-9420-2c1fd475b48f,5.64,False,5.38,5.56,5.6,0.2599999999999998,0.08000000000000007,0.040000000000000036,12.606360058348471,-9.225000280381407,-11.725711662545736,179.99999999999972,219.99999999999974,40.000000000000036,21.83136033872988,24.332071720894206
004ac266-1bf6-4174-a1d5-b136d1feed0a,5.44,True,5.21,5.2,5.4,0.23000000000000043,0.2400000000000002,0.040000000000000036,6.976782731559989,8.112458356258553,-22.13348736704681,9.999999999999787,190.0000000000004,200.00000000000017,1.1356756246985649,29.1102700986068
004b0e97-3544-4931-bc08-87791397684c,7.9411875,True,5.44,7.55,5.6,2.5011874999999995,0.3911875,2.3411875,-3.3156347608038748,-0.6675960805156406,-14.407300154275442,2109.9999999999995,159.99999999999926,1950.0000000000002,2.6480386802882343,11.091665393471567
004b0f9e-b4bd-4256-8000-105d89d5133c,4.72,True,4.5,4.53,4.7,0.21999999999999975,0.1899999999999995,0.019999999999999574,-1.1624862324309622,-3.4004268480284416,-5.469835663508308,30.00000000000025,200.00000000000017,169.99999999999994,2.2379406155974797,4.307349431077346
004b1bb1-3ee4-409a-93ca-aeaf35eca263,3.56,False,3.28,3.35,3.56,0.28000000000000025,0.20999999999999996,0.0,1.245205813115183,-3.104297540183649,-10.461159675567039,70.00000000000028,280.0000000000002,209.99999999999997,4.349503353298832,11.706365488682222
004ba3fc-cc66-4234-b0cd-a8fb266085e0,7.52,False,7.28,7.28,7.5,0.23999999999999932,0.23999999999999932,0.019999999999999574,-15.493886348877659,-15.493886348877659,-9.714362533827055,0.0,219.99999999999974,219.99999999999974,0.0,5.779523815050604
004bb766-40c7-4731-b04f-94ba40ccf50d,6.912,True,3.61,6.24,6.9,3.302,0.6719999999999997,0.011999999999999567,5.697209005516915,-3.534395298988374,-4.1992262683084185,2630.0000000000005,3290.0000000000005,660.0000000000001,9.23160430450529,9.896435273825333
004be0e6-c3a4-4453-9b7c-e03c7b931131,4.52,True,4.24,4.21,4.3,0.27999999999999936,0.3099999999999996,0.21999999999999975,-5.311477047937437,-4.217402845326037,-10.66425489893332,30.00000000000025,59.99999999999961,89.99999999999986,1.0940742026114005,5.352777850995883
004c384b-6753-41a1-b4ee-d4ecd4595ef6,8.08,True,7.82,7.81,8.0,0.2599999999999998,0.27000000000000046,0.08000000000000007,-9.13251071567791,-8.709306748023065,-21.108694278714804,10.000000000000675,179.99999999999972,190.0000000000004,0.42320396765484425,11.976183563036894
004c4b9b-215c-43a6-96e4-a73a417f0837,3.68,False,3.4,3.42,3.68,0.28000000000000025,0.26000000000000023,0.0,14.376426765650733,13.604513838184248,2.080704621818774,20.000000000000018,280.0000000000002,260.0000000000002,0.7719129274664844,12.29572214383196
004c4d24-76f8-44d6-9de7-9bb57240d4eb,4.04,True,3.95,3.93,4.0,0.08999999999999986,0.10999999999999988,0.040000000000000036,1.597621661115683,3.274357087541327,-7.1648720345250165,20.000000000000018,49.99999999999982,69.99999999999984,1.6767354264256438,8.7624936956407
004c4f7d-f942-4f5d-90c8-6cfef8e2b23e,12.7635625,False,11.56,11.7,11.8,1.2035625000000003,1.0635625000000015,0.9635625000000001,4.3147780652232415,-7.552586530486574,-18.620515973330395,139.9999999999988,240.00000000000023,100.00000000000142,11.867364595709816,22.935294038553636
004c9955-4411-4f43-8cc1-7d1a6aa70dfb,14.04,False,13.66,13.79,13.9,0.379999999999999,0.25,0.1399999999999988,4.89304734609399,2.3753126529877617,-0.9522308967248199,129.999999999999,240.00000000000023,110.00000000000121,2.5177346931062283,5.84527824281881
004cfa7f-5c90-4bde-97ea-11391da368f1,5.92,False,5.9,5.84,5.9,0.019999999999999574,0.08000000000000007,0.019999999999999574,9.094091534267376,6.22185761191228,9.094091534267376,60.0000000000005,0.0,60.0000000000005,2.872233922355096,0.0
004d0cca-1daa-404f-b9e4-203db4d2e515,6.48,False,6.24,6.21,6.4,0.2400000000000002,0.27000000000000046,0.08000000000000007,-7.912270609278552,-6.71457208890033,-29.932652395133992,30.00000000000025,160.00000000000014,190.0000000000004,1.1976985203782222,22.02038178585544
004d85b3-63e6-48ff-b42c-bb1da691c8d6,4.148,True,3.58,3.8,3.9,0.5679999999999996,0.34799999999999986,0.24799999999999978,-3.2366082653029995,-4.431177903554716,-4.754816582956906,219.99999999999974,319.99999999999983,100.00000000000009,1.1945696382517168,1.5182083176539063
004da371-b9b2-4d7b-8cb5-52b945040d11,13.057375,False,11.93,12.03,12.2,1.1273750000000007,1.027375000000001,0.8573750000000011,4.943260643880705,6.953947301652497,1.6831140512634108,99.99999999999964,269.99999999999955,169.99999999999994,2.0106866577717923,3.2601465926172937
004da9b4-23e1-4bd0-a217-79206f2d983b,5.96,True,5.89,5.87,5.96,0.07000000000000028,0.08999999999999986,0.0,-12.99277693182489,-12.310227275797295,-24.153549208777203,19.999999999999574,70.00000000000028,89.99999999999986,0.6825496560275948,11.160772276952313
004dc048-f056-4f73-bbeb-37cfdbbea9ce,7.8,False,7.54,7.53,7.8,0.2599999999999998,0.2699999999999996,0.0,-8.610942505096085,-7.791791763705556,-34.361651251186935,9.999999999999787,259.9999999999998,269.99999999999955,0.8191507413905299,25.75070874609085
004e5b21-c153-423c-a6e2-7c75b31bf2f0,13.76,True,13.5,13.56,13.76,0.2599999999999998,0.1999999999999993,0.0,-5.52247898121804,-5.25426470379394,-13.968986294612582,60.0000000000005,259.9999999999998,199.9999999999993,0.2682142774241001,8.446507313394543
004e6c90-ea66-4266-915b-765f6bd5c571,4.52,False,4.47,4.46,3.8,0.04999999999999982,0.05999999999999961,0.7199999999999998,12.45541700097655,10.298699851638764,-28.014469007870876,9.999999999999787,669.9999999999999,660.0000000000001,2.1567171493377852,40.469886008847425
004ea599-7015-4a94-8ade-4dca346f6321,16.0,True,15.08,15.12,15.3,0.9199999999999999,0.8800000000000008,0.6999999999999993,18.485319053147858,17.93392344581984,-3.3436635538944173,39.99999999999915,220.00000000000063,180.00000000000148,0.5513956073280184,21.828982607042274
004ed148-7f38-45b4-a363-56213917518a,5.717375,False,5.48,5.49,5.7,0.23737499999999923,0.22737499999999944,0.017374999999999474,-3.7990810380956788,-5.243841540070567,-17.948939172903597,9.999999999999787,219.99999999999974,209.99999999999997,1.444760501974888,14.149858134807918
004f1176-795e-406e-bab1-eadb05422ab6,4.4,False,4.22,4.23,4.4,0.1800000000000006,0.16999999999999993,0.0,0.8367668556208863,0.054490157801784116,-21.95490475942736,10.000000000000675,180.0000000000006,169.99999999999994,0.7822766978191021,22.791671615048248
004f9477-09e5-4221-a3bb-3fa04a724539,4.88,True,4.73,4.73,4.88,0.14999999999999947,0.14999999999999947,0.0,-20.59251194532438,-20.59251194532438,-27.851032995802754,0.0,149.99999999999946,149.99999999999946,0.0,7.258521050478375
004fa669-c006-4e6e-9ac8-b403fa3f4597,6.4,True,6.21,6.21,6.4,0.1900000000000004,0.1900000000000004,0.0,-12.286421989658653,-12.286421989658653,-29.21824255528391,0.0,190.0000000000004,190.0000000000004,0.0,16.93182056562526
004fd55d-e90f-4218-b7e3-201ddfb41bb8,7.28,False,6.87,7.22,7.0,0.41000000000000014,0.0600000000000005,0.28000000000000025,-0.8939923756888051,4.659234308543852,1.2112721735888172,349.99999999999966,129.9999999999999,219.99999999999974,5.553226684232658,2.1052645492776225
004fe277-9e7f-492a-839c-1c2e2e87540b,7.44,False,7.37,7.36,7.4,0.07000000000000028,0.08000000000000007,0.040000000000000036,-3.0243079608168495,-1.8003409212942196,-8.105572347802061,9.999999999999787,30.00000000000025,40.000000000000036,1.2239670395226299,5.081264386985212
004fe645-3d07-40de-8796-3ceb5ac82c15,14.36,True,14.02,14.03,14.36,0.33999999999999986,0.33000000000000007,0.0,5.67682008515562,5.085670628933706,-10.042917480424304,9.999999999999787,339.9999999999999,330.00000000000006,0.5911494562219133,15.719737565579923
00508a28-c329-4c3c-ac82-97721e847c4b,7.2,False,7.01,7.02,7.2,0.1900000000000004,0.1800000000000006,0.0,13.250104916394212,13.66757935427888,1.4699727171163186,9.999999999999787,190.0000000000004,180.0000000000006,0.41747443788466754,11.780132199277894
00509fad-a137-4f99-87d8-1dbcb62e0d53,8.04,True,7.77,7.79,7.9,0.2699999999999996,0.2499999999999991,0.1399999999999988,1.0068576681662575,1.3229199933255842,-5.738859886476026,20.000000000000462,130.0000000000008,110.00000000000031,0.31606232515932664,6.745717554642283
0050b4ad-150e-40b8-8447-8304a66f6691,7.12,False,7.08,7.08,7.1,0.040000000000000036,0.040000000000000036,0.020000000000000462,-5.339019746508297,-5.339019746508297,-8.82685100886463,0.0,19.999999999999574,19.999999999999574,0.0,3.487831262356332
0051059a-ef2c-46be-9d21-4499a537d092,7.4,True,6.9,6.88,7.0,0.5,0.5200000000000005,0.40000000000000036,-7.256904174369228,-6.415378405038323,-19.778849116854698,20.000000000000462,99.99999999999964,120.00000000000011,0.8415257693309046,12.521944942485469
005113cc-f4cb-4957-aeeb-07b2dbad03b7,12.9490625,False,12.64,12.87,12.1,0.3090624999999996,0.07906250000000092,0.8490625000000005,-5.262519314321028,0.43992325700013035,-14.002406125299228,229.99999999999864,540.0000000000009,769.9999999999995,5.702442571321159,8.739886810978199
005142c4-6897-4f8f-837e-87e0e9d35556,9.82575,False,8.85,8.84,9.0,0.9757499999999997,0.9857499999999995,0.8257499999999993,18.20049254340216,19.51742315209045,1.1360127488471103,9.999999999999787,150.00000000000034,160.00000000000014,1.316930608688292,17.064479794555048
0051d062-4f45-404b-a7e1-06b03b77376e,10.3798125,True,9.48,9.49,9.6,0.8998124999999995,0.8898124999999997,0.7798125000000002,-1.3684920520371913,-1.8909419098078442,-2.994733870411317,9.999999999999787,119.99999999999922,109.99999999999943,0.5224498577706529,1.6262418183741256
00523553-cc90-48b4-9b87-70660216dd75,10.56,True,10.36,10.34,10.56,0.20000000000000107,0.22000000000000064,0.0,12.942577390942951,13.085112901086655,-18.138464474997388,19.999999999999574,200.00000000000108,220.00000000000063,0.1425355101437038,31.08104186594034
00524bf0-f41e-4f2b-87c5-8e008c6687c3,6.32,False,6.22,6.2,6.3,0.10000000000000053,0.1200000000000001,0.020000000000000462,-6.934185440205672,-6.657852118419345,-8.587132738854354,19.999999999999574,80.00000000000007,99.99999999999964,0.2763333217863275,1.652947298648682
005289c0-6b35-4829-8fa2-787ebb1a1b67,16.0,True,13.71,13.94,14.0,2.289999999999999,2.0600000000000005,2.0,5.397824158554649,-15.729654513199625,-17.185619633074232,229.99999999999864,289.99999999999915,60.0000000000005,21.127478671754275,22.58344379162888
005293ec-f8b8-4851-bb28-51b604542257,3.9229375,True,3.91,3.92,3.9,0.012937500000000046,0.0029375000000002593,0.022937500000000277,2.054907652688845,2.171638810919277,1.8415378910480167,9.999999999999787,10.000000000000231,20.000000000000018,0.11673115823043201,0.2133697616408281
0052f0c7-6f5d-46bd-984f-962daafab6b2,3.2,True,2.93,2.94,3.2,0.27,0.26000000000000023,0.0,16.965556173041332,15.949821012271425,-15.757659884337867,9.999999999999787,270.0,260.0000000000002,1.015735160769907,32.7232160573792
00533c82-2817-4539-8914-0477b6c09e15,11.84,True,11.54,11.61,11.8,0.3000000000000007,0.23000000000000043,0.03999999999999915,-3.9510687159881273,-8.448515401583604,-17.216047413625425,70.00000000000028,260.0000000000016,190.00000000000128,4.497446685595477,13.264978697637298
0053aa46-1a98-4e29-a0d5-270f37595d53,6.722125,True,4.58,4.57,4.7,2.142125,2.152125,2.022125,7.4812758506281725,8.733921574644947,-13.34620893786103,9.999999999999787,120.00000000000011,129.9999999999999,1.2526457240167748,20.8274847884892
0053e9df-8c17-4a15-979c-d5f08fca3e58,11.215375,False,10.22,11.04,9.3,0.9953749999999992,0.17537500000000072,1.9153749999999992,-6.627946812535832,7.67446829651981,-13.49910689872158,819.9999999999985,919.9999999999999,1739.9999999999984,14.30241510905564,6.871160086185748
005459b0-303f-491b-af50-7c3c1b0aead1,11.0,False,10.7,10.78,11.0,0.3000000000000007,0.22000000000000064,0.0,-6.129320858937057,-7.919869773389301,-19.077051597066387,80.00000000000007,300.0000000000007,220.00000000000063,1.790548914452244,12.94773073812933
00547fa8-218e-4b26-a63d-e0996dc616a1,4.12,True,3.87,3.87,4.0,0.25,0.25,0.1200000000000001,-13.89023590421148,-13.89023590421148,-24.34549090830339,0.0,129.9999999999999,129.9999999999999,0.0,10.45525500409191
005490ac-d3a9-456b-8a69-f3c39682f0dc,7.168,False,7.16,7.16,7.168,0.008000000000000007,0.008000000000000007,0.0,-23.82321327511627,-23.82321327511627,-23.686485161196174,0.0,8.000000000000007,8.000000000000007,0.0,0.1367281139200962
0054a5c4-4b2a-4917-ad3f-9efe5c63d1c9,3.732,False,3.59,3.64,3.7,0.14200000000000035,0.09200000000000008,0.03200000000000003,1.0322235387358898,0.7456442022573588,-0.23825081240387835,50.00000000000027,110.00000000000031,60.00000000000006,0.28657933647853095,1.270474351139768
00551893-e7b2-48c7-b8d0-1ea1c2273b1e,2.08,False,1.99,1.79,1.9,0.09000000000000008,0.29000000000000004,0.18000000000000016,-24.145145991685848,-9.259305918431933,-17.150487948658167,199.99999999999994,90.00000000000009,109.99999999999987,14.885840073253915,6.99465804302768
00552f6e-056e-471e-8218-c90a0fdcb286,6.44,False,6.21,6.22,6.4,0.23000000000000043,0.22000000000000064,0.040000000000000036,5.92851200892471,5.803280119987574,10.129451115185535,9.999999999999787,190.0000000000004,180.0000000000006,0.12523188893713666,4.200939106260825
0055b2d0-9fce-420e-a17d-b4c0924aaaf6,8.48,False,7.83,7.83,8.0,0.6500000000000004,0.6500000000000004,0.4800000000000004,18.866140678863434,18.866140678863434,-10.689315489300705,0.0,169.99999999999994,169.99999999999994,0.0,29.55545616816414
0055c906-7c4a-4648-b589-05adf8c0e64c,10.32,True,10.09,10.09,10.2,0.23000000000000043,0.23000000000000043,0.120000000000001,-11.515481624481062,-11.515481624481062,-26.644678961210097,0.0,109.99999999999943,109.99999999999943,0.0,15.129197336729035
00564f28-57c0-479c-b4f0-342fc77c6f21,7.1000625,True,6.17,6.09,6.4,0.9300625,1.0100625,0.7000624999999996,3.209146881770033,4.014356724245302,-35.60527300959627,80.00000000000007,230.00000000000043,310.0000000000005,0.8052098424752692,38.8144198913663
00574ae1-75d7-40dc-8eae-fcd109055d87,4.96,True,4.69,4.71,4.96,0.2699999999999996,0.25,0.0,3.0269820364681137,0.7011068451869639,-24.726554020796677,19.999999999999574,269.99999999999955,250.0,2.32587519128115,27.75353605726479
00579a83-0c4b-419a-a20b-fb532d14a9b6,4.08,False,3.85,3.83,3.9,0.22999999999999998,0.25,0.18000000000000016,3.1115366880742354,5.6649796769725995,-5.4010675282553295,20.000000000000018,49.99999999999982,69.99999999999984,2.553442988898364,8.512604216329565
00579c84-f7ad-4507-993c-0f2c3c4fb0af,9.36,True,9.12,9.21,9.36,0.2400000000000002,0.14999999999999858,0.0,2.3203999958693773,2.0374204894450574,-7.073406159495894,90.00000000000163,240.00000000000023,149.99999999999858,0.2829795064243199,9.393806155365272
00579fab-4341-49dd-a78b-69b8391467fd,11.2,True,10.99,10.97,11.2,0.20999999999999908,0.22999999999999865,0.0,-7.9581115491597085,-7.155762191976857,-35.19604817225467,19.999999999999574,209.9999999999991,229.99999999999864,0.8023493571828517,27.23793662309496
0057a800-1f7a-4d85-8b38-30bfca66291d,5.8,False,5.0,5.02,5.2,0.7999999999999998,0.7800000000000002,0.5999999999999996,-4.821415480723116,-5.13595825444145,-10.028161223849795,19.999999999999574,200.00000000000017,180.0000000000006,0.3145427737183333,5.206745743126678
0057a94c-84b7-4388-85ef-912256cd38b1,4.352,True,3.96,4.35,4.2,0.39200000000000035,0.002000000000000668,0.15200000000000014,-5.999459410519138,-16.417998261137896,-14.222585559238441,389.99999999999966,240.00000000000023,149.99999999999946,10.41853885061876,8.223126148719302
0057a996-09e5-485c-8a47-534c23acdbd6,8.56,True,8.28,8.28,8.4,0.28000000000000114,0.28000000000000114,0.16000000000000014,1.8691877221811133,1.8691877221811133,-10.967670054094143,0.0,120.000000000001,120.000000000001,0.0,12.836857776275256
0057f6a2-a8f5-479b-93aa-195db06ebc6c,12.68,False,12.32,12.31,12.5,0.35999999999999943,0.3699999999999992,0.17999999999999972,24.82713766881181,24.32537812247992,5.959275665016612,9.999999999999787,179.99999999999972,189.9999999999995,0.5017595463318933,18.8678620037952
0058737c-4c5c-40f3-9076-b2fb5fc9e4ea,7.48,True,7.22,7.19,7.48,0.2600000000000007,0.29000000000000004,0.0,-6.816790834581281,-4.017348237834704,-47.059478638681696,29.99999999999936,260.0000000000007,290.00000000000006,2.7994425967465766,40.24268780410041
0058a80a-20b5-4387-932c-66835d0fa25d,13.7605625,False,13.03,12.79,13.1,0.7305625000000013,0.9705625000000015,0.660562500000001,5.722256437733755,51.625831088564304,-8.634430149369324,240.00000000000023,70.00000000000028,310.0000000000005,45.90357465083055,14.356686587103079
00590487-bd88-44f0-a390-9887bb82e915,5.6,False,5.43,5.43,5.6,0.16999999999999993,0.16999999999999993,0.0,4.620391323598359,4.620391323598359,-18.022917300375898,0.0,169.99999999999994,169.99999999999994,0.0,22.643308623974256
00590bc9-e8a0-43d4-ab74-a63f45deb805,15.08,False,14.89,14.9,15.08,0.1899999999999995,0.17999999999999972,0.0,10.518670357030246,11.427506756213086,9.291260477687029,9.999999999999787,189.9999999999995,179.99999999999972,0.9088363991828405,1.2274098793432167
005918ad-9829-4c94-9b65-3efdaf7991ec,4.72,True,4.55,4.55,4.7,0.16999999999999993,0.16999999999999993,0.019999999999999574,-7.678435573900026,-7.678435573900026,-17.741402912084393,0.0,150.00000000000034,150.00000000000034,0.0,10.062967338184368
0059284c-b235-430a-aed5-4860005d7bff,8.44,True,8.22,8.22,8.4,0.21999999999999886,0.21999999999999886,0.03999999999999915,-2.911077305965149,-2.911077305965149,-22.12232316560918,0.0,179.99999999999972,179.99999999999972,0.0,19.21124585964403
00592a58-9e3c-4ba6-8b92-4729b11638b0,5.08,False,4.8,4.82,5.08,0.28000000000000025,0.2599999999999998,0.0,-2.1954728105975025,-2.0379251628318347,-22.94051236223188,20.000000000000462,280.0000000000002,259.9999999999998,0.15754764776566788,20.745039551634378
00593b7e-1d7c-4559-b498-70c22cbd9ddd,8.12,True,7.85,7.87,8.1,0.2699999999999996,0.2499999999999991,0.019999999999999574,0.3585910741575933,-2.624717763501988,-21.011852576556286,20.000000000000462,250.0,229.99999999999955,2.983308837659581,21.37044365071388
0059613d-16f1-417a-8026-decc3e757813,5.48,True,5.23,5.21,5.3,0.25,0.27000000000000046,0.1800000000000006,-12.111154344099935,-11.449414545946782,-21.19206475295086,20.000000000000462,69.9999999999994,89.99999999999986,0.6617397981531532,9.080910408850924
00598e66-95f5-4406-8df9-5ed4df729e12,13.0175625,True,12.01,12.03,12.2,1.0075625000000006,0.987562500000001,0.8175625000000011,-8.796758741713147,-9.030137692486447,-19.952288090523126,19.999999999999574,189.9999999999995,169.99999999999994,0.23337895077330018,11.15552934880998
00599221-ad8c-4d09-9135-b7c4bd35744c,4.76,False,4.48,4.51,4.76,0.27999999999999936,0.25,0.0,8.540061162106802,7.125942048043376,-9.942249118136191,29.99999999999936,279.9999999999994,250.0,1.4141191140634266,18.48231028024299
00599b06-258e-4d32-ab34-ce5d50366941,11.484375,False,10.49,10.7,10.8,0.9943749999999998,0.7843750000000007,0.6843749999999993,3.1489187083969323,-9.587600834646004,-24.912590937761617,209.9999999999991,310.0000000000005,100.00000000000142,12.736519543042936,28.061509646158548
0059c16d-85ca-4621-b8eb-cc4b229ee6d6,5.44,True,5.23,5.17,5.4,0.20999999999999996,0.27000000000000046,0.040000000000000036,-12.875255309223226,-6.300597044778666,-20.607345761014212,60.0000000000005,169.99999999999994,230.00000000000043,6.57465826444456,7.732090451790986
0059cdd7-8e21-49d1-bbcb-743bc1a8f9af,6.36,False,6.2,6.21,6.36,0.16000000000000014,0.15000000000000036,0.0,5.071980159228561,5.045128525171285,-10.20568693801977,9.999999999999787,160.00000000000014,150.00000000000034,0.026851634057275753,15.277667097248331
0059e2d5-eb8e-42b9-bf8f-066159d96233,2.624,False,2.18,2.56,2.6,0.44399999999999995,0.06400000000000006,0.02400000000000002,7.412210950327836,-10.130176364229941,-9.88339741061993,379.9999999999999,419.99999999999994,40.000000000000036,17.54238731455778,17.295608360947767
0059f316-3bef-40f3-924e-9dd76942ce72,7.56,False,7.39,7.38,7.56,0.16999999999999993,0.17999999999999972,0.0,5.653947760215932,6.3818060642213625,-23.45254296539961,9.999999999999787,169.99999999999994,179.99999999999972,0.727858304005431,29.10649072561554
005a8dce-5b28-4475-9cb6-b50bec1f1771,8.52,True,8.29,8.26,8.4,0.23000000000000043,0.2599999999999998,0.11999999999999922,7.5385861727270544,12.759383969759638,-17.07734298039538,29.99999999999936,110.00000000000121,140.00000000000057,5.220797797032583,24.615929153122433
005accaa-69c6-4df0-8067-ebee0bd96d87,11.3113125,True,10.3,10.32,10.5,1.011312499999999,0.9913124999999994,0.8113124999999997,-6.105390109915886,-7.361070722914298,-14.543592397459872,19.999999999999574,199.9999999999993,179.99999999999972,1.255680612998412,8.438202287543985
005ad1f8-a1dd-451f-8e0b-1f98ba0f2266,11.08,False,11.0,10.98,11.08,0.08000000000000007,0.09999999999999964,0.0,11.54472736098706,15.407243418707417,-10.051053537625425,19.999999999999574,80.00000000000007,99.99999999999964,3.862516057720356,21.595780898612485
005b0b72-bc2f-4ab3-bdc4-57a61c9fb920,6.08,True,5.8,5.89,6.08,0.28000000000000025,0.1900000000000004,0.0,-5.641354087069758,-5.724729584620023,-23.995246268457368,89.99999999999986,280.0000000000002,190.0000000000004,0.0833754975502643,18.35389218138761
005b94e6-60f8-4c96-bc22-0fdca63618de,9.84,True,9.51,9.51,9.7,0.33000000000000007,0.33000000000000007,0.14000000000000057,1.8118266237289076,1.8118266237289076,-10.64408330189746,0.0,189.9999999999995,189.9999999999995,0.0,12.455909925626369
005c0e01-bed8-48bf-bfe6-bdfc0ff8275a,11.0,False,10.77,10.78,10.9,0.23000000000000043,0.22000000000000064,0.09999999999999964,2.6147467291626008,1.9740506640408049,-7.154793071135864,9.999999999999787,130.0000000000008,120.000000000001,0.6406960651217959,9.769539800298464
005c780f-e996-42f5-8119-c319135d8152,4.04,False,3.97,3.94,4.0,0.06999999999999984,0.10000000000000009,0.040000000000000036,-7.120374186343072,-5.978329149178449,-10.879579256354353,30.00000000000025,29.999999999999805,60.00000000000006,1.142045037164623,3.759205070011281
005c8f28-5ffb-49ee-8659-9f04f98f651b,6.64,False,6.63,6.64,6.6,0.009999999999999787,0.0,0.040000000000000036,-1.7791380440695896,-1.905132994654573,-1.6922746779409148,9.999999999999787,30.00000000000025,40.000000000000036,0.12599495058498333,0.08686336612867485
005d15f2-6d6b-44e7-abc0-8c64f1a593a2,4.92,False,4.67,4.66,4.8,0.25,0.2599999999999998,0.1200000000000001,-9.633755350085142,-9.278606010441461,-18.15704269942393,9.999999999999787,129.9999999999999,139.9999999999997,0.3551493396436811,8.523287349338787
005d1d45-27d5-4f69-b6cb-faece4292e28,12.4815,False,11.54,11.43,11.6,0.9415000000000013,1.0515000000000008,0.8815000000000008,-10.564092826065698,16.742690414624274,-18.821328711356884,109.99999999999943,60.0000000000005,169.99999999999994,27.306783240689974,8.257235885291186
005d6cec-8e3e-4288-9833-80886172f39d,8.6186875,True,8.35,8.38,8.6,0.2686875000000004,0.23868749999999928,0.018687500000000412,12.60855291940893,10.396620584185174,-13.967782237742266,30.000000000001137,250.0,219.99999999999886,2.211932335223757,26.5763351571512
005d7a4e-4e34-4d00-9ab6-189d66df5db7,9.84,False,9.59,9.61,9.8,0.25,0.23000000000000043,0.03999999999999915,0.8433533703510347,-1.891353474985322,-23.44948881812481,19.999999999999574,210.00000000000085,190.00000000000128,2.7347068453363566,24.292842188475845
005d8628-6284-44db-b07e-3b8599253abc,15.7076875,True,14.99,14.99,15.1,0.7176875000000003,0.7176875000000003,0.6076875000000008,-16.037572379714895,-16.037572379714895,-18.075285552196437,0.0,109.99999999999943,109.99999999999943,0.0,2.037713172481542
005d95c0-44d2-4c3e-8a19-5685dbeb1e94,7.486,True,7.33,7.33,7.486,0.1559999999999997,0.1559999999999997,0.0,-6.390468439669827,-6.390468439669827,-24.073123302110652,0.0,155.9999999999997,155.9999999999997,0.0,17.682654862440824
005d9db5-18a4-4ed6-85b0-c85985716b49,7.48,False,7.21,7.09,7.3,0.27000000000000046,0.39000000000000057,0.1800000000000006,11.715090565578658,6.997721974767759,2.842238738915963,120.00000000000011,89.99999999999986,209.99999999999997,4.717368590810898,8.872851826662695
005da57e-8b7c-4cee-a70a-6d0647a2dbc3,7.48,True,7.26,7.23,7.48,0.22000000000000064,0.25,0.0,-2.669869794495654,-0.8299407214707276,-30.526654775016286,29.99999999999936,220.00000000000063,250.0,1.8399290730249263,27.856784980520633
005defc6-afd5-4152-97f3-ee455adb4d32,7.56,True,7.29,7.29,7.4,0.2699999999999996,0.2699999999999996,0.15999999999999925,-7.893386330935025,-7.893386330935025,-13.94818091017601,0.0,110.00000000000031,110.00000000000031,0.0,6.054794579240985
005e0169-463b-44b5-8dd0-5e024c6f8181,4.28,False,4.05,4.07,4.28,0.23000000000000043,0.20999999999999996,0.0,5.305208325038904,5.802761723392182,-5.313074501648774,20.000000000000462,230.00000000000043,209.99999999999997,0.4975533983532783,10.618282826687679
005e2783-9d7c-46b8-b744-a20094500c49,9.16,True,8.92,8.92,9.1,0.2400000000000002,0.2400000000000002,0.0600000000000005,-4.994044928753446,-4.994044928753446,-21.79282110433073,0.0,179.99999999999972,179.99999999999972,0.0,16.798776175577284
005e27f3-7dfe-4a9e-a006-22cfb46160cb,6.92,False,6.85,6.86,6.9,0.07000000000000028,0.05999999999999961,0.019999999999999574,-1.0732080529578873,-1.3677424595810028,-1.747243809019606,10.000000000000675,50.00000000000071,40.000000000000036,0.2945344066231155,0.6740357560617187
005e3ff0-3821-4e4b-90a6-d76b3eda7b57,3.52,False,3.34,3.38,3.5,0.18000000000000016,0.14000000000000012,0.020000000000000018,-11.897074875473352,-12.450233188422542,-19.075582923067127,40.000000000000036,160.00000000000014,120.00000000000011,0.5531583129491899,7.178508047593775
005e6fdc-d130-48dd-8351-9e002fa987fd,9.16,True,8.95,8.93,9.16,0.21000000000000085,0.23000000000000043,0.0,-16.433121951708074,-16.613939350819095,-47.05790182123646,19.999999999999574,210.00000000000085,230.00000000000043,0.1808173991110209,30.62477986952839
005e898b-1a84-4989-805a-3e0e0684a407,3.053,False,3.01,3.03,3.053,0.04300000000000015,0.02300000000000013,0.0,-2.5038882007276753,-2.137495019787186,-2.108630920007278,20.000000000000018,43.00000000000015,23.00000000000013,0.3663931809404892,0.3952572807203971
005e91a0-15b2-449f-920f-7395afb03c97,7.44,True,7.42,7.38,7.4,0.020000000000000462,0.0600000000000005,0.040000000000000036,-21.235128633769076,-17.21301449824021,-19.066297777739152,40.000000000000036,19.999999999999574,20.000000000000462,4.0221141355288665,2.168830856029924
005e9af9-14fa-42e6-b670-f50789571d3b,7.48,False,7.23,7.26,7.48,0.25,0.22000000000000064,0.0,4.2206208568433,3.3327851703712605,-0.9154702243793756,29.99999999999936,250.0,220.00000000000063,0.8878356864720391,5.136091081222675
005ea026-5635-40a6-b164-d8e50a4d20fa,9.44,True,9.25,9.15,9.4,0.1899999999999995,0.28999999999999915,0.03999999999999915,-14.140822327824296,-4.876742415741989,-27.47978439953143,99.99999999999964,150.00000000000034,250.0,9.264079912082305,13.338962071707133
005ef3d8-eaa5-4668-9f6a-5715ce93c6c2,3.4,True,3.05,3.06,3.3,0.3500000000000001,0.33999999999999986,0.10000000000000009,-7.303380023065391,-7.673882626070834,-21.913037537278726,10.000000000000231,250.0,239.99999999999977,0.370502603005443,14.609657514213335
005fedae-ebd7-4dc0-8a58-1ace7e16f50a,4.08,False,4.04,4.07,4.08,0.040000000000000036,0.009999999999999787,0.0,4.292583722185095,7.860947559447093,7.544487127260779,30.00000000000025,40.000000000000036,9.999999999999787,3.5683638372619972,3.2519034050756837
006035fb-c921-48be-8dc5-1629cfd44d0a,8.52,True,8.15,8.36,8.5,0.3699999999999992,0.16000000000000014,0.019999999999999574,-1.616316104948908,-1.9287394666366358,-7.506464587718717,209.9999999999991,349.99999999999966,140.00000000000057,0.31242336168772766,5.890148482769808
006043cc-b38d-4b5e-b2ca-f4f41de53223,6.36,False,6.14,6.2,6.36,0.22000000000000064,0.16000000000000014,0.0,2.691857801180775,1.6964430306356482,-4.7327694129165945,60.0000000000005,220.00000000000063,160.00000000000014,0.9954147705451266,7.424627214097369
006048a7-e7bb-490c-990f-6fcc5e35da16,8.6,True,8.6,8.6,8.6,0.0,0.0,0.0,2.350548022697312,2.350548022697312,2.350548022697312,0.0,0.0,0.0,0.0,0.0
00609064-761f-4101-be97-a83dd66f4d66,6.36,False,6.17,6.15,6.36,0.1900000000000004,0.20999999999999996,0.0,-2.1578868417178843,-5.044867754954498,6.716966376862795,19.999999999999574,190.0000000000004,209.99999999999997,2.8869809132366138,8.874853218580679
00609adf-55ec-4b95-ad0a-685aa9096a80,12.04,False,11.17,11.17,11.3,0.8699999999999992,0.8699999999999992,0.7399999999999984,-12.774827558354174,-12.774827558354174,-14.63737778394252,0.0,130.0000000000008,130.0000000000008,0.0,1.8625502255883468
006176e4-627f-42f1-801c-3bed1493ada3,10.76,False,10.51,10.53,10.7,0.25,0.23000000000000043,0.0600000000000005,17.49347802741478,18.31579948207569,12.176719953240394,19.999999999999574,189.9999999999995,169.99999999999994,0.8223214546609086,5.316758074174388
0061a71e-f996-4a99-8382-dad838f4246e,4.72,False,4.52,4.51,4.6,0.20000000000000018,0.20999999999999996,0.1200000000000001,-5.919262718862754,-5.244211198010275,-18.044105502013633,9.999999999999787,80.00000000000007,89.99999999999986,0.6750515208524792,12.124842783150878
00623d30-bbaf-4652-881d-52b356726a77,7.96,True,7.77,7.79,7.96,0.1900000000000004,0.16999999999999993,0.0,-4.050352557565008,-5.195306521345164,-16.079998098561134,20.000000000000462,190.0000000000004,169.99999999999994,1.1449539637801562,12.029645540996126
00626d08-cfda-4408-a665-e39b8d6b944c,3.72,False,3.49,3.48,3.7,0.22999999999999998,0.2400000000000002,0.020000000000000018,8.958378437999786,8.710195346981127,-12.981949016946517,10.000000000000231,209.99999999999997,220.0000000000002,0.24818309101865843,21.940327454946303
00627eba-7475-4527-956e-20383862d4d2,6.52,False,6.24,6.3,6.5,0.27999999999999936,0.21999999999999975,0.019999999999999574,6.148317964672677,4.973787962036493,-13.817782056005347,59.99999999999961,259.9999999999998,200.00000000000017,1.1745300026361845,19.966100020678024
0062b4fc-d9cd-45ef-94c8-99b241bf08c3,8.6,False,8.29,8.32,8.6,0.3100000000000005,0.27999999999999936,0.0,-11.98770457974824,-12.06533079197329,-19.85469400431438,30.000000000001137,310.0000000000005,279.9999999999994,0.0776262122250504,7.866989424566139
006303f4-b70c-4175-9d97-b7b75f5bcef8,5.32,False,5.11,5.11,5.3,0.20999999999999996,0.20999999999999996,0.020000000000000462,-3.8835990208140894,-3.8835990208140894,-31.970204902653336,0.0,189.9999999999995,189.9999999999995,0.0,28.086605881839247
0063a480-6bd1-4303-ae20-8ae861b51a79,9.84,False,9.55,9.55,9.7,0.28999999999999915,0.28999999999999915,0.14000000000000057,7.7647691847768385,7.7647691847768385,-10.014568043366125,0.0,149.99999999999858,149.99999999999858,0.0,17.779337228142964
006411b8-b95a-404f-a2d5-cbe4308f869f,6.72,True,6.52,6.52,6.7,0.20000000000000018,0.20000000000000018,0.019999999999999574,8.223603436887199,8.223603436887199,-8.321193880582177,0.0,180.0000000000006,180.0000000000006,0.0,16.544797317469374
0064135a-32d1-4376-aaec-6b20d4d4a544,7.84,True,7.66,7.66,7.8,0.17999999999999972,0.17999999999999972,0.040000000000000036,7.766242499954164,7.766242499954164,-19.88086907170717,0.0,139.9999999999997,139.9999999999997,0.0,27.647111571661334
00645d1b-9c3c-4405-b339-0c95098e39bf,4.04,False,3.81,3.78,3.9,0.22999999999999998,0.26000000000000023,0.14000000000000012,38.016849172899875,36.75316378649542,28.96147480633069,30.00000000000025,89.99999999999986,120.00000000000011,1.263685386404454,9.055374366569186
0064bd5a-f29c-4eed-b77f-ce75a7e8daad,3.04,False,2.97,2.97,3.0,0.06999999999999984,0.06999999999999984,0.040000000000000036,2.1161962704296697,2.1161962704296697,0.25805912562143796,0.0,29.999999999999805,29.999999999999805,0.0,1.8581371448082318
00653214-9a17-4eb2-a10f-e766f6ca5e4f,13.5139375,False,12.53,12.54,12.7,0.9839375000000015,0.9739375000000017,0.8139375000000015,3.7901607329024514,3.5019723828892744,0.861408326954903,9.999999999999787,169.99999999999994,160.00000000000014,0.288188350013177,2.9287524059475483
00660fbc-bfe7-449d-be38-7f3760a118a1,2.76,True,2.75,2.65,2.76,0.009999999999999787,0.10999999999999988,0.0,-5.360826751140225,8.28890928558367,-6.871862974705639,100.00000000000009,9.999999999999787,109.99999999999987,13.649736036723896,1.511036223565414
0066608c-4bb8-4ff1-a7ac-56bd0f82ebaf,9.04,True,8.78,9.0,9.0,0.2599999999999998,0.03999999999999915,0.03999999999999915,1.8211140163290842,-18.80336349678373,-18.80336349678373,220.00000000000063,220.00000000000063,0.0,20.624477513112815,20.624477513112815
00669211-dba7-4305-82fe-fa02ee11d462,14.2563125,False,13.13,13.13,13.4,1.1263124999999992,1.1263124999999992,0.8563124999999996,4.44101960588208,4.44101960588208,-6.930766530556259,0.0,269.99999999999955,269.99999999999955,0.0,11.371786136438338
00671294-e570-4e2f-bfe0-92092f453015,8.32825,False,7.18,8.32,7.3,1.1482500000000009,0.008250000000000313,1.0282500000000008,4.8574833967134525,3.755841181315737,-3.8401576304893608,1140.0000000000005,120.00000000000011,1020.0000000000005,1.1016422153977157,8.697641027202813
0067288c-9e41-47f8-8073-9c9405f64254,4.7786875,True,4.64,4.51,4.7786875,0.13868750000000052,0.2686875000000004,0.0,-11.870535362301428,5.54653319912587,-11.334484011068964,129.9999999999999,138.6875000000005,268.6875000000004,17.4170685614273,0.5360513512324641
0067756b-3dda-495e-8450-bcef274b2a65,5.04,True,4.74,4.76,4.9,0.2999999999999998,0.28000000000000025,0.13999999999999968,-2.36506679714872,-2.441265303934471,-15.21867394468787,19.999999999999574,160.00000000000014,140.00000000000057,0.07619850678575091,12.853607147539151
00679d31-7f45-4b83-a18e-23b45f18fe99,11.6,False,11.35,11.35,11.5,0.25,0.25,0.09999999999999964,3.5256459397775566,3.5256459397775566,4.0190103160967,0.0,150.00000000000034,150.00000000000034,0.0,0.4933643763191431
0067e86d-f927-4b45-890e-6b4eaec334f9,9.8675625,True,8.75,8.74,8.9,1.1175625,1.1275624999999998,0.9675624999999997,9.656700529743853,9.869587598877375,-11.509142168608246,9.999999999999787,150.00000000000034,160.00000000000014,0.2128870691335223,21.1658426983521
0068a2aa-ade0-4f98-b820-e032e86f247f,2.8,True,2.56,2.54,2.7,0.23999999999999977,0.2599999999999998,0.09999999999999964,-20.542454987816427,-19.388442868747614,-34.03629364897245,20.000000000000018,140.0000000000001,160.00000000000014,1.1540121190688133,13.493838661156026
0068db20-21c8-4d66-84af-985e68793919,5.64,False,5.44,5.43,5.6,0.1999999999999993,0.20999999999999996,0.040000000000000036,-4.007223499189235,-3.2703691281477982,-19.801576713246487,10.000000000000675,159.99999999999926,169.99999999999994,0.7368543710414364,15.794353214057253
006901aa-b0f0-4aa2-891a-81eea54b680c,6.04,False,5.87,5.85,6.0,0.16999999999999993,0.1900000000000004,0.040000000000000036,2.68794348688409,4.984477781319135,-3.091993715156289,20.000000000000462,129.9999999999999,150.00000000000034,2.2965342944350446,5.779937202040379
00690aaa-f9e8-403e-8f84-273323d1d8d1,5.52,False,5.28,5.27,5.4,0.23999999999999932,0.25,0.11999999999999922,43.39795165820111,44.566039193697215,21.18947547552679,10.000000000000675,120.00000000000011,130.0000000000008,1.168087535496106,22.208476182674318
006912b1-7d87-4e89-9270-320433c9fc0c,3.6,True,3.38,3.37,3.6,0.2200000000000002,0.22999999999999998,0.0,-5.9861648739530215,-3.943517748255637,-30.980358367057885,9.999999999999787,220.0000000000002,229.99999999999997,2.0426471256973846,24.994193493104863
0069a645-0740-49bc-b47a-7f05cefa3b56,4.72,True,4.34,4.25,4.5,0.3799999999999999,0.46999999999999975,0.21999999999999975,-8.920065381600532,-2.844976506263769,-28.854203506896283,89.99999999999986,160.00000000000014,250.0,6.075088875336762,19.934138125295753
0069acc9-769e-4ffc-ae47-47e5cd6a8770,2.96,True,2.66,2.72,2.96,0.2999999999999998,0.23999999999999977,0.0,-2.5697146792544894,-3.4437433924361667,-24.86501094193811,60.00000000000006,299.99999999999983,239.99999999999977,0.8740287131816773,22.29529626268362
006a0bd4-b1c3-4eec-ae46-09c8c4722262,9.88,True,9.6,9.6,9.8,0.28000000000000114,0.28000000000000114,0.08000000000000007,5.754676848840898,5.754676848840898,-14.99565405670684,0.0,200.00000000000108,200.00000000000108,0.0,20.750330905547738
006a0dbc-db0a-4b62-aa9a-4f727df7a5b0,6.16,True,5.94,5.96,6.16,0.21999999999999975,0.20000000000000018,0.0,-3.4456131934564063,-2.404414251924021,-12.859246165653825,19.999999999999574,219.99999999999974,200.00000000000017,1.0411989415323855,9.41363297219742
006b1cb2-a7ab-4e57-8a8b-f0628d50b1a6,11.8,False,11.58,11.58,11.7,0.22000000000000064,0.22000000000000064,0.10000000000000142,2.7399606899112183,2.7399606899112183,-7.9233950435524445,0.0,119.99999999999922,119.99999999999922,0.0,10.663355733463662
006b20bc-0d1c-4c1a-986f-12405b579145,7.32,True,7.05,7.06,7.3,0.27000000000000046,0.2600000000000007,0.020000000000000462,-17.169459551243026,-17.572483053857262,-21.035949680370578,9.999999999999787,250.0,240.00000000000023,0.4030235026142357,3.866490129127552
006c05c6-08c2-45a0-9a99-d972dd582b7b,3.56,True,3.35,3.34,3.4,0.20999999999999996,0.2200000000000002,0.16000000000000014,9.183622059186145,11.66292292528814,-6.124420321536171,10.000000000000231,49.99999999999982,60.00000000000006,2.479300866101994,15.308042380722316
006c7897-29a0-49b6-ab63-bfdc9e8b7374,5.0,False,4.95,4.95,5.0,0.04999999999999982,0.04999999999999982,0.0,-1.9223297543489668,-1.9223297543489668,-4.167780365718969,0.0,49.99999999999982,49.99999999999982,0.0,2.2454506113700026
006c9f34-4bcf-4a2a-b810-62ee1ce490e7,15.64,True,15.45,15.41,15.6,0.19000000000000128,0.23000000000000043,0.040000000000000924,-4.602544880079975,-3.672716484003177,-14.556536713934987,39.99999999999915,150.00000000000034,189.9999999999995,0.9298283960767981,9.953991833855012
006ccb32-76ae-46c0-b018-c7afe9de8baa,4.9234375,True,3.89,4.9,4.1,1.0334375000000002,0.0234375,0.8234375000000007,6.075655421199804,4.694298192255147,-11.553665967618016,1010.0000000000002,209.99999999999952,800.0000000000007,1.3813572289446574,17.62932138881782
006d43b1-0c87-48cb-8b2b-5a2cec7ee42c,5.56,True,5.32,5.3,5.4,0.23999999999999932,0.2599999999999998,0.15999999999999925,-7.6377414743360115,-6.852669905283179,-17.76319395253044,20.000000000000462,80.00000000000007,100.00000000000054,0.7850715690528327,10.125452478194429
006d7319-dac4-427e-ad4a-6bfb79afd83e,14.9684375,False,13.92,13.98,14.1,1.0484375000000004,0.9884374999999999,0.8684375000000006,2.808016352134167,-1.1032044616770496,-11.988856246183966,60.0000000000005,179.99999999999972,119.99999999999922,3.911220813811217,14.796872598318133
006d7a8d-ae0c-4c2a-afcf-3a5d96dec89a,5.04,True,4.76,4.77,4.9,0.28000000000000025,0.27000000000000046,0.13999999999999968,-8.118536031030969,-8.176306387401977,-27.151246979899735,9.999999999999787,140.00000000000057,130.0000000000008,0.0577703563710088,19.03271094886877
006d8994-65ab-490f-9e19-97dc778e4d4c,4.136,False,4.06,4.06,4.1,0.07600000000000051,0.07600000000000051,0.036000000000000476,-5.027353017914759,-5.027353017914759,-11.501243946784165,0.0,40.000000000000036,40.000000000000036,0.0,6.473890928869405
006da259-fe42-4d9f-a609-78dd044c5bd5,9.1254375,False,7.84,6.21,6.3,1.2854375000000005,2.9154375000000003,2.8254375000000005,2.754092799138391,13.738583467557932,12.502838061448767,1630.0,1540.0,89.99999999999986,10.984490668419541,9.748745262310376
006dc22d-f3eb-4541-9fc1-d82e149d2238,3.88,True,3.59,3.51,3.7,0.29000000000000004,0.3700000000000001,0.17999999999999972,-8.402584700231712,-1.4569218601677822,-20.69621127111383,80.00000000000007,110.00000000000031,190.0000000000004,6.94566284006393,12.29362657088212
006dc533-9895-4fc7-a9a9-dbf8ba88afb8,8.56,True,8.35,8.35,8.56,0.21000000000000085,0.21000000000000085,0.0,0.5206907024616927,0.5206907024616927,-20.94057830389362,0.0,210.00000000000085,210.00000000000085,0.0,21.461269006355312
006e2678-d5cb-4354-b7d6-afdd2ca28e03,8.92,True,8.52,8.59,8.8,0.40000000000000036,0.33000000000000007,0.11999999999999922,-11.40365159129702,-16.81348009614937,-20.516097188103277,70.00000000000028,280.00000000000114,210.00000000000085,5.409828504852349,9.112445596806257
006e4aad-c738-4883-8204-e37738c08f08,13.8,False,13.7,13.7,13.8,0.10000000000000142,0.10000000000000142,0.0,43.631678185215634,43.631678185215634,24.27568654175339,0.0,100.00000000000142,100.00000000000142,0.0,19.355991643462243
006e51e1-adaa-4afc-b0c0-7e17defc0359,5.08,True,4.82,4.84,5.08,0.2599999999999998,0.2400000000000002,0.0,-5.072713059346097,-4.918770689567176,-8.640870404785016,19.999999999999574,259.9999999999998,240.00000000000023,0.15394236977892106,3.5681573454389186
006ea98c-7b7d-4005-bf5d-a85f75f056e9,9.8,True,9.45,9.79,9.8,0.3500000000000014,0.010000000000001563,0.0,4.103548232108041,-10.172163817239577,-11.016814253534399,339.9999999999999,350.0000000000014,10.000000000001563,14.275712049347618,15.12036248564244
006eefc0-921f-494e-a170-c7e102ff169d,4.6,True,4.38,4.4,4.6,0.21999999999999975,0.1999999999999993,0.0,6.440838045621254,6.528159908085253,-13.309423184492042,20.000000000000462,219.99999999999974,199.9999999999993,0.08732186246399909,19.750261230113296
006f49ad-6d04-43f3-a009-96007e8b1922,4.735,True,3.38,4.22,3.8,1.3550000000000004,0.5150000000000006,0.9350000000000005,0.34699062642902595,-4.405471332974387,-6.5476650378005665,839.9999999999999,419.99999999999994,419.99999999999994,4.752461959403413,6.894655664229592
006faf6e-ec1a-4bdb-8b53-e39e6c320900,12.0465625,True,9.61,9.63,9.8,2.436562500000001,2.4165624999999995,2.2465624999999996,13.379473036919924,11.668478200931355,-13.318671706948969,20.00000000000135,190.00000000000128,169.99999999999994,1.7109948359885685,26.698144743868895
006fd5a4-4fc6-4cd3-b549-7ac87a2711ba,5.76,True,5.56,5.57,5.76,0.20000000000000018,0.1899999999999995,0.0,5.440813096790195,4.904753841073543,-20.10547872775505,10.000000000000675,200.00000000000017,189.9999999999995,0.5360592557166521,25.546291824545243
006ffa13-5fbb-4a7c-9b91-15f02a0586db,4.08,False,3.84,3.83,4.0,0.2400000000000002,0.25,0.08000000000000007,3.2585082567911265,3.214202935291577,-10.404427901075257,9.999999999999787,160.00000000000014,169.99999999999994,0.04430532149954969,13.662936157866383
00702842-cba1-4b2a-9f94-c261bba6e2ab,5.44,False,5.36,5.26,5.4,0.08000000000000007,0.1800000000000006,0.040000000000000036,-13.929544745452457,-20.38091464923022,-12.316828363915132,100.00000000000054,40.000000000000036,140.00000000000057,6.451369903777763,1.612716381537325
007097b6-795f-4c3e-80f1-b31991d667d5,4.96,True,4.5,4.89,4.7,0.45999999999999996,0.07000000000000028,0.2599999999999998,4.696009950854435,-25.31177214709697,-12.981287262504994,389.99999999999966,200.00000000000017,189.9999999999995,30.007782097951406,17.67729721335943
0070a0db-a3c5-4dcd-a474-2791a3a30782,9.12,True,8.8,8.83,9.0,0.3199999999999985,0.28999999999999915,0.11999999999999922,-10.518742841462508,-10.9755369574092,-20.357362530574452,29.99999999999936,199.9999999999993,169.99999999999994,0.4567941159466926,9.838619689111944
00710154-6352-423c-b192-51953a7f7a69,13.515625,True,12.53,12.56,12.7,0.9856250000000006,0.9556249999999995,0.8156250000000007,-4.456269383638702,-8.045352816928833,-14.539485874742551,30.000000000001137,169.99999999999994,139.9999999999988,3.5890834332901314,10.08321649110385
00712291-b635-408f-9e0b-8f1bc3dd02b6,7.32,False,7.08,7.07,7.3,0.2400000000000002,0.25,0.020000000000000462,6.470597294367023,6.839615723527154,-29.40224135414968,9.999999999999787,219.99999999999974,229.99999999999955,0.36901842916013106,35.872838648516705
0071244f-eac8-49b7-a110-9d2a78cd6422,5.92,False,5.81,5.88,5.9,0.11000000000000032,0.040000000000000036,0.019999999999999574,-3.7143254399507732,-6.9743773538703975,-6.957172932566494,70.00000000000028,90.00000000000074,20.000000000000462,3.2600519139196242,3.242847492615721
00716383-25cc-463e-94cb-be298c2001a2,5.76,False,5.46,5.58,5.76,0.2999999999999998,0.17999999999999972,0.0,1.765363809877727,9.79619145379482,4.23852762123423,120.00000000000011,299.99999999999983,179.99999999999972,8.030827643917094,2.473163811356503
007196d2-98c4-43db-95b1-028bccc43540,7.12,False,6.97,6.99,7.1,0.15000000000000036,0.1299999999999999,0.020000000000000462,2.02590552026196,1.547492023394686,-3.601970725928768,20.000000000000462,129.9999999999999,109.99999999999943,0.47841349686727397,5.627876246190728
00720c1c-99fc-4b6d-87d9-11da0d9ce948,11.933875,True,10.93,11.76,11.1,1.0038750000000007,0.17387500000000067,0.8338750000000008,1.3808705358222173,-14.777069114014104,-6.918435106183051,830.0000000000001,169.99999999999994,660.0000000000001,16.157939649836322,8.299305642005269
007259b6-15dd-4790-abd1-de3c07f26418,7.08,False,6.84,6.86,7.08,0.2400000000000002,0.21999999999999975,0.0,4.284169965243018,3.140457926479695,-3.811295879810545,20.000000000000462,240.00000000000023,219.99999999999974,1.1437120387633235,8.095465845053564
00727f75-e8c3-4a1e-b52d-13be0dc0fc63,6.04,False,5.69,5.57,5.8,0.34999999999999964,0.46999999999999975,0.2400000000000002,6.8160095048214515,9.783918591800932,-2.1768264681638914,120.00000000000011,109.99999999999943,229.99999999999955,2.96790908697948,8.992835972985343
0072b119-4093-43b1-b528-563a21006876,8.48,True,8.19,8.18,8.48,0.2900000000000009,0.3000000000000007,0.0,-0.22808215586196548,0.03426391743753682,-15.843897740092435,9.999999999999787,290.0000000000009,300.0000000000007,0.2623460732995023,15.61581558423047
0072dce3-cc67-4d1a-a0b0-efdd1f18ee25,14.84,True,14.57,14.6,14.8,0.2699999999999996,0.2400000000000002,0.03999999999999915,-6.007416975657861,-9.407100667492465,-21.718687464070335,29.99999999999936,230.00000000000043,200.00000000000108,3.3996836918346034,15.711270488412474
0072f9d5-f144-41fe-8104-6e192750e9b4,7.6,False,7.52,7.5,7.6,0.08000000000000007,0.09999999999999964,0.0,-0.19662428374330715,-1.0048124827682878,0.13906466106930748,19.999999999999574,80.00000000000007,99.99999999999964,0.8081881990249806,0.33568894481261463
007302c3-000b-422d-a825-def38f526d39,6.76,True,6.52,6.49,6.6,0.2400000000000002,0.2699999999999996,0.16000000000000014,1.9044726598937625,10.034180408448922,-12.83550005731156,29.99999999999936,80.00000000000007,109.99999999999943,8.129707748555159,14.739972717205323
00731c08-dfe4-4756-9282-db53568cae41,4.48,False,4.21,4.21,4.3,0.27000000000000046,0.27000000000000046,0.1800000000000006,4.499590859832486,4.499590859832486,-1.618143667088858,0.0,89.99999999999986,89.99999999999986,0.0,6.1177345269213435
0073a353-100f-4d5d-9e6e-04963d261748,9.56,True,9.52,9.54,9.56,0.040000000000000924,0.02000000000000135,0.0,-14.566843175027133,-14.404479175094401,-14.889804662350116,19.999999999999574,40.000000000000924,20.00000000000135,0.16236399993273132,0.32296148732298313
0073c5dd-08a8-4752-89bd-b5c0518fce42,6.04,False,5.75,5.74,5.9,0.29000000000000004,0.2999999999999998,0.13999999999999968,6.340540566552716,6.351013482415376,-0.5435552391536939,9.999999999999787,150.00000000000034,160.00000000000014,0.010472915862660415,6.884095805706409
0073cdd9-027d-4a38-92f1-876e05bb2c23,6.36,False,6.28,6.25,6.36,0.08000000000000007,0.11000000000000032,0.0,1.058886614106881,1.1793748992226958,-4.325418610036837,30.00000000000025,80.00000000000007,110.00000000000031,0.12048828511581489,5.384305224143718
007426c3-71c2-4dda-ae22-8d326207153a,16.0,False,15.03,15.0,15.2,0.9700000000000006,1.0,0.8000000000000007,-13.031615408895698,-10.682605390154329,-32.02518098883393,29.99999999999936,169.99999999999994,199.9999999999993,2.349010018741369,18.993565579938235
007480f4-bb2c-4b6c-8f2a-c524848e8bf9,6.16,False,5.95,5.94,6.0,0.20999999999999996,0.21999999999999975,0.16000000000000014,39.78415094396712,41.30032996153793,29.428303612479656,9.999999999999787,49.99999999999982,59.99999999999961,1.5161790175708134,10.355847331487464
0074bf57-fb62-4a49-b9fc-a352b7ca846b,4.56,True,4.3,4.18,4.4,0.2599999999999998,0.3799999999999999,0.15999999999999925,-16.108830042612993,-5.562280318316288,-25.764768771570186,120.00000000000011,100.00000000000054,220.00000000000063,10.546549724296705,9.655938728957192
0074e2b0-694d-4ece-9f2e-e2914d804500,12.7009375,True,11.74,11.71,11.9,0.9609375,0.9909374999999994,0.8009374999999999,2.856960708760366,6.626962958343064,-18.75526384565815,29.99999999999936,160.00000000000014,189.9999999999995,3.7700022495826984,21.612224554418514
0074e38d-014f-42e5-ac01-403ee9e98fe6,12.44,False,12.22,12.23,12.3,0.21999999999999886,0.20999999999999908,0.1399999999999988,27.246990254957097,26.972838780042636,20.796529568831552,9.999999999999787,80.00000000000007,70.00000000000028,0.27415147491446135,6.450460686125545
0074ff02-2574-4409-af5f-959be126395d,12.577125,True,11.62,11.59,11.7,0.9571250000000013,0.9871250000000007,0.8771250000000013,-8.807513737442445,-6.297172790776143,-18.47702517367825,29.99999999999936,80.00000000000007,109.99999999999943,2.510340946666302,9.669511436235805
007535b5-d422-49ea-9855-0b3ca78413ac,10.96,True,10.79,10.79,10.96,0.1700000000000017,0.1700000000000017,0.0,-4.987057050994902,-4.987057050994902,-22.201382288768976,0.0,170.0000000000017,170.0000000000017,0.0,17.214325237774073
007566ce-4a44-463a-a3b4-990133faa28a,4.52,True,4.07,4.22,4.5,0.4499999999999993,0.2999999999999998,0.019999999999999574,2.3565398810541547,-2.4576759005120623,-9.995888918308442,149.99999999999946,429.9999999999997,280.0000000000002,4.814215781566217,12.352428799362595
0075c292-ce0f-44b8-812a-cc8d99a3eafd,7.24,False,7.0,7.01,7.2,0.2400000000000002,0.23000000000000043,0.040000000000000036,16.339374122330792,15.73583109905082,11.614016194640728,9.999999999999787,200.00000000000017,190.0000000000004,0.6035430232799719,4.725357927690064
0075cda7-637f-4b6a-a3a8-df2337057743,4.16,True,4.08,3.98,4.16,0.08000000000000007,0.18000000000000016,0.0,-10.273010096163969,-7.910646201985202,-19.92353237376494,100.00000000000009,80.00000000000007,180.00000000000017,2.362363894178767,9.65052227760097
00765a61-1144-4f75-b7a8-e04c90d292c0,9.270125,True,8.27,8.27,8.4,1.0001250000000006,1.0001250000000006,0.8701249999999998,-4.051281795157344,-4.051281795157344,-10.52467858298407,0.0,130.0000000000008,130.0000000000008,0.0,6.473396787826726
00765f90-01d9-4529-8afc-29ca16d08b4c,5.96,True,5.41,5.77,5.96,0.5499999999999998,0.1900000000000004,0.0,13.28325207065413,-2.740476417208236,-9.220388341380476,359.99999999999943,549.9999999999998,190.0000000000004,16.023728487862368,22.503640412034606
0076939d-5b6e-4e83-8fa3-bc5a521cf251,4.6,False,4.34,4.31,4.4,0.2599999999999998,0.29000000000000004,0.1999999999999993,-12.073041829246371,-12.524807112954287,-13.867141639510335,30.00000000000025,60.0000000000005,90.00000000000074,0.4517652837079158,1.7940998102639636
0076acfb-0afc-4ab2-b0c2-63c2af5c2140,7.5759375,False,7.25,7.3,7.5759375,0.3259375000000002,0.2759375000000004,0.0,4.466661050004467,1.9679320840274561,-14.225335267939958,49.99999999999982,325.9375000000002,275.9375000000004,2.49872896597701,18.691996317944422
0077fe66-8d93-4249-aef2-f0d29bf5ac16,12.0,False,11.66,11.69,12.0,0.33999999999999986,0.3100000000000005,0.0,-1.3159875131028145,0.11497697402522498,-0.05979427099920417,29.99999999999936,339.9999999999999,310.0000000000005,1.4309644871280394,1.2561932421036104
00780a3c-f237-4e98-86be-d16ad5e1ac71,4.24,False,4.01,4.02,4.2,0.23000000000000043,0.22000000000000064,0.040000000000000036,11.6301738225796,11.978395997471182,5.81437472597277,9.999999999999787,190.0000000000004,180.0000000000006,0.3482221748915819,5.81579909660683
0078e0d7-259a-4bcd-96ff-313403eb5b18,2.36,False,2.21,2.2,2.36,0.1499999999999999,0.1599999999999997,0.0,-6.5301554640434984,-6.027730853071885,-17.602638026900106,9.999999999999787,149.99999999999991,159.9999999999997,0.5024246109716133,11.072482562856607
00792021-bf05-4ef5-8389-8fed86c5de4f,8.6,True,8.35,8.28,8.6,0.25,0.3200000000000003,0.0,-13.363781254167959,-12.078568835694515,-22.275882339921917,70.00000000000028,250.0,320.0000000000003,1.285212418473444,8.912101085753958
00793376-646f-4a29-91ec-3ec366d915b7,11.72,True,11.61,11.62,11.7,0.11000000000000121,0.10000000000000142,0.02000000000000135,-1.0232795844191476,-2.4014522483616543,-14.785301277369475,9.999999999999787,89.99999999999986,80.00000000000007,1.3781726639425067,13.762021692950327
007979fa-f0aa-4491-b9a8-a8c7f554cd65,7.24,True,7.15,7.15,7.2,0.08999999999999986,0.08999999999999986,0.040000000000000036,-22.294726061279466,-22.294726061279466,-26.102950533254244,0.0,49.99999999999982,49.99999999999982,0.0,3.8082244719747784
007986fc-2424-444d-bc48-981d92406ac0,11.2745,False,10.28,10.65,10.4,0.9945000000000004,0.6244999999999994,0.8744999999999994,17.688439223123414,-31.907888275839667,-7.106109053712204,370.000000000001,120.000000000001,250.0,49.59632749896308,24.794548276835616
0079e9be-f175-4a13-be30-7eddea6bf755,6.72,True,6.57,6.54,6.7,0.14999999999999947,0.17999999999999972,0.019999999999999574,-7.269907329828171,-7.538490656440044,-14.68055109902739,30.00000000000025,129.9999999999999,160.00000000000014,0.2685833266118731,7.410643769199219
007a0e5b-a212-4cc3-82d4-e028d0315913,5.4566875,False,4.02,4.0,4.1,1.4366875000000006,1.4566875000000001,1.3566875000000005,-8.462580043768288,-6.584083859283158,-15.799423557696958,19.999999999999574,80.00000000000007,99.99999999999964,1.8784961844851296,7.33684351392867
007a67e9-19b4-4700-857f-2bb74aa6711f,10.72,True,10.47,10.47,10.7,0.25,0.25,0.02000000000000135,-3.788769041582408,-3.788769041582408,-14.22326705701558,0.0,229.99999999999864,229.99999999999864,0.0,10.43449801543317
007a8f02-097e-4495-aeda-8af84626175f,11.97375,False,11.01,10.98,11.3,0.963750000000001,0.9937500000000004,0.6737500000000001,-1.6934700800918108,0.8549902509934805,-28.42392204053605,29.99999999999936,290.0000000000009,320.0000000000003,2.548460331085291,26.73045196044424
007accfe-db88-49ab-a005-c284b0abeda1,5.72,False,5.53,5.5,5.6,0.1899999999999995,0.21999999999999975,0.1200000000000001,17.61418822815615,15.484890508457331,18.58753580038938,30.00000000000025,69.9999999999994,99.99999999999964,2.129297719698817,0.9733475722332301
007b0e19-684c-420b-bcaf-b3b72f4d720d,3.603875,True,2.64,2.64,2.8,0.9638749999999998,0.9638749999999998,0.8038750000000001,-4.2290714560347675,-4.2290714560347675,-14.806229786325764,0.0,159.9999999999997,159.9999999999997,0.0,10.577158330290995
007b6e26-5ca0-4df3-835d-1d6afe6bfa3f,7.4,True,7.24,7.22,7.4,0.16000000000000014,0.1800000000000006,0.0,-7.1522625016138655,-6.068241117163043,-24.858827798673442,20.000000000000462,160.00000000000014,180.0000000000006,1.0840213844508222,17.706565297059576
007b9ecd-ce91-49b0-9aa3-9ee9ab1f985a,3.8,False,3.59,3.78,3.8,0.20999999999999996,0.020000000000000018,0.0,1.1366576515246547,3.6528609591857784,4.995829728292596,189.99999999999994,209.99999999999997,20.000000000000018,2.5162033076611237,3.859172076767941
007ba1b3-54bd-40e0-8e58-02d553ae7c85,4.12,False,3.92,3.92,4.1,0.20000000000000018,0.20000000000000018,0.020000000000000462,9.280595694993506,9.280595694993506,-20.04374309466476,0.0,179.99999999999972,179.99999999999972,0.0,29.324338789658263
007c154d-1023-4e46-979c-5c157cb15ab4,7.84,False,7.71,7.73,7.8,0.1299999999999999,0.10999999999999943,0.040000000000000036,14.303298724690508,15.209387205476094,14.1664135388045,20.000000000000462,89.99999999999986,69.9999999999994,0.906088480785586,0.1368851858860083
007c6ab7-068b-4eeb-850c-19ebdbb1e175,14.2,True,13.67,13.76,14.0,0.5299999999999994,0.4399999999999995,0.1999999999999993,2.8750240745833096,1.8473863796085108,-19.521027535564638,89.99999999999986,330.00000000000006,240.00000000000023,1.0276376949747987,22.396051610147946
007c77a0-342d-4675-95ee-d89dfdf6dd8e,13.2803125,False,12.3,12.3,12.4,0.9803125000000001,0.9803125000000001,0.8803125000000005,17.72132264449968,17.72132264449968,9.694827994567099,0.0,99.99999999999964,99.99999999999964,0.0,8.02649464993258
007c8335-2a41-4e9f-bb11-32fa1050fe4f,11.778875,False,10.81,10.75,10.9,0.9688749999999988,1.0288749999999993,0.878874999999999,-9.091637503080202,-3.7630442839829827,-16.446053283327064,60.0000000000005,89.99999999999986,150.00000000000034,5.328593219097219,7.354415780246862
007cb524-b7c7-4836-aa6f-c9f886e6b424,8.1346875,True,8.13,7.56,7.7,0.0046874999999992895,0.5746875000000005,0.4346874999999999,-23.669898357328428,15.994116032755349,7.704752609350703,570.0000000000011,430.0000000000006,140.00000000000057,39.66401439008378,31.37465096667913
007d0a60-c7d2-4bbc-aa17-b7386f7dd16f,6.92,False,6.77,6.74,6.9,0.15000000000000036,0.17999999999999972,0.019999999999999574,19.53704946736789,16.66129210443769,25.15818088444848,29.99999999999936,130.0000000000008,160.00000000000014,2.8757573629302016,5.621131417080591
007d1134-ca26-4d0d-bab6-ac13f00655f0,8.88,False,8.57,8.48,8.7,0.3100000000000005,0.40000000000000036,0.1800000000000015,-10.577451625950598,6.433258361016602,-30.40116782124539,89.99999999999986,129.999999999999,219.99999999999886,17.0107099869672,19.823716195294793
007d7538-17f2-4954-b4f1-c049261f2a27,13.0,True,12.89,12.89,13.0,0.10999999999999943,0.10999999999999943,0.0,1.9530122620322128,1.9530122620322128,-14.160085519247259,0.0,109.99999999999943,109.99999999999943,0.0,16.11309778127947
007dc59f-81be-45f8-af49-08a5f50d0c30,10.12,False,10.12,10.12,9.6,0.0,0.0,0.5199999999999996,-18.34071975845757,-18.34071975845757,-2.463425712385489,0.0,519.9999999999995,519.9999999999995,0.0,15.877294046072082
007e4e1e-1f03-49e1-bc57-6a18af8bda73,5.84,True,5.69,5.69,5.8,0.14999999999999947,0.14999999999999947,0.040000000000000036,-9.223489159265783,-9.223489159265783,-18.39866497104224,0.0,109.99999999999943,109.99999999999943,0.0,9.175175811776457
007e814d-f5f7-447a-a61b-3c8efd8f34b5,15.131125,True,14.11,14.13,14.3,1.0211250000000014,1.001125,0.8311250000000001,-6.140785248389287,-7.280685646976917,-21.911955908418157,20.00000000000135,190.00000000000128,169.99999999999994,1.1399003985876295,15.77117066002887
007eceef-9a7a-4e8f-ae93-b7c1b081e652,5.6,True,5.33,5.36,5.6,0.2699999999999996,0.23999999999999932,0.0,1.5621679602630136,0.20438139620532006,-3.372633605761538,30.00000000000025,269.99999999999955,239.99999999999932,1.3577865640576936,4.934801566024552
007f4896-9c37-4cf8-a487-9fad12efa1a4,13.24,False,13.01,13.01,13.1,0.23000000000000043,0.23000000000000043,0.14000000000000057,5.329048778820599,5.329048778820599,-1.0703271411502846,0.0,89.99999999999986,89.99999999999986,0.0,6.399375919970884
007f6459-9d8b-4034-acbb-0bc246308d96,8.56,False,8.28,8.42,8.56,0.28000000000000114,0.14000000000000057,0.0,-6.10358294651962,-3.246631968903136,3.0271048295472855,140.00000000000057,280.00000000000114,140.00000000000057,2.856950977616484,9.130687776066907
007f8aba-087f-4a3d-a572-5c3e1eed9bd6,3.018,False,2.97,2.98,3.0,0.0479999999999996,0.03799999999999981,0.017999999999999794,-0.575068488980852,-0.5247365299462617,-0.4158600400059337,9.999999999999787,29.999999999999805,20.000000000000018,0.05033195903459031,0.15920844897491837
007fa96d-9393-4e60-ae5e-b7aca9955507,5.08,False,4.96,4.97,5.08,0.1200000000000001,0.11000000000000032,0.0,-10.382814246273778,-11.019378583238213,-14.336294628536553,9.999999999999787,120.00000000000011,110.00000000000031,0.6365643369644349,3.953480382262775
007fd92b-0378-4251-9923-403cd5b1401f,4.28,False,4.08,4.07,4.28,0.20000000000000018,0.20999999999999996,0.0,3.51842052657452,3.9056867650418456,-5.920645346700202,9.999999999999787,200.00000000000017,209.99999999999997,0.3872662384673258,9.439065873274721
0080194d-f067-4c31-9f97-4b1c8feb5b76,4.30575,True,4.28,3.67,4.0,0.025749999999999496,0.6357499999999998,0.30574999999999974,-34.41185915581,-15.872740277316451,-24.491406349088876,610.0000000000003,280.0000000000002,330.00000000000006,18.539118878493547,9.920452806721123
0080299f-1aaf-478d-8fb9-ceaba50e7486,14.96,False,14.73,14.73,14.8,0.23000000000000043,0.23000000000000043,0.16000000000000014,1.1058512306102808,1.1058512306102808,-2.6324192307060965,0.0,70.00000000000028,70.00000000000028,0.0,3.738270461316377
00805b83-6f71-42d0-9395-421602e3730d,10.04,False,9.98,9.98,10.0,0.05999999999999872,0.05999999999999872,0.03999999999999915,36.978240168087645,36.978240168087645,35.49119359584623,0.0,19.999999999999574,19.999999999999574,0.0,1.4870465722414181
00808c65-041a-4c01-9610-2bd525fc21ce,8.56,False,8.45,8.44,8.56,0.11000000000000121,0.120000000000001,0.0,-0.0028263885196010267,0.08549719240059812,-10.253023072044453,9.999999999999787,110.00000000000121,120.000000000001,0.08832358092019915,10.250196683524852
0080d20c-c891-4172-bf68-b1b331d6c9f5,5.2,True,4.97,4.98,5.2,0.23000000000000043,0.21999999999999975,0.0,2.336188907878777,2.8601825999097703,-16.896683394665917,10.000000000000675,230.00000000000043,219.99999999999974,0.5239936920309933,19.232872302544695
0080ee35-1bcf-4658-bc69-810a2a5e3d6b,6.28,True,6.02,5.98,6.1,0.2600000000000007,0.2999999999999998,0.1800000000000006,-7.207812859696861,-5.377295811230468,-15.486757753890965,39.99999999999915,80.00000000000007,119.99999999999922,1.830517048466393,8.278944894194105
00815ad6-e541-46b5-9188-3912b2ccccd0,4.84,False,4.74,4.69,4.8,0.09999999999999964,0.14999999999999947,0.040000000000000036,-1.7324303230992126,5.63583150269067,-6.633765392270163,49.99999999999982,59.99999999999961,109.99999999999943,7.368261825789883,4.901335069170951
0081c16e-01c5-43aa-8665-cd22d0c0665a,4.92,False,4.72,4.62,4.8,0.20000000000000018,0.2999999999999998,0.1200000000000001,-11.507880306965948,-9.053993004036284,-21.22629139210915,99.99999999999964,80.00000000000007,179.99999999999972,2.4538873029296635,9.718411085143202
0081f7de-c0e8-478a-9a85-2834c557391d,9.04,False,8.82,8.82,8.9,0.21999999999999886,0.21999999999999886,0.1399999999999988,32.63557408087884,32.63557408087884,25.321728674700324,0.0,80.00000000000007,80.00000000000007,0.0,7.313845406178515
00820cff-6919-4269-a80a-b38be2b4de22,11.4314375,False,10.55,10.45,10.7,0.8814374999999988,0.9814375000000002,0.7314375000000002,-19.637252705418,-13.892162554057158,-36.85812388816129,100.00000000000142,149.99999999999858,250.0,5.7450901513608414,17.220871182743288
008238c2-be4a-4f52-a1d7-ebd1991b3f79,11.12,True,10.68,10.88,11.0,0.4399999999999995,0.23999999999999844,0.11999999999999922,-11.978519790729395,-17.48719326145929,-20.04812517649358,200.00000000000108,320.0000000000003,119.99999999999922,5.508673470729894,8.069605385764186
00824ea3-b138-4e5f-8aa7-ed44926172d5,6.84,True,6.77,6.77,6.8,0.07000000000000028,0.07000000000000028,0.040000000000000036,0.1783084169542117,0.1783084169542117,-5.404076442374072,0.0,30.00000000000025,30.00000000000025,0.0,5.582384859328284
008280cc-226e-4ae4-a466-7669bcbbed89,6.6,True,6.44,6.33,6.6,0.15999999999999925,0.2699999999999996,0.0,-23.00524127184824,-4.119367302887432,-39.06475753873046,110.00000000000031,159.99999999999926,269.99999999999955,18.88587396896081,16.05951626688222
0082be85-3c82-4f45-b7b6-6be8becb7990,4.76,False,4.55,4.55,4.76,0.20999999999999996,0.20999999999999996,0.0,-2.1553185073594836,-2.1553185073594836,-29.52425111471802,0.0,209.99999999999997,209.99999999999997,0.0,27.368932607358538
0082bfb7-6450-41c8-b81f-d15c63da5bbf,10.84,False,10.6,10.75,10.8,0.2400000000000002,0.08999999999999986,0.03999999999999915,6.449795027006917,7.518353212830896,2.3658192589592693,150.00000000000034,200.00000000000108,50.00000000000071,1.0685581858239797,4.083975768047647
0082cf08-37d7-4dd7-b7c8-125dca3194fa,2.578125,False,2.49,2.53,2.578125,0.08812499999999979,0.048125000000000195,0.0,-7.080449427923133,-9.904306289548426,-13.90373607387136,39.99999999999959,88.12499999999979,48.1250000000002,2.823856861625293,6.823286645948226
00835959-f165-4d31-a34f-2d64811472fc,5.64,False,5.38,5.38,5.5,0.2599999999999998,0.2599999999999998,0.13999999999999968,16.131714946944573,16.131714946944573,10.908409521894942,0.0,120.00000000000011,120.00000000000011,0.0,5.223305425049631
0083c402-060c-45bb-9806-8f986b050a23,10.56,True,10.22,10.23,10.4,0.33999999999999986,0.33000000000000007,0.16000000000000014,3.358708783229163,3.3319594328252213,-15.715643378975852,9.999999999999787,179.99999999999972,169.99999999999994,0.026749350403941552,19.074352162205013
0083fa99-430e-4b60-91b9-e1178d5d0e34,10.8326875,True,9.82,10.82,10.0,1.0126875000000002,0.012687500000000185,0.8326875000000005,3.965429193833322,-0.011707328125447803,-1.2487611342948362,1000.0,179.99999999999972,820.0000000000002,3.9771365219587698,5.214190328128158
008429f6-00a9-432e-9132-626f34a80cbb,6.28,True,5.93,5.93,6.1,0.35000000000000053,0.35000000000000053,0.1800000000000006,-4.265935269079704,-4.265935269079704,-14.55782462416101,0.0,169.99999999999994,169.99999999999994,0.0,10.291889355081306
00842eb0-0279-43c1-b07f-7375b8ae2baa,4.52,False,4.46,4.46,4.5,0.05999999999999961,0.05999999999999961,0.019999999999999574,27.003457843111786,27.003457843111786,23.216454790856297,0.0,40.000000000000036,40.000000000000036,0.0,3.787003052255489
00843e0e-8562-40dc-ae65-80969685063e,9.898125,True,8.9,8.91,9.2,0.9981249999999999,0.9881250000000001,0.698125000000001,-2.497821965603615,-3.7256378502643015,-16.082409855926503,9.999999999999787,299.9999999999989,289.99999999999915,1.2278158846606866,13.584587890322888
0084809b-12ad-4aed-aea8-3475ea5d33a2,9.3866875,False,9.34,9.34,9.3866875,0.04668750000000088,0.04668750000000088,0.0,-1.6497106602112774,-1.6497106602112774,-4.562627154286482,0.0,46.68750000000088,46.68750000000088,0.0,2.912916494075205
00849c05-79eb-4dd3-8fb5-e92f757fe227,11.5973125,True,9.61,9.66,9.9,1.9873124999999998,1.937312499999999,1.697312499999999,3.4127930733930927,-2.363933292182282,-19.39806111468501,50.00000000000071,290.0000000000009,240.00000000000023,5.7767263655753744,22.810854188078103
0084a8f5-0505-4441-a0a2-ba181af1bede,8.4,True,8.2,8.19,8.4,0.20000000000000107,0.21000000000000085,0.0,-2.941926381861542,-2.2455576617285686,-15.437916130816859,9.999999999999787,200.00000000000108,210.00000000000085,0.6963687201329734,12.495989748955317
0084aaf7-b6ab-4053-a952-a821c9ec122d,7.24,True,6.96,7.01,7.2,0.28000000000000025,0.23000000000000043,0.040000000000000036,1.321281651945123,-2.157505307561352,-17.96229538670376,49.99999999999982,240.00000000000023,190.0000000000004,3.4787869595064747,19.283577038648886
0084bd2f-c06e-4a59-9124-d247d242e467,6.88,True,6.58,6.61,6.8,0.2999999999999998,0.2699999999999996,0.08000000000000007,9.917445915413236,6.654321036230484,-10.167667827706119,30.00000000000025,219.99999999999974,189.9999999999995,3.263124879182752,20.085113743119354
00853684-7057-4c70-a59f-d67403d8da70,11.04375,False,10.47,10.49,10.2,0.5737499999999986,0.5537499999999991,0.84375,-14.497128587166248,-14.504639435036648,-9.08023051737908,19.999999999999574,270.00000000000136,290.0000000000009,0.007510847870399573,5.416898069787168
00854924-25f6-4125-a51b-3d749c990250,5.24,True,4.98,5.04,5.2,0.2599999999999998,0.20000000000000018,0.040000000000000036,-1.9307636503625332,-7.056364619322262,-24.318384278285766,59.99999999999961,219.99999999999974,160.00000000000014,5.125600968959729,22.387620627923233
00854951-8a9c-40b2-8f12-a7772e41d005,5.6,True,5.38,5.37,5.6,0.21999999999999975,0.22999999999999954,0.0,-10.406077302189573,-10.275894591609758,-21.387862754826173,9.999999999999787,219.99999999999974,229.99999999999955,0.130182710579815,10.9817854526366
0085600b-1f6e-4b3c-aa86-dcb1702bc364,7.8,False,7.57,7.57,7.8,0.22999999999999954,0.22999999999999954,0.0,3.158929795946708,3.158929795946708,-21.919075172171045,0.0,229.99999999999955,229.99999999999955,0.0,25.078004968117753
00858d4d-9935-472c-ac5b-6504ce4ba8ba,6.52,False,6.21,6.38,6.4,0.3099999999999996,0.13999999999999968,0.11999999999999922,1.7276554252078142,-13.291979001577888,-14.108613275828993,169.99999999999994,190.0000000000004,20.000000000000462,15.019634426785702,15.836268701036808
00859bad-546c-4529-a63e-049d374559e0,5.76,True,5.68,5.69,5.76,0.08000000000000007,0.0699999999999994,0.0,-11.617284108263565,-11.801884432899863,-16.78480743514846,10.000000000000675,80.00000000000007,69.9999999999994,0.18460032463629794,5.1675233268848935
0085a1b4-7b65-4363-b2f8-1406f7ded85d,6.2345,True,3.81,4.63,3.9,2.4244999999999997,1.6044999999999998,2.3345,0.7493770696010141,-15.805032152454723,-6.794305161535564,819.9999999999999,89.99999999999986,730.0,16.55440922205574,7.543682231136578
0085cb9c-5a7c-4d28-a66f-8d4d5464b5e8,12.160875,True,11.09,11.14,11.3,1.070875000000001,1.0208750000000002,0.8608750000000001,-3.6345599879340895,-4.999953699306281,-14.291973443939433,50.00000000000071,210.00000000000085,160.00000000000014,1.3653937113721915,10.657413456005344
0085db2b-ad07-45e6-b16e-1c09c5cdf782,8.44,False,8.23,8.22,8.3,0.20999999999999908,0.21999999999999886,0.1399999999999988,23.499085268032825,24.616214704699626,13.581161988307299,9.999999999999787,70.00000000000028,80.00000000000007,1.1171294366668008,9.917923279725526
00861acc-a29d-484e-8ff3-c800f2ba198e,7.16,False,6.86,6.88,7.16,0.2999999999999998,0.28000000000000025,0.0,16.208147619932824,16.3214880543944,-0.09875140692789747,19.999999999999574,299.99999999999983,280.0000000000002,0.11334043446157693,16.30689902686072
00862e29-3818-42aa-84cc-3e9ec3c834a6,7.84,False,7.64,7.63,7.8,0.20000000000000018,0.20999999999999996,0.040000000000000036,-0.6679476836287599,0.6012814376822202,-19.514944219839187,9.999999999999787,160.00000000000014,169.99999999999994,1.26922912131098,18.846996536210426
00866d7b-878b-4663-9967-a61d3bcd5161,4.6,False,4.54,4.53,4.6,0.05999999999999961,0.0699999999999994,0.0,-12.132118526141033,-11.46420402767207,-19.774583037814647,9.999999999999787,59.99999999999961,69.9999999999994,0.6679144984689636,7.642464511673614
00867a27-bfc4-426a-9f7f-bb462efc4cf1,3.314,False,3.28,3.29,3.3,0.03400000000000025,0.02400000000000002,0.014000000000000234,2.8192348646853844,3.122071214519264,3.1226434413263484,10.000000000000231,20.000000000000018,9.999999999999787,0.30283634983387975,0.303408576640964
0086a83f-3858-499a-bd06-dc22dd71d3a9,8.4288125,False,7.41,8.2,6.5,1.0188124999999992,0.22881250000000009,1.9288124999999994,8.710218572866516,-8.61238954618495,-4.181350063708361,789.9999999999991,910.0000000000001,1699.9999999999993,17.322608119051466,12.891568636574878
0086c115-477d-450e-a188-a180b633cf7e,3.32,False,3.11,3.12,3.3,0.20999999999999996,0.19999999999999973,0.020000000000000018,6.598442888565375,5.801040660522678,-8.983099929107503,10.000000000000231,189.99999999999994,179.99999999999972,0.7974022280426976,15.58154281767288
0086ec76-8e63-45da-b0ca-ca49c6b8ff03,7.96,False,7.91,7.91,7.96,0.04999999999999982,0.04999999999999982,0.0,-7.228091031642729,-7.228091031642729,-9.493376608011564,0.0,49.99999999999982,49.99999999999982,0.0,2.265285576368835
0087126d-51fd-4848-9715-8820c32d0b74,5.44,True,5.23,5.11,5.4,0.20999999999999996,0.33000000000000007,0.040000000000000036,-12.023359621966712,7.14652559017119,-27.971027965245728,120.00000000000011,169.99999999999994,290.00000000000006,19.169885212137903,15.947668343279016
00876378-d41b-4e3b-a52c-08e8d87ef698,13.48,True,13.43,13.43,13.48,0.05000000000000071,0.05000000000000071,0.0,-13.292334250537325,-13.292334250537325,-16.432752001611867,0.0,50.00000000000071,50.00000000000071,0.0,3.1404177510745424
00878131-bdd0-4b6b-a300-1b4cc8f827d9,8.76,False,8.53,8.54,8.76,0.23000000000000043,0.22000000000000064,0.0,4.80511503380676,4.688148147503018,-5.376716191642316,9.999999999999787,230.00000000000043,220.00000000000063,0.11696688630374208,10.181831225449077
0087c5a4-54be-4d5f-8fed-7f399af6ff4b,5.64,False,5.43,5.44,5.6,0.20999999999999996,0.1999999999999993,0.040000000000000036,6.229949421291058,6.123385598788669,-5.3995344809619565,10.000000000000675,169.99999999999994,159.99999999999926,0.10656382250238927,11.629483902253014
0088ad4f-1496-419d-bf61-dba42d986988,10.68,False,10.46,10.46,10.68,0.21999999999999886,0.21999999999999886,0.0,0.685212455798368,0.685212455798368,7.422944862618989,0.0,219.99999999999886,219.99999999999886,0.0,6.737732406820621
0088dc70-870f-4f69-af42-0ac3b8797a37,13.1024375,True,12.11,12.1,12.3,0.9924375000000012,1.002437500000001,0.8024374999999999,-7.626716795950739,-7.762869461095089,-14.899963811031174,9.999999999999787,190.00000000000128,200.00000000000108,0.13615266514434943,7.273247015080435
0088e3af-ab91-4b5f-b537-d828136d3fe3,15.24,False,15.03,15.03,15.2,0.21000000000000085,0.21000000000000085,0.040000000000000924,3.322652061386798,3.322652061386798,-2.1081517330073445,0.0,169.99999999999994,169.99999999999994,0.0,5.4308037943941425
008982d3-8871-4c87-b776-be93b8d1cdea,4.24,False,3.83,3.84,4.1,0.41000000000000014,0.40000000000000036,0.14000000000000057,3.0756903622271277,2.4326401534438897,-9.359130197301731,9.999999999999787,269.99999999999955,259.9999999999998,0.6430502087832379,12.434820559528859
0089f970-76bc-4dbb-874d-3a7df50f5640,6.32,False,6.11,6.13,6.3,0.20999999999999996,0.1900000000000004,0.020000000000000462,13.133096219497721,11.327666733108014,-10.709191819437025,19.999999999999574,189.9999999999995,169.99999999999994,1.8054294863897073,23.842288038934747
008a0873-1231-47a3-b42a-6ca1be591884,16.0,False,11.97,15.92,12.2,4.029999999999999,0.08000000000000007,3.8000000000000007,23.836611673869406,0.7135480281983146,-11.470825224194872,3949.999999999999,229.99999999999864,3720.0000000000005,23.123063645671092,35.30743689806428
008a4d17-95c2-49a9-b19f-80fedfab0242,5.2,True,4.8,4.83,5.1,0.40000000000000036,0.3700000000000001,0.10000000000000053,-9.588979614426659,-9.92338735750406,-25.050304090692048,30.00000000000025,299.99999999999983,269.99999999999955,0.33440774307740107,15.46132447626539
008a64a0-976a-4fa0-ac0e-b03f7e59dd76,10.24,False,10.17,10.04,10.2,0.07000000000000028,0.20000000000000107,0.040000000000000924,-12.704605439129981,2.149177492393888,-17.753220783115918,130.0000000000008,29.99999999999936,160.00000000000014,14.853782931523869,5.0486153439859365
008a7455-794e-4903-9bd1-a68273627a5d,13.2581875,False,12.11,12.13,12.4,1.1481875000000006,1.1281874999999992,0.8581874999999997,-8.080710131690214,-9.132772780047928,-26.180939646050447,20.00000000000135,290.0000000000009,269.99999999999955,1.0520626483577136,18.100229514360233
008a89c3-8de0-4ac5-9728-61f6c2fbbaa2,7.8,True,7.51,7.52,7.8,0.29000000000000004,0.28000000000000025,0.0,-8.338981278496696,-8.952484767382861,-37.632906569945796,9.999999999999787,290.00000000000006,280.0000000000002,0.613503488886165,29.2939252914491
008aaafd-b4d7-4401-aee2-63db3d38c120,4.16,True,3.93,3.92,4.0,0.22999999999999998,0.2400000000000002,0.16000000000000014,-13.930923416368753,-13.87782906791674,-18.541652674999927,10.000000000000231,69.99999999999984,80.00000000000007,0.053094348452011886,4.610729258631174
008ac280-e7ec-4417-bdd5-b9edbbf0eb4c,4.76,False,4.76,4.76,4.76,0.0,0.0,0.0,9.984609884929737,9.984609884929737,9.984609884929737,0.0,0.0,0.0,0.0,0.0
008adfc2-f795-4497-a50f-306cf998a984,4.08,True,3.87,3.86,4.08,0.20999999999999996,0.2200000000000002,0.0,9.734107885655092,10.19109205624776,-23.024151088334698,10.000000000000231,209.99999999999997,220.0000000000002,0.4569841705926674,32.75825897398979
008aed59-3a6f-4566-be87-a04c30397bfb,8.84,False,8.57,8.58,8.8,0.2699999999999996,0.2599999999999998,0.03999999999999915,4.895527371432668,4.473402593187205,-12.232011636527446,9.999999999999787,230.00000000000043,220.00000000000063,0.4221247782454629,17.127539007960113
008af21e-7c37-4e2a-b614-ef788b65c6f2,3.49,False,3.47,3.47,3.49,0.020000000000000018,0.020000000000000018,0.0,3.34692436356007,3.34692436356007,2.5587038274552727,0.0,20.000000000000018,20.000000000000018,0.0,0.7882205361047974
008b1797-42fa-4d49-b919-223eed517ee3,4.6,True,4.24,4.26,4.6,0.35999999999999943,0.33999999999999986,0.0,7.114239395532621,5.535284491146325,-17.03756197538915,19.999999999999574,359.99999999999943,339.9999999999999,1.578954904386296,24.15180137092177
008b73b5-61d9-4892-a72e-bb95a3c12936,5.2,False,4.76,4.63,4.9,0.4400000000000004,0.5700000000000003,0.2999999999999998,-12.523577711786306,-4.0040579903035045,-18.036834436388585,129.9999999999999,140.00000000000057,270.00000000000045,8.519519721482801,5.513256724602279
008b7dd1-81be-40e9-bccd-36f241df2f41,8.562875,False,7.6,7.59,7.7,0.9628750000000004,0.9728750000000002,0.8628749999999998,5.006431732888692,6.188170488032061,-15.85713133370388,9.999999999999787,100.00000000000054,110.00000000000031,1.1817387551433693,20.863563066592572
008bb8b6-50e2-4ae6-8203-b89ebee0a62f,5.68,True,5.09,5.12,5.68,0.5899999999999999,0.5599999999999996,0.0,-2.7431938324685543,-3.0274510558566634,-16.80666441742458,30.00000000000025,589.9999999999999,559.9999999999997,0.2842572233881091,14.063470584956027
008c13df-a8a2-4482-96e0-ff166c35f02e,15.4,True,15.2,15.23,15.4,0.20000000000000107,0.16999999999999993,0.0,-3.4983214565537115,-4.484660896785607,-11.53035119222774,30.000000000001137,200.00000000000108,169.99999999999994,0.9863394402318959,8.03202973567403
008c7b28-c017-4198-adc9-6ab546d6e812,3.008,False,2.79,2.94,3.0,0.21799999999999997,0.06800000000000006,0.008000000000000007,2.021116934339179,4.584775884691612,2.470156233603691,149.99999999999991,209.99999999999997,60.00000000000006,2.563658950352433,0.4490392992645118
008cb678-f388-4fcf-beb5-21a69ef1c75a,3.52,True,3.29,3.32,3.5,0.22999999999999998,0.20000000000000018,0.020000000000000018,-8.722050133040288,-10.06660705481981,-15.302649035312166,29.999999999999805,209.99999999999997,180.00000000000017,1.3445569217795228,6.580598902271879
008cbb35-a3e0-4431-978e-ce1829a98eea,5.632,False,5.59,5.61,5.6,0.041999999999999815,0.021999999999999353,0.03200000000000003,-1.7160427002415362,-3.564331798964486,-2.4992136946929286,20.000000000000462,9.999999999999787,10.000000000000675,1.8482890987229497,0.7831709944513925
008cf54f-02cf-4734-8a1b-7ec4e0cdbf25,8.84,True,8.54,8.56,8.7,0.3000000000000007,0.27999999999999936,0.14000000000000057,-6.731673975496282,-8.143225535093185,-16.402611282028694,20.00000000000135,160.00000000000014,139.9999999999988,1.4115515595969033,9.670937306532412
008d2a24-622a-4710-a4d3-5d940e09e115,4.56,False,4.35,4.35,4.56,0.20999999999999996,0.20999999999999996,0.0,1.1437750079288689,1.1437750079288689,-8.34305083619763,0.0,209.99999999999997,209.99999999999997,0.0,9.4868258441265
008d6ef8-c6b5-4e3a-96a5-e47f6b3ea53a,14.64,True,14.43,14.43,14.6,0.21000000000000085,0.21000000000000085,0.040000000000000924,-11.976282955118593,-11.976282955118593,-19.68102709748541,0.0,169.99999999999994,169.99999999999994,0.0,7.704744142366815
008d81e8-094b-468a-9193-fdcee80f7bee,7.509375,True,7.25,7.25,7.5,0.25937500000000036,0.25937500000000036,0.009375000000000355,-2.546778198446609,-2.546778198446609,-34.34514320653476,0.0,250.0,250.0,0.0,31.798365008088147
008db1bc-d645-417c-9343-37fea5020eaf,4.17,False,3.93,3.91,4.1,0.23999999999999977,0.2599999999999998,0.07000000000000028,7.4248605938102346,10.08249830824729,-29.554408182845112,20.000000000000018,169.9999999999995,189.9999999999995,2.6576377144370555,36.979268776655346
008e23bb-cdc8-4b21-9816-2228202f6080,9.4,False,9.18,9.18,9.4,0.22000000000000064,0.22000000000000064,0.0,13.751343104474131,13.751343104474131,6.853426313983514,0.0,220.00000000000063,220.00000000000063,0.0,6.897916790490617
008e95e9-1131-439d-93b4-5a921a070e34,3.423,False,3.42,3.42,3.4,0.0030000000000001137,0.0030000000000001137,0.02300000000000013,-0.9003987798318702,-0.9003987798318702,-1.9745977431726716,0.0,20.000000000000018,20.000000000000018,0.0,1.0741989633408013
008eb08f-2fd0-4f9a-8f4b-d38707f59e2b,6.88,True,6.57,6.58,6.88,0.3099999999999996,0.2999999999999998,0.0,-2.3827615714587114,-2.050589122116806,-18.96113319485843,9.999999999999787,309.9999999999996,299.99999999999983,0.3321724493419054,16.57837162339972
008ee80d-135e-470a-8f9a-2de83633ad53,11.36,True,11.09,11.08,11.36,0.2699999999999996,0.27999999999999936,0.0,-11.19819642446316,-10.837330191095159,-27.98272087217136,9.999999999999787,269.99999999999955,279.9999999999994,0.36086623336800194,16.7845244477082
008eed90-90f1-41ff-9851-25fd00dc1e05,7.2,False,6.91,6.95,7.2,0.29000000000000004,0.25,0.0,5.959513242673791,1.883260536971456,-24.66513093738412,40.000000000000036,290.00000000000006,250.0,4.076252705702335,30.62464418005791
008ef7f3-c13f-49e0-a25f-436d091d40da,2.9866875,True,2.61,2.7,2.9866875,0.37668750000000006,0.28668749999999976,0.0,-6.502080548552492,-10.072158359100685,-16.53311281292924,90.0000000000003,376.68750000000006,286.6874999999998,3.5700778105481934,10.031032264376748
008fe6ec-1ad2-47dc-87fd-0a2b67a31d37,4.48,True,4.19,4.18,4.3,0.29000000000000004,0.3000000000000007,0.1800000000000006,-7.259177803385194,-7.109236908847674,-16.83384923096236,10.000000000000675,109.99999999999943,120.00000000000011,0.14994089453752046,9.574671427577167
009031db-201b-489a-8c25-d396ffe4407f,3.0,False,2.91,2.91,3.0,0.08999999999999986,0.08999999999999986,0.0,-4.0461099912481515,-4.0461099912481515,-12.116216478475527,0.0,89.99999999999986,89.99999999999986,0.0,8.070106487227376
00905e5f-088e-45d4-a841-f1acb2e01d69,11.4,False,11.24,11.24,11.4,0.16000000000000014,0.16000000000000014,0.0,5.209246903710013,5.209246903710013,-16.076226692666225,0.0,160.00000000000014,160.00000000000014,0.0,21.28547359637624
00905f93-0a09-4474-878c-a2266b98944b,9.08,False,8.85,8.84,9.0,0.23000000000000043,0.2400000000000002,0.08000000000000007,-17.10888908266261,-16.490567597804123,-32.30540924205568,9.999999999999787,150.00000000000034,160.00000000000014,0.6183214848584875,15.19652015939307
009079fe-a95f-4c4f-b862-13103dd76d46,9.72,False,9.72,9.72,9.7,0.0,0.0,0.02000000000000135,30.996459131124247,30.996459131124247,30.67466266945346,0.0,20.00000000000135,20.00000000000135,0.0,0.321796461670786
0090a2d4-be08-4dd4-857b-0e43ca57aef9,8.9645625,True,7.85,8.9,8.1,1.1145625,0.06456249999999919,0.8645624999999999,-1.5961184382230362,-0.9076235131878624,-13.064119026837266,1050.0000000000007,250.0,800.0000000000007,0.6884949250351738,11.468000588614231
0090bd2e-daaa-4a51-a660-a1fa339800cc,7.72,True,7.42,7.67,7.7,0.2999999999999998,0.04999999999999982,0.019999999999999574,-5.124071864381941,-18.62510277798651,-17.953307025711727,250.0,280.0000000000002,30.00000000000025,13.501030913604568,12.829235161329786
00912771-1c00-4706-b034-991fe415c024,8.88,True,8.48,8.53,8.88,0.40000000000000036,0.3500000000000014,0.0,-3.586553523619651,-5.227451629949661,-12.83145164835391,49.999999999998934,400.00000000000034,350.0000000000014,1.6408981063300097,9.24489812473426
00913ca1-73f4-4f58-addc-f999fed78f54,5.96,False,5.5,5.74,5.8,0.45999999999999996,0.21999999999999975,0.16000000000000014,4.230350990939711,-2.681406995343398,-4.22283062854338,240.00000000000023,299.99999999999983,59.99999999999961,6.911757986283109,8.453181619483091
009163a1-6a5a-4d53-b898-e0bffed64834,14.0,False,13.79,13.79,14.0,0.21000000000000085,0.21000000000000085,0.0,38.124169433540395,38.124169433540395,6.10357275770093,0.0,210.00000000000085,210.00000000000085,0.0,32.020596675839464
0091a8fb-1f77-476b-a695-0d4ed5369592,9.96,True,9.7,9.71,9.9,0.26000000000000156,0.25,0.0600000000000005,0.7171351233400779,0.5380208843588947,-3.8731479111561984,10.000000000001563,200.00000000000108,189.9999999999995,0.17911423898118317,4.590283034496276
009205bc-68e0-4da4-b2a2-3e3246133cc5,12.8,False,12.58,12.56,12.7,0.22000000000000064,0.2400000000000002,0.10000000000000142,24.716290022373137,23.06168458346505,26.561634270340846,19.999999999999574,119.99999999999922,139.9999999999988,1.6546054389080886,1.8453442479677094
00923100-6c76-432d-9471-0373fcb2b823,5.16,False,4.89,4.91,5.16,0.27000000000000046,0.25,0.0,-12.635014802269549,-12.98818024161533,-22.056840263415584,20.000000000000462,270.00000000000045,250.0,0.3531654393457817,9.421825461146035
0092353b-a9db-4b82-b7e5-6b8887b0ba0a,10.56,True,10.08,10.1,10.2,0.4800000000000004,0.46000000000000085,0.3600000000000012,0.13469695489494424,-1.1286765961155254,-4.909610878261772,19.999999999999574,119.99999999999922,99.99999999999964,1.2633735510104696,5.044307833156716
00923837-a3c2-4306-abc4-79d61a1d9f16,3.244,False,3.22,3.22,3.2,0.02400000000000002,0.02400000000000002,0.04400000000000004,-2.840676893657494,-2.840676893657494,-2.7263981080985595,0.0,20.000000000000018,20.000000000000018,0.0,0.11427878555893445
0092bf98-0605-4ee3-a6d4-9a0200613466,11.217125,True,10.3,10.22,10.4,0.9171249999999986,0.9971249999999987,0.817124999999999,-27.787006886948216,-21.953990418618023,-36.66720353217055,80.00000000000007,99.99999999999964,179.99999999999972,5.833016468330193,8.88019664522233
00931e3b-feca-4ce7-a30c-ed61d39999e6,6.4,True,6.17,6.19,6.4,0.23000000000000043,0.20999999999999996,0.0,-0.6556638918717226,-0.8646301687214988,-15.940812540248718,20.000000000000462,230.00000000000043,209.99999999999997,0.2089662768497762,15.285148648376996
0093217c-7e83-4d60-8130-1ecd52ead8a7,3.063,False,3.06,3.06,3.063,0.0030000000000001137,0.0030000000000001137,0.0,9.097048226802528,9.097048226802528,9.828168914227241,0.0,3.0000000000001137,3.0000000000001137,0.0,0.7311206874247134
0093c577-45ca-4ae4-8f44-4898911e6131,9.56,True,9.33,9.32,9.56,0.23000000000000043,0.2400000000000002,0.0,-0.6921100360956814,-0.09330936802913,-23.248924069857377,9.999999999999787,230.00000000000043,240.00000000000023,0.5988006680665514,22.556814033761697
0093cddc-6ebc-46fd-8e55-87314378117c,8.56,False,8.37,8.37,8.56,0.19000000000000128,0.19000000000000128,0.0,-2.455125339932404,-2.455125339932404,-25.92118657819151,0.0,190.00000000000128,190.00000000000128,0.0,23.466061238259105
0093f21d-87de-4e62-8fce-65a6d1db0764,9.52,False,8.65,8.62,8.7,0.8699999999999992,0.9000000000000004,0.8200000000000003,-9.100437637533513,-6.523785612787339,-13.169658283195869,30.000000000001137,49.999999999998934,80.00000000000007,2.576652024746174,4.069220645662355
009422c5-9823-4f5c-bed7-dc8f559904df,2.88,True,2.58,2.65,2.88,0.2999999999999998,0.22999999999999998,0.0,-1.8122260438611306,-4.370934285878718,-15.55238463146852,69.99999999999984,299.99999999999983,229.99999999999997,2.5587082420175875,13.74015858760739
0094dba4-9ae0-4faf-a58d-fab0e8f2e8e6,6.4,True,6.15,6.03,6.2,0.25,0.3700000000000001,0.20000000000000018,-1.5522638153182813,8.037923049704524,-8.171548971132868,120.00000000000011,49.99999999999982,169.99999999999994,9.590186865022805,6.619285155814587
00951dd8-b31d-472a-9118-ea896a772176,7.36,False,7.1,7.3,7.36,0.2600000000000007,0.0600000000000005,0.0,-1.8259948914871689,-10.303025488389665,-12.14868425670306,200.00000000000017,260.0000000000007,60.0000000000005,8.477030596902496,10.322689365215892
009550be-f5f9-415c-acbd-2ed40ebaa31c,6.04,True,5.8,5.82,5.9,0.2400000000000002,0.21999999999999975,0.13999999999999968,-3.2625376257565954,-4.180105412638177,-8.360925778859412,20.000000000000462,100.00000000000054,80.00000000000007,0.9175677868815817,5.0983881531028175
00957735-2424-4b84-94a3-fc33d3310ebc,12.76,True,12.61,12.61,12.76,0.15000000000000036,0.15000000000000036,0.0,-18.14825945006051,-18.14825945006051,-33.097425721867914,0.0,150.00000000000034,150.00000000000034,0.0,14.949166271807403
00957ddf-f45c-422b-b54f-62f474c2afaf,9.3866875,False,9.23,9.23,9.3866875,0.1566875000000003,0.1566875000000003,0.0,0.35547193817156186,0.35547193817156186,-7.401454186174851,0.0,156.6875000000003,156.6875000000003,0.0,7.756926124346412
0095aa5a-236b-44eb-8c84-4bfe18297771,5.64,True,5.45,5.44,5.6,0.1899999999999995,0.1999999999999993,0.040000000000000036,-3.2042521730577405,-2.537170462366722,-20.314837915090585,9.999999999999787,149.99999999999946,159.99999999999926,0.6670817106910185,17.110585742032846
009638b5-fd71-481f-bd5e-56a71e665275,10.72,True,10.46,10.47,10.7,0.2599999999999998,0.25,0.02000000000000135,-4.834778199726302,-5.270371718676068,-18.97990107883461,9.999999999999787,239.99999999999844,229.99999999999864,0.4355935189497657,14.14512287910831
0096c4b7-b408-4ac1-8525-965546066b86,9.44,False,9.18,9.2,9.4,0.2599999999999998,0.2400000000000002,0.03999999999999915,2.1264865910791717,1.7948120985881242,-5.356175973100205,19.999999999999574,220.00000000000063,200.00000000000108,0.3316744924910475,7.4826625641793765
0096fa53-fc8e-424d-ad40-f5242a09e567,4.68,False,4.45,4.45,4.6,0.22999999999999954,0.22999999999999954,0.08000000000000007,-7.457846251072829,-7.457846251072829,-17.617524008731483,0.0,149.99999999999946,149.99999999999946,0.0,10.159677757658653
009717ef-d2ed-4692-85d2-d6209387409f,12.52,True,12.26,12.28,12.4,0.2599999999999998,0.2400000000000002,0.11999999999999922,-7.343673246158109,-8.63431182710249,-17.50919252061255,19.999999999999574,140.00000000000057,120.000000000001,1.290638580944381,10.165519274454443
0097181d-2184-4a50-82da-ffd7c7561276,6.68,True,6.62,6.6,6.68,0.05999999999999961,0.08000000000000007,0.0,10.807962378722426,17.104773235376587,-13.972456934845074,20.000000000000462,59.99999999999961,80.00000000000007,6.296810856654162,24.7804193135675
0097362b-c345-410a-a3d5-a60a80ff0e08,3.76,True,3.54,3.49,3.6,0.21999999999999975,0.2699999999999996,0.1599999999999997,0.17709251941465415,1.2582525098886137,-5.638203640350723,49.99999999999982,60.00000000000006,109.99999999999987,1.0811599904739595,5.815296159765378
0097574e-3cec-402d-bd40-c96dde55def8,8.52,True,7.93,7.92,8.1,0.5899999999999999,0.5999999999999996,0.41999999999999993,-7.7937006408833565,-7.182059715151019,-27.365638297452588,9.999999999999787,169.99999999999994,179.99999999999972,0.6116409257323374,19.571937656569233
0097dc59-af2a-433c-916d-c1df2ca13789,5.72,True,5.52,5.51,5.7,0.20000000000000018,0.20999999999999996,0.019999999999999574,13.146339078802102,13.835985680270737,-18.080414254927813,9.999999999999787,180.0000000000006,190.0000000000004,0.6896466014686347,31.226753333729917
0098afc5-8411-4d4e-8242-4ba69139377c,5.08,True,4.53,4.8,5.08,0.5499999999999998,0.28000000000000025,0.0,0.48614692058499703,-9.78949957499339,-10.614902842926572,269.99999999999955,549.9999999999998,280.0000000000002,10.275646495578387,11.101049763511568
0099032c-ff20-464f-b6de-68c1cbcd8a67,5.48,False,5.2,5.18,5.3,0.28000000000000025,0.3000000000000007,0.1800000000000006,-0.7496771248676908,0.8955735232709005,-15.175838573769065,20.000000000000462,99.99999999999964,120.00000000000011,1.6452506481385911,14.426161448901373
00991957-e915-4dcb-b509-78066a080542,13.24,True,12.86,12.93,13.2,0.3800000000000008,0.3100000000000005,0.040000000000000924,-9.74691655153997,-10.011221866241126,-11.887254762732857,70.00000000000028,339.9999999999999,269.99999999999955,0.26430531470115604,2.140338211192887
00993c43-7e25-419e-8251-23b207560018,8.4,False,8.09,8.21,8.4,0.3100000000000005,0.1899999999999995,0.0,-0.9522145037464962,0.07979193400453485,-15.876083076312645,120.000000000001,310.0000000000005,189.9999999999995,1.032006437751031,14.923868572566148
00997df8-13ed-48b1-a8c7-9d111fac943c,6.5015625,True,6.06,5.96,6.1,0.44156250000000075,0.5415625000000004,0.4015625000000007,-14.214539150755705,-6.209184130055988,-17.476555055008422,99.99999999999964,40.000000000000036,139.9999999999997,8.005355020699717,3.262015904252717
009993de-6c19-4d57-91e4-a338ef46a63b,8.24,True,8.23,8.23,8.2,0.009999999999999787,0.009999999999999787,0.040000000000000924,7.585486151551391,7.585486151551391,8.327594128332661,0.0,30.000000000001137,30.000000000001137,0.0,0.7421079767812699
0099ac00-ed05-43cd-8e2b-e0d287c24cd8,8.04,True,8.04,8.03,8.0,0.0,0.009999999999999787,0.03999999999999915,0.49951870717765373,0.7955543738016916,0.11560100584301594,9.999999999999787,39.99999999999915,29.99999999999936,0.29603566662403785,0.38391770133463776
0099ba6d-d520-4e74-80ac-babb2a517b79,8.72,True,8.46,8.47,8.7,0.2599999999999998,0.25,0.02000000000000135,2.12196611564081,2.070941963390363,-15.851001510664535,9.999999999999787,239.99999999999844,229.99999999999864,0.051024152250446875,17.972967626305344
0099dabb-a577-4e04-b1a6-a78b2cc30aa0,5.08,False,4.81,4.82,5.08,0.27000000000000046,0.2599999999999998,0.0,4.639445192118195,3.5008960801704596,-7.463102623967835,10.000000000000675,270.00000000000045,259.9999999999998,1.1385491119477358,12.10254781608603
009a69be-4c6d-48e1-9d84-f86d4dbbb3cb,11.3174375,True,10.06,10.08,10.2,1.2574375,1.2374375000000004,1.1174375000000012,-3.5238190019415434,-4.50534345441317,-17.06858256700505,19.999999999999574,139.9999999999988,119.99999999999922,0.9815244524716267,13.544763565063505
009aa5b7-25d9-4726-ac3e-fa54c6f0bbdd,4.1315,False,3.15,3.13,3.2,0.9815,1.0015,0.9314999999999998,-3.816942787614742,-0.2431555838521054,-13.082330888138314,20.000000000000018,50.00000000000027,70.00000000000028,3.5737872037626364,9.265388100523571
009af80e-2dee-454a-9e4a-23acdca9836e,10.96,True,10.67,10.7,10.96,0.2900000000000009,0.26000000000000156,0.0,2.19958116845745,1.929318709642844,-11.53640921475519,29.99999999999936,290.0000000000009,260.0000000000016,0.2702624588146061,13.735990383212641
009b1193-13ab-4363-98a1-facf905b615d,2.9866875,False,2.7,2.74,2.9866875,0.28668749999999976,0.24668749999999973,0.0,-1.5994675341862774,-4.672637962343595,-16.277558287521252,40.000000000000036,286.6874999999998,246.68749999999972,3.073170428157318,14.678090753334974
009b6eb5-62ef-4e69-bd3f-7c1a52df7692,10.477625,False,9.44,9.47,9.6,1.0376250000000002,1.007624999999999,0.8776250000000001,1.1684241875285788,-0.14918443305449514,-4.825731945093385,30.000000000001137,160.00000000000014,129.999999999999,1.317608620583074,5.9941561326219635
009c56b9-bd2d-43aa-b938-b564abed11a1,2.6674375,True,1.73,1.7,1.9,0.9374375000000001,0.9674375000000002,0.7674375000000002,18.45882512527491,21.841486313763802,-11.044975249657613,30.00000000000003,169.99999999999994,199.99999999999994,3.3826611884888926,29.503800374932524
009c9a4d-f60b-4527-bf9b-8e425b90d10b,10.52,True,10.17,10.2,10.5,0.34999999999999964,0.3200000000000003,0.019999999999999574,13.69166231016538,10.758834408963907,-26.935515480952418,29.99999999999936,330.00000000000006,300.0000000000007,2.932827901201474,40.6271777911178
009cefcd-53b2-426b-9648-fa52e2f9fdbb,10.48,False,10.27,10.27,10.48,0.21000000000000085,0.21000000000000085,0.0,30.81071735108813,30.81071735108813,-9.813512451091885,0.0,210.00000000000085,210.00000000000085,0.0,40.62422980218001
009cfd51-f8fd-4a4b-8a1f-4a82d49091a8,6.28,False,6.05,6.07,6.28,0.23000000000000043,0.20999999999999996,0.0,-2.2238199837206447,-2.070031516553343,-18.563952083287713,20.000000000000462,230.00000000000043,209.99999999999997,0.15378846716730177,16.340132099567068
009d1824-59ea-4703-80bd-87cde55ebab2,10.12,False,9.97,9.93,10.1,0.14999999999999858,0.1899999999999995,0.019999999999999574,53.806492820477395,57.24510294403795,26.857119303077333,40.000000000000924,129.999999999999,169.99999999999994,3.438610123560558,26.949373517400062
009d2bf5-621b-42df-9da6-4e6cf11fbe7c,7.32,False,7.15,7.13,7.3,0.16999999999999993,0.1900000000000004,0.020000000000000462,2.802717018905068,2.0721674426460934,2.7045941450043878,20.000000000000462,149.99999999999946,169.99999999999994,0.7305495762589747,0.09812287390068031
009d676c-8eb1-4a02-b317-ed14fa4148f7,11.9096875,False,10.92,10.91,11.1,0.9896875000000005,0.9996875000000003,0.8096875000000008,-1.4525598427134905,0.5474371724025793,-20.67689887520599,9.999999999999787,179.99999999999972,189.9999999999995,1.9999970151160698,19.224339032492498
009d67d6-be33-4c64-ab2e-c4568303a2a2,9.8,False,9.55,9.58,9.8,0.25,0.22000000000000064,0.0,-1.681962842502502,-3.0878212006201826,-10.780646363593288,29.99999999999936,250.0,220.00000000000063,1.4058583581176807,9.098683521090786
009db512-0471-463f-abbd-b8f2f137fd14,7.46375,False,6.49,6.47,6.6,0.9737499999999999,0.9937500000000004,0.8637500000000005,-1.0229391932279173,3.8731285977238414,-20.733156954054913,20.000000000000462,109.99999999999943,129.9999999999999,4.896067790951759,19.710217760826996
009dc906-99dc-48a8-8aa0-0a5410c437ef,10.28,False,10.02,10.21,10.28,0.2599999999999998,0.06999999999999851,0.0,4.017277527077626,-7.253119447027193,-4.407014773484942,190.00000000000128,259.9999999999998,69.99999999999851,11.27039697410482,8.424292300562568
009de9f9-3ec5-4b32-9469-332de805e4cf,6.28,True,6.02,6.01,6.1,0.2600000000000007,0.27000000000000046,0.1800000000000006,-5.795488307555194,-4.913886076361198,-15.031898677383808,9.999999999999787,80.00000000000007,89.99999999999986,0.8816022311939964,9.236410369828613
009e01c4-a3e3-46ae-9699-1f440e627f85,1.734375,True,1.73,1.73,1.7,0.004375000000000018,0.004375000000000018,0.034375000000000044,23.6425832371831,23.6425832371831,26.172250335551183,0.0,30.00000000000003,30.00000000000003,0.0,2.5296670983680833
009e593b-f7be-48e8-91ef-84128b0fd6f1,6.88,True,6.85,6.87,6.88,0.03000000000000025,0.009999999999999787,0.0,-2.813544399459226,-3.1228004115643073,-3.3696944837175846,20.000000000000462,30.00000000000025,9.999999999999787,0.30925601210508136,0.5561500842583587
009e624b-4333-48c5-b4f2-249a24c34ce4,14.3888125,False,13.41,13.39,13.5,0.9788125000000001,0.9988124999999997,0.8888125000000002,7.64706604523795,11.270773233892484,-4.561262156287114,19.999999999999574,89.99999999999986,109.99999999999943,3.6237071886545342,12.208328201525063
009e748c-56fa-4600-b9bc-d1ff71bbd95c,7.84,True,7.59,7.6,7.8,0.25,0.2400000000000002,0.040000000000000036,-6.596954764497789,-6.681934020098517,-23.222515950455662,9.999999999999787,209.99999999999997,200.00000000000017,0.08497925560072783,16.625561185957874
009eb409-d2ac-4332-8eae-f856c57d58ef,5.6,False,4.7,5.56,5.6,0.8999999999999995,0.040000000000000036,0.0,9.993364372986607,-3.219063527235535,-3.493278956649338,859.9999999999994,899.9999999999994,40.000000000000036,13.212427900222142,13.486643329635944
009ebe51-2ff8-4810-80c0-26dd3a22a142,3.2426875,True,2.58,2.57,2.7,0.6626875000000001,0.6726875000000003,0.5426875,-11.21687000632356,-10.963188932326622,-18.38099258324423,10.000000000000231,120.00000000000011,130.00000000000034,0.2536810739969386,7.1641225769206685
009f2704-5532-4131-9ad0-531029430d47,9.48,False,9.37,9.37,9.48,0.11000000000000121,0.11000000000000121,0.0,-8.42201362325482,-8.42201362325482,-18.71186899486233,0.0,110.00000000000121,110.00000000000121,0.0,10.289855371607509
009f44de-615d-4d09-a761-82ecbd17b48c,5.488375,True,4.97,4.95,5.1,0.5183749999999998,0.5383749999999994,0.3883749999999999,16.983069555941338,20.62512412762739,-8.687493183755844,19.999999999999574,129.9999999999999,149.99999999999946,3.642054571686053,25.670562739697182
009fc1ef-778c-44bc-a9e6-6173b6dabb82,3.72,False,3.5,3.49,3.6,0.2200000000000002,0.22999999999999998,0.1200000000000001,7.221957727164523,9.661112102715174,-5.186971987689314,9.999999999999787,100.00000000000009,109.99999999999987,2.4391543755506513,12.408929714853837
00a02041-c3e7-44a8-be6d-b56dc2254795,10.88,True,10.59,10.53,10.88,0.2900000000000009,0.3500000000000014,0.0,-1.224989075124741,2.1077799888704165,-34.44075733711374,60.0000000000005,290.0000000000009,350.0000000000014,3.3327690639951575,33.215768261989
00a03354-4abe-4d81-b75e-e9e874e0b1a6,5.68,True,4.85,5.32,5.1,0.8300000000000001,0.35999999999999943,0.5800000000000001,-12.356023650705364,-14.538883441398498,-15.857689673635385,470.0000000000006,250.0,220.00000000000063,2.1828597906931346,3.5016660229300207
00a04802-9a90-4b31-a256-dcc44028607b,5.2,True,4.84,4.86,5.2,0.3600000000000003,0.33999999999999986,0.0,0.2908345268573783,-0.03672853075559746,-11.680355777418333,20.000000000000462,360.00000000000034,339.9999999999999,0.32756305761297577,11.97119030427571
00a08709-ce4e-40d9-8443-915cb0dedfea,12.76,True,12.56,12.55,12.6,0.1999999999999993,0.20999999999999908,0.16000000000000014,-9.501605803145813,-6.346768167592346,-22.46893392306259,9.999999999999787,39.99999999999915,49.999999999998934,3.1548376355534664,12.967328119916777
00a088f7-cb8c-47db-abc3-23b88705ca14,8.72,True,8.33,8.32,8.4,0.39000000000000057,0.40000000000000036,0.3200000000000003,-21.928145366973116,-21.956864946306514,-24.829000652981968,9.999999999999787,70.00000000000028,80.00000000000007,0.02871957933339786,2.900855286008852
00a0b00a-0b43-415e-8dd2-209c4808790a,3.36,True,3.11,3.1,3.36,0.25,0.2599999999999998,0.0,-10.796863182658882,-8.724290506743968,-38.0731264868655,9.999999999999787,250.0,259.9999999999998,2.0725726759149143,27.276263304206616
00a16e55-cee6-4a65-abcb-d54fb551c736,4.12,True,3.86,3.78,4.1,0.26000000000000023,0.3400000000000003,0.020000000000000462,-16.51399221736884,-4.86557074709555,-38.48927342232115,80.00000000000007,239.99999999999977,319.99999999999983,11.648421470273291,21.975281204952307
00a177cd-d28a-46a8-8cdc-fa0932fca7aa,7.16,False,7.01,7.03,7.16,0.15000000000000036,0.1299999999999999,0.0,3.442234310356773,3.5560718529711757,4.230401247410022,20.000000000000462,150.00000000000034,129.9999999999999,0.11383754261440249,0.7881669370532487
00a1b916-686c-46eb-b71a-016962c3bf31,8.64,False,8.37,8.38,8.6,0.27000000000000135,0.2599999999999998,0.040000000000000924,4.466779974358124,3.025525758905225,-5.93698723314804,10.000000000001563,230.00000000000043,219.99999999999886,1.441254215452899,10.403767207506164
00a1f0df-4e93-4409-9376-91becffc540a,4.804,True,4.66,4.7,4.8,0.14400000000000013,0.10400000000000009,0.004000000000000448,13.3439510825351,11.486564639563047,6.278880711968164,40.000000000000036,139.9999999999997,99.99999999999964,1.857386442972052,7.065070370566935
00a279c1-ec66-434e-8383-6bd3c6886a63,6.12,False,5.86,5.87,6.1,0.2599999999999998,0.25,0.020000000000000462,-9.096883540522867,-9.168521785569451,-17.581396997148516,9.999999999999787,239.99999999999932,229.99999999999955,0.071638245046584,8.484513456625649
00a29fd6-fb0f-417f-8e28-9e9cea0e04a3,6.68,True,6.51,6.52,6.68,0.16999999999999993,0.16000000000000014,0.0,-1.9105394104572668,-2.689307202276409,-18.188658890365957,9.999999999999787,169.99999999999994,160.00000000000014,0.778767791819142,16.27811947990869
00a2c8a9-18c1-42c8-88f9-272cc283b25c,3.64,False,3.45,3.44,3.6,0.18999999999999995,0.20000000000000018,0.040000000000000036,-3.5143857710432282,-2.6123118370025082,-20.893763689364395,10.000000000000231,149.99999999999991,160.00000000000014,0.90207393404072,17.37937791832117
00a2d295-47d5-40c9-8e5b-b2a0ca1108c2,11.4,True,11.16,11.18,11.4,0.2400000000000002,0.22000000000000064,0.0,-3.3757536593188817,-4.779339194367244,-17.278371636507853,19.999999999999574,240.00000000000023,220.00000000000063,1.4035855350483626,13.90261797718897
00a2e6dd-67dd-4889-93c0-0e306f6ea423,7.36,False,7.35,7.35,7.36,0.010000000000000675,0.010000000000000675,0.0,-3.2805590876744017,-3.2805590876744017,-4.50271052569931,0.0,10.000000000000675,10.000000000000675,0.0,1.2221514380249086
00a31bec-d1e8-423b-8112-2ba360039bae,8.5841875,True,7.6,7.59,7.9,0.9841875000000009,0.9941875000000007,0.6841875000000002,-2.338355677032044,-2.993929516942767,-15.129207614416542,9.999999999999787,300.0000000000007,310.0000000000005,0.6555738399107227,12.790851937384497
00a33715-b59b-46ae-9752-5322c366f3e9,12.08,False,11.86,11.86,12.08,0.22000000000000064,0.22000000000000064,0.0,10.495275398569902,10.495275398569902,2.3098002007760896,0.0,220.00000000000063,220.00000000000063,0.0,8.185475197793812
00a3ac2a-d9b7-472f-b98e-f1cc0a248ca7,13.1760625,False,12.36,12.24,12.1,0.816062500000001,0.9360625000000002,1.0760625000000008,-20.071207919645673,-19.6365811043029,-2.2435463198272254,119.99999999999922,259.9999999999998,140.00000000000057,0.43462681534277436,17.82766159981845
00a3b183-5145-42b8-b17f-a9b6d75dc2df,8.6,True,8.34,8.34,8.6,0.2599999999999998,0.2599999999999998,0.0,-1.318262360161213,-1.318262360161213,-22.573669012577426,0.0,259.9999999999998,259.9999999999998,0.0,21.255406652416212
00a41069-fe6f-47d4-b308-5c8e44e0a358,6.28,True,6.01,6.03,6.28,0.27000000000000046,0.25,0.0,-1.8742890188564858,-2.5608723073347286,-20.046312285497148,20.000000000000462,270.00000000000045,250.0,0.6865832884782428,18.17202326664066
00a46555-f020-4b85-8fef-20e22a6499f0,13.514625,True,12.52,12.52,12.6,0.994625000000001,0.994625000000001,0.9146250000000009,-5.84469592050552,-5.84469592050552,-23.483763426490242,0.0,80.00000000000007,80.00000000000007,0.0,17.639067505984723
00a4cbb4-3d41-491e-ba35-80e124275afc,4.72,False,4.36,4.39,4.6,0.35999999999999943,0.33000000000000007,0.1200000000000001,-5.464108792432893,-5.539090384837147,5.759405843726962,29.99999999999936,239.99999999999932,209.99999999999997,0.07498159240425384,11.223514636159855
00a542e0-fa62-4e7d-9d56-cec8b8ed5e53,9.56,False,9.42,9.52,9.56,0.14000000000000057,0.040000000000000924,0.0,0.3592768587480286,4.665097397152725,5.249408283133699,99.99999999999964,140.00000000000057,40.000000000000924,4.305820538404697,4.89013142438567
00a565a0-4f1d-4749-819b-2c03186a31a5,3.076,False,2.92,2.89,3.076,0.15600000000000014,0.18599999999999994,0.0,-13.588539066881237,-12.207681546009516,-26.166762796923315,29.999999999999805,156.00000000000014,185.99999999999994,1.3808575208717215,12.578223730042078
00a589e5-3ce3-42bb-926a-a688b5c588c4,4.2319375,True,3.94,3.98,3.7,0.29193749999999996,0.2519374999999999,0.5319374999999997,-1.8140580183416937,0.386218409241113,1.6878143070600877,40.000000000000036,239.99999999999977,279.99999999999983,2.2002764275828066,3.5018723254017816
00a5ca28-1df4-4c7c-81af-13fb49472f38,2.64,True,2.15,2.55,2.6,0.4900000000000002,0.0900000000000003,0.040000000000000036,5.69284856659629,-21.290413534912037,-20.394527105376966,399.9999999999999,450.00000000000017,50.00000000000027,26.983262101508327,26.087375671973255
00a62217-c101-4412-98cf-ca60f08eb63b,5.84,False,5.66,5.63,5.8,0.17999999999999972,0.20999999999999996,0.040000000000000036,10.33053189401515,18.429139878767902,-27.6903822548388,30.00000000000025,139.9999999999997,169.99999999999994,8.098607984752752,38.02091414885395
00a65c6e-9f1c-4b4d-aa3c-d02f481667f4,1.92,True,1.8,1.8,1.9,0.11999999999999988,0.11999999999999988,0.020000000000000018,6.462797894752776,6.462797894752776,-9.737703240049683,0.0,99.99999999999987,99.99999999999987,0.0,16.200501134802458
00a675d2-0b24-4035-8958-1f2040876a7b,10.04,True,9.86,9.97,10.0,0.17999999999999972,0.06999999999999851,0.03999999999999915,-2.5725742166793593,-2.1781560812290803,-2.8108985958643684,110.00000000000121,140.00000000000057,29.99999999999936,0.39441813545027893,0.23832437918500915
00a6dc62-0e04-4b5a-a11e-a9b79867548e,5.96,False,5.87,5.88,5.96,0.08999999999999986,0.08000000000000007,0.0,5.422819810755132,5.930617766249797,2.0197697030157977,9.999999999999787,89.99999999999986,80.00000000000007,0.5077979554946648,3.4030501077393343
00a73b53-1601-400f-9fc8-db8f6f8a5996,5.92,False,5.65,5.67,5.9,0.2699999999999996,0.25,0.019999999999999574,-0.3516444726676447,-0.80537271916207,-14.588699365259236,19.999999999999574,250.0,230.00000000000043,0.4537282464944253,14.237054892591592
00a78120-64ad-4f68-b52c-e0be10b6da88,6.5900625,False,5.6,5.48,5.7,0.9900625000000005,1.1100624999999997,0.8900625,-7.977961470793325,10.97032339821462,-25.43719908103871,119.99999999999922,100.00000000000054,219.99999999999974,18.948284869007946,17.459237610245385
00a7a674-2dc7-4527-a3c3-e48e48685712,6.72,False,6.51,6.53,6.7,0.20999999999999996,0.1899999999999995,0.019999999999999574,14.636385068410188,13.385799209114817,3.1386066552297223,20.000000000000462,190.0000000000004,169.99999999999994,1.2505858592953718,11.497778413180466
00a7c589-81cd-437d-998c-71c8940e12f0,9.16,False,9.05,8.92,9.0,0.10999999999999943,0.2400000000000002,0.16000000000000014,15.040166421067095,15.05071864353063,14.885034588373307,130.0000000000008,50.00000000000071,80.00000000000007,0.010552222463534378,0.1551318326937885
00a7d23c-7aba-46f4-9815-067ba4898b3b,6.28,False,5.99,6.02,6.28,0.29000000000000004,0.2600000000000007,0.0,-4.610955551049701,-3.728787509382779,-2.8047047672260663,29.99999999999936,290.00000000000006,260.0000000000007,0.8821680416669215,1.8062507838236344
00a7d4d0-816e-458a-b636-5254bb280e54,10.76,False,10.62,10.63,10.76,0.14000000000000057,0.129999999999999,0.0,-0.8752385652127884,-0.5233452407579589,-11.689465792149935,10.000000000001563,140.00000000000057,129.999999999999,0.35189332445482957,10.814227226937147
00a82233-85c5-4d96-9e61-11b43892bf7c,4.2,True,4.19,3.83,4.0,0.009999999999999787,0.3700000000000001,0.20000000000000018,-36.456823255720366,28.080423882761608,5.050462923844172,360.00000000000034,190.0000000000004,169.99999999999994,64.53724713848197,41.50728617956454
00a827ed-e9e1-4b7e-b826-81ae35568fc7,3.96,True,3.71,3.7,3.96,0.25,0.2599999999999998,0.0,1.5534694018444377,1.597084267582393,-14.371672959680406,9.999999999999787,250.0,259.9999999999998,0.043614865737955366,15.925142361524845
00a82807-ebcb-452e-bb10-76e4d4ed3d70,8.72,True,8.32,8.4,8.7,0.40000000000000036,0.3200000000000003,0.02000000000000135,5.739401175799449,0.9166218019462167,-16.672985727868927,80.00000000000007,379.999999999999,299.9999999999989,4.822779373853232,22.412386903668377
00a8509d-8722-45d2-8f71-a3f8f879af54,9.84,True,9.58,9.61,9.8,0.2599999999999998,0.23000000000000043,0.03999999999999915,-1.8055318855725349,-4.555383572275793,-9.76554962584774,29.99999999999936,220.00000000000063,190.00000000000128,2.7498516867032583,7.960017740275205
00a93823-5f17-4801-bb5a-9142dbf69350,8.12,False,7.87,7.9,8.1,0.2499999999999991,0.21999999999999886,0.019999999999999574,18.71290792110848,17.59058216386016,1.5541980434588842,30.00000000000025,229.99999999999955,199.9999999999993,1.1223257572483227,17.158709877649596
00a93b71-df06-40a3-b352-73e7fc98ce93,6.44,False,6.31,6.32,6.4,0.13000000000000078,0.1200000000000001,0.040000000000000036,1.36102659728684,1.2901038145977333,-0.3329235092456401,10.000000000000675,90.00000000000074,80.00000000000007,0.07092278268910679,1.6939501065324802
00a9ddf3-da4b-4801-8c57-5c09bfb53701,8.84,False,8.7,8.68,8.8,0.14000000000000057,0.16000000000000014,0.03999999999999915,32.59210226406657,34.17276457318323,16.45176158965689,19.999999999999574,100.00000000000142,120.000000000001,1.5806623091166614,16.14034067440968
00a9dec1-c884-4adc-990a-0b01d4013c77,8.8,False,8.53,8.55,8.8,0.27000000000000135,0.25,0.0,4.1489869230489305,2.8429348851480585,-7.870266688610411,20.00000000000135,270.00000000000136,250.0,1.306052037900872,12.019253611659341
00aa4a1c-6e26-4611-8997-1b4663c4ae3c,5.32,False,5.06,5.07,5.3,0.2600000000000007,0.25,0.020000000000000462,-3.0974323359352147,-2.8116695057464063,-3.893300526907245,10.000000000000675,240.00000000000023,229.99999999999955,0.28576283018880844,0.7958681909720302
00aaaf2f-78ab-47be-a452-e37228305e77,6.08,True,5.81,5.81,6.0,0.27000000000000046,0.27000000000000046,0.08000000000000007,-10.585852171420765,-10.585852171420765,-25.30037601117694,0.0,190.0000000000004,190.0000000000004,0.0,14.714523839756176
00ab1201-e2a8-412e-9e2f-bc12548e635c,3.633875,True,2.98,2.88,3.0,0.6538750000000002,0.7538750000000003,0.6338750000000002,-15.9446910076108,-8.736179838363832,-18.728617205478177,100.00000000000009,20.000000000000018,120.00000000000011,7.208511169246968,2.783926197867377
00ab2a8a-fdc9-4b9d-b002-b9b7209ae714,10.1699375,False,9.25,9.19,9.3,0.9199374999999996,0.9799375000000001,0.8699374999999989,-5.064355942421218,-2.9093313822582516,-9.898600030098079,60.0000000000005,50.00000000000071,110.00000000000121,2.1550245601629667,4.83424408767686
00ab64e9-f731-4d3d-90a5-8d5994fc2c12,11.68,True,11.07,11.66,11.68,0.6099999999999994,0.019999999999999574,0.0,1.849345201104622,-12.520885858552457,-12.221038947219297,589.9999999999999,609.9999999999994,19.999999999999574,14.37023105965708,14.07038414832392
00ab747e-47e9-429c-8279-771c6c850255,8.36,True,7.79,8.04,8.2,0.5699999999999994,0.3200000000000003,0.16000000000000014,4.537568600565168,-6.660089844940882,-19.97496818093694,249.99999999999912,409.99999999999926,160.00000000000014,11.19765844550605,24.512536781502106
00abbba6-d5d7-4815-8e08-240e5d85b37f,12.92,False,12.68,12.69,12.9,0.2400000000000002,0.23000000000000043,0.019999999999999574,2.350598557993789,0.7103530792698434,-13.753857634271618,9.999999999999787,220.00000000000063,210.00000000000085,1.6402454787239458,16.104456192265406
00abe2ad-c8a4-4d52-9a59-9264557dc4eb,3.16,False,3.02,3.01,3.16,0.14000000000000012,0.15000000000000036,0.0,-10.173878796932367,-10.589346511876379,-10.951639614205206,10.000000000000231,140.0000000000001,150.00000000000034,0.41546771494401114,0.7777608172728385
00ac5d12-492e-4ba7-b72b-123159255d31,13.0,False,12.79,12.78,13.0,0.21000000000000085,0.22000000000000064,0.0,4.338991778356509,4.661931186202859,-24.122041051305697,9.999999999999787,210.00000000000085,220.00000000000063,0.32293940784635033,28.461032829662205
00ac8676-df4e-49a8-bb63-67b5afbad771,7.32,True,7.02,7.23,7.2,0.3000000000000007,0.08999999999999986,0.1200000000000001,-12.340934141333381,-10.746659087246073,-12.383683084122442,210.00000000000085,180.0000000000006,30.00000000000025,1.5942750540873085,0.04274894278906061
00ad0a52-7ac5-4240-b544-e3471ba0b508,12.6,False,12.33,12.31,12.4,0.2699999999999996,0.28999999999999915,0.1999999999999993,-1.4001352580119906,-1.2613178957459612,-3.8034313826208455,19.999999999999574,70.00000000000028,89.99999999999986,0.13881736226602936,2.403296124608855
00ad305d-f2a3-4af3-8c23-915bfa0dc5db,7.883125,True,4.96,4.96,5.1,2.9231249999999998,2.9231249999999998,2.783125,-15.104547472838842,-15.104547472838842,-28.44251790321629,0.0,139.9999999999997,139.9999999999997,0.0,13.33797043037745
00adb58d-c251-4345-ba49-746cced73212,3.392,False,3.35,3.38,3.392,0.041999999999999815,0.01200000000000001,0.0,-0.9469594205613078,0.1500781797432529,0.5943659768961541,29.999999999999805,41.999999999999815,12.00000000000001,1.0970376003045608,1.5413253974574619
00ae07ca-7033-4978-80f2-c88f06425dc3,16.6,False,16.37,16.38,16.6,0.23000000000000043,0.22000000000000242,0.0,-4.608371723173961,-4.248481103967076,-5.071237842778419,9.99999999999801,230.00000000000043,220.00000000000242,0.3598906192068849,0.4628661196044579
00ae7e72-ce25-49ba-95d8-d10ede83c975,9.4,True,9.15,9.12,9.4,0.25,0.28000000000000114,0.0,-16.879690205835654,-17.114523427182334,-24.65910315805215,30.000000000001137,250.0,280.00000000000114,0.23483322134667972,7.7794129522164965
00aead23-0814-4c29-b03b-f865e54b1496,6.24,True,6.0,6.0,6.2,0.2400000000000002,0.2400000000000002,0.040000000000000036,-9.125201622413636,-9.125201622413636,-19.584350839213858,0.0,200.00000000000017,200.00000000000017,0.0,10.459149216800222
00aec220-22fa-4b8e-94e0-ad0563c0bcec,9.6,False,9.33,9.44,9.6,0.2699999999999996,0.16000000000000014,0.0,-0.4339264329256244,0.8710138768599799,-2.3927872179550143,109.99999999999943,269.99999999999955,160.00000000000014,1.3049403097856043,1.95886078502939
00aec5df-2c60-45e2-a80d-1b94d7efeb53,5.0856875,True,4.68,4.19,4.3,0.4056875,0.8956874999999993,0.7856874999999999,-33.428539658259254,-0.42159150836347403,-10.22477040543553,489.9999999999993,379.9999999999999,109.99999999999943,33.00694814989578,23.203769252823726
00aec6b8-699c-4f0b-96dd-37c2348df5f4,4.04,True,3.62,3.74,3.9,0.41999999999999993,0.2999999999999998,0.14000000000000012,13.238042722556504,11.60654960570116,0.00284550532950581,120.00000000000011,279.99999999999983,159.9999999999997,1.631493116855344,13.235197217226998
00aef58d-a0fd-4a0a-a444-9487e75e9ad7,5.64,False,5.58,5.59,5.6,0.05999999999999961,0.04999999999999982,0.040000000000000036,14.483064839224717,15.353550116128568,16.084114465730043,9.999999999999787,19.999999999999574,9.999999999999787,0.8704852769038514,1.6010496265053256
00af3912-16a5-4874-9919-0073d89e4d73,8.84,False,8.65,8.65,8.8,0.1899999999999995,0.1899999999999995,0.03999999999999915,-7.0465003720674035,-7.0465003720674035,-11.845260548012172,0.0,150.00000000000034,150.00000000000034,0.0,4.798760175944769
00af46b1-420f-4d04-bfa5-19fa5529eb62,8.8,False,8.58,8.6,8.8,0.22000000000000064,0.20000000000000107,0.0,20.99290899766626,22.157232561150416,10.092829226159937,19.999999999999574,220.00000000000063,200.00000000000108,1.1643235634841567,10.900079771506322
00afadbb-c89e-46a8-8eae-9f068895fbbe,5.84,True,5.61,5.61,5.8,0.22999999999999954,0.22999999999999954,0.040000000000000036,-16.741535403385512,-16.741535403385512,-26.681947571493943,0.0,189.9999999999995,189.9999999999995,0.0,9.94041216810843
00b00922-d13c-44bc-b8c0-d3991ac2fc3b,8.64,True,8.28,8.32,8.5,0.3600000000000012,0.3200000000000003,0.14000000000000057,-0.08327528565304557,-0.4090898077225498,-5.599104325300596,40.000000000000924,220.00000000000063,179.99999999999972,0.32581452206950423,5.51582903964755
00b02a82-2aed-4ce0-89a0-829f687fd0b5,5.04,True,4.81,4.79,4.9,0.23000000000000043,0.25,0.13999999999999968,-8.429728692953995,-4.892422677752693,-19.553874050429958,19.999999999999574,90.00000000000074,110.00000000000031,3.5373060152013025,11.124145357475962
00b0c672-59ef-4498-807c-74ad3614ec9a,5.8,False,5.8,5.8,5.8,0.0,0.0,0.0,10.035887699871466,10.035887699871466,10.035887699871466,0.0,0.0,0.0,0.0,0.0
00b1c79f-948d-43f7-92f3-1f905f4a54ec,2.88,True,2.62,2.63,2.88,0.2599999999999998,0.25,0.0,-2.067992394235707,-2.216292697326622,-24.445945051012174,9.999999999999787,259.9999999999998,250.0,0.1483003030909149,22.37795265677647
00b202ee-f8cf-44d6-834d-b8d32fe15c2a,7.12,True,6.86,6.91,7.1,0.2599999999999998,0.20999999999999996,0.020000000000000462,5.144517613068235,1.8418770169684162,-18.259422317798194,49.99999999999982,239.99999999999932,189.9999999999995,3.3026405960998186,23.40393993086643
00b2041d-5e09-4ee1-90a9-0c589b0b740a,3.04,False,2.85,2.85,3.0,0.18999999999999995,0.18999999999999995,0.040000000000000036,-4.697276501441735,-4.697276501441735,-19.460889549677496,0.0,149.99999999999991,149.99999999999991,0.0,14.763613048235761
00b2b4d1-f7c4-4115-b917-56b22650dedb,4.04,True,3.49,3.55,4.0,0.5499999999999998,0.4900000000000002,0.040000000000000036,-1.2862429388331775,1.2708659063749257,-7.298397145301861,59.99999999999961,509.9999999999998,450.00000000000017,2.557108845208103,6.012154206468683
00b2b8c4-2ead-4bd5-9f43-294269bf4429,14.1774375,True,13.14,13.15,13.3,1.0374374999999993,1.0274374999999996,0.8774374999999992,-10.001248981207016,-9.904518916152847,-12.837503119964678,9.999999999999787,160.00000000000014,150.00000000000034,0.09673006505416915,2.8362541387576616
00b2c198-1e49-4583-a166-0bf1f40c52b9,15.3795,True,14.2,14.35,14.5,1.1795000000000009,1.0295000000000005,0.8795000000000002,-7.347273959347028,-10.315200021395992,-18.94210617807485,150.00000000000034,300.0000000000007,150.00000000000034,2.9679260620489636,11.594832218727824
00b2fdd4-b587-4cab-98dd-5955d04718c2,3.7546875,True,3.53,3.53,3.7546875,0.22468750000000037,0.22468750000000037,0.0,1.6261837736561886,1.6261837736561886,-10.840624965206471,0.0,224.68750000000037,224.68750000000037,0.0,12.46680873886266
00b34176-f35b-4d2f-adb8-7ab8d539335b,9.08,False,8.92,8.91,9.08,0.16000000000000014,0.16999999999999993,0.0,6.7000882277047396,6.234280061360772,4.611623981766831,9.999999999999787,160.00000000000014,169.99999999999994,0.46580816634396793,2.0884642459379084
00b39d42-813d-4284-80a4-af853afd097f,5.32,True,5.03,5.01,5.2,0.29000000000000004,0.3100000000000005,0.1200000000000001,-3.7342821053453266,-1.0983574233502218,-22.02816207032602,20.000000000000462,169.99999999999994,190.0000000000004,2.635924681995105,18.293879964980693
00b3e097-e277-4bb6-8d76-ce4e7e052c22,6.52,True,6.18,6.26,6.5,0.33999999999999986,0.2599999999999998,0.019999999999999574,9.042808200567361,4.351645617965515,-17.56233690891701,80.00000000000007,320.0000000000003,240.00000000000023,4.691162582601846,26.605145109484372
00b3f65e-8589-4c08-9e5a-3f3cb456e37a,5.12,False,4.85,4.87,5.1,0.27000000000000046,0.25,0.020000000000000462,0.06272774653581763,1.5577578425198966,0.8748417778215064,20.000000000000462,250.0,229.99999999999955,1.495030095984079,0.8121140312856888
00b42660-932a-42f0-ab3e-03f78127279f,5.32,False,5.05,5.05,5.2,0.27000000000000046,0.27000000000000046,0.1200000000000001,-16.265392301245083,-16.265392301245083,-22.703693059966813,0.0,150.00000000000034,150.00000000000034,0.0,6.438300758721731
00b47472-1c8e-4cd9-b38e-cdb5439f7208,8.28,True,8.0,8.12,8.28,0.27999999999999936,0.16000000000000014,0.0,-0.10508376439783579,-1.7000255073720647,-8.98758789822329,119.99999999999922,279.9999999999994,160.00000000000014,1.594941742974229,8.882504133825455
00b48eec-0ee6-4b13-ad1d-93ea7116f20f,4.03675,True,4.0,2.95,3.1,0.036749999999999616,1.0867499999999994,0.9367499999999995,2.865780305501408,-3.0879715702893473,-26.533382413549774,1049.9999999999998,899.9999999999999,149.99999999999991,5.953751875790756,29.399162719051184
00b4a3f4-2cb2-4da4-a476-0d3016b3a430,8.32,False,8.3,8.31,7.8,0.019999999999999574,0.009999999999999787,0.5200000000000005,2.1920808820155147,2.147667977819212,-15.173604739705151,9.999999999999787,500.0000000000009,510.0000000000007,0.044412904196302616,17.365685621720665
00b4e3ae-9502-4c2b-b491-c6ff16145b12,4.0,False,3.91,3.82,4.0,0.08999999999999986,0.18000000000000016,0.0,-16.9419837200718,-15.719190915240478,-25.28388952167493,90.0000000000003,89.99999999999986,180.00000000000017,1.2227928048313217,8.34190580160313
00b4e7c1-fe56-4818-9b1e-aca5a5d7fd00,6.24,True,5.7,5.73,5.9,0.54,0.5099999999999998,0.33999999999999986,27.706376342906722,26.070615965055076,6.514543499999359,30.00000000000025,200.00000000000017,169.99999999999994,1.6357603778516463,21.191832842907363
00b51f86-d422-4fe4-9b5d-a48a8ec6b357,5.08,True,4.84,4.84,5.0,0.2400000000000002,0.2400000000000002,0.08000000000000007,1.4965813202988374,1.4965813202988374,-13.954934057414551,0.0,160.00000000000014,160.00000000000014,0.0,15.451515377713388
00b52ebd-c0d1-4264-8426-22a12fda5d7b,6.88,True,6.53,6.65,6.88,0.34999999999999964,0.22999999999999954,0.0,-9.137778042774947,-7.357987455524671,-6.5066293639781305,120.00000000000011,349.99999999999966,229.99999999999955,1.7797905872502762,2.6311486787968166
00b530e8-227d-4fd7-8308-0ed3cfc96ccd,3.24,True,2.79,3.23,3.2,0.4500000000000002,0.010000000000000231,0.040000000000000036,-0.9332468080604006,-11.227560588767815,-11.224185760311434,439.99999999999994,410.0000000000001,29.999999999999805,10.294313780707414,10.290938952251032
00b552b7-0a76-4fa6-98a7-2368953a03bb,10.52,False,10.24,10.25,10.4,0.27999999999999936,0.2699999999999996,0.11999999999999922,0.9485287763521182,0.5260962817859094,-9.037056904583372,9.999999999999787,160.00000000000014,150.00000000000034,0.4224324945662088,9.98558568093549
00b5739f-50e7-4772-82a3-b9a5cb875424,9.04,False,8.83,8.72,8.9,0.20999999999999908,0.3199999999999985,0.1399999999999988,-4.76311586010093,19.082246951501755,-24.35171351268948,109.99999999999943,70.00000000000028,179.99999999999972,23.845362811602683,19.588597652588547
00b5b657-3c49-42a8-818c-f41d507f4d8c,5.68,True,5.48,5.48,5.68,0.1999999999999993,0.1999999999999993,0.0,5.981599783300319,5.981599783300319,-12.180638918157367,0.0,199.9999999999993,199.9999999999993,0.0,18.162238701457685
00b5c14a-d2ad-486f-a394-bebd279055ca,8.36,False,8.04,8.08,8.36,0.3200000000000003,0.27999999999999936,0.0,-1.7160025448318617,-1.436045776082805,-7.1471836965446425,40.000000000000924,320.0000000000003,279.9999999999994,0.27995676874905673,5.431181151712781
00b5c560-b2f5-45ca-b059-758111a9210d,16.24,False,15.96,15.97,16.1,0.2799999999999976,0.2699999999999978,0.13999999999999702,6.7072664437490195,7.162876391313547,8.468529422827398,9.999999999999787,140.00000000000057,130.0000000000008,0.4556099475645272,1.7612629790783787
00b69a81-1b48-4c49-b0e8-c55693c24c26,6.269375,False,4.62,4.62,4.9,1.649375,1.649375,1.3693749999999998,-2.2352257652482677,-2.2352257652482677,-18.53187265004118,0.0,280.0000000000002,280.0000000000002,0.0,16.296646884792914
00b6c2d0-fd97-4467-98f6-da9b346d9256,5.68,False,5.52,5.52,5.68,0.16000000000000014,0.16000000000000014,0.0,-1.7563673673706455,-1.7563673673706455,-12.881380604392369,0.0,160.00000000000014,160.00000000000014,0.0,11.125013237021724
00b6e54f-dcf3-4ef0-8f08-369e08d9f01e,15.05325,True,14.06,14.06,14.3,0.9932499999999997,0.9932499999999997,0.7532499999999995,4.2358091895359715,4.2358091895359715,-12.334449836939788,0.0,240.00000000000023,240.00000000000023,0.0,16.57025902647576
00b71e37-7b44-407f-95aa-79eed83dab4a,12.16,True,11.91,11.89,12.16,0.25,0.2699999999999996,0.0,-18.360103133950883,-17.342484744676828,-28.566280333886045,19.999999999999574,250.0,269.99999999999955,1.0176183892740553,10.206177199935162
00b74912-e940-4edb-b75b-31fd4befebb1,6.88,True,6.58,6.62,6.8,0.2999999999999998,0.2599999999999998,0.08000000000000007,-5.669650237228404,-6.040102560435466,-21.347213791773342,40.000000000000036,219.99999999999974,179.99999999999972,0.37045232320706223,15.677563554544939
00b77b44-3a99-4b60-ac69-7e4118b235fd,9.24,False,9.06,9.2,9.2,0.17999999999999972,0.040000000000000924,0.040000000000000924,-4.2195967705914885,-7.040233953094936,-7.040233953094936,139.9999999999988,139.9999999999988,0.0,2.8206371825034475,2.8206371825034475
00b8406d-c368-429d-a550-6078d716f08b,10.84,True,10.63,10.62,10.8,0.20999999999999908,0.22000000000000064,0.03999999999999915,-3.730953269874121,-3.9784089845492243,-24.71432823821008,10.000000000001563,169.99999999999994,180.00000000000148,0.24745571467510352,20.98337496833596
00b8675c-ec50-4490-b3bd-73e3d90acae7,5.84,True,5.54,5.54,5.7,0.2999999999999998,0.2999999999999998,0.13999999999999968,9.545383077898077,9.545383077898077,-23.010392737235833,0.0,160.00000000000014,160.00000000000014,0.0,32.55577581513391
00b86e40-a848-4c7e-b97d-d8f939fda7ce,11.273875,False,10.29,10.28,10.4,0.9838750000000012,0.993875000000001,0.873875,-2.1601115822722656,-2.0687944559976263,-6.361189320674823,9.999999999999787,110.00000000000121,120.000000000001,0.09131712627463928,4.2010777384025575
00b8a41e-d5c5-4258-8ca7-8c65dcb6905a,4.68,False,4.36,4.66,4.68,0.3199999999999994,0.019999999999999574,0.0,3.2435394582396424,-19.479877410826468,-20.204704808994432,299.99999999999983,319.9999999999994,19.999999999999574,22.72341686906611,23.448244267234074
00b90208-ee08-4c25-97db-0ec113093b2e,5.52,True,5.52,5.52,5.5,0.0,0.0,0.019999999999999574,0.9021244337895917,0.9021244337895917,0.17825469904051033,0.0,19.999999999999574,19.999999999999574,0.0,0.7238697347490815
00b9e617-12ce-4a8c-a745-436160dceb63,12.574875,True,12.05,12.07,11.8,0.5248749999999998,0.5048750000000002,0.7748749999999998,-17.04792668781936,-15.93326714570675,-19.06206705629929,19.999999999999574,250.0,269.99999999999955,1.1146595421126086,2.014140368479932
00b9f538-831d-48c7-8e9b-483b43b7083a,4.24,False,3.96,3.98,4.2,0.28000000000000025,0.26000000000000023,0.040000000000000036,0.017441040287904087,0.8246518636624567,-1.7561955549165686,20.000000000000018,240.00000000000023,220.0000000000002,0.8072108233745526,1.7736365952044728
00ba6ade-0bfc-4133-a7e9-48ca5e8fd864,11.4249375,False,10.42,10.43,10.6,1.0049375000000005,0.9949375000000007,0.8249375000000008,-5.912330427486382,-5.283376111634328,-8.657937991320592,9.999999999999787,179.99999999999972,169.99999999999994,0.6289543158520541,2.74560756383421
00ba75ef-a065-4aeb-9a1b-de7a6b3d78e7,4.52,True,4.23,4.19,4.3,0.28999999999999915,0.3299999999999992,0.21999999999999975,-7.41371932202834,-3.152977413792091,-26.242717607394873,40.000000000000036,69.9999999999994,109.99999999999943,4.260741908236249,18.82899828536653
00bab0cd-cad0-4537-868f-d1da5b3a7b94,16.0,True,14.84,14.88,15.1,1.1600000000000001,1.1199999999999992,0.9000000000000004,-4.621164319677686,-7.250756102102721,-16.5385074393306,40.000000000000924,259.9999999999998,219.99999999999886,2.6295917824250346,11.917343119652916
00bac925-f977-47d5-8840-dbc15c520fc7,7.28,False,7.04,7.05,7.28,0.2400000000000002,0.23000000000000043,0.0,-1.4892518593949784,-1.6058977323697567,-5.549234939024194,9.999999999999787,240.00000000000023,230.00000000000043,0.11664587297477835,4.059983079629215
00bafbcb-511c-4cba-8482-435c957bf035,8.24,False,8.16,8.19,7.7,0.08000000000000007,0.05000000000000071,0.54,-24.52006628073159,-21.5180600921151,-7.067894700660794,29.99999999999936,459.99999999999994,489.9999999999993,3.002006188616491,17.452171580070797
00bb2569-2630-400c-a07e-6425d97594a0,7.0,True,6.8,6.96,7.0,0.20000000000000018,0.040000000000000036,0.0,-7.812296268061,-11.588075936639052,-12.963431545517503,160.00000000000014,200.00000000000017,40.000000000000036,3.7757796685780525,5.151135277456503
00bb3029-af1e-4c60-b36d-a1478d6ebcf0,9.8,True,9.46,9.47,9.7,0.33999999999999986,0.33000000000000007,0.10000000000000142,-8.387669777134226,-8.281266428525871,-9.048375198017666,9.999999999999787,239.99999999999844,229.99999999999864,0.10640334860835488,0.6607054208834402
00bb44fc-5ba9-41e8-b8fe-0c70dffda2e8,5.68,True,5.13,5.38,5.6,0.5499999999999998,0.2999999999999998,0.08000000000000007,0.020888482406516473,-9.338722837755824,-21.682816518206984,250.0,469.9999999999998,219.99999999999974,9.35961132016234,21.7037050006135
00bb7355-c6a8-4dc9-9d69-7466b5f908ed,8.16,True,7.94,7.91,8.16,0.21999999999999975,0.25,0.0,6.53657298013091,9.738714943531988,-27.085566736753552,30.00000000000025,219.99999999999974,250.0,3.202141963401078,33.62213971688446
00bb8a16-7446-4fc0-b774-a6529763bf58,12.5559375,False,12.53,11.57,11.8,0.02593750000000128,0.9859375000000004,0.7559374999999999,-11.539624604640156,5.8411449705645095,-17.270489327770072,959.9999999999991,729.9999999999986,230.00000000000043,17.380769575204667,5.7308647231299155
00bba57f-dd21-4ff6-8576-09dea06546fd,1.8,True,1.56,1.54,1.8,0.24,0.26,0.0,-2.9659979780815857,-1.7965992009424492,-33.02808307920977,20.000000000000018,240.0,260.0,1.1693987771391365,30.062085101128186
00bbc154-b84b-4f04-bf36-bf87071eabad,6.72,False,6.53,6.52,6.7,0.1899999999999995,0.20000000000000018,0.019999999999999574,-1.5293773813309057,-1.340230358570346,-8.795855942616717,10.000000000000675,169.99999999999994,180.0000000000006,0.18914702276055984,7.266478561285811
00bc13c1-ae74-4fec-8f59-9b81f300bed3,6.12,True,5.82,5.78,6.0,0.2999999999999998,0.33999999999999986,0.1200000000000001,5.303842314607402,12.857831567265467,-19.596580382065508,40.000000000000036,179.99999999999972,219.99999999999974,7.553989252658066,24.90042269667291
00bc17e4-c65d-413b-bdfe-200f45d7f88a,10.12,False,9.94,9.92,10.1,0.17999999999999972,0.1999999999999993,0.019999999999999574,8.638426747930254,10.260367980583773,-25.56983732691182,19.999999999999574,160.00000000000014,179.99999999999972,1.6219412326535192,34.20826407484208
00bc37ae-e09e-4d9f-84a4-8116f271542e,5.2,False,5.2,5.19,5.2,0.0,0.009999999999999787,0.0,42.90275781794768,44.47612100600089,42.90275781794768,9.999999999999787,0.0,9.999999999999787,1.5733631880532073,0.0
00bc3fff-33f6-4164-934a-394fec9b0bdd,9.28,False,9.07,9.06,9.28,0.20999999999999908,0.21999999999999886,0.0,-15.431591125026154,-15.505996003148164,-28.96376217334988,9.999999999999787,209.9999999999991,219.99999999999886,0.07440487812201013,13.532171048323727
00bcd806-7142-4698-b39d-9f5882c4f633,7.48,True,7.3,7.31,7.48,0.1800000000000006,0.17000000000000082,0.0,-8.103187073367113,-7.746940141787834,-18.045314374467136,9.999999999999787,180.0000000000006,170.00000000000082,0.3562469315792791,9.942127301100022
00bce99c-96d7-4b09-b6ab-ed409e98f965,2.92,True,2.55,2.9,2.9,0.3700000000000001,0.020000000000000018,0.020000000000000018,-8.085307709477842,-10.277293802349098,-10.277293802349098,350.0000000000001,350.0000000000001,0.0,2.1919860928712556,2.1919860928712556
00bcfedd-1879-474e-90b4-e35f214e84cf,6.52,True,6.23,6.22,6.3,0.28999999999999915,0.2999999999999998,0.21999999999999975,-3.75304024595817,-3.3320987137098608,-8.447163544634293,10.000000000000675,69.9999999999994,80.00000000000007,0.42094153224830944,4.694123298676123
00bd5d02-1f39-4598-a06d-7bcdaf43a041,6.92,False,6.72,6.71,6.9,0.20000000000000018,0.20999999999999996,0.019999999999999574,-12.49934627708476,-12.531125000346588,-24.147021553026224,9.999999999999787,180.0000000000006,190.0000000000004,0.03177872326182829,11.647675275941465
00bdc599-a0e5-49bd-b533-bd3bf0536fdd,7.96,False,7.74,7.74,7.96,0.21999999999999975,0.21999999999999975,0.0,0.20394245274343392,0.20394245274343392,0.9579460630600015,0.0,219.99999999999974,219.99999999999974,0.0,0.7540036103165676
00bdddc9-e8de-4231-ae49-43b9bb251248,6.797375,True,5.78,5.79,6.0,1.0173749999999995,1.0073749999999997,0.7973749999999997,-18.179161433918107,-17.893037183936002,-17.276613960865987,9.999999999999787,219.99999999999974,209.99999999999997,0.2861242499821053,0.9025474730521204
00bdfbc8-7a11-4d33-a52c-6903b7517320,5.16,False,5.13,5.13,4.7,0.03000000000000025,0.03000000000000025,0.45999999999999996,-8.64390675384219,-8.64390675384219,-13.962909216372617,0.0,429.9999999999997,429.9999999999997,0.0,5.3190024625304275
00be4440-d746-4c1f-980c-84f7a73078c5,4.608,True,4.57,4.58,4.6,0.03799999999999937,0.02799999999999958,0.008000000000000007,5.720615609000484,4.894787495679189,0.8886318939955559,9.999999999999787,29.99999999999936,19.999999999999574,0.825828113321295,4.831983715004928
00beefdc-ed84-4089-933a-4752bd0a5ee4,4.56,True,4.27,4.29,4.56,0.29000000000000004,0.2699999999999996,0.0,7.391475755250516,6.518038052629441,-16.344719646278346,20.000000000000462,290.00000000000006,269.99999999999955,0.8734377026210751,23.73619540152886
00bf0289-a547-4d5a-9b3e-216c8540f0bd,6.2,False,5.97,6.19,6.2,0.23000000000000043,0.009999999999999787,0.0,-0.7474970609279474,-12.459916070928116,-12.66286658352035,220.00000000000063,230.00000000000043,9.999999999999787,11.712419010000168,11.915369522592401
00bf1e58-82a3-4ce2-9924-1f35e6ee6bd7,7.72,False,7.61,7.6,7.7,0.10999999999999943,0.1200000000000001,0.019999999999999574,-12.863092703533201,-12.579534272919844,-19.485633334658083,10.000000000000675,89.99999999999986,100.00000000000054,0.2835584306133576,6.622540631124881
00bf498a-74ba-44cd-9b1b-5b33e418b1bd,6.76,True,6.53,6.54,6.76,0.22999999999999954,0.21999999999999975,0.0,-8.853686897575537,-8.915786287710981,-24.996614572817165,9.999999999999787,229.99999999999955,219.99999999999974,0.062099390135443855,16.14292767524163
00bf849d-26ad-46e3-8049-ffe5503dbb05,4.36,True,4.24,4.21,4.36,0.1200000000000001,0.15000000000000036,0.0,-7.964629292696384,-6.032598487707382,-16.983143532630237,30.00000000000025,120.00000000000011,150.00000000000034,1.9320308049890018,9.018514239933854
00bf9ce1-7a0a-4815-8a2e-63b2161f9571,12.4,False,12.4,11.85,12.4,0.0,0.5500000000000007,0.0,-2.3656494105077477,-0.25228079127653763,-2.3656494105077477,550.0000000000007,0.0,550.0000000000007,2.11336861923121,0.0
00bfcc35-f024-4e62-bcdb-03cd50e938f5,12.8,False,12.75,12.74,12.8,0.05000000000000071,0.0600000000000005,0.0,-2.8725233161317663,-2.3299966666610947,-9.298382618570297,9.999999999999787,50.00000000000071,60.0000000000005,0.5425266494706715,6.425859302438531
00c009f6-b722-4be2-b38b-d6b8769961d1,8.48,False,8.28,8.28,8.48,0.20000000000000107,0.20000000000000107,0.0,30.133971549219137,30.133971549219137,17.41603164250723,0.0,200.00000000000108,200.00000000000108,0.0,12.717939906711905
00c01ea3-db80-40b5-ba36-dc54d3e16ee8,4.48,True,4.2,4.2,4.3,0.28000000000000025,0.28000000000000025,0.1800000000000006,-12.87747919330364,-12.87747919330364,-20.746789386818136,0.0,99.99999999999964,99.99999999999964,0.0,7.869310193514496
00c025bb-52a8-4396-8ee5-1f65f735dcf0,8.16,False,7.94,8.08,8.16,0.21999999999999975,0.08000000000000007,0.0,2.372868819506149,2.738221603420211,-1.7673560682950886,139.9999999999997,219.99999999999974,80.00000000000007,0.3653527839140618,4.140224887801238
00c02a65-f0c4-4f0e-97bd-af1afa6d561c,8.12,False,7.06,7.06,7.2,1.0599999999999996,1.0599999999999996,0.919999999999999,-6.745785466029183,-6.745785466029183,-10.701926016432633,0.0,140.00000000000057,140.00000000000057,0.0,3.9561405504034504
00c06535-c8e0-4272-9394-a069fd2a575f,7.24,False,6.96,6.96,7.1,0.28000000000000025,0.28000000000000025,0.14000000000000057,-0.7968288237227749,-0.7968288237227749,-23.240030631952425,0.0,139.9999999999997,139.9999999999997,0.0,22.443201808229652
00c0775a-5bf6-4689-9a2f-5466ba98ba85,11.92,True,11.51,11.63,11.9,0.41000000000000014,0.28999999999999915,0.019999999999999574,5.927158857822146,6.711886330961698,-5.957526580775008,120.000000000001,390.00000000000057,269.99999999999955,0.7847274731395517,11.884685438597154
00c0c5ce-1b18-4900-a5a5-2537e39a0406,5.72,True,5.55,5.56,5.7,0.16999999999999993,0.16000000000000014,0.019999999999999574,-3.539386110522402,-4.1338000644690505,-15.687895930917279,9.999999999999787,150.00000000000034,140.00000000000057,0.5944139539466486,12.148509820394876
00c1356e-a73c-4e97-be3b-058154c96b72,2.88,False,2.38,2.37,2.5,0.5,0.5099999999999998,0.3799999999999999,-3.048409432537281,-1.8764296994350982,-13.099398202512868,9.999999999999787,120.00000000000011,129.9999999999999,1.1719797331021828,10.050988769975586
00c1635a-529b-4611-b1e5-912255db9ea8,4.44,True,4.23,4.21,4.4,0.20999999999999996,0.23000000000000043,0.040000000000000036,-3.038469141179865,-3.0327201070102334,-23.03433759971459,20.000000000000462,169.99999999999994,190.0000000000004,0.005749034169631795,19.995868458534723
00c184ab-0ac1-494a-baf7-daa3e9980502,7.76,True,7.58,7.72,7.76,0.17999999999999972,0.040000000000000036,0.0,-0.742849313317167,-2.798730381436307,-4.254270246991177,139.9999999999997,179.99999999999972,40.000000000000036,2.05588106811914,3.51142093367401
00c1af19-f286-4c4c-9e26-85a60ee4cc03,10.2,True,9.2,9.18,9.3,1.0,1.0199999999999996,0.8999999999999986,0.4382492369805793,2.8510517227003978,-6.693283347661361,19.999999999999574,100.00000000000142,120.000000000001,2.4128024857198183,7.13153258464194
00c22272-a561-4461-af5c-c5fdd8d12165,7.32,True,7.17,7.16,7.3,0.15000000000000036,0.16000000000000014,0.020000000000000462,-15.019489130587814,-13.78587660459011,-24.55863482853526,9.999999999999787,129.9999999999999,139.9999999999997,1.2336125259977049,9.539145697947447
00c27b06-fab9-4d73-803c-bb8f39d70cbb,10.24,False,9.97,9.97,10.1,0.2699999999999996,0.2699999999999996,0.14000000000000057,-0.665136127327575,-0.665136127327575,2.753934455876011,0.0,129.999999999999,129.999999999999,0.0,3.419070583203586
00c2858c-a697-460f-ac0e-9c588a90c557,12.8636875,True,10.8,10.91,11.1,2.0636874999999986,1.9536874999999991,1.7636874999999996,1.5210650537898545,-3.853504789660125,-19.4836155219903,109.99999999999943,299.9999999999989,189.9999999999995,5.374569843449979,21.004680575780153
00c31ec8-21fd-49ae-b9a4-cb67c35abdb1,5.08,False,4.84,4.84,5.08,0.2400000000000002,0.2400000000000002,0.0,3.4312948139170545,3.4312948139170545,-23.09813601872084,0.0,240.00000000000023,240.00000000000023,0.0,26.529430832637896
00c31f09-7f06-41ed-a366-95603cc84517,6.44,True,6.27,6.32,6.4,0.17000000000000082,0.1200000000000001,0.040000000000000036,-14.32983864332674,-14.212458669965725,-18.911606331515884,50.00000000000071,130.0000000000008,80.00000000000007,0.11737997336101458,4.581767688189144
00c3206b-b3a5-4418-9d39-a9aa959b6be7,5.52,False,5.49,5.5,5.5,0.02999999999999936,0.019999999999999574,0.019999999999999574,-1.815298532564832,-2.0530431788538364,-2.0530431788538364,9.999999999999787,9.999999999999787,0.0,0.23774464628900427,0.23774464628900427
00c3327b-36dc-4863-92f2-03266aa6c184,15.08,False,14.89,14.89,15.08,0.1899999999999995,0.1899999999999995,0.0,8.235557329536658,8.235557329536658,-9.999838094205842,0.0,189.9999999999995,189.9999999999995,0.0,18.2353954237425
00c377a8-e475-463c-a4e7-d907f7a04e21,10.44,False,10.18,9.54,9.7,0.2599999999999998,0.9000000000000004,0.7400000000000002,-19.113677157589223,-2.2058883504806386,-14.294184681976269,640.0000000000006,480.00000000000045,160.00000000000014,16.907788807108584,4.819492475612954
00c3945e-aa5d-480b-9bd0-52d66bb70048,13.96,True,13.67,13.69,13.9,0.2900000000000009,0.27000000000000135,0.0600000000000005,2.7295916251269334,2.2207939167943906,-15.991136363167795,19.999999999999574,230.00000000000043,210.00000000000085,0.5087977083325428,18.72072798829473
00c3b960-e918-4476-92c8-c49ea33c623b,2.4746875,True,2.33,2.23,2.4746875,0.14468749999999986,0.24468749999999995,0.0,0.11023436442460717,14.633917511377339,-32.9287206087247,100.00000000000009,144.68749999999986,244.68749999999994,14.523683146952731,33.03895497314931
00c3b9a7-fd9d-4d32-90ac-046d480c3743,7.88,True,7.62,7.61,7.7,0.2599999999999998,0.2699999999999996,0.17999999999999972,3.3980841028460835,3.5820230496227845,-6.299664724546651,9.999999999999787,80.00000000000007,89.99999999999986,0.18393894677670097,9.697748827392735
00c3bb4e-5e58-4b87-abbe-f34da14bddf3,6.0,False,5.66,5.67,5.8,0.33999999999999986,0.33000000000000007,0.20000000000000018,4.732367388370393,3.4904856584623363,-12.03241169306866,9.999999999999787,139.9999999999997,129.9999999999999,1.2418817299080565,16.764779081439052
00c41abf-5308-417d-94ab-21c147a60181,8.64,True,8.39,8.38,8.5,0.25,0.2599999999999998,0.14000000000000057,-7.522443897259923,-7.360364406916459,-19.962969422826404,9.999999999999787,109.99999999999943,119.99999999999922,0.16207949034346392,12.440525525566482
00c4ee05-fe17-4710-81c8-f53e24723c0c,10.84,False,10.49,10.58,10.8,0.34999999999999964,0.2599999999999998,0.03999999999999915,3.529202465130668,-1.0798988875498772,-12.75352960141092,89.99999999999986,310.0000000000005,220.00000000000063,4.609101352680545,16.282732066541588
00c50267-b89d-40f9-9fee-b4a515c739a4,9.4,False,9.22,9.21,9.4,0.17999999999999972,0.1899999999999995,0.0,8.244858695659628,7.106179578955467,13.743548607090355,9.999999999999787,179.99999999999972,189.9999999999995,1.1386791167041617,5.498689911430727
00c5b44d-8cd2-4cb3-bae5-431a2dc039e4,3.08,False,2.91,2.91,3.08,0.16999999999999993,0.16999999999999993,0.0,-12.588038471701479,-12.588038471701479,-19.30496589180753,0.0,169.99999999999994,169.99999999999994,0.0,6.716927420106051
00c5c862-2243-43b4-ad9f-7397b7815a98,8.44,True,8.1,8.37,8.4,0.33999999999999986,0.07000000000000028,0.03999999999999915,1.152546727664249,-3.3882253021435735,-5.414614158101599,269.99999999999955,300.0000000000007,30.000000000001137,4.5407720298078225,6.567160885765848
00c65625-8683-4d90-8854-869705193f46,7.76,False,7.59,7.58,7.76,0.16999999999999993,0.17999999999999972,0.0,-1.326586195113114,-1.6076165223163283,-15.898910164763615,9.999999999999787,169.99999999999994,179.99999999999972,0.2810303272032144,14.572323969650501
00c680a3-e6fd-400a-a915-488773122ab5,22.16,True,21.26,21.62,22.0,0.8999999999999986,0.5399999999999991,0.16000000000000014,0.23134337987880657,-0.851981021390126,-2.05675153337945,359.99999999999943,739.9999999999984,379.999999999999,1.0833244012689325,2.2880949132582566
00c69e14-23dc-4de6-8017-096ac8c2be29,2.92,False,2.67,2.64,2.8,0.25,0.2799999999999998,0.1200000000000001,17.455018422877167,17.918803872269546,3.407064116827337,29.999999999999805,129.9999999999999,159.9999999999997,0.463785449392379,14.04795430604983
00c7b457-9c7c-402c-98b4-49ef37287849,10.88,True,10.6,10.67,10.88,0.28000000000000114,0.21000000000000085,0.0,-7.094349686184356,-7.838422352030447,-23.20905420817681,70.00000000000028,280.00000000000114,210.00000000000085,0.7440726658460912,16.114704521992454
00c7ca0d-18eb-45d0-ac2c-0fa351bd6ecd,5.7353125,True,5.19,5.52,5.4,0.5453124999999996,0.21531250000000046,0.3353124999999997,5.676717644870877,-22.534549294340078,-20.509220657615252,329.9999999999992,209.99999999999997,119.99999999999922,28.211266939210955,26.18593830248613
00c7d8e0-c73b-420d-85b3-ab9c06cc0cfa,7.12,False,6.87,6.92,7.1,0.25,0.20000000000000018,0.020000000000000462,2.559050029561351,3.2445565114273998,-1.8368868552881585,49.99999999999982,229.99999999999955,179.99999999999972,0.6855064818660486,4.39593688484951
00c80bdc-50e5-44ce-8e59-6e611a604d44,3.24,False,3.01,3.0,3.1,0.23000000000000043,0.2400000000000002,0.14000000000000012,6.878259495516866,6.679744905972796,7.663150977310787,9.999999999999787,90.0000000000003,100.00000000000009,0.19851458954406986,0.7848914817939212
00c83b68-223d-443b-85e1-357633c526c1,3.36,True,3.06,3.05,3.2,0.2999999999999998,0.31000000000000005,0.1599999999999997,4.748973258789991,4.913912169379264,-20.590133668103054,10.000000000000231,140.0000000000001,150.00000000000034,0.16493891058927357,25.339106926893045
00c85b74-cb38-4222-b043-8a525eb0a0e9,0.825625,True,0.54,0.54,0.8,0.285625,0.285625,0.02562500000000001,76.3203029577523,76.3203029577523,5.050368858223724,0.0,260.0,260.0,0.0,71.26993409952858
00c8697e-4848-4241-8acd-91765609238f,4.64,False,4.27,4.36,4.6,0.3700000000000001,0.27999999999999936,0.040000000000000036,3.0326675355052513,-0.4770177182513205,-12.075709302410116,90.00000000000074,330.00000000000006,239.99999999999932,3.509685253756572,15.108376837915367
00c87dda-f30a-4e24-bfc3-d67b2f469ffb,5.32,False,5.2,5.25,5.3,0.1200000000000001,0.07000000000000028,0.020000000000000462,-0.2808069696798518,-3.6835461484879093,-9.56390049933828,49.99999999999982,99.99999999999964,49.99999999999982,3.4027391788080577,9.283093529658428
00c8c640-2b97-4173-8ad7-e2f0aeb5afbb,8.44,True,8.26,8.22,8.4,0.17999999999999972,0.21999999999999886,0.03999999999999915,-9.76427838853715,-9.736436952029516,-27.3830654353129,39.99999999999915,140.00000000000057,179.99999999999972,0.027841436507634043,17.61878704677575
00c8f29a-2b11-463f-b5c8-e41273158b05,9.6,False,9.34,9.34,9.5,0.2599999999999998,0.2599999999999998,0.09999999999999964,23.654628771435906,23.654628771435906,11.02320002454202,0.0,160.00000000000014,160.00000000000014,0.0,12.631428746893887
00c9660a-6271-448f-8c88-dbda6dfddac8,7.28,True,7.02,7.01,7.1,0.2600000000000007,0.27000000000000046,0.1800000000000006,-4.494038839012462,-2.8357737723934915,-15.504346781993412,9.999999999999787,80.00000000000007,89.99999999999986,1.6582650666189704,11.010307942980951
00c972a3-cf56-41d9-8435-f09899c446eb,6.8,True,6.41,6.42,6.7,0.3899999999999997,0.3799999999999999,0.09999999999999964,-4.611977909912395,-4.786331466692582,-19.253515836730166,9.999999999999787,290.00000000000006,280.0000000000002,0.17435355678018727,14.641537926817772
00c9eb82-5ebb-43dc-b1e4-094b28799b52,5.72,True,5.55,5.56,5.7,0.16999999999999993,0.16000000000000014,0.019999999999999574,-6.45637683168566,-6.91901344383742,-25.96350232514794,9.999999999999787,150.00000000000034,140.00000000000057,0.4626366121517602,19.50712549346228
00caa3ed-d229-43b0-a8c6-8350b6849751,7.24,False,7.16,7.17,7.2,0.08000000000000007,0.07000000000000028,0.040000000000000036,0.8106245952910578,0.10382248040333271,-2.357556084803397,9.999999999999787,40.000000000000036,30.00000000000025,0.706802114887725,3.168180680094455
00cad21f-7859-472d-a46d-e39ab4534b2d,3.6,False,3.27,3.3,3.6,0.33000000000000007,0.30000000000000027,0.0,-1.2227873205097224,-0.021290069828900485,2.41367122359101,29.999999999999805,330.00000000000006,300.0000000000003,1.201497250680822,3.6364585441007327
00cae43d-df86-4a39-acd4-12ddac00c37a,9.12,True,8.89,9.04,9.1,0.22999999999999865,0.08000000000000007,0.019999999999999574,1.8940967190133176,-13.38032865218805,-14.3163995892764,149.99999999999858,209.9999999999991,60.0000000000005,15.274425371201367,16.21049630828972
00cafab4-a6a7-461a-9ff7-a95270b04672,12.3411875,True,11.29,11.28,11.5,1.051187500000001,1.0611875000000008,0.8411875000000002,20.74783642124006,22.246171763558436,-13.174783749988624,9.999999999999787,210.00000000000085,220.00000000000063,1.4983353423183772,33.92262017122869
00cb0051-5a93-410f-a5cb-7e4c54c7d195,6.2,True,5.98,6.0,6.2,0.21999999999999975,0.20000000000000018,0.0,-5.407599491925871,-6.033665863108209,-11.551403872135028,19.999999999999574,219.99999999999974,200.00000000000017,0.626066371182338,6.143804380209157
00cb7755-bd4e-495b-9906-38d300e602dd,4.64,False,4.63,4.64,4.6,0.009999999999999787,0.0,0.040000000000000036,6.145339200436948,5.572446017745776,5.873365250033701,9.999999999999787,30.00000000000025,40.000000000000036,0.5728931826911721,0.2719739504032468
00cb9f0c-3d03-4c6f-a700-f665f7d072fb,6.76,True,6.51,6.52,6.76,0.25,0.2400000000000002,0.0,-6.977824821538802,-7.747567038516592,-25.729676988142884,9.999999999999787,250.0,240.00000000000023,0.7697422169777894,18.75185216660408
00cba5ea-ca43-4507-9bac-196bf5a388e1,8.6,True,8.25,8.46,8.4,0.34999999999999964,0.1399999999999988,0.1999999999999993,-2.190205609027748,-15.214341013416513,-15.601610114842426,210.00000000000085,150.00000000000034,60.0000000000005,13.024135404388765,13.411404505814678
00cbb680-b951-43e6-84ce-0b14e5f3729f,12.16,True,11.95,11.93,12.16,0.21000000000000085,0.23000000000000043,0.0,-10.044187949018966,-9.53412810132888,-25.314926366300554,19.999999999999574,210.00000000000085,230.00000000000043,0.5100598476900853,15.270738417281589
00cc0d7d-180f-433a-baf9-3667e2f1ed4e,6.4,False,6.08,6.12,6.4,0.3200000000000003,0.28000000000000025,0.0,4.395376235437595,3.4900018961955963,-1.2637176846930147,40.000000000000036,320.0000000000003,280.0000000000002,0.9053743392419991,5.65909392013061
00cc58ef-f037-4328-8bdc-7292ed8f95f7,13.04,True,12.66,12.69,12.9,0.379999999999999,0.34999999999999964,0.1399999999999988,1.461605925162863,2.1081008200181603,-7.8599392286066205,29.99999999999936,240.00000000000023,210.00000000000085,0.6464948948552973,9.321545153769483
00cc7c1f-984f-4a71-b180-994f3814fb0d,8.0,True,7.76,7.7,7.9,0.2400000000000002,0.2999999999999998,0.09999999999999964,-2.0582237365847242,-4.284015010107227,-7.8510006164213095,59.99999999999961,140.00000000000057,200.00000000000017,2.225791273522503,5.792776879836586
00ccb1a7-f304-456c-83d0-0d1d8abc5e57,1.7066875,False,1.6,1.62,1.7,0.10668749999999982,0.0866874999999998,0.006687499999999957,-3.132026173350973,-3.938951341232451,-11.632392641133046,20.000000000000018,99.99999999999987,79.99999999999984,0.8069251678814782,8.500366467782074
00ccc4f9-67ba-4d3c-99b9-ae099203b4d5,7.36,False,7.13,7.14,7.36,0.23000000000000043,0.22000000000000064,0.0,20.402666655125415,21.384833404194435,13.019896724436547,9.999999999999787,230.00000000000043,220.00000000000063,0.9821667490690196,7.382769930688868
00cce681-d859-4842-94a6-81397693d70c,3.32,True,3.12,3.1,3.3,0.19999999999999973,0.21999999999999975,0.020000000000000018,21.716778572451332,19.56490884913079,14.946248133930975,20.000000000000018,179.99999999999972,199.99999999999974,2.151869723320541,6.770530438520357
00cd00b4-8f0d-46b3-8a66-f9793467943f,5.48,True,5.23,5.21,5.3,0.25,0.27000000000000046,0.1800000000000006,-6.673555197518614,-3.057442651214333,-25.437189698705254,20.000000000000462,69.9999999999994,89.99999999999986,3.616112546304281,18.76363450118664
00cdd404-b7bd-49b6-a916-4d3409770365,12.067,False,11.07,11.07,11.2,0.9969999999999999,0.9969999999999999,0.8670000000000009,-15.222379787758333,-15.222379787758333,-15.38944324366758,0.0,129.999999999999,129.999999999999,0.0,0.16706345590924698
00ce325e-e069-492e-ab93-70ebe66ced22,5.6,True,5.39,5.36,5.6,0.20999999999999996,0.23999999999999932,0.0,29.520390435575973,28.3923585477373,1.8410053575324068,29.99999999999936,209.99999999999997,239.99999999999932,1.1280318878386737,27.679385078043566
00ce3502-fc87-4aa4-99c3-10c5097d4e9d,9.56,False,9.24,9.29,9.56,0.3200000000000003,0.27000000000000135,0.0,17.03216303790385,10.947122742703431,-17.513860945793326,49.999999999998934,320.0000000000003,270.00000000000136,6.085040295200418,34.546023983697175
00ce4677-ae1d-4f84-bfc3-d064899ac184,9.68825,False,8.71,8.68,8.8,0.9782499999999992,1.0082500000000003,0.8882499999999993,-15.374670832714358,-7.7125296839877215,-30.885151006136134,30.000000000001137,89.99999999999986,120.000000000001,7.662141148726636,15.510480173421776
00cee06b-18a1-41f4-a376-b5a204d154a7,3.3505,True,2.68,2.67,2.9,0.6704999999999997,0.6804999999999999,0.4504999999999999,3.632128687188177,4.58491889584808,-24.913821327596104,10.000000000000231,219.99999999999974,229.99999999999997,0.9527902086599034,28.54595001478428
00cee8ef-c923-4fa5-afc1-69f1c968da4d,10.2,False,9.97,9.98,10.2,0.22999999999999865,0.21999999999999886,0.0,15.278518858938988,14.79359678202891,-9.91104412578748,9.999999999999787,229.99999999999864,219.99999999999886,0.4849220769100775,25.189562984726468
00cf4045-b4ea-4ba6-b0d4-af7be8188b5f,4.92,True,4.72,4.72,4.9,0.20000000000000018,0.20000000000000018,0.019999999999999574,-2.998413009288069,-2.998413009288069,-27.615140385574822,0.0,180.0000000000006,180.0000000000006,0.0,24.616727376286754
00cf781b-f7c3-4143-9e81-0687f6ab3e39,7.12,True,7.01,6.99,7.1,0.11000000000000032,0.1299999999999999,0.020000000000000462,-27.009638886848812,-25.884674780995002,-29.11156992615138,19.999999999999574,89.99999999999986,109.99999999999943,1.1249641058538096,2.101931039302567
00cfa8f6-accd-4be0-87d3-ad31d2486183,3.32,True,3.08,3.07,3.2,0.23999999999999977,0.25,0.11999999999999966,-5.581665226798035,-4.153067998158487,-19.63908874453956,10.000000000000231,120.00000000000011,130.00000000000034,1.428597228639548,14.057423517741526
00cfb9de-1f01-4a83-b83f-eb12e5333a93,7.4535625,True,5.98,7.38,6.4,1.4735624999999999,0.07356250000000042,1.0535625,3.2002540937189337,5.730002690416895,-18.905592356855667,1399.9999999999995,419.99999999999994,979.9999999999995,2.5297485966979614,22.1058464505746
00d00c21-3bbb-4943-9453-abf3b6fd39ca,3.16,True,2.98,2.98,3.16,0.18000000000000016,0.18000000000000016,0.0,-13.721987248300184,-13.721987248300184,-29.088605353078254,0.0,180.00000000000017,180.00000000000017,0.0,15.36661810477807
00d051b8-632d-415c-b3ca-3581e5b9941e,3.36,False,3.07,3.08,3.36,0.29000000000000004,0.2799999999999998,0.0,6.52212737699407,5.828860476743228,-4.563817032562416,10.000000000000231,290.00000000000006,279.99999999999983,0.6932669002508423,11.085944409556486
00d09b66-e06c-47fd-88a5-e7ee124573bd,3.12,True,2.71,2.73,2.9,0.41000000000000014,0.3900000000000001,0.2200000000000002,-5.667680690367691,-7.41677614277578,-19.534256108083497,20.000000000000018,189.99999999999994,169.99999999999994,1.7490954524080893,13.866575417715806
00d0b905-edf6-4a5e-b66d-c50b4ad44461,7.84,True,7.54,7.55,7.8,0.2999999999999998,0.29000000000000004,0.040000000000000036,-10.331378234703301,-10.2523574273671,-20.86698677849478,9.999999999999787,259.9999999999998,250.0,0.07902080733620132,10.53560854379148
00d0d5bf-647b-498d-bb85-38d7c454d797,9.28,False,9.07,9.07,9.28,0.20999999999999908,0.20999999999999908,0.0,9.793112905343467,9.793112905343467,-19.32993514272591,0.0,209.9999999999991,209.9999999999991,0.0,29.123048048069375
00d11f8b-f17f-4ae5-804d-4b4d18939b3b,9.16,False,8.83,8.84,9.1,0.33000000000000007,0.3200000000000003,0.0600000000000005,-4.337441570479717,-4.727475954476803,-25.472285373445555,9.999999999999787,269.99999999999955,259.9999999999998,0.3900343839970857,21.13484380296584
00d19050-8b80-4772-bcdd-f1f1eed247e3,10.12,False,10.02,10.02,10.1,0.09999999999999964,0.09999999999999964,0.019999999999999574,19.25860634583271,19.25860634583271,10.754078908930255,0.0,80.00000000000007,80.00000000000007,0.0,8.504527436902455
00d1eec1-b56c-4627-b2cf-2eb9de0b11ae,12.282625,True,11.28,11.8,11.5,1.002625,0.48262499999999875,0.7826249999999995,1.7007961373170717,-25.053024002057278,-8.965125497719145,520.0000000000014,220.00000000000063,300.0000000000007,26.753820139374348,10.665921635036216
00d29e43-098c-46d4-bfef-85a6bb037751,9.8986875,False,9.37,9.39,9.5,0.5286875000000002,0.5086874999999988,0.3986874999999994,11.980353749208042,13.1248663656227,10.490719134820077,20.00000000000135,130.0000000000008,109.99999999999943,1.1445126164146568,1.489634614387965
00d2a1fa-77b6-43d9-9b25-5634cae9d007,5.56,False,5.41,5.56,5.56,0.14999999999999947,0.0,0.0,18.992791993991556,6.765553567183173,6.765553567183173,149.99999999999946,149.99999999999946,0.0,12.227238426808384,12.227238426808384
00d2ad33-f5f3-4bb3-87a0-8cb0249fc5a8,14.9663125,True,14.01,13.98,14.1,0.956312500000001,0.9863125000000004,0.8663125000000012,8.250129129835251,11.891595370559815,-14.6710459709723,29.99999999999936,89.99999999999986,119.99999999999922,3.6414662407245633,22.921175100807552
00d2c836-90e1-41be-bcb0-80d528a50d7a,11.2,True,10.89,10.9,11.2,0.3099999999999987,0.29999999999999893,0.0,-1.5529629857858216,-1.2641483511283123,-4.027480487012507,9.999999999999787,309.99999999999875,299.9999999999989,0.28881463465750934,2.4745175012266856
00d2f42c-2b62-4fa7-a73b-2b79e4eebb1c,11.6,False,11.39,11.37,11.5,0.20999999999999908,0.23000000000000043,0.09999999999999964,39.38599368535857,39.74332036399954,28.602202879250857,20.00000000000135,109.99999999999943,130.0000000000008,0.3573266786409661,10.783790806107714
00d32a16-e25b-4df1-a33f-153bb9691420,6.08,True,5.73,5.73,5.9,0.34999999999999964,0.34999999999999964,0.17999999999999972,-9.90309529757186,-9.90309529757186,-31.43859686709863,0.0,169.99999999999994,169.99999999999994,0.0,21.535501569526772
00d35dc0-2192-4dc9-ab26-a2b8e032033d,5.32,False,4.43,4.44,4.5,0.8900000000000006,0.8799999999999999,0.8200000000000003,-24.765023551989795,-25.817611214208274,-28.887309774799807,10.000000000000675,70.00000000000028,59.99999999999961,1.0525876622184782,4.122286222810011
00d38620-225c-486a-8dba-0f28875719b9,4.84,False,4.67,4.64,4.7,0.16999999999999993,0.20000000000000018,0.13999999999999968,-2.6688761413965265,-0.4885598162127301,-4.165051257533941,30.00000000000025,30.00000000000025,60.0000000000005,2.1803163251837963,1.4961751161374144
00d38fd1-8ed1-4302-b3e5-5e79e3358c7a,12.24,True,11.79,11.83,12.1,0.45000000000000107,0.41000000000000014,0.14000000000000057,-1.5418206772001792,-1.0739175133324863,-7.239947072975022,40.000000000000924,310.0000000000005,269.99999999999955,0.46790316386769293,5.698126395774843
00d3b2c5-4c92-44fc-92ba-de90e169c16f,8.56,False,8.24,8.28,8.4,0.3200000000000003,0.28000000000000114,0.16000000000000014,-0.6882144214805618,-2.7974938652025356,-10.771037240047818,39.99999999999915,160.00000000000014,120.000000000001,2.1092794437219737,10.082822818567257
00d3c095-0018-4391-bd2d-6e42b8bb3c37,5.96,False,5.74,5.69,5.9,0.21999999999999975,0.2699999999999996,0.05999999999999961,23.1887867904778,25.139789685719787,17.196951637867905,49.99999999999982,160.00000000000014,209.99999999999997,1.951002895241988,5.9918351526098945
00d3dd6a-36df-4dda-90be-ca25b28a0a05,6.88,False,6.79,6.78,6.88,0.08999999999999986,0.09999999999999964,0.0,2.8547345329733496,3.682935413678293,-10.41905627864423,9.999999999999787,89.99999999999986,99.99999999999964,0.8282008807049435,13.27379081161758
00d45651-4d85-4154-bef5-1734fd37559d,7.68,True,7.48,7.46,7.68,0.1999999999999993,0.21999999999999975,0.0,-6.98062701216945,-3.8244700290187863,-22.669645857102815,20.000000000000462,199.9999999999993,219.99999999999974,3.1561569831506633,15.689018844933365
00d46271-5a90-43f2-a432-45991a95a349,7.76,False,7.71,7.73,7.76,0.04999999999999982,0.02999999999999936,0.0,4.396043006528169,4.127734701371019,1.4943909075764295,20.000000000000462,49.99999999999982,29.99999999999936,0.26830830515714954,2.9016520989517396
00d47f98-0993-4073-95fc-924cc7450543,3.4,True,3.16,3.17,3.4,0.23999999999999977,0.22999999999999998,0.0,1.6084250748400646,-1.0971352027888577,-29.237476820992946,9.999999999999787,239.99999999999977,229.99999999999997,2.7055602776289223,30.84590189583301
00d50646-d2c2-4ebd-b3b2-dd5f0d46b04e,3.48,True,3.14,3.28,3.48,0.33999999999999986,0.20000000000000018,0.0,7.500324431448808,-1.665605723892595,-12.393592635628506,139.9999999999997,339.9999999999999,200.00000000000017,9.165930155341403,19.893917067077314
00d52ad9-bd08-458e-a559-0bcd5ed5042b,13.0724375,False,12.11,12.09,12.2,0.9624375000000001,0.9824374999999996,0.8724375000000002,-3.43678287690505,-2.519915716830002,-10.706633541704816,19.999999999999574,89.99999999999986,109.99999999999943,0.9168671600750478,7.269850664799766
00d537ca-4c2e-456d-8151-7ebae45ffa08,11.68,False,11.68,11.68,11.68,0.0,0.0,0.0,31.291061022563618,31.291061022563618,31.291061022563618,0.0,0.0,0.0,0.0,0.0
00d56e62-d079-4ed1-bb25-e9a1c565893e,13.56,False,13.39,13.39,13.56,0.16999999999999993,0.16999999999999993,0.0,-4.019471240168609,-4.019471240168609,-21.734344535743144,0.0,169.99999999999994,169.99999999999994,0.0,17.714873295574534
00d5a942-01c2-4a02-a3ca-4b38f514bebe,1.64,False,1.58,1.59,1.6,0.05999999999999983,0.04999999999999982,0.039999999999999813,-2.4363286807806896,-2.419828406333062,-2.6088013836402526,10.000000000000009,20.000000000000018,10.000000000000009,0.016500274447627472,0.17247270285956295
00d5ee5b-06e2-40c8-baeb-20a6af920084,7.12,False,6.84,6.84,7.0,0.28000000000000025,0.28000000000000025,0.1200000000000001,-5.244731841978791,-5.244731841978791,-23.1269882804235,0.0,160.00000000000014,160.00000000000014,0.0,17.88225643844471
00d5fac8-a95b-4f45-9f99-b96ca1a2c87e,5.44,True,5.31,5.32,5.4,0.13000000000000078,0.1200000000000001,0.040000000000000036,-3.5838922224005962,-4.29664042722227,-13.471035990106833,10.000000000000675,90.00000000000074,80.00000000000007,0.7127482048216738,9.887143767706236
00d613da-4f84-46a8-b586-fac40219b5ea,13.16,True,12.83,13.01,13.16,0.33000000000000007,0.15000000000000036,0.0,3.310033883754081,-0.045529753785538196,-7.158458651952032,179.99999999999972,330.00000000000006,150.00000000000034,3.355563637539619,10.468492535706114
00d61b8c-85df-4e89-891a-27d361a31f66,8.2,False,7.97,7.98,8.1,0.22999999999999954,0.21999999999999886,0.09999999999999964,-0.6975976236351108,-1.0187864997877114,-16.15447253547718,10.000000000000675,129.9999999999999,119.99999999999922,0.3211888761526006,15.456874911842068
00d62855-0d09-417c-b7af-2ee3ebaa124a,6.96,False,6.93,6.91,6.96,0.03000000000000025,0.04999999999999982,0.0,-7.985629698809457,-6.600462002051591,-12.344925759903706,19.999999999999574,30.00000000000025,49.99999999999982,1.3851676967578657,4.359296061094249
00d6578c-fb63-4c0a-9142-c08e080f4fa0,10.52,True,10.32,10.19,10.5,0.1999999999999993,0.33000000000000007,0.019999999999999574,-13.711774598323181,7.754963010011434,-38.50753811506875,130.0000000000008,179.99999999999972,310.0000000000005,21.466737608334615,24.795763516745566
00d65fe6-8fea-477b-a4d6-e730004926b0,11.3348125,False,11.32,11.33,10.5,0.014812499999999673,0.004812499999999886,0.8348125,13.404807320152136,14.552918415813913,-29.253675642441248,9.999999999999787,820.0000000000002,830.0000000000001,1.1481110956617773,42.65848296259338
00d6c189-08e4-421f-9839-d0619d0864af,3.52,False,3.31,3.31,3.5,0.20999999999999996,0.20999999999999996,0.020000000000000018,2.995820581461707,2.995820581461707,-9.46467512238491,0.0,189.99999999999994,189.99999999999994,0.0,12.460495703846618
00d6fd7c-538c-4fa3-aba5-13619693a513,9.76,False,9.62,9.68,9.76,0.14000000000000057,0.08000000000000007,0.0,-2.404580111273105,-2.2947427175318476,-2.544375788978063,60.0000000000005,140.00000000000057,80.00000000000007,0.10983739374125756,0.13979567770495782
00d70596-cb1e-4a03-b805-4d8dba861434,3.56,True,3.19,3.19,3.3,0.3700000000000001,0.3700000000000001,0.26000000000000023,-6.729705164025671,-6.729705164025671,-17.1094001854445,0.0,109.99999999999987,109.99999999999987,0.0,10.37969502141883
00d709d7-6aba-4bfd-9748-38e86bcb7256,5.56,True,5.17,5.21,5.56,0.3899999999999997,0.34999999999999964,0.0,-3.5116344667411314,-5.777452170050416,-13.305748796768505,40.000000000000036,389.99999999999966,349.99999999999966,2.2658177033092843,9.794114330027373
00d719d7-661a-4836-8c28-64d28c560398,6.96,False,6.89,6.9,6.96,0.07000000000000028,0.05999999999999961,0.0,9.72256288656192,9.139635209365151,-3.2648132004290957,10.000000000000675,70.00000000000028,59.99999999999961,0.5829276771967695,12.987376086991016
00d75c51-038b-4528-82dc-f7473d103329,7.0,False,6.91,6.95,7.0,0.08999999999999986,0.04999999999999982,0.0,2.8356476707658462,1.574332898761477,-1.8986949076399815,40.000000000000036,89.99999999999986,49.99999999999982,1.2613147720043691,4.734342578405828
00d7be30-f8ce-4df1-ba44-1dfee1592834,7.84,False,7.57,7.57,7.7,0.2699999999999996,0.2699999999999996,0.13999999999999968,1.3007360646109596,1.3007360646109596,-18.057255465552533,0.0,129.9999999999999,129.9999999999999,0.0,19.357991530163492
00d7c7bd-c56e-441a-a40b-258e5e38f6d3,5.84,True,5.45,5.6,5.7,0.3899999999999997,0.2400000000000002,0.13999999999999968,2.514866661733843,-11.44954492772256,-16.705925223295527,149.99999999999946,250.0,100.00000000000054,13.964411589456402,19.22079188502937
00d7d5fe-4faf-447f-80cc-c51a5ca20d9a,14.32425,True,11.84,11.84,11.5,2.4842499999999994,2.4842499999999994,2.8242499999999993,-28.945777325416373,-28.945777325416373,-18.22293884530622,0.0,339.9999999999999,339.9999999999999,0.0,10.722838480110152
00d9200f-dfc0-41f4-82b9-fb70bf66b30a,9.68,False,9.36,9.43,9.68,0.3200000000000003,0.25,0.0,-1.4509031121371458,-2.492758908102378,-22.653969990769603,70.00000000000028,320.0000000000003,250.0,1.0418557959652321,21.20306687863246
00d95a2d-6d9e-4f99-b50d-8a5d5649eed0,6.28,True,6.0,5.92,6.1,0.28000000000000025,0.3600000000000003,0.1800000000000006,-9.353052200379604,3.6258307375321843,-17.894419197433553,80.00000000000007,99.99999999999964,179.99999999999972,12.978882937911788,8.541366997053949
00d963db-39b6-4b53-8b60-8d68cc1fc4ad,15.4180625,False,14.65,14.42,14.6,0.7680624999999992,0.9980624999999996,0.8180624999999999,-24.095579591683233,4.244013020377169,-17.89812970258636,230.00000000000043,50.00000000000071,179.99999999999972,28.3395926120604,6.197449889096873
00d98597-099e-4738-9981-23ead45b4a3b,6.76,True,6.29,6.13,6.4,0.46999999999999975,0.6299999999999999,0.35999999999999943,3.410727876942009,13.533696338473565,-13.524876561773056,160.00000000000014,110.00000000000031,270.00000000000045,10.122968461531556,16.935604438715064
00d98b5d-33c1-408e-aa6d-f4f83cc0061f,13.2,True,12.36,12.21,12.3,0.8399999999999999,0.9899999999999984,0.8999999999999986,-25.970372409409556,-14.715887150794964,-19.696420982818488,149.99999999999858,59.99999999999872,89.99999999999986,11.254485258614592,6.2739514265910685
00d9c696-3565-4104-ae5b-2df7ae28352b,4.4,True,4.06,4.11,4.4,0.34000000000000075,0.29000000000000004,0.0,-0.1309380039754972,-0.4779014083811894,-12.864295606959395,50.00000000000071,340.00000000000074,290.00000000000006,0.3469634044056922,12.733357602983897
00d9c882-cd80-4ae6-87f2-2df6ee339c72,5.96,True,5.76,5.75,5.96,0.20000000000000018,0.20999999999999996,0.0,-7.922429170869588,-5.562950501972405,-28.631975075083574,9.999999999999787,200.00000000000017,209.99999999999997,2.359478668897183,20.709545904213986
00d9faf7-1fdf-4b52-bb37-0007a5761c31,10.68,True,10.42,10.42,10.68,0.2599999999999998,0.2599999999999998,0.0,-12.795937445390074,-12.795937445390074,-29.37819881916876,0.0,259.9999999999998,259.9999999999998,0.0,16.582261373778685
00da18c3-bbe4-4532-a264-9e1e7f665d6b,9.96,True,9.65,9.66,9.8,0.3100000000000005,0.3000000000000007,0.16000000000000014,-6.328612436995453,-7.451143331422148,-20.543449985057645,9.999999999999787,150.00000000000034,140.00000000000057,1.1225308944266947,14.214837548062192
00da2723-7593-49bd-8560-a557a54403ab,6.88,False,6.82,6.84,6.88,0.05999999999999961,0.040000000000000036,0.0,11.555202794061099,13.21223642663614,13.149849672267534,19.999999999999574,59.99999999999961,40.000000000000036,1.6570336325750414,1.5946468782064347
00da3120-f82a-4324-8ff1-14aec3fddbe4,7.08,True,6.79,6.81,7.08,0.29000000000000004,0.27000000000000046,0.0,-7.336202708107123,-6.883291205626696,-10.624629648882948,19.999999999999574,290.00000000000006,270.00000000000045,0.45291150248042733,3.2884269407758246
00da91ae-92c2-4439-b85c-593b897c64ce,3.76,False,3.61,3.61,3.76,0.1499999999999999,0.1499999999999999,0.0,2.5893469951009833,2.5893469951009833,-17.67460733412576,0.0,149.99999999999991,149.99999999999991,0.0,20.263954329226742
00daffcc-e253-41bf-8ffe-dd1d2c162291,8.24,True,7.94,7.77,8.0,0.2999999999999998,0.47000000000000064,0.2400000000000002,-23.55471308202194,-16.693412043149902,-29.274959035439057,170.00000000000082,59.99999999999961,230.00000000000043,6.861301038872039,5.720245953417116
00db07c4-0fff-43ea-8330-ed8b931ace9f,4.72,True,4.45,4.44,4.6,0.2699999999999996,0.27999999999999936,0.1200000000000001,-17.150603341584137,-16.858927020860662,-29.184385741805382,9.999999999999787,149.99999999999946,159.99999999999926,0.29167632072347516,12.033782400221245
00db4389-ce4c-4466-852f-499fd9a658b3,4.08,True,3.83,3.72,4.0,0.25,0.3599999999999999,0.08000000000000007,-9.222383940157394,2.5440654543575043,-39.88948768255806,109.99999999999987,169.99999999999994,279.99999999999983,11.766449394514899,30.66710374240067
00db658d-8692-4ed6-a80a-e42d585e8670,6.76,True,6.12,6.07,6.3,0.6399999999999997,0.6899999999999995,0.45999999999999996,-7.7932172996329925,-5.8013082803094065,-22.211212122655553,49.99999999999982,179.99999999999972,229.99999999999955,1.991909019323586,14.41799482302256
00dbabed-1f87-4dde-beda-2cdba3c338ed,2.68,False,2.49,2.47,2.68,0.18999999999999995,0.20999999999999996,0.0,-0.8770589430769336,-1.4564769182911843,-17.503645485169248,20.000000000000018,189.99999999999994,209.99999999999997,0.5794179752142508,16.626586542092316
00dbdece-1634-4e19-8d0f-f830e435b06b,10.84,True,10.64,10.67,10.8,0.1999999999999993,0.16999999999999993,0.03999999999999915,-3.2326363800706677,-3.125668020809402,-11.535818700951461,29.99999999999936,160.00000000000014,130.0000000000008,0.1069683592612658,8.303182320880794
00dbf83a-e0da-4ee1-87d7-693a9374e666,11.2,False,11.07,11.05,11.2,0.129999999999999,0.14999999999999858,0.0,26.43607268002952,31.671497250547496,-14.655492352689265,19.999999999999574,129.999999999999,149.99999999999858,5.235424570517978,41.09156503271878
00dbf8bf-b574-442c-991a-9bb2186accc3,8.92,False,8.61,8.63,8.9,0.3100000000000005,0.28999999999999915,0.019999999999999574,-5.930081671313188,-8.244794197780646,-28.31487046887726,20.00000000000135,290.0000000000009,269.99999999999955,2.314712526467458,22.38478879756407
00dc0735-d807-4cee-9158-3ed7281454d2,11.15475,False,10.76,10.15,10.3,0.39475000000000016,1.0047499999999996,0.8547499999999992,-61.32778182387968,18.156232555036187,6.518646419083021,609.9999999999994,459.9999999999991,150.00000000000034,79.48401437891587,67.8464282429627
00dc2c69-6cd3-4df6-bf83-8e2c2f377a88,5.56,False,5.52,5.53,5.56,0.040000000000000036,0.02999999999999936,0.0,3.0533302498196644,3.506853522432348,3.534345410213164,10.000000000000675,40.000000000000036,29.99999999999936,0.45352327261268366,0.48101516039349956
00dc3f07-499a-48f7-b241-5dab4bd5af79,3.235,False,3.11,3.12,3.2,0.125,0.11499999999999977,0.0349999999999997,8.888009956151032,9.181535387566852,4.85924873507573,10.000000000000231,90.0000000000003,80.00000000000007,0.2935254314158193,4.028761221075302
00dcb7a6-3640-4eda-a382-6a7c5f1706cd,9.16,True,8.89,8.91,9.16,0.2699999999999996,0.25,0.0,-1.6434090834925867,-2.657719110567769,-18.736628678487936,19.999999999999574,269.99999999999955,250.0,1.0143100270751821,17.09321959499535
00dd3977-32d7-439e-8e98-a448dce946f9,5.84,True,5.54,5.53,5.7,0.2999999999999998,0.3099999999999996,0.13999999999999968,-0.9411635279447156,-1.1696751060774735,-19.175463769209543,9.999999999999787,160.00000000000014,169.99999999999994,0.2285115781327579,18.234300241264826
00dd3bfb-89a5-4b96-b399-f701a9f0f470,5.36,False,5.11,5.1,5.2,0.25,0.2600000000000007,0.16000000000000014,9.309279356852656,8.673482378347007,3.4590993335792874,10.000000000000675,89.99999999999986,100.00000000000054,0.635796978505649,5.850180023273369
00dd4209-0f93-4d48-8100-8c0f46ec1481,8.52,True,8.28,8.29,8.4,0.2400000000000002,0.23000000000000043,0.11999999999999922,-1.7496346577559179,-1.6597622775309258,-6.794109559989492,9.999999999999787,120.000000000001,110.00000000000121,0.08987238022499211,5.044474902233574
00dd6c2d-b894-4203-9577-e7d33338b59a,6.64,True,6.43,6.44,6.6,0.20999999999999996,0.1999999999999993,0.040000000000000036,-2.2481197374951476,-2.5422165103616843,-15.323434639754645,10.000000000000675,169.99999999999994,159.99999999999926,0.2940967728665367,13.075314902259496
00dda73e-49ee-4ba4-8fb1-6781caf076ff,10.24,True,10.0,10.0,10.1,0.2400000000000002,0.2400000000000002,0.14000000000000057,-2.2385623178720895,-2.2385623178720895,-10.53791111461215,0.0,99.99999999999964,99.99999999999964,0.0,8.29934879674006
00de8625-7a43-4a4a-ae4d-4ff51f8cd997,13.56,True,12.61,13.22,13.56,0.9500000000000011,0.33999999999999986,0.0,-4.236533409922904,3.3966613596236783,-8.274569149828261,610.0000000000013,950.000000000001,339.9999999999999,7.6331947695465825,4.038035739905357
00df0a51-7e38-4be4-a828-85e633bcd5a6,10.24,False,9.87,9.87,10.0,0.370000000000001,0.370000000000001,0.2400000000000002,-12.544544985354005,-12.544544985354005,-25.204015129724777,0.0,130.0000000000008,130.0000000000008,0.0,12.659470144370772
00df117e-fab5-4bf3-a8f6-c426b99c774e,3.24,False,3.04,3.04,3.2,0.20000000000000018,0.20000000000000018,0.040000000000000036,12.306782002079675,12.306782002079675,-4.890528861630709,0.0,160.00000000000014,160.00000000000014,0.0,17.197310863710385
00df2520-9acb-4ae9-b20f-7ca49e613b5c,4.12,True,3.86,3.85,4.0,0.26000000000000023,0.27,0.1200000000000001,-3.950488979759506,-3.3452191172329298,-22.760519230997577,9.999999999999787,140.0000000000001,149.99999999999991,0.6052698625265762,18.81003025123807
00dfc893-42c8-48ea-b98a-0f782e031fae,3.4,True,3.0,3.04,3.2,0.3999999999999999,0.3599999999999999,0.19999999999999973,-0.9166197690702703,-1.0151866963941456,-14.765799209692487,40.000000000000036,200.00000000000017,160.00000000000014,0.09856692732387529,13.849179440622217
00e11586-d4f5-46f2-9b74-7ac62738dcbc,8.68,False,8.49,8.62,8.68,0.1899999999999995,0.0600000000000005,0.0,-3.948350790842518,-7.760471772786627,-11.33810550998516,129.999999999999,189.9999999999995,60.0000000000005,3.8121209819441084,7.389754719142642
00e142a3-15e3-4829-8b62-9aa3bd13461f,11.70875,False,10.75,10.72,10.9,0.9587500000000002,0.9887499999999996,0.8087499999999999,-5.477850184721116,-1.8556857517311272,-27.058140023753122,29.99999999999936,150.00000000000034,179.99999999999972,3.6221644329899885,21.580289839032005
00e1462a-f1f7-4799-a6c6-ed40770738cb,6.32,False,6.22,6.17,6.3,0.10000000000000053,0.15000000000000036,0.020000000000000462,-9.691071570856872,-5.100747883285138,-19.553620841104603,49.99999999999982,80.00000000000007,129.9999999999999,4.590323687571734,9.862549270247731
00e1509b-c473-4058-b6ff-61b825b9fc4a,9.0,True,8.72,8.73,8.9,0.27999999999999936,0.2699999999999996,0.09999999999999964,-12.598413719202432,-12.67576449821352,-19.965245310761734,9.999999999999787,179.99999999999972,169.99999999999994,0.07735077901108767,7.366831591559302
00e16761-1c48-4f90-b4e1-22a57c3c0ad2,5.888,False,5.88,5.88,5.888,0.008000000000000007,0.008000000000000007,0.0,4.209837570812518,4.209837570812518,4.687471936280555,0.0,8.000000000000007,8.000000000000007,0.0,0.4776343654680364
00e2dd1a-92df-4bb1-b5d6-74fbf68b8263,8.44,False,8.21,8.27,8.4,0.22999999999999865,0.16999999999999993,0.03999999999999915,-2.209119753833273,-4.252586055926689,-11.90648712886928,59.99999999999872,189.9999999999995,130.0000000000008,2.043466302093416,9.697367375036007
00e32cd9-8fee-438c-8de0-82f18935336b,8.08,True,7.87,7.87,8.0,0.20999999999999996,0.20999999999999996,0.08000000000000007,-7.446230491233835,-7.446230491233835,-20.439120728676563,0.0,129.9999999999999,129.9999999999999,0.0,12.99289023744273
00e3465b-b5e3-4248-acb8-86c66be28b3f,11.2,True,10.92,10.92,11.0,0.27999999999999936,0.27999999999999936,0.1999999999999993,-5.137781939675924,-5.137781939675924,-11.170858404285037,0.0,80.00000000000007,80.00000000000007,0.0,6.033076464609112
00e3468b-1e3b-410a-a10c-432a5939e3f1,10.0,True,9.75,9.75,9.8,0.25,0.25,0.1999999999999993,-7.398506649997112,-7.398506649997112,-13.369053607911809,0.0,50.00000000000071,50.00000000000071,0.0,5.970546957914697
00e3cec0-7beb-484a-92aa-871755ef5cc2,12.890125,False,12.54,12.57,11.8,0.35012500000000024,0.3201249999999991,1.0901249999999987,-4.931131321813189,-2.2605217104397193,-7.835839833085724,30.000000000001137,739.9999999999984,769.9999999999995,2.67060961137347,2.904708511272535
00e412cd-f12d-42ba-a6a2-9d8ae8fbccfa,6.4,False,6.17,6.18,6.4,0.23000000000000043,0.22000000000000064,0.0,8.816840550062208,7.734716476502636,-6.374315416250507,9.999999999999787,230.00000000000043,220.00000000000063,1.082124073559572,15.191155966312715
00e460c6-4ec7-472f-8882-fe564b72fc22,8.56,False,8.53,8.54,8.56,0.030000000000001137,0.02000000000000135,0.0,9.413164728661151,9.978568406457738,11.449448950327165,9.999999999999787,30.000000000001137,20.00000000000135,0.5654036777965867,2.0362842216660137
00e47797-38aa-44c7-af6c-2d45bf10791c,7.84,True,7.54,7.54,7.7,0.2999999999999998,0.2999999999999998,0.13999999999999968,-2.8680801236080957,-2.8680801236080957,-23.40987605304313,0.0,160.00000000000014,160.00000000000014,0.0,20.541795929435036
00e4c910-ecf7-4d4c-9cb3-315f666a5fca,12.696625,True,11.21,12.6,11.3,1.4866249999999983,0.09662499999999952,1.3966249999999985,-5.754850142072889,0.4269351814816565,-9.712833706695251,1389.9999999999989,89.99999999999986,1299.9999999999989,6.1817853235545455,3.9579835646223627
00e54da7-be22-48dc-ac62-7d9df6644946,3.405,True,3.06,2.88,3.2,0.34499999999999975,0.5249999999999999,0.20499999999999963,-28.507320815071367,-5.672113999559503,-33.44982110780551,180.00000000000017,140.0000000000001,320.0000000000003,22.835206815511864,4.942500292734145
00e5e935-a0b3-4b5e-9ec9-1dc41b3dd079,4.44,False,4.42,4.37,4.4,0.020000000000000462,0.07000000000000028,0.040000000000000036,-10.870533762661323,-5.550917747066544,-8.252051759474359,49.99999999999982,19.999999999999574,30.00000000000025,5.319616015594779,2.618482003186964
00e6f443-20e6-49f7-a95d-aeb85b96364b,9.12,True,8.91,8.88,9.1,0.20999999999999908,0.23999999999999844,0.019999999999999574,-25.138661255167197,-23.768998623037334,-42.23258671346757,29.99999999999936,189.9999999999995,219.99999999999886,1.369662632129863,17.093925458300372
00e720c6-caea-454b-a909-db1c62518487,7.68,True,7.26,7.6,7.68,0.41999999999999993,0.08000000000000007,0.0,15.95791122756453,0.36411723079692543,-3.475639694293857,339.9999999999999,419.99999999999994,80.00000000000007,15.593793996767605,19.433550921858387
00e75c19-57f7-4d96-aaab-109990f4c00d,6.24,False,6.01,6.02,6.2,0.23000000000000043,0.22000000000000064,0.040000000000000036,10.422366482751883,10.905346964290095,9.157638693105797,9.999999999999787,190.0000000000004,180.0000000000006,0.4829804815382115,1.264727789646086
00e76801-f965-4b93-b2e7-527ae1b27c45,16.0,True,15.06,14.98,15.2,0.9399999999999995,1.0199999999999996,0.8000000000000007,-13.760618554205832,-12.27768848688018,-24.50404966328825,80.00000000000007,139.9999999999988,219.99999999999886,1.4829300673256522,10.743431109082417
00e795b1-defe-41e5-92cd-274d7569b24c,11.793375,False,10.89,10.8,11.1,0.9033749999999987,0.9933749999999986,0.6933749999999996,-12.349138816429148,-7.315742511560418,-23.306754472718133,89.99999999999986,209.9999999999991,299.9999999999989,5.03339630486873,10.957615656288985
00e79ecb-7a1c-4c94-b840-612cbfd5f67c,3.957,False,3.9,3.94,3.957,0.05699999999999994,0.016999999999999904,0.0,-12.795823780964056,-11.125404449000776,-10.736651130170392,40.000000000000036,56.99999999999994,16.999999999999904,1.6704193319632807,2.0591726507936645
00e7bad7-9759-4d97-8d94-09f597965bca,13.04,False,12.88,12.85,13.0,0.15999999999999837,0.1899999999999995,0.03999999999999915,26.515681517283745,23.614110332348833,23.884471645588295,30.000000000001137,119.99999999999922,150.00000000000034,2.9015711849349124,2.63120987169545
00e7d852-13ba-4c51-b5ea-c28db4390111,9.2,True,8.96,8.94,9.1,0.23999999999999844,0.2599999999999998,0.09999999999999964,-9.953751750297082,-8.004139543065657,-32.277658518067454,20.00000000000135,139.9999999999988,160.00000000000014,1.949612207231425,22.323906767770374
00e7d944-35d9-4ffc-b5f5-c26ae879f120,6.44,False,6.23,6.24,6.4,0.20999999999999996,0.20000000000000018,0.040000000000000036,7.83701179606592,8.11795152365361,3.51206033314532,9.999999999999787,169.99999999999994,160.00000000000014,0.2809397275876906,4.3249514629206
00e8bd8c-f17a-41b4-a283-b1e874b94caa,3.72,False,3.38,3.48,3.6,0.3400000000000003,0.2400000000000002,0.1200000000000001,-7.989438849545241,-13.371375827644895,-16.83639719212687,100.00000000000009,220.0000000000002,120.00000000000011,5.381936978099654,8.84695834258163
00e8c3c0-93f4-400d-957d-8fd2ee7d0abe,15.2,True,15.14,15.14,15.2,0.05999999999999872,0.05999999999999872,0.0,-7.012098822263212,-7.012098822263212,-9.22574759001778,0.0,59.99999999999872,59.99999999999872,0.0,2.2136487677545684
00e92bd2-ed60-40b3-8b4e-79d9dff60d1f,10.24,True,10.07,10.08,10.2,0.16999999999999993,0.16000000000000014,0.040000000000000924,-3.2506952713448296,-3.544846000960214,-7.9511459719392,9.999999999999787,129.999999999999,119.99999999999922,0.29415072961538424,4.70045070059437
00e979d1-ee0e-41c7-8ab4-008145e3ca01,8.2,False,7.98,7.99,8.2,0.21999999999999886,0.20999999999999908,0.0,9.859748724802463,10.043570892298433,3.049258221563522,9.999999999999787,219.99999999999886,209.9999999999991,0.18382216749597013,6.810490503238941
00e996ee-6b28-4858-91d2-1884f9200047,9.76,False,9.63,9.6,9.76,0.129999999999999,0.16000000000000014,0.0,-7.0084362274418845,-5.0022396405352865,-18.955213802251016,30.000000000001137,129.999999999999,160.00000000000014,2.006196586906598,11.946777574809133
00e999bb-8708-4c19-bde3-0994f72b9258,9.64,True,9.39,9.4,9.6,0.25,0.2400000000000002,0.040000000000000924,4.524878015890329,4.048076914019152,-14.881126126093305,9.999999999999787,209.9999999999991,199.9999999999993,0.4768011018711773,19.406004141983633
00e9d619-40bd-4ced-a9a4-3e574f9f088f,6.28,True,6.14,6.01,6.1,0.14000000000000057,0.27000000000000046,0.1800000000000006,-8.083466311561972,3.269279418883098,-3.974096650360761,129.9999999999999,40.000000000000036,89.99999999999986,11.35274573044507,4.109369661201211
00e9f97e-1953-4c08-a1a8-f5f54f8ef113,4.419625,True,4.18,4.41,4.4,0.2396250000000002,0.009624999999999773,0.01962499999999956,3.8547757303707857,6.66680453638734,6.74575094800435,230.00000000000043,220.00000000000063,9.999999999999787,2.812028806016554,2.890975217633564
00e9fe4a-897d-4106-881b-731b921915ef,7.28,False,7.15,7.17,7.28,0.1299999999999999,0.11000000000000032,0.0,1.3481674205444543,0.9470261622113991,-0.1447050653367698,19.999999999999574,129.9999999999999,110.00000000000031,0.40114125833305514,1.4928724858812241
00ea26d4-28ec-45a2-9884-6c92b9240b35,5.84,True,5.44,5.5,5.7,0.39999999999999947,0.33999999999999986,0.13999999999999968,2.6634985157828455,5.512124760871583,-9.784694878251043,59.99999999999961,259.9999999999998,200.00000000000017,2.848626245088737,12.44819339403389
00ea71e5-eba5-4a64-a2c6-4cfafdbd557e,5.84,False,5.62,5.64,5.8,0.21999999999999975,0.20000000000000018,0.040000000000000036,18.991751424781647,18.148969646935985,3.5836564932163832,19.999999999999574,179.99999999999972,160.00000000000014,0.8427817778456621,15.408094931565264
00ea7bb1-267f-451a-ba50-0219197ce6db,7.08,False,6.81,6.81,7.08,0.27000000000000046,0.27000000000000046,0.0,-4.273536495504222,-4.273536495504222,-25.323563193052983,0.0,270.00000000000045,270.00000000000045,0.0,21.050026697548763
00eaa078-f656-4348-9e48-3fd8ca6ae860,3.96,False,3.66,3.67,3.96,0.2999999999999998,0.29000000000000004,0.0,-9.29271948719414,-9.476040109757703,-23.618861785515413,9.999999999999787,299.99999999999983,290.00000000000006,0.18332062256356352,14.326142298321274
00ead498-0945-49b7-bd2c-191e79cbe355,3.068,False,2.81,3.02,3.068,0.258,0.04800000000000004,0.0,7.849671476582982,7.116265029773932,5.484732165767235,209.99999999999997,258.0,48.00000000000004,0.7334064468090498,2.364939310815747
00eaef7b-670e-422e-b2bd-62c4daa707a5,6.04,True,5.83,5.84,6.0,0.20999999999999996,0.20000000000000018,0.040000000000000036,0.6740774333511759,0.45427652091291,-15.677561440576152,9.999999999999787,169.99999999999994,160.00000000000014,0.21980091243826588,16.351638873927328
00eb0162-f6ab-4b73-a7eb-f5d1ef03dc8f,3.0,True,2.59,2.6,2.7,0.41000000000000014,0.3999999999999999,0.2999999999999998,-3.9213600580818646,-4.236170954807037,-6.570529014113573,10.000000000000231,110.00000000000031,100.00000000000009,0.3148108967251728,2.6491689560317084
00eb2f33-80ee-4eec-8dca-069dc7a2d2a5,5.48,True,5.0,5.16,5.48,0.4800000000000004,0.3200000000000003,0.0,-3.5804588160128823,-7.538416215411179,-10.391411069804459,160.00000000000014,480.00000000000045,320.0000000000003,3.957957399398297,6.8109522537915765
00eb4166-dae6-41b8-b909-299080b0ff7e,11.2,False,11.08,11.07,11.2,0.11999999999999922,0.129999999999999,0.0,-10.501483282379192,-9.142479396102475,-27.765469607740247,9.999999999999787,119.99999999999922,129.999999999999,1.3590038862767173,17.263986325361053
00eb70c3-eeb3-4b03-baa3-9481903a5547,10.4,True,10.4,10.39,10.4,0.0,0.009999999999999787,0.0,-6.097581383511218,-3.567865968236533,-6.097581383511218,9.999999999999787,0.0,9.999999999999787,2.5297154152746852,0.0
00eb7acf-5f59-46e0-9955-64c3de100cec,4.4,False,4.21,4.2,4.4,0.1900000000000004,0.20000000000000018,0.0,-9.623955039555902,-9.56706473739882,-28.548564507444095,9.999999999999787,190.0000000000004,200.00000000000017,0.05689030215708257,18.924609467888192
00ebdca2-68fc-4c48-b70c-1b2141daf60f,5.72,True,5.46,5.55,5.7,0.2599999999999998,0.16999999999999993,0.019999999999999574,3.357960487147996,1.4865476111721536,-12.49095201353449,89.99999999999986,240.00000000000023,150.00000000000034,1.8714128759758424,15.848912500682484
00ec25bf-139e-4eea-98a0-e3c42e0199b2,8.0,True,7.98,7.96,8.0,0.019999999999999574,0.040000000000000036,0.0,-20.07767997568405,-19.525384092025437,-22.18224795279837,20.000000000000462,19.999999999999574,40.000000000000036,0.552295883658612,2.1045679771143213
00ed0585-7932-4cb5-87a4-c6c1df607184,6.24,False,6.15,6.15,6.2,0.08999999999999986,0.08999999999999986,0.040000000000000036,-1.9264774155880622,-1.9264774155880622,-7.560898855805884,0.0,49.99999999999982,49.99999999999982,0.0,5.634421440217822
00eda32e-b254-49b3-b90c-7b34c40b8a75,6.4,False,6.26,6.27,6.4,0.14000000000000057,0.13000000000000078,0.0,6.161842871628714,6.369943523240337,-2.592524443522526,9.999999999999787,140.00000000000057,130.0000000000008,0.20810065161162328,8.75436731515124
00edcd49-d2f8-43cb-a1cc-d429b08a1a0c,3.8,True,3.49,3.52,3.7,0.3099999999999996,0.2799999999999998,0.09999999999999964,-7.14479210353134,-7.468911554762012,-21.073807470313888,29.999999999999805,209.99999999999997,180.00000000000017,0.324119451230672,13.929015366782547
00edcf99-1ea1-4eed-8681-3b0f5111a054,2.44,True,2.21,2.26,2.4,0.22999999999999998,0.18000000000000016,0.040000000000000036,-6.17581177091071,-5.3521015076145675,-6.693721186927255,49.99999999999982,189.99999999999994,140.0000000000001,0.8237102632961424,0.5179094160165452
00ede614-c107-4ded-9a22-649adfc3305f,5.32,True,4.81,4.82,5.1,0.5100000000000007,0.5,0.22000000000000064,-0.35693762728691564,-0.9288177444453374,-16.677732931991333,10.000000000000675,290.00000000000006,279.9999999999994,0.5718801171584218,16.32079530470442
00ee1cc7-33f7-48ae-8b25-296996cde802,10.4628125,False,9.5,9.47,9.6,0.9628125000000001,0.9928124999999994,0.8628125000000004,-4.280643282064386,1.8720091407078217,-19.337181584530967,29.99999999999936,99.99999999999964,129.999999999999,6.152652422772207,15.056538302466581
00ee44fd-dfd1-4214-ac7c-e3f311511b6c,14.1525,True,13.16,13.16,13.4,0.9924999999999997,0.9924999999999997,0.7524999999999995,-5.834917479500103,-5.834917479500103,-11.748257921959828,0.0,240.00000000000023,240.00000000000023,0.0,5.913340442459726
00ee4773-21de-4795-b8b6-b5ddf02776de,13.08,True,12.7,13.0,13.0,0.3800000000000008,0.08000000000000007,0.08000000000000007,-2.837417037110753,-5.761861535651674,-5.761861535651674,300.0000000000007,300.0000000000007,0.0,2.924444498540921,2.924444498540921
00ee8884-f917-4cdb-87e4-edd7da3b8955,4.352,False,4.03,4.01,4.2,0.32200000000000006,0.3420000000000005,0.15200000000000014,1.3850558962222526,2.855440564119478,-19.736913379986895,20.000000000000462,169.99999999999994,190.0000000000004,1.4703846678972254,21.121969276209146
00ee9466-0046-40bf-822e-95eef692c723,8.56,True,8.31,8.31,8.4,0.25,0.25,0.16000000000000014,-11.1611419778453,-11.1611419778453,-21.112622511546554,0.0,89.99999999999986,89.99999999999986,0.0,9.951480533701254
00eee320-6cb7-4e5d-b84e-80400827ea93,9.8,True,9.43,9.63,9.8,0.370000000000001,0.16999999999999993,0.0,-5.821955284825159,-5.890085991274565,-8.520217768869626,200.00000000000108,370.000000000001,169.99999999999994,0.06813070644940566,2.6982624840444673
00eef27a-7874-4f8e-a8bc-2499e5a1d0f3,8.92,False,8.6,8.61,8.9,0.3200000000000003,0.3100000000000005,0.019999999999999574,-0.9060491662977889,-0.7907212912238111,-15.491389677284339,9.999999999999787,300.0000000000007,290.0000000000009,0.11532787507397779,14.58534051098655
00ef276d-7986-4fee-8207-dde929a96b7b,11.57125,True,10.53,10.6,10.8,1.0412499999999998,0.9712499999999995,0.7712499999999984,15.848156790713926,13.365035561954265,-8.392245430965783,70.00000000000028,270.00000000000136,200.00000000000108,2.4831212287596607,24.24040222167971
00ef88ab-a64c-46c7-9f74-2338332375cd,8.1506875,False,7.21,7.14,7.3,0.9406875000000001,1.0106875000000004,0.8506875000000003,12.259916664350133,15.926415973856626,0.30263976739740917,70.00000000000028,89.99999999999986,160.00000000000014,3.6664993095064933,11.957276896952724
00ef9ecc-5a8a-40f5-8a49-e4be87fbdd4f,2.95375,True,2.61,2.61,2.8,0.34375,0.34375,0.15375000000000005,5.9722290250126235,5.9722290250126235,-8.773320135295425,0.0,189.99999999999994,189.99999999999994,0.0,14.745549160308048
00efb4b2-990f-42ae-bcc3-bf4490be270d,4.44,True,4.03,3.95,4.2,0.41000000000000014,0.4900000000000002,0.2400000000000002,-18.969179073897998,-13.539518668475228,-36.152725199731044,80.00000000000007,169.99999999999994,250.0,5.429660405422769,17.183546125833047
00f021e7-a765-45c6-a8f5-c8f4afe39741,11.48,False,11.08,11.14,11.48,0.40000000000000036,0.33999999999999986,0.0,-1.667732508708796,-0.5578122425023823,1.6072098815864424,60.0000000000005,400.00000000000034,339.9999999999999,1.1099202662064136,3.274942390295238
00f040e1-5b22-4f99-951a-e7c06bf4e089,6.2,True,5.97,5.97,6.1,0.23000000000000043,0.23000000000000043,0.10000000000000053,9.264630228263663,9.264630228263663,-17.617236009085676,0.0,129.9999999999999,129.9999999999999,0.0,26.88186623734934
00f0918b-f902-4dd4-be21-631c4e4c1e31,6.08,True,5.62,5.64,6.0,0.45999999999999996,0.4400000000000004,0.08000000000000007,4.980248368473756,3.7581332567200594,-12.65974280524546,19.999999999999574,379.9999999999999,360.00000000000034,1.2221151117536966,17.639991173719217
00f0d47b-d067-4424-89ea-2d1ca7ab876a,5.96,True,5.61,5.64,5.96,0.34999999999999964,0.3200000000000003,0.0,-8.62094354046315,-10.249602028430726,-22.224305230097936,29.99999999999936,349.99999999999966,320.0000000000003,1.6286584879675754,13.603361689634786
00f11696-6e70-4bc2-ba15-b14c2f0c6231,11.2,True,10.95,10.95,11.2,0.25,0.25,0.0,-11.439956105165031,-11.439956105165031,-38.19201168600167,0.0,250.0,250.0,0.0,26.75205558083664
00f16a3a-a7bb-4580-91db-6ed94f6090b1,11.36,False,11.09,11.11,11.2,0.2699999999999996,0.25,0.16000000000000014,8.48402108185228,9.57932225062388,5.21253406078091,19.999999999999574,109.99999999999943,89.99999999999986,1.0953011687716003,3.27148702107137
00f17d9b-87fa-4eb5-994d-b1ebc0acc8f9,8.651,False,7.58,8.42,7.8,1.0709999999999997,0.23099999999999987,0.851,2.8013097122094663,-9.17027941011175,-7.409570491792994,839.9999999999999,219.99999999999974,620.0000000000001,11.971589122321216,10.21088020400246
00f1e193-66bb-431a-85b0-06fce2aece76,2.44,False,2.15,2.18,2.4,0.29000000000000004,0.2599999999999998,0.040000000000000036,1.5451429796968696,2.8677820994837635,-6.269179160329727,30.00000000000025,250.0,219.99999999999974,1.3226391197868939,7.814322140026596
00f24ecf-c3f1-4e1a-8c88-71f7b1bc7777,10.28,False,10.13,10.1,10.28,0.14999999999999858,0.17999999999999972,0.0,-8.562043193890489,-5.987352703363308,-31.59800088579174,30.000000000001137,149.99999999999858,179.99999999999972,2.574690490527181,23.035957691901253
00f257ad-eb9b-49a0-9ce2-ba185e3ce21b,5.88,False,5.69,5.69,5.88,0.1899999999999995,0.1899999999999995,0.0,-1.6334257631296345,-1.6334257631296345,-18.891518202366775,0.0,189.9999999999995,189.9999999999995,0.0,17.258092439237142
00f27f52-ec08-4736-9930-c276d8556152,5.32,False,5.09,5.1,5.2,0.23000000000000043,0.22000000000000064,0.1200000000000001,-7.154064090708775,-8.685629834112346,-16.699044027089666,9.999999999999787,110.00000000000031,100.00000000000054,1.5315657434035712,9.54497993638089
00f28ab9-985e-483a-bbb4-be5cfec8cdc4,4.57,False,4.5,4.53,4.57,0.07000000000000028,0.040000000000000036,0.0,4.257432221116612,3.6462592300337255,1.1147138456521408,30.00000000000025,70.00000000000028,40.000000000000036,0.6111729910828863,3.142718375464471
00f2b1f0-7ab2-4c68-bf91-01654ec58620,12.0,True,11.96,11.96,12.0,0.03999999999999915,0.03999999999999915,0.0,-2.7392422437806223,-2.7392422437806223,-10.640686058484485,0.0,39.99999999999915,39.99999999999915,0.0,7.901443814703863
00f2be2e-8fdb-41bf-92c6-d00998ece46b,8.64,False,8.37,8.4,8.6,0.27000000000000135,0.2400000000000002,0.040000000000000924,4.694838604402185,3.4646303380167485,-16.37099863140132,30.000000000001137,230.00000000000043,199.9999999999993,1.2302082663854366,21.065837235803507
00f2eeea-5311-4618-934d-670d47caebb8,6.12,False,5.93,5.92,6.1,0.1900000000000004,0.20000000000000018,0.020000000000000462,1.2409556560483777,3.2627178696469827,-18.61385647502137,9.999999999999787,169.99999999999994,179.99999999999972,2.0217622135986053,19.85481213106975
00f34d73-21a4-4357-913a-aa6cb1c956aa,6.16,True,5.89,5.9,6.16,0.27000000000000046,0.2599999999999998,0.0,-0.4939540392031913,-0.39343329148023737,-10.224471198311358,10.000000000000675,270.00000000000045,259.9999999999998,0.10052074772295394,9.730517159108167
00f37abf-00d3-4813-afca-9210eb7d490c,3.4,True,3.03,3.11,3.3,0.3700000000000001,0.29000000000000004,0.10000000000000009,-5.618495896727659,-1.3955168260275463,-5.707062631828122,80.00000000000007,270.0,189.99999999999994,4.222979070700112,0.08856673510046331
00f3cf12-efc8-45e3-9e7e-55b0ff0f3e7f,6.88,True,6.64,6.62,6.88,0.2400000000000002,0.2599999999999998,0.0,-8.300879436797294,-7.172606266579377,-28.929418367220364,19.999999999999574,240.00000000000023,259.9999999999998,1.1282731702179163,20.62853893042307
00f3cff3-d87f-4283-97ac-5aab0147dbf9,9.2,True,8.86,8.86,9.0,0.33999999999999986,0.33999999999999986,0.1999999999999993,-5.440909368462828,-5.440909368462828,-12.088459725843713,0.0,140.00000000000057,140.00000000000057,0.0,6.647550357380885
00f3da0f-a02b-491e-a2d0-8b9dd8f8ab5d,7.6,False,7.35,7.37,7.5,0.25,0.22999999999999954,0.09999999999999964,0.40609361296415547,0.12068310461561052,-9.664019987342986,20.000000000000462,150.00000000000034,129.9999999999999,0.285410508348545,10.070113600307142
00f43f88-07c8-42a6-ac9f-849593000043,11.44,True,11.37,11.38,11.4,0.07000000000000028,0.05999999999999872,0.03999999999999915,-16.370894683677932,-16.95289620592205,-17.70283353224558,10.000000000001563,30.000000000001137,19.999999999999574,0.5820015222441164,1.331938848567649
00f44481-57f3-4dab-8387-850b84d40ec4,7.6,False,7.37,7.38,7.5,0.22999999999999954,0.21999999999999975,0.09999999999999964,14.34682712321652,15.363387343907148,10.811231516514265,9.999999999999787,129.9999999999999,120.00000000000011,1.0165602206906268,3.5355956067022554
00f4ce07-85e0-4d1c-b2f7-159912af15fd,7.96,True,7.9,7.91,7.96,0.05999999999999961,0.04999999999999982,0.0,-8.530316081238686,-8.064295372715781,-7.486660024768476,9.999999999999787,59.99999999999961,49.99999999999982,0.46602070852290467,1.0436560564702102
00f4efd8-908d-4cc4-9f95-a3766dd138ef,10.8270625,True,10.8,9.84,10.2,0.027062499999999545,0.9870625000000004,0.627062500000001,-7.826474451366106,-2.1815153298575147,-12.02344662794626,960.0000000000009,600.0000000000014,359.99999999999943,5.644959121508592,4.196972176580154
00f4facc-3205-4082-b144-3e6548631001,3.16,True,2.88,2.88,3.0,0.28000000000000025,0.28000000000000025,0.16000000000000014,-6.781012604524026,-6.781012604524026,-12.421179936386222,0.0,120.00000000000011,120.00000000000011,0.0,5.640167331862196
00f6337f-7981-445f-9b78-344b2b07dee1,5.48,True,5.22,5.23,5.48,0.2600000000000007,0.25,0.0,0.4211526147556903,0.3497108555006822,-6.076025573472754,10.000000000000675,260.0000000000007,250.0,0.07144175925500812,6.497178188228444
00f6fbe1-74f0-4617-96aa-8b6e310c12fe,6.64,True,6.44,6.63,6.6,0.1999999999999993,0.009999999999999787,0.040000000000000036,0.8222605828011365,-11.931521587338482,-10.614142780603885,189.9999999999995,159.99999999999926,30.00000000000025,12.753782170139619,11.436403363405022
00f72cb9-19d8-4685-983e-31a104ca48cb,4.68,False,4.51,4.41,4.68,0.16999999999999993,0.2699999999999996,0.0,13.47277455671478,17.61073348767966,-4.513401402521731,99.99999999999964,169.99999999999994,269.99999999999955,4.13795893096488,17.986175959236512
00f76b1a-1e39-490e-8b72-22d321818d6a,16.0,False,13.32,15.03,13.5,2.6799999999999997,0.9700000000000006,2.5,28.68789383361131,0.12440602697461821,13.063379402138414,1709.999999999999,179.99999999999972,1529.9999999999993,28.56348780663669,15.624514431472894
00f76d83-a3b8-43c1-a92b-39b25f47adee,8.44,False,8.18,8.16,8.4,0.2599999999999998,0.27999999999999936,0.03999999999999915,-3.376805220500106,-0.2782089753281804,-29.50179999945258,19.999999999999574,220.00000000000063,240.00000000000023,3.0985962451719256,26.124994778952473
00f7850a-44a8-4354-a6db-2a8d3a4a0073,2.972125,True,2.89,2.84,2.972125,0.082125,0.13212500000000027,0.0,16.88001383756541,25.7002964264165,1.2909614340950506,50.00000000000027,82.125,132.12500000000028,8.82028258885109,15.58905240347036
00f7c71b-5f74-4543-8618-01f2a6611dcf,6.32,True,6.02,6.05,6.2,0.3000000000000007,0.27000000000000046,0.1200000000000001,-6.817552576526056,-8.529274494479957,-16.72745547686197,30.00000000000025,180.0000000000006,150.00000000000034,1.7117219179539003,9.909902900335913
00f80251-358c-4666-aa6a-24880f2e2699,7.28,False,7.21,7.21,7.28,0.07000000000000028,0.07000000000000028,0.0,15.361178835256178,15.361178835256178,12.896773910966782,0.0,70.00000000000028,70.00000000000028,0.0,2.4644049242893953
00f816d3-69a7-48f6-8943-6b4a240318ca,2.96,True,2.75,2.75,2.96,0.20999999999999996,0.20999999999999996,0.0,-2.27648907340955,-2.27648907340955,-15.309998567255688,0.0,209.99999999999997,209.99999999999997,0.0,13.033509493846138
00f8243c-a968-4314-83dd-b9b846517d63,6.8,False,5.7,5.74,6.1,1.0999999999999996,1.0599999999999996,0.7000000000000002,2.048057716116359,2.1109910874986118,2.9893949238727746,40.000000000000036,399.9999999999995,359.99999999999943,0.06293337138225263,0.9413372077564155
00f86e90-5ecd-4ee1-8ece-c51d8ddc0c88,7.84,False,7.73,7.78,7.8,0.10999999999999943,0.05999999999999961,0.040000000000000036,7.516878270242014,5.653104728783155,4.651971290468417,49.99999999999982,69.9999999999994,19.999999999999574,1.8637735414588592,2.864906979773597
00f8ac90-83a9-4c73-95e9-f67afb18f8f7,8.08,True,7.84,7.89,8.08,0.2400000000000002,0.1900000000000004,0.0,1.0152194912376413,-1.3766994276363704,-23.236792987074743,49.99999999999982,240.00000000000023,190.0000000000004,2.391918918874012,24.252012478312384
00f91ca9-ed48-4b1b-b990-8e0377bc9fce,4.096,False,3.92,3.93,4.096,0.17600000000000016,0.16599999999999993,0.0,-1.7617567725561973,-1.3684849158649879,-9.834203912945034,10.000000000000231,176.00000000000017,165.99999999999991,0.39327185669120945,8.072447140388837
00f968ac-a79b-4e72-b0bf-50373b7ed6dd,4.2489375,True,3.66,3.41,3.6,0.5889375000000001,0.8389375000000001,0.6489375000000002,-39.83027802224623,-1.6027804704065365,-36.2575132873215,250.0,60.00000000000006,189.99999999999994,38.2274975518397,3.572764734924732
00f9e8c6-cb2f-46b1-a569-681f20286ab5,13.04,False,12.83,12.82,12.9,0.20999999999999908,0.21999999999999886,0.1399999999999988,-2.0699847881781204,-0.3078965213178153,-14.837283382737901,9.999999999999787,70.00000000000028,80.00000000000007,1.762088266860305,12.767298594559781
00f9ef99-f669-4c31-92e2-f6b14aa04b85,6.4,True,6.2,6.2,6.4,0.20000000000000018,0.20000000000000018,0.0,3.7393630977002044,3.7393630977002044,-12.13967304529668,0.0,200.00000000000017,200.00000000000017,0.0,15.879036142996885
00f9f237-6f36-4937-a1dd-d7bd750b1677,14.2065625,True,13.24,13.21,13.5,0.9665625000000002,0.9965624999999996,0.7065625000000004,15.028876341840327,19.429978467866857,-34.741033874005176,29.99999999999936,259.9999999999998,289.99999999999915,4.4011021260265295,49.7699102158455
00f9fb6b-22e9-4766-9568-d557d96a48dd,4.533,False,4.21,4.23,4.3,0.3230000000000004,0.30299999999999994,0.23300000000000054,-1.0715954979978193,-0.702273187142322,-7.694271778602156,20.000000000000462,89.99999999999986,69.9999999999994,0.36932231085549727,6.622676280604336
00facd1d-a63d-4a04-b045-cfe039fc380d,2.08,True,1.7,1.81,2.08,0.3800000000000001,0.27,0.0,-7.077777731467207,-9.121169520729694,-11.601989044029494,110.0000000000001,380.0000000000001,270.0,2.043391789262487,4.524211312562287
00fb42e2-dd54-4fdc-b2fb-49180ab6e9f3,6.7918125,True,6.34,6.12,6.5,0.45181249999999995,0.6718124999999997,0.2918124999999998,-12.98687777466459,2.073016173907605,-15.109725832175457,219.99999999999974,160.00000000000014,379.9999999999999,15.059893948572196,2.1228480575108666
00fb7d66-a1fd-40a2-bfaf-6835a83d5ec3,4.4,True,3.86,4.19,4.4,0.5400000000000005,0.20999999999999996,0.0,7.286652648872474,-9.016300824036872,-19.512218048434484,330.0000000000005,540.0000000000005,209.99999999999997,16.302953472909344,26.79887069730696
00fb84d2-ff22-49eb-a2c9-a729783391ac,8.44,True,8.12,8.14,8.4,0.3200000000000003,0.29999999999999893,0.03999999999999915,10.114913007306358,8.629618409800923,-24.97469312837809,20.00000000000135,280.00000000000114,259.9999999999998,1.485294597505435,35.08960613568445
00fbb2fd-3e8b-485e-8ed5-17a0404bc1c1,3.24,False,2.98,3.01,3.2,0.26000000000000023,0.23000000000000043,0.040000000000000036,7.853655430211117,7.08541092514366,-2.8379087753607073,29.999999999999805,220.0000000000002,190.0000000000004,0.7682445050674573,10.691564205571824
00fc0040-46f8-4628-87b5-43b64e9354f5,3.747,False,3.74,3.74,3.7,0.006999999999999673,0.006999999999999673,0.04699999999999971,13.326162743721166,13.326162743721166,14.918244687915195,0.0,40.000000000000036,40.000000000000036,0.0,1.5920819441940282
00fc2182-2eb9-4b3f-8c9a-03f38736d939,5.16,True,4.86,4.87,5.1,0.2999999999999998,0.29000000000000004,0.0600000000000005,-7.344894159673513,-7.721156278597984,-18.89157648147645,9.999999999999787,239.99999999999932,229.99999999999955,0.3762621189244717,11.546682321802937
00fc2b36-6b35-4b08-9e08-e853120499a6,15.16,False,14.98,14.96,15.16,0.17999999999999972,0.1999999999999993,0.0,-7.569499133003961,-5.891372717322477,-31.628203501448528,19.999999999999574,179.99999999999972,199.9999999999993,1.6781264156814846,24.058704368444566
00fc2ecc-4db8-40c1-93c9-7d28adbdd261,6.76,True,6.21,6.43,6.76,0.5499999999999998,0.33000000000000007,0.0,-0.5238116291559362,0.10169778511701329,-11.126312424710264,219.99999999999974,549.9999999999998,330.00000000000006,0.6255094142729495,10.602500795554327
00fce7f0-5a19-4715-929b-071099d33697,2.95375,False,2.53,2.45,2.6,0.42375000000000007,0.5037499999999997,0.3537499999999998,-3.706631579924002,5.188791107923967,-8.09312410193539,79.99999999999963,70.00000000000028,149.99999999999991,8.895422687847969,4.3864925220113875
00fcf45c-d899-459c-8f85-70d43c86d56e,9.16,True,8.65,8.62,8.8,0.5099999999999998,0.5400000000000009,0.35999999999999943,-7.718046914857705,-6.027746112803494,-24.864755190996192,30.000000000001137,150.00000000000034,180.00000000000148,1.6903008020542112,17.146708276138487
00fd0ace-9843-4a42-9400-8e061b00e6ae,7.76,False,7.51,7.5,7.76,0.25,0.2599999999999998,0.0,-2.032196094910625,-2.2780965561774975,-14.009741106072214,9.999999999999787,250.0,259.9999999999998,0.24590046126687248,11.977545011161588
00fd1d8b-972a-4617-b8a4-46fec8a070af,2.679,True,1.4,1.51,1.6,1.279,1.1689999999999998,1.0789999999999997,-1.4340740486016208,-15.695607549170795,-25.104424411099554,110.0000000000001,200.00000000000017,90.00000000000009,14.261533500569174,23.670350362497935
00fd2edf-9f0f-4ca0-ab5d-37b94e285022,11.56,False,11.32,11.32,11.56,0.2400000000000002,0.2400000000000002,0.0,-1.7934868278791982,-1.7934868278791982,-16.301935322561025,0.0,240.00000000000023,240.00000000000023,0.0,14.508448494681828
00fd41c4-8d7d-4962-a0f0-27cd8a4e8369,13.24,True,12.98,13.01,13.2,0.2599999999999998,0.23000000000000043,0.040000000000000924,-2.8098392075553553,-2.3107081987028804,-12.446094957283913,29.99999999999936,219.99999999999886,189.9999999999995,0.49913100885247497,9.636255749728559
00fd59f3-8b6e-43bc-a590-1f7773a7762c,6.48,False,6.37,6.39,6.48,0.11000000000000032,0.09000000000000075,0.0,-7.558298979655348,-8.682775310811849,-17.114536473135935,19.999999999999574,110.00000000000031,90.00000000000074,1.124476331156501,9.556237493480587
00fd736d-3f2f-4e76-b474-44d0149e1100,6.92,True,6.54,6.66,6.9,0.3799999999999999,0.2599999999999998,0.019999999999999574,-6.49321499548475,-15.97063342179404,-25.2203005311374,120.00000000000011,360.00000000000034,240.00000000000023,9.477418426309292,18.72708553565265
00fdbbf4-1850-4ec4-b45e-5d710f2676ab,9.28,True,9.01,8.99,9.2,0.2699999999999996,0.28999999999999915,0.08000000000000007,-7.3701204489884065,-6.1219909859036905,-34.410283747980316,19.999999999999574,189.9999999999995,209.9999999999991,1.248129463084716,27.04016329899191
00fdc0e8-fec7-4edb-bcd1-d01f3f10a9c9,6.4,True,6.1,6.12,6.4,0.3000000000000007,0.28000000000000025,0.0,-1.2718288374974716,-0.747732401310735,-13.588736610212644,20.000000000000462,300.0000000000007,280.0000000000002,0.5240964361867365,12.316907772715172
00fdc2d0-49cc-465c-afdf-4646c0303e7e,13.16,True,12.92,12.98,13.16,0.2400000000000002,0.17999999999999972,0.0,4.5990292210876085,2.6333302612837644,-15.684718450280771,60.0000000000005,240.00000000000023,179.99999999999972,1.9656989598038441,20.28374767136838
00fddeff-fabe-40b2-9968-ffe45f8e2ad8,4.84,False,4.61,4.61,4.8,0.22999999999999954,0.22999999999999954,0.040000000000000036,-0.5509779409642883,-0.5509779409642883,-10.648578440511207,0.0,189.9999999999995,189.9999999999995,0.0,10.097600499546918
00fe89b9-ea0a-4bbe-9496-513d1c97bf2a,10.799875,False,9.8,9.81,9.9,0.9998749999999994,0.9898749999999996,0.8998749999999998,-0.34000948493256755,-0.21946111666854615,-3.7269144696972716,9.999999999999787,99.99999999999964,89.99999999999986,0.1205483682640214,3.386904984764704
00fe905d-6009-4bbb-a811-0bd4257225f3,5.04,False,4.7,4.81,5.0,0.33999999999999986,0.23000000000000043,0.040000000000000036,-7.217868211731775,-6.769181195427392,-10.006130285157516,109.99999999999943,299.99999999999983,190.0000000000004,0.44868701630438323,2.7882620734257406
00fe9907-e447-47d5-853a-b27881f3fdd4,5.76,True,4.83,5.37,5.76,0.9299999999999997,0.3899999999999997,0.0,3.1115661669971604,-5.667222648980518,-9.13066481321998,540.0,929.9999999999998,389.99999999999966,8.778788815977679,12.24223098021714
00fefa42-bd0b-4429-91ce-5e81398b198b,2.92,True,2.3,2.34,2.9,0.6200000000000001,0.5800000000000001,0.020000000000000018,4.83323008026852,7.066514401222008,-11.1263290609672,40.000000000000036,600.0000000000001,560.0,2.233284320953488,15.959559141235719
00ff2185-5876-4012-bfa6-3cbd1948eb6d,9.04,False,8.86,8.83,8.9,0.17999999999999972,0.20999999999999908,0.1399999999999988,37.53480966131417,37.42755609955569,34.703812720821425,29.99999999999936,40.000000000000924,70.00000000000028,0.10725356175848333,2.8309969404927458
00ffdbdc-21a2-4d36-b816-e1d5b6a4f923,13.84,False,13.59,13.59,13.7,0.25,0.25,0.14000000000000057,5.6701667710106625,5.6701667710106625,6.375413703585141,0.0,109.99999999999943,109.99999999999943,0.0,0.7052469325744788
01001c9b-5a8a-4e40-9401-fd18b813e3ae,10.04,False,9.84,9.84,10.0,0.1999999999999993,0.1999999999999993,0.03999999999999915,-2.174061766876066,-2.174061766876066,-10.062073427088132,0.0,160.00000000000014,160.00000000000014,0.0,7.888011660212066
0100535f-2ee5-4fff-b5fd-69cbdd0270aa,2.84,False,2.68,2.69,2.8,0.1599999999999997,0.1499999999999999,0.040000000000000036,0.5762200279705098,0.15592910997660192,-5.965121786331944,9.999999999999787,119.99999999999966,109.99999999999987,0.42029091799390783,6.541341814302454
0100863b-ac64-489c-b5d6-4acd09df3def,8.32,False,8.05,8.06,8.3,0.2699999999999996,0.2599999999999998,0.019999999999999574,-3.727049674495644,-3.572194498578881,-2.4328346687360374,9.999999999999787,250.0,240.00000000000023,0.1548551759167629,1.2942150057596065
0100b75c-2032-4830-b6f7-1b2ba39e6436,5.36,True,4.69,4.66,4.8,0.6699999999999999,0.7000000000000002,0.5600000000000005,-7.031488365358752,1.6410490279289054,-24.141731907617373,30.00000000000025,109.99999999999943,139.9999999999997,8.672537393287657,17.110243542258623
0100d9eb-320f-4737-8759-122ee3d6068c,12.252375,False,11.3,11.27,11.4,0.952375,0.9823750000000011,0.8523750000000003,11.50633488578994,13.879713565024495,-21.219013236328394,30.000000000001137,99.99999999999964,130.0000000000008,2.3733786792345555,32.72534812211833
01014f2f-ef32-4a5e-bb1b-9bbfb4d6cd5b,8.24,True,8.16,8.16,8.2,0.08000000000000007,0.08000000000000007,0.040000000000000924,2.846118471548883,2.846118471548883,0.43347000895229565,0.0,39.99999999999915,39.99999999999915,0.0,2.4126484625965876
01019388-7c8d-47ba-9bae-eec43353fb5f,5.14,True,5.11,5.11,5.1,0.02999999999999936,0.02999999999999936,0.040000000000000036,0.6983994943288933,0.6983994943288933,0.8447786729975909,0.0,10.000000000000675,10.000000000000675,0.0,0.14637917866869765
0101c63a-1920-44a7-bc8d-b5dac5048acb,10.573625,True,9.58,9.58,9.8,0.9936249999999998,0.9936249999999998,0.7736249999999991,-2.684071454740755,-2.684071454740755,-27.830019865885895,0.0,220.00000000000063,220.00000000000063,0.0,25.145948411145138
01020d27-5ff8-419a-9845-8304f203344f,7.52,False,7.48,7.27,7.5,0.03999999999999915,0.25,0.019999999999999574,-3.1919026505343155,4.415815041241562,-3.992225668079031,210.00000000000085,19.999999999999574,230.00000000000043,7.607717691775878,0.8003230175447156
01024774-3460-4733-84b3-95a06daaf12c,14.96,False,14.73,14.71,14.8,0.23000000000000043,0.25,0.16000000000000014,3.693151755046965,2.507925711194621,2.734276302206562,19.999999999999574,70.00000000000028,89.99999999999986,1.1852260438523436,0.9588754528404029
010265c1-febb-41af-adbe-9c9ecb98d6c8,9.68,True,9.41,9.39,9.5,0.2699999999999996,0.28999999999999915,0.17999999999999972,-11.058082309516287,-8.841181317942045,-21.8862920771106,19.999999999999574,89.99999999999986,109.99999999999943,2.216900991574242,10.828209767594313
01027df0-d705-4a84-91a8-4dee69455fc9,6.8,True,6.31,6.57,6.8,0.4900000000000002,0.22999999999999954,0.0,4.555953652898997,0.8681921739528304,-9.51951839955791,260.0000000000007,490.0000000000002,229.99999999999955,3.6877614789461663,14.075472052456906
01028509-690d-4659-b8d5-2a87548a594b,3.104,False,3.07,3.09,3.1,0.03400000000000025,0.014000000000000234,0.0040000000000000036,6.122217533820296,5.654089929339633,4.843458617781924,20.000000000000018,30.00000000000025,10.000000000000231,0.4681276044806637,1.278758916038372
0102bb99-6435-4266-b846-5a4a067df350,9.32,True,9.07,9.24,9.3,0.25,0.08000000000000007,0.019999999999999574,-3.396022158996541,-19.951114556785175,-22.31878527250826,169.99999999999994,230.00000000000043,60.0000000000005,16.555092397788634,18.92276311351172
0102c12c-75d1-4a1c-a986-ff0d9edc4577,5.4,True,4.94,4.84,5.1,0.45999999999999996,0.5600000000000005,0.3000000000000007,-9.373157736992619,-3.6883347166369274,-31.964317730574244,100.00000000000054,159.99999999999926,259.9999999999998,5.684823020355692,22.591159993581627
0103202d-2602-4ac6-ba93-06254ca978b8,14.2103125,False,11.38,11.4,11.6,2.8303125,2.8103125,2.610312500000001,1.2246098937721837,0.7062002092026746,-5.834619294368205,19.999999999999574,219.99999999999886,199.9999999999993,0.5184096845695091,7.059229188140389
01032afd-97ab-4106-9dbd-28691ab7364d,3.64,True,3.47,3.49,3.6,0.16999999999999993,0.1499999999999999,0.040000000000000036,-10.992702647427452,-10.959065672264032,-17.817052016927516,20.000000000000018,129.9999999999999,109.99999999999987,0.03363697516341979,6.824349369500064
01033650-9cf4-45d3-9274-8f0934fd808e,11.50725,True,10.5,10.5,10.8,1.0072500000000009,1.0072500000000009,0.7072500000000002,-16.374740459506572,-16.374740459506572,-23.179017189705714,0.0,300.0000000000007,300.0000000000007,0.0,6.804276730199142
0103ecac-19ec-4aab-be53-7fa16b5be530,2.84,False,2.71,2.72,2.8,0.1299999999999999,0.11999999999999966,0.040000000000000036,12.56666652810525,11.512390663771875,0.41948092976627216,10.000000000000231,89.99999999999986,79.99999999999963,1.0542758643333752,12.147185598338977
01040407-0a2f-4f04-a8e8-58ad054f9389,9.16,True,8.96,8.98,9.16,0.1999999999999993,0.17999999999999972,0.0,1.2408200758125048,0.2440702363926793,-17.003740216245752,19.999999999999574,199.9999999999993,179.99999999999972,0.9967498394198254,18.244560292058257
01043031-a30d-4e14-8ce1-b7ed4d340c09,4.76,False,4.45,4.5,4.76,0.3099999999999996,0.2599999999999998,0.0,-6.266849159014105,-6.646831418027979,-17.09745306127211,49.99999999999982,309.9999999999996,259.9999999999998,0.3799822590138744,10.830603902258005
01044b69-ed09-43ce-9359-85fb777fade9,9.16,True,8.88,8.91,9.16,0.27999999999999936,0.25,0.0,7.784871227563112,7.502626178010515,-20.827120864814855,29.99999999999936,279.9999999999994,250.0,0.2822450495525972,28.611992092377967
01045966-25da-4e46-9614-7242a7a0d69f,5.72,True,2.97,5.4,5.7,2.7499999999999996,0.3199999999999994,0.019999999999999574,10.281403807952817,2.077166735605227,-5.020245660371945,2430.0,2730.0,299.99999999999983,8.20423707234759,15.301649468324761
01045d22-125b-4845-8e71-799be882f5b1,7.32,False,7.07,7.1,7.3,0.25,0.22000000000000064,0.020000000000000462,-0.6936866846901105,-2.0540238759791305,-12.515506351139873,29.99999999999936,229.99999999999955,200.00000000000017,1.36033719128902,11.821819666449763
01046386-28e7-4e9d-b57a-d446dd0a16bf,11.16,False,10.92,11.05,11.16,0.2400000000000002,0.10999999999999943,0.0,1.4780456029751088,-6.051790157444745,-11.492052811415425,130.0000000000008,240.00000000000023,109.99999999999943,7.529835760419854,12.970098414390534
01047664-88d5-44fd-b127-c2427e962976,8.52,True,8.24,8.5,8.4,0.27999999999999936,0.019999999999999574,0.11999999999999922,-8.242890575144557,-14.133812623865468,-8.651759985788802,259.9999999999998,160.00000000000014,99.99999999999964,5.8909220487209115,0.408869410644245
0104e01b-0b2f-4eec-a0e2-b14b680c4709,6.9171875,False,5.87,6.56,6.1,1.0471874999999997,0.3571875000000002,0.8171875000000002,12.06891317928539,-21.759749384209677,-5.377310345738034,689.9999999999995,229.99999999999955,459.99999999999994,33.828662563495065,17.446223525023424
0104fa71-70c7-4fbd-b0a5-bb83ab4a465a,2.36,True,2.21,2.23,2.36,0.1499999999999999,0.1299999999999999,0.0,-2.62269733697783,-3.127927293594174,-10.11214125982605,20.000000000000018,149.99999999999991,129.9999999999999,0.5052299566163438,7.48944392284822
01050258-1fb2-4290-a55c-2a1349cc1fd5,10.6,False,10.22,10.34,10.6,0.379999999999999,0.2599999999999998,0.0,-0.5127715531239627,2.302690038308891,-2.6197543891280133,119.99999999999922,379.999999999999,259.9999999999998,2.815461591432854,2.1069828360040503
010528ce-ab3e-4fe6-8891-f7c7f23cec55,9.92,False,9.68,9.68,9.9,0.2400000000000002,0.2400000000000002,0.019999999999999574,5.96632999060242,5.96632999060242,-16.053666866860127,0.0,220.00000000000063,220.00000000000063,0.0,22.019996857462544
01054254-d08d-47c0-b0d4-9fdb23e811a2,11.0,False,10.8,10.79,11.0,0.1999999999999993,0.21000000000000085,0.0,3.098866546577523,3.4494842213812125,-23.769166772005853,10.000000000001563,199.9999999999993,210.00000000000085,0.35061767480368955,26.868033318583375
01056319-2b38-4920-880c-48741beb43a0,7.08,False,6.92,6.92,7.08,0.16000000000000014,0.16000000000000014,0.0,23.273396201514192,23.273396201514192,5.404528703950592,0.0,160.00000000000014,160.00000000000014,0.0,17.8688674975636
0105dd9e-989b-4b2c-975a-c38dc17a7944,7.04,True,6.83,6.82,7.0,0.20999999999999996,0.21999999999999975,0.040000000000000036,-1.2258272920851867,-1.7110594636698464,-21.195990236401208,9.999999999999787,169.99999999999994,179.99999999999972,0.4852321715846597,19.970162944316023
01063e98-e5c0-4793-81eb-ec68821cb737,8.68,True,8.43,8.41,8.6,0.25,0.2699999999999996,0.08000000000000007,-13.438886929058231,-13.39058908030398,-21.672867983249873,19.999999999999574,169.99999999999994,189.9999999999995,0.048297848754250694,8.233981054191641
0106b6ff-9a6a-4443-bf92-7a1182fe290e,3.2,True,2.88,2.93,3.2,0.3200000000000003,0.27,0.0,-9.244434994323774,-6.59959371562767,-14.857956028151262,50.00000000000027,320.0000000000003,270.0,2.644841278696104,5.613521033827489
01073c1e-c733-4804-ad12-8e22debfd761,6.08,False,5.87,5.96,6.08,0.20999999999999996,0.1200000000000001,0.0,-1.831938388671167,-0.23112641980498017,-8.299295430969346,89.99999999999986,209.99999999999997,120.00000000000011,1.600811968866187,6.467357042298179
01075ea2-3556-49cb-a860-48e2405da5b0,5.96,True,5.78,5.79,5.96,0.17999999999999972,0.16999999999999993,0.0,3.114126975271187,3.6961701492549293,-4.303025185124558,9.999999999999787,179.99999999999972,169.99999999999994,0.5820431739837422,7.417152160395745
01076bd8-05ff-4a7d-a79d-71a853612652,5.2,True,4.92,5.0,5.2,0.28000000000000025,0.20000000000000018,0.0,3.9230356466374445,1.8191893615900365,-4.317979662655812,80.00000000000007,280.0000000000002,200.00000000000017,2.103846285047408,8.241015309293257
01077485-c0d7-467a-8d93-ff12b134fb65,4.72,True,4.5,4.6,4.7,0.21999999999999975,0.1200000000000001,0.019999999999999574,-7.658259000206099,-17.96103614113952,-25.551662666129754,99.99999999999964,200.00000000000017,100.00000000000054,10.30277714093342,17.893403665923657
0107e2b8-9365-40f1-b16b-e30b8e487874,4.72,True,4.48,4.53,4.7,0.23999999999999932,0.1899999999999995,0.019999999999999574,-14.973882299194885,-13.506663134460734,-21.135987323456636,49.99999999999982,219.99999999999974,169.99999999999994,1.4672191647341517,6.16210502426175
0107e8f3-1ec5-4b38-b533-1357f7b6b52b,6.48,True,6.03,6.01,6.1,0.4500000000000002,0.47000000000000064,0.3800000000000008,-18.080655126288356,-17.284038510375332,-25.352901008841464,20.000000000000462,69.9999999999994,89.99999999999986,0.7966166159130239,7.272245882553108
0108290f-b3ed-4a91-b47b-31daa85c408e,4.0,True,3.76,3.67,4.0,0.2400000000000002,0.33000000000000007,0.0,-2.7505251140739024,-0.7231875271316828,-0.8099223955051352,89.99999999999986,240.00000000000023,330.00000000000006,2.0273375869422194,1.9406027185687673
01085b78-32c6-45e6-9f9f-3e61517005ee,9.96,False,9.96,9.78,9.96,0.0,0.1800000000000015,0.0,2.592418965032481,21.434288834720125,2.592418965032481,180.00000000000148,0.0,180.00000000000148,18.841869869687642,0.0
010889ae-39ef-4a27-9a5f-0219f1f5db64,7.08,False,6.83,6.8,6.9,0.25,0.28000000000000025,0.17999999999999972,-10.482012151630382,-11.221512802826087,-11.785526482254937,30.00000000000025,70.00000000000028,100.00000000000054,0.739500651195705,1.3035143306245551
01089f16-587a-41ad-8e7a-61d1d15610d9,4.0455,True,3.14,3.51,3.8,0.9054999999999995,0.5354999999999999,0.24549999999999983,-2.7192908449789512,-4.253724230953474,-3.990941553665721,369.99999999999966,659.9999999999997,290.00000000000006,1.534433385974523,1.2716507086867699
01091f33-a97d-4df5-97d5-8c9147f5e769,12.68,True,9.98,12.33,12.68,2.6999999999999993,0.34999999999999964,0.0,1.8091228531763557,3.763040077151704,-3.5685530058783552,2349.9999999999995,2699.999999999999,349.99999999999966,1.9539172239753482,5.377675859054711
010995c0-67ad-44ee-b6d7-9db167d6a6ad,9.216,True,9.1,9.08,9.2,0.11599999999999966,0.13599999999999923,0.016000000000000014,-21.170308652421223,-20.55380934869123,-32.51247426445711,19.999999999999574,99.99999999999964,119.99999999999922,0.6164993037299915,11.342165612035888
0109c05e-4ec9-463c-91c5-bb1306f3f0f9,5.16,False,4.89,4.9,5.1,0.27000000000000046,0.2599999999999998,0.0600000000000005,-4.636630810897023,-4.533024628527916,-26.17916087737663,10.000000000000675,209.99999999999997,199.9999999999993,0.10360618236910657,21.542530066479607
0109ee92-33ef-4559-bfa4-f979cd26fdbb,4.08,False,3.91,3.86,4.08,0.16999999999999993,0.2200000000000002,0.0,3.165747568644818,4.008158154451512,-19.242635533638886,50.00000000000027,169.99999999999994,220.0000000000002,0.8424105858066939,22.408383102283704
0109f18f-d477-44c8-ac56-1f97457a13e1,3.732,True,3.54,3.55,3.7,0.19200000000000017,0.18200000000000038,0.03200000000000003,-2.491098956028666,-3.126180301104187,-16.184171324492755,9.999999999999787,160.00000000000014,150.00000000000034,0.635081345075521,13.69307236846409
010a0d0f-45e5-4a97-ba99-a9d6d9250aa0,4.308,True,4.03,4.09,4.3,0.2779999999999996,0.21799999999999997,0.008000000000000007,0.7894395037953487,-8.432931043550413,-26.11503912448605,59.99999999999961,269.99999999999955,209.99999999999997,9.222370547345761,26.9044786282814
010a13aa-12d1-46a3-a301-4a85a5ba26a1,4.48,False,4.36,4.27,4.48,0.1200000000000001,0.21000000000000085,0.0,-8.0788350538774,1.4718743070447948,-24.883135453094557,90.00000000000074,120.00000000000011,210.00000000000085,9.550709360922195,16.804300399217155
010a32ba-dc8c-4a60-8912-7e7d2a3e8fa4,12.0,False,11.81,11.89,12.0,0.1899999999999995,0.10999999999999943,0.0,4.4783146368880855,6.069130552599589,1.7967460223527492,80.00000000000007,189.9999999999995,109.99999999999943,1.5908159157115032,2.6815686145353363
010a81ea-a093-4fcd-afa8-9f64db00613e,4.6,True,4.4,4.39,4.6,0.1999999999999993,0.20999999999999996,0.0,10.020813027195086,9.17711504990095,-27.732976958997472,10.000000000000675,199.9999999999993,209.99999999999997,0.843697977294136,37.75378998619256
010ba6bb-f8a9-458b-97e1-6184a13b17af,13.83,False,11.25,12.19,12.8,2.58,1.6400000000000006,1.0299999999999994,1.7761578190514264,-0.33990562941076097,-9.205814554862103,939.9999999999995,1550.0000000000007,610.0000000000013,2.1160634484621874,10.98197237391353
010baedd-4fcf-4a8c-ab0e-02590853aaf5,6.88,False,6.71,6.75,6.88,0.16999999999999993,0.1299999999999999,0.0,-8.493501445479207,-10.577776581725892,-16.926479105207907,40.000000000000036,169.99999999999994,129.9999999999999,2.084275136246685,8.4329776597287
010bfc3e-8e83-4bc8-af4c-e0d5cb299838,11.56,True,11.27,11.3,11.5,0.2900000000000009,0.2599999999999998,0.0600000000000005,-4.627565369469982,-5.596045414653013,-11.113689831404336,30.000000000001137,230.00000000000043,199.9999999999993,0.9684800451830311,6.486124461934354
010c1baf-2d2b-44d2-a7af-c8d258e7f3a9,5.44,True,5.11,4.98,5.2,0.33000000000000007,0.45999999999999996,0.2400000000000002,-7.2016789075865715,-0.7246656443598497,-16.377383570373937,129.9999999999999,89.99999999999986,219.99999999999974,6.477013263226722,9.175704662787364
010c9e91-4e27-4a1f-beea-4e09f264c50d,3.1943125,True,2.81,2.81,3.0,0.38431250000000006,0.38431250000000006,0.1943125000000001,-5.478105899408648,-5.478105899408648,-7.694165751346679,0.0,189.99999999999994,189.99999999999994,0.0,2.216059851938031
010cb580-76d1-477d-afb6-fe1ede20cf50,10.72,False,10.68,10.7,10.7,0.040000000000000924,0.02000000000000135,0.02000000000000135,-2.3801553711754906,-4.49679644745177,-4.49679644745177,19.999999999999574,19.999999999999574,0.0,2.116641076276279,2.116641076276279
010cd1be-6ae8-473e-af19-bf112d625d0d,7.0,False,6.92,6.93,7.0,0.08000000000000007,0.07000000000000028,0.0,0.6410360564030242,0.498420806422651,-4.378589192447652,9.999999999999787,80.00000000000007,70.00000000000028,0.14261524998037317,5.0196252488506765
010d085c-554b-4403-a0fb-f5ead9ca4610,3.183,False,3.13,3.14,3.183,0.052999999999999936,0.042999999999999705,0.0,-0.7753618014851595,-0.6360161825190017,-1.0983304110440355,10.000000000000231,52.999999999999936,42.9999999999997,0.13934561896615782,0.32296860955887596
010d76a4-ec0b-4699-8207-db6b1b938f01,9.76,False,9.59,9.7,9.76,0.16999999999999993,0.0600000000000005,0.0,2.006856519535793,-4.824385083686778,-10.50273921257822,109.99999999999943,169.99999999999994,60.0000000000005,6.831241603222571,12.509595732114013
010e1a77-d81b-4e29-9bc4-26ec4c2a2875,3.68,False,3.44,3.43,3.5,0.2400000000000002,0.25,0.18000000000000016,-8.547875494893104,-8.56969274610854,-10.860532839491254,9.999999999999787,60.00000000000006,69.99999999999984,0.02181725121543643,2.3126573445981506
010e8635-10a7-4fdb-8248-6795408b7b21,16.0,True,15.13,15.09,15.4,0.8699999999999992,0.9100000000000001,0.5999999999999996,-2.402891033530299,2.4278189626348277,-22.760414215736628,40.000000000000924,269.99999999999955,310.0000000000005,4.830709996165126,20.35752318220633
010ea8c1-a815-468c-a043-024a6fc4460a,15.810625,True,14.8,14.8,15.0,1.0106249999999992,1.0106249999999992,0.8106249999999999,-5.586462325249999,-5.586462325249999,-15.299915350379097,0.0,199.9999999999993,199.9999999999993,0.0,9.713453025129098
010ee337-a841-4ab5-a28e-93f11b2c2dcc,4.08,False,3.8,3.81,4.0,0.28000000000000025,0.27,0.08000000000000007,9.06566704076324,7.518432896013657,-14.147381410948684,10.000000000000231,200.00000000000017,189.99999999999994,1.5472341447495825,23.213048451711924
010ef743-d4e4-43ac-afe5-3e008ff66604,10.28,False,10.09,10.07,10.28,0.1899999999999995,0.20999999999999908,0.0,-10.081018404552374,-8.340843849426527,-39.4259927157544,19.999999999999574,189.9999999999995,209.9999999999991,1.7401745551258472,29.344974311202023
010f1cdd-47ee-4482-a9cb-ba5f9fc7a41e,8.76,False,8.74,8.75,8.76,0.019999999999999574,0.009999999999999787,0.0,-3.823553906253581,-4.98753344603029,-6.559532294387181,9.999999999999787,19.999999999999574,9.999999999999787,1.163979539776709,2.7359783881336
010f6edc-028f-4b28-b3ef-9ce66658011e,1.6046875,True,1.33,1.46,1.1,0.2746875,0.14468750000000008,0.5046875,-21.270247837390546,-19.135955359537242,-16.201125613068676,129.9999999999999,229.99999999999997,359.9999999999999,2.134292477853304,5.06912222432187
01101d99-ed29-4603-a511-c5f5a1c0a78d,6.5131875,False,5.56,6.43,4.7,0.9531875000000003,0.08318750000000019,1.8131874999999997,5.42948126417994,-5.321862768974148,-13.78858724137553,870.0000000000001,859.9999999999994,1729.9999999999995,10.751344033154087,19.218068505555472
01102c75-ffc4-4dc1-8ccd-ff871b32f52c,6.04,False,5.86,5.87,6.0,0.17999999999999972,0.16999999999999993,0.040000000000000036,-1.901098706795852,-2.6333701023197476,-15.159051965125865,9.999999999999787,139.9999999999997,129.9999999999999,0.7322713955238955,13.257953258330014
011053d8-0335-40f0-b67f-c7feba2d2f34,6.28,False,6.25,6.17,6.28,0.03000000000000025,0.11000000000000032,0.0,37.42076734032969,43.78983294220951,32.389611907941216,80.00000000000007,30.00000000000025,110.00000000000031,6.369065601879818,5.0311554323884735
01108853-6117-42ce-b3db-14a60bc0e10a,9.24,True,8.69,8.66,8.8,0.5500000000000007,0.5800000000000001,0.4399999999999995,-22.317106211400667,-21.13613522129134,-29.611253835687894,29.99999999999936,110.00000000000121,140.00000000000057,1.1809709901093264,7.294147624287227
011093c7-b623-4959-8e37-1acf1132fe82,5.36,True,5.01,5.04,5.2,0.35000000000000053,0.3200000000000003,0.16000000000000014,5.411141385015661,4.156950233561681,-11.951799356041768,30.00000000000025,190.0000000000004,160.00000000000014,1.2541911514539796,17.36294074105743
0110f48b-0939-48e4-b902-c8527001d51b,4.76,False,4.49,4.48,4.6,0.2699999999999996,0.27999999999999936,0.16000000000000014,22.672407713475174,23.31991354939172,18.311379486554983,9.999999999999787,109.99999999999943,119.99999999999922,0.6475058359165473,4.36102822692019
011175db-0071-4360-9165-917756e79164,4.2,False,3.99,3.96,4.1,0.20999999999999996,0.2400000000000002,0.10000000000000053,-3.7129180188364885,2.3756572276822263,-30.411938121309085,30.00000000000025,109.99999999999943,139.9999999999997,6.088575246518715,26.699020102472595
0111d811-597a-4c8e-978a-28ebb02c7924,13.0,True,12.44,12.58,13.0,0.5600000000000005,0.41999999999999993,0.0,-2.9644564215916303,-0.5406436064802691,-3.6869915721717472,140.00000000000057,560.0000000000005,419.99999999999994,2.4238128151113614,0.722535150580117
0111f9e0-7b3a-47c8-a419-3d2d508c3419,9.64,False,9.63,9.61,9.6,0.009999999999999787,0.030000000000001137,0.040000000000000924,23.312038480506423,21.840324134138093,20.4003745341759,20.00000000000135,30.000000000001137,9.999999999999787,1.47171434636833,2.911663946330524
01120ef1-4f95-4058-a1a4-8f4b436f7f6c,4.68,False,4.55,4.56,4.68,0.1299999999999999,0.1200000000000001,0.0,5.257091304488,4.892122349769618,2.0688089471815885,9.999999999999787,129.9999999999999,120.00000000000011,0.36496895471838187,3.1882823573064116
0112676e-d3fb-4882-b6cb-6e3f784bbbe8,4.16,False,4.16,4.15,4.16,0.0,0.009999999999999787,0.0,6.564584824257147,7.484637490772413,6.564584824257147,9.999999999999787,0.0,9.999999999999787,0.9200526665152662,0.0
0112af31-3673-46ee-8e1e-018b751b1e55,4.0,False,3.82,3.82,4.0,0.18000000000000016,0.18000000000000016,0.0,13.228841293948163,13.228841293948163,-28.078181741677863,0.0,180.00000000000017,180.00000000000017,0.0,41.307023035626024
0112c18e-af6c-495d-8923-af5f6fd4e474,5.2,False,4.98,4.96,5.1,0.21999999999999975,0.2400000000000002,0.10000000000000053,11.83532312143109,11.471502544023178,11.034027050731478,20.000000000000462,119.99999999999922,139.9999999999997,0.3638205774079122,0.8012960706996122
0113413a-f6a4-451f-9fb7-4fd6825c5596,16.0,False,15.22,13.33,13.5,0.7799999999999994,2.67,2.5,12.105708909298555,2.035920795758413,-14.150088565184355,1890.0000000000005,1720.0000000000007,169.99999999999994,10.069788113540142,26.25579747448291
011352b0-11c6-4dd8-b527-cf2512e9cb53,11.36,False,11.31,11.16,11.36,0.049999999999998934,0.1999999999999993,0.0,-27.191733389728377,-22.508039057914303,-28.330173046976263,150.00000000000034,49.999999999998934,199.9999999999993,4.683694331814074,1.1384396572478863
011370f4-fe6c-4790-977a-b6fa9e21e85e,10.28,False,10.04,10.04,10.1,0.2400000000000002,0.2400000000000002,0.17999999999999972,34.96729060502402,34.96729060502402,18.524733440641363,0.0,60.0000000000005,60.0000000000005,0.0,16.442557164382656
0113765f-a8c0-4900-9ba6-ac48c8b22bcd,6.76,False,6.26,6.34,6.5,0.5,0.41999999999999993,0.2599999999999998,2.2443380316954835,-2.241023832931028,-16.96174897964291,80.00000000000007,240.00000000000023,160.00000000000014,4.485361864626512,19.206087011338393
0113a8dc-7d93-4b3b-8675-ea2b885cc19a,5.88,True,5.47,5.47,5.6,0.41000000000000014,0.41000000000000014,0.28000000000000025,-4.177009082632027,-4.177009082632027,-14.269375744987844,0.0,129.9999999999999,129.9999999999999,0.0,10.092366662355817
0113b3a1-3d4d-457b-acb5-a6c36c76986a,5.44,False,5.2,5.17,5.3,0.2400000000000002,0.27000000000000046,0.14000000000000057,-6.742775632117339,-5.148997446236805,-18.757209341263575,30.00000000000025,99.99999999999964,129.9999999999999,1.5937781858805335,12.014433709146235
0113c338-4fc2-4285-bb91-57d5445c4217,5.72,False,5.54,5.54,5.7,0.17999999999999972,0.17999999999999972,0.019999999999999574,7.64529024367424,7.64529024367424,-23.226373935759426,0.0,160.00000000000014,160.00000000000014,0.0,30.871664179433665
0113cec1-9d52-4d96-974b-d6ea48253987,4.56,True,4.3,4.3,4.4,0.2599999999999998,0.2599999999999998,0.15999999999999925,-4.899743667229295,-4.899743667229295,-13.140028510907733,0.0,100.00000000000054,100.00000000000054,0.0,8.240284843678438
0113d6f3-a506-4e32-af4b-bcfa34940268,4.68,False,4.46,4.46,4.6,0.21999999999999975,0.21999999999999975,0.08000000000000007,9.999834681640385,9.999834681640385,13.834977673734425,0.0,139.9999999999997,139.9999999999997,0.0,3.83514299209404
0113e439-ec83-42ec-8b4e-3f7d992205c0,13.6756875,False,12.68,12.72,12.8,0.9956875000000007,0.9556874999999998,0.8756874999999997,-4.227152923823928,-6.1005206666301115,-7.610365581567986,40.000000000000924,120.000000000001,80.00000000000007,1.8733677428061837,3.3832126577440578
0113f13e-b99d-4120-ba7d-7276ad75f265,4.352,False,3.99,3.97,4.1,0.3620000000000001,0.3820000000000001,0.25200000000000067,2.9552994940818347,5.493829587204347,-15.324641124967485,20.000000000000018,109.99999999999943,129.99999999999946,2.5385300931225125,18.27994061904932
01140631-82e2-476a-a95c-153e9bbe7b0c,6.4,True,6.15,6.07,6.4,0.25,0.33000000000000007,0.0,-6.3124750322842775,-5.520162268023743,-32.06488338374924,80.00000000000007,250.0,330.00000000000006,0.7923127642605348,25.752408351464965
01141358-5d8d-4153-9724-ab4457941828,5.92,True,5.61,5.63,5.8,0.3099999999999996,0.29000000000000004,0.1200000000000001,4.717295212876196,2.676674016909192,-10.00225256984846,19.999999999999574,189.9999999999995,169.99999999999994,2.0406211959670038,14.719547782724657
01142aa7-fb18-4ce0-bc86-2f0b7f493364,8.021375,False,7.78,7.78,7.9,0.24137500000000056,0.24137500000000056,0.12137500000000045,-2.784435797654132,-2.784435797654132,-19.114778452025064,0.0,120.00000000000011,120.00000000000011,0.0,16.33034265437093
0114632f-13d0-41ef-943e-f7943f2457c0,2.88375,True,2.69,2.7,2.88375,0.1937500000000001,0.18374999999999986,0.0,-6.018337188658498,-5.958167792868765,-19.121327308931765,10.000000000000231,193.75000000000009,183.74999999999986,0.06016939578973357,13.102990120273265
01148dc8-6b1a-43a4-bce5-1f263e3c5b5a,5.72,True,5.18,5.19,5.7,0.54,0.5299999999999994,0.019999999999999574,0.022909394376971072,-0.028440940914698627,-1.7736107010305437,10.000000000000675,520.0000000000005,509.9999999999998,0.0513503352916697,1.796520095407515
01150a31-3545-455c-b183-2cb0f8328f4e,6.64,False,6.44,6.41,6.5,0.1999999999999993,0.22999999999999954,0.13999999999999968,-7.914189762477619,-11.340929660119494,-5.542848501499773,30.00000000000025,59.99999999999961,89.99999999999986,3.426739897641875,2.3713412609778466
01150b38-baff-492f-b76a-b7456f588b52,11.64,False,11.46,11.45,11.6,0.17999999999999972,0.19000000000000128,0.040000000000000924,-5.474995954687917,-6.309462209045016,-2.7165578887708763,10.000000000001563,139.9999999999988,150.00000000000034,0.8344662543570989,2.7584380659170407
01153fca-cb0c-4007-9423-6aa9e31b1e52,7.52,False,7.22,7.23,7.4,0.2999999999999998,0.28999999999999915,0.11999999999999922,-7.496649028398163,-7.4589494473030165,-15.84748149376385,10.000000000000675,180.0000000000006,169.99999999999994,0.03769958109514615,8.350832465365688
011541c1-5432-4742-bfe0-ce9349c1829e,8.48,False,8.19,8.23,8.48,0.2900000000000009,0.25,0.0,-2.3070683843116253,-0.6258462718148308,-1.4770352580759778,40.000000000000924,290.0000000000009,250.0,1.6812221124967945,0.8300331262356475
01157d1d-8972-411e-ba00-9ab8620904df,10.12,True,9.83,9.87,10.1,0.28999999999999915,0.25,0.019999999999999574,4.593968841872674,6.145150859479497,-13.569012282543143,39.99999999999915,269.99999999999955,230.00000000000043,1.5511820176068225,18.16298112441582
0115acb5-eb13-4e28-9b58-d2f92be51060,13.44,False,13.22,13.23,13.4,0.21999999999999886,0.20999999999999908,0.03999999999999915,-13.91882762342393,-13.716517442315585,-13.284941580521904,9.999999999999787,179.99999999999972,169.99999999999994,0.20231018110834498,0.6338860429020254
0115c90b-1122-4b73-b621-fa10f002e34f,3.36,True,3.01,3.18,3.36,0.3500000000000001,0.17999999999999972,0.0,4.5790865125528315,-3.8779508371858746,-25.57419071964006,170.00000000000037,350.0000000000001,179.99999999999972,8.457037349738705,30.15327723219289
011659a1-1c12-472d-b273-450714427d97,8.36,True,8.05,8.15,8.36,0.3099999999999987,0.20999999999999908,0.0,0.7508308097045192,-3.694128610814252,-9.497881274481603,99.99999999999964,309.99999999999875,209.9999999999991,4.444959420518772,10.248712084186122
01168e4f-4277-48aa-8f9e-a4b56e0a0d23,9.0,True,8.86,8.81,9.0,0.14000000000000057,0.1899999999999995,0.0,-13.28568204503173,-7.251389168419721,-48.73444363011406,49.999999999998934,140.00000000000057,189.9999999999995,6.034292876612009,35.44876158508232
0116a7b7-5996-4ca2-a739-0808d355b180,3.0484375,True,2.54,2.49,2.7,0.5084374999999999,0.5584374999999997,0.34843749999999973,-2.0916309167843203,-1.5504005287919052,-19.36151658798388,49.99999999999982,160.00000000000014,209.99999999999997,0.5412303879924152,17.269885671199557
011705bf-e109-47bc-b97a-f119e8a97fd7,1.72,False,1.43,1.38,1.6,0.29000000000000004,0.3400000000000001,0.11999999999999988,-19.697970664147103,-12.717254771975215,-30.17484110624198,50.00000000000004,170.00000000000014,220.0000000000002,6.980715892171888,10.476870442094878
01173545-9f54-40c6-bf0f-0818f034af1f,8.44,False,8.13,8.17,8.4,0.3099999999999987,0.2699999999999996,0.03999999999999915,-12.673562895382563,-12.362589555628155,-18.215031393336638,39.99999999999915,269.99999999999955,230.00000000000043,0.31097333975440833,5.5414684979540745
01173f68-db49-4066-9ea3-fc0549077c49,4.48,True,4.19,4.19,4.3,0.29000000000000004,0.29000000000000004,0.1800000000000006,-7.552838401897428,-7.552838401897428,-17.93176317520454,0.0,109.99999999999943,109.99999999999943,0.0,10.378924773307112
0117fd11-75da-404f-944c-e59d16cef8fc,4.72,True,4.35,4.38,4.5,0.3700000000000001,0.33999999999999986,0.21999999999999975,1.7554252571190392,-0.20849449410990803,-7.621763519304872,30.00000000000025,150.00000000000034,120.00000000000011,1.9639197512289472,9.37718877642391
01181936-97e5-4594-8587-c7ed3a611b28,3.36,False,3.12,3.11,3.2,0.23999999999999977,0.25,0.1599999999999997,-2.6260351537616673,-3.0569149877140394,0.10373463794530695,10.000000000000231,80.00000000000007,90.0000000000003,0.43087983395237206,2.7297697917069743
011899bd-4f2a-462e-919b-66ced7d0fd72,9.16,False,9.0,8.99,9.16,0.16000000000000014,0.16999999999999993,0.0,15.691531797307968,16.22309355605254,8.42843058946597,9.999999999999787,160.00000000000014,169.99999999999994,0.5315617587445711,7.2631012078419985
01192187-f243-489c-9ee7-758c6c9991e6,5.2,False,4.9,4.9,5.1,0.2999999999999998,0.2999999999999998,0.10000000000000053,-21.339624950845003,-21.339624950845003,-20.104907138582295,0.0,199.9999999999993,199.9999999999993,0.0,1.2347178122627085
01194aa4-1055-44f9-b935-d3173ebb1ef0,0.92,False,0.84,0.85,0.9,0.08000000000000007,0.07000000000000006,0.020000000000000018,34.59906970380646,33.28936246235564,25.654836862135472,10.000000000000009,60.00000000000006,50.00000000000004,1.3097072414508162,8.944232841670985
011996d1-3cc7-4562-b5e6-629137d5c653,14.0,False,13.74,13.72,14.0,0.2599999999999998,0.27999999999999936,0.0,5.088411032355087,3.6927717050008146,4.635393281557826,19.999999999999574,259.9999999999998,279.9999999999994,1.3956393273542727,0.4530177507972617
01199f3f-c415-46bb-9124-f2ba29928c2a,6.16,False,6.13,6.14,6.0,0.03000000000000025,0.020000000000000462,0.16000000000000014,3.692943926251891,3.4250767962767354,-3.348684163168549,9.999999999999787,129.9999999999999,139.9999999999997,0.2678671299751554,7.04162808942044
0119a346-2a85-4d29-905d-8708e2ced7ab,13.3295,True,12.34,12.32,12.4,0.9894999999999996,1.0094999999999992,0.9294999999999991,-19.070814583700056,-19.189926054148593,-19.849657048718065,19.999999999999574,60.0000000000005,80.00000000000007,0.1191114704485372,0.778842465018009
0119e45f-13cd-4884-8393-6fe1aa2b01a2,10.5673125,False,9.56,9.58,9.7,1.0073124999999994,0.9873124999999998,0.8673125000000006,3.0007541680933145,2.2845712927238875,3.1045279094627247,19.999999999999574,139.9999999999988,119.99999999999922,0.716182875369427,0.1037737413694102
011a5746-87d3-486b-b05a-e225abf605c9,12.69575,True,11.7,11.7,11.8,0.995750000000001,0.995750000000001,0.8957499999999996,-5.359587008965603,-5.359587008965603,-12.096557231718602,0.0,100.00000000000142,100.00000000000142,0.0,6.7369702227529995
011ac94e-bc00-4a2d-bb60-8e7b6c62f218,4.0,True,3.75,3.75,4.0,0.25,0.25,0.0,6.234337395127604,6.234337395127604,-20.14620284723141,0.0,250.0,250.0,0.0,26.380540242359015
011b6797-b161-4e26-90b2-69609b6e5d9d,2.56,True,2.35,2.34,2.56,0.20999999999999996,0.2200000000000002,0.0,5.553626587589461,5.657516545032994,-25.010437713783006,10.000000000000231,209.99999999999997,220.0000000000002,0.10388995744353302,30.56406430137247
011bea72-6283-4724-85bb-2617c5047048,5.24,True,5.1,5.08,5.2,0.14000000000000057,0.16000000000000014,0.040000000000000036,12.161412462913232,17.8758502864671,-22.649672060007266,19.999999999999574,100.00000000000054,120.00000000000011,5.714437823553867,34.811084522920495
011bec6b-ee59-4498-995c-f061f1931b87,7.36,False,7.21,7.19,7.36,0.15000000000000036,0.16999999999999993,0.0,-8.734448484577403,-6.947679041983017,-35.00114058448467,19.999999999999574,150.00000000000034,169.99999999999994,1.7867694425943856,26.26669209990727
011ca102-c9c9-49b6-b709-e66b8d8ab557,7.56,True,7.23,7.28,7.56,0.3299999999999992,0.27999999999999936,0.0,3.200717542778265,0.392099851498303,-9.353342371758986,49.99999999999982,329.9999999999992,279.9999999999994,2.808617691279962,12.554059914537252
011d2b8e-4305-4c22-a866-7cf49259d67a,9.64,True,9.28,9.27,9.5,0.3600000000000012,0.370000000000001,0.14000000000000057,0.18577771639503868,0.3099113113323019,-18.380392968828183,9.999999999999787,220.00000000000063,230.00000000000043,0.1241335949372632,18.56617068522322
011d7f74-0d25-4362-a2cf-dd5f89013139,7.36,False,7.16,7.15,7.36,0.20000000000000018,0.20999999999999996,0.0,7.648119842582634,8.163100694179816,-15.059922602125292,9.999999999999787,200.00000000000017,209.99999999999997,0.5149808515971817,22.708042444707928
011d88c6-3986-4cb0-aff2-560c41c99b83,13.64,False,13.38,13.38,13.5,0.2599999999999998,0.2599999999999998,0.14000000000000057,3.448787928044157,3.448787928044157,-5.541733098016194,0.0,119.99999999999922,119.99999999999922,0.0,8.990521026060351
011d931a-3af2-4997-899e-13aef513667d,11.28,True,11.0,10.99,11.1,0.27999999999999936,0.28999999999999915,0.17999999999999972,-6.308329967127676,-5.211020988993131,-18.962107991089184,9.999999999999787,99.99999999999964,109.99999999999943,1.0973089781345449,12.653778023961507
011e077f-e93f-4e1a-b350-459ccc3cd960,6.08,True,5.88,5.88,6.08,0.20000000000000018,0.20000000000000018,0.0,-19.433051240951027,-19.433051240951027,-23.918275912001032,0.0,200.00000000000017,200.00000000000017,0.0,4.485224671050005
011e4f3d-434c-4a39-b736-47f96189449a,6.04,True,5.78,5.81,6.0,0.2599999999999998,0.23000000000000043,0.040000000000000036,-8.106385870318705,-9.712083697666163,-17.375656267898194,29.99999999999936,219.99999999999974,190.0000000000004,1.6056978273474574,9.269270397579488
011eb740-26d4-44d3-bd41-6f7219a13f4a,7.6,False,7.47,7.46,7.6,0.1299999999999999,0.13999999999999968,0.0,-7.253159284730524,-7.098451731020301,-15.714735774294011,9.999999999999787,129.9999999999999,139.9999999999997,0.1547075537102227,8.461576489563488
011f34e5-9680-4feb-bb69-3b9ae15a3720,6.96,True,6.72,6.74,6.96,0.2400000000000002,0.21999999999999975,0.0,-1.9777681331823351,-1.6578693445435442,-10.022187147990342,20.000000000000462,240.00000000000023,219.99999999999974,0.31989878863879095,8.044419014808007
011fc9bd-4c85-4c02-83f1-c0bdcf9a3217,10.16,True,9.91,9.94,10.16,0.25,0.22000000000000064,0.0,4.51816064949013,4.115367960499435,-1.9674881727943987,29.99999999999936,250.0,220.00000000000063,0.4027926889906954,6.485648822284529
01203399-4ece-4c4f-b7bf-7afdf3cbe930,7.92,False,7.56,7.54,7.7,0.3600000000000003,0.3799999999999999,0.21999999999999975,-8.989492426379599,-8.76268455269869,-20.777418473187648,19.999999999999574,140.00000000000057,160.00000000000014,0.22680787368090805,11.78792604680805
01206580-4a1a-49b1-b92c-8ba06941d686,12.660625,False,10.59,11.64,11.0,2.0706249999999997,1.020624999999999,1.6606249999999996,-2.1858872528609306,-1.8293637835014345,-0.43386404696214964,1050.0000000000007,410.0000000000001,640.0000000000006,0.3565234693594961,1.752023205898781
01209236-6f1b-45b3-9a96-7579d49c5d6f,11.32,False,11.15,11.14,11.3,0.16999999999999993,0.17999999999999972,0.019999999999999574,0.990214004027831,1.9918934172784202,-24.417565635143497,9.999999999999787,150.00000000000034,160.00000000000014,1.001679413250589,25.407779639171327
01215b4d-87da-4813-a0a0-91cfdec369bf,4.96,True,4.65,4.67,4.96,0.3099999999999996,0.29000000000000004,0.0,0.6977302283451019,0.502651965541755,-11.634556798651666,19.999999999999574,309.9999999999996,290.00000000000006,0.19507826280334695,12.332287026996767
01216ea2-3aae-4132-9dbc-948d0cc939b3,6.4,True,6.16,6.18,6.4,0.2400000000000002,0.22000000000000064,0.0,-4.72496351532,-5.503292694713872,-21.860103229484935,19.999999999999574,240.00000000000023,220.00000000000063,0.7783291793938725,17.135139714164936
012170db-cbc5-478a-adf1-f374ea1f041e,7.52,False,7.29,7.28,7.5,0.22999999999999954,0.23999999999999932,0.019999999999999574,4.5079017832449795,4.791237299568638,-10.780022700581416,9.999999999999787,209.99999999999997,219.99999999999974,0.2833355163236586,15.287924483826394
01217ad7-7f81-4b26-b1e1-352d605c580a,5.36,False,5.14,5.14,5.36,0.22000000000000064,0.22000000000000064,0.0,1.0846548752515381,1.0846548752515381,-22.60478841196196,0.0,220.00000000000063,220.00000000000063,0.0,23.689443287213496
0121eb48-5a49-4375-b04d-103f50fb36f0,13.3904375,True,12.39,12.39,12.6,1.0004375000000003,1.0004375000000003,0.7904375000000012,24.953801497791044,24.953801497791044,-6.0262782886129775,0.0,209.9999999999991,209.9999999999991,0.0,30.980079786404023
01221887-5544-41ec-91c0-c5bc99ca35be,6.8,False,6.56,6.67,6.8,0.2400000000000002,0.1299999999999999,0.0,12.036661042539471,2.444828380035949,-4.690372302633546,110.00000000000031,240.00000000000023,129.9999999999999,9.591832662503522,16.727033345173016
01226acf-b300-49ef-9ca2-428c92bc09e1,11.9245625,False,10.92,11.67,11.1,1.0045625000000005,0.25456250000000047,0.8245625000000008,13.504155147332543,-16.769846079164832,-17.710379090084217,750.0,179.99999999999972,570.0000000000002,30.274001226497376,31.21453423741676
012289f1-5827-47c6-97bf-f79c20634944,6.68,False,6.4,6.49,6.68,0.27999999999999936,0.1899999999999995,0.0,1.8693773495158224,-6.221986156323625,-19.793016232649997,89.99999999999986,279.9999999999994,189.9999999999995,8.091363505839448,21.66239358216582
01229320-c75f-4785-a3c8-8577da8fa14e,7.36,True,7.15,7.15,7.36,0.20999999999999996,0.20999999999999996,0.0,5.5705923414813485,5.5705923414813485,-25.373480757378395,0.0,209.99999999999997,209.99999999999997,0.0,30.944073098859743
0122e751-9406-46f2-9c31-517122229841,15.808125,True,14.81,14.81,15.1,0.9981249999999999,0.9981249999999999,0.7081250000000008,7.118498390610983,7.118498390610983,-22.093529486281245,0.0,289.99999999999915,289.99999999999915,0.0,29.21202787689223
012301cd-7f28-4e4e-897b-1b4699076ce0,4.84,False,4.66,4.71,4.8,0.17999999999999972,0.1299999999999999,0.040000000000000036,3.002003438124226,5.49029087006665,2.0249459850420166,49.99999999999982,139.9999999999997,89.99999999999986,2.4882874319424237,0.9770574530822094
01235fd5-938d-48df-8dc9-0964da9ce83b,5.32,True,5.09,5.08,5.2,0.23000000000000043,0.2400000000000002,0.1200000000000001,2.804312354406097,3.510273517393132,-16.261212577219972,9.999999999999787,110.00000000000031,120.00000000000011,0.7059611629870353,19.06552493162607
01238916-1fe3-4704-b229-51b2f62aef10,4.64,False,4.28,4.28,4.4,0.35999999999999943,0.35999999999999943,0.23999999999999932,-4.111255708700751,-4.111255708700751,-1.3708650381257907,0.0,120.00000000000011,120.00000000000011,0.0,2.7403906705749606
01239922-4cf4-4c21-b8c9-689de0149d43,7.88,True,7.64,7.64,7.7,0.2400000000000002,0.2400000000000002,0.17999999999999972,5.697221032810844,5.697221032810844,0.49301021378194015,0.0,60.0000000000005,60.0000000000005,0.0,5.204210819028903
01246252-779b-4db3-b58b-e31f787d8f66,3.52,True,3.29,3.28,3.4,0.22999999999999998,0.2400000000000002,0.1200000000000001,1.7515690469714045,2.281763122327545,-14.590547807145825,10.000000000000231,109.99999999999987,120.00000000000011,0.5301940753561407,16.34211685411723
0124b390-8680-408d-96d9-2f6fd3ce9e31,4.84,False,4.59,4.59,4.7,0.25,0.25,0.13999999999999968,-10.984964612895276,-10.984964612895276,-11.93883790231126,0.0,110.00000000000031,110.00000000000031,0.0,0.9538732894159843
01251244-ac95-4fbc-991b-14b876bff241,3.92,True,3.67,3.63,3.8,0.25,0.29000000000000004,0.1200000000000001,-17.332927478352612,-14.154237285074139,-32.34747795900358,40.000000000000036,129.9999999999999,169.99999999999994,3.1786901932784737,15.014550480650964
0125578f-5cfd-41b3-bc91-27e19261d437,7.84,False,7.59,7.6,7.8,0.25,0.2400000000000002,0.040000000000000036,3.2991825163746644,3.6761468188597286,-12.239920896642353,9.999999999999787,209.99999999999997,200.00000000000017,0.3769643024850642,15.539103413017017
0125fee5-bf67-435b-806f-ccb7de538a65,12.28,True,12.03,12.01,12.1,0.25,0.2699999999999996,0.17999999999999972,-4.077183008610566,-0.891578859830195,-14.721382294412148,19.999999999999574,70.00000000000028,89.99999999999986,3.1856041487803712,10.644199285801582
012609cc-d473-4386-a1fe-77b53c54eefa,4.44,False,4.43,4.43,4.4,0.010000000000000675,0.010000000000000675,0.040000000000000036,-5.5493833534094055,-5.5493833534094055,-4.757899840315149,0.0,29.99999999999936,29.99999999999936,0.0,0.7914835130942564
0126146d-c035-462c-81ee-0ef6cb6e4aa8,8.68,False,8.48,8.44,8.6,0.1999999999999993,0.2400000000000002,0.08000000000000007,35.73101537701129,36.63503996660772,23.532628017729962,40.000000000000924,119.99999999999922,160.00000000000014,0.9040245895964318,12.198387359281327
012641db-665c-43e1-aaf4-862b479297a9,9.3430625,True,8.35,8.22,8.5,0.9930625000000006,1.1230624999999996,0.8430625000000003,-5.019052204449766,-2.5807510276402508,-22.38450559461678,129.999999999999,150.00000000000034,279.9999999999994,2.438301176809515,17.365453390167012
01268701-a8d3-48c8-bc7f-14308e234261,4.68,False,3.04,4.04,4.4,1.6399999999999997,0.6399999999999997,0.27999999999999936,2.850004669393846,-1.576559799940835,-7.799570297071826,1000.0,1360.0000000000002,360.00000000000034,4.42656446933468,10.649574966465671
0126c192-d967-4245-a7d2-e74714ff8ad0,5.92,True,5.61,5.6,5.8,0.3099999999999996,0.3200000000000003,0.1200000000000001,5.246279257150616,6.021875399243487,-20.732434937616517,10.000000000000675,189.9999999999995,200.00000000000017,0.775596142092871,25.978714194767132
0126ed5f-bddf-4d5c-a4bf-669475fcc7b6,7.4,True,7.16,7.18,7.3,0.2400000000000002,0.22000000000000064,0.10000000000000053,-8.995393860249859,-10.040535311401765,-17.378968246051144,19.999999999999574,139.9999999999997,120.00000000000011,1.0451414511519062,8.383574385801285
0127163a-7881-471e-833a-d94764ec54c7,9.64,True,9.39,9.37,9.5,0.25,0.27000000000000135,0.14000000000000057,-11.77706883629881,-8.555871502493614,-27.082080343398633,20.00000000000135,109.99999999999943,130.0000000000008,3.221197333805195,15.305011507099824
01279fc1-7d3b-49fb-8485-45b81a457a76,6.56,False,6.33,6.31,6.4,0.22999999999999954,0.25,0.15999999999999925,2.682169752615325,3.665742679744794,-11.71093253445054,20.000000000000462,70.00000000000028,90.00000000000074,0.9835729271294689,14.393102287065865
0127b17e-9784-4df8-9655-0d88e0eb6292,8.28,False,8.09,8.09,8.28,0.1899999999999995,0.1899999999999995,0.0,5.050381000054456,5.050381000054456,-11.861452330387708,0.0,189.9999999999995,189.9999999999995,0.0,16.911833330442164
0127d9b8-16da-4604-a6fd-7cc5cebd5692,10.96,True,10.79,10.74,10.96,0.1700000000000017,0.22000000000000064,0.0,-11.673126813902988,-9.607910848316477,-27.54708697452893,49.999999999998934,170.0000000000017,220.00000000000063,2.0652159655865105,15.873960160625943
01280f79-b4e6-4116-bed1-0dccaa8bac55,5.2,True,4.92,5.13,5.2,0.28000000000000025,0.07000000000000028,0.0,9.26920253951395,-11.98574486289805,-14.792930420846123,209.99999999999997,280.0000000000002,70.00000000000028,21.254947402412,24.062132960360074
01286b38-cbd0-4b49-b342-934ba951c9ee,6.52,False,6.27,6.26,6.5,0.25,0.2599999999999998,0.019999999999999574,12.717317361226204,11.286303798473291,16.72336373748516,9.999999999999787,230.00000000000043,240.00000000000023,1.4310135627529128,4.006046376258954
01288efe-409f-469b-bccb-5b687ed19f9d,6.76,False,6.55,6.55,6.76,0.20999999999999996,0.20999999999999996,0.0,-6.8468164967185805,-6.8468164967185805,-24.928824924075734,0.0,209.99999999999997,209.99999999999997,0.0,18.082008427357152
0128ba66-2303-4787-afb2-ed9b1fa128f2,3.24,False,2.81,2.82,3.1,0.43000000000000016,0.4200000000000004,0.14000000000000012,-3.3198634232624875,-2.9985946106508012,2.897736105588409,9.999999999999787,290.00000000000006,280.0000000000002,0.32126881261168627,6.217599528850897
0128eb73-6eab-4806-95da-3039316f6faa,7.48,True,7.38,7.4,7.48,0.10000000000000053,0.08000000000000007,0.0,7.0732196214661505,6.484041137339852,-3.119903751077787,20.000000000000462,100.00000000000054,80.00000000000007,0.5891784841262986,10.193123372543937
0129a7bc-7e69-4c81-90e5-7ba0885a1a3c,5.48,False,5.23,5.24,5.48,0.25,0.2400000000000002,0.0,23.458149427303994,23.341682982847455,6.108595159904997,9.999999999999787,250.0,240.00000000000023,0.1164664444565382,17.349554267398997
0129cded-e5aa-466b-ad96-6f0c8b705ae4,6.0075,True,5.03,5.01,5.1,0.9775,0.9975000000000005,0.9075000000000006,3.2001506814306864,7.484648768403333,-14.336747732145803,20.000000000000462,69.9999999999994,89.99999999999986,4.284498086972647,17.536898413576488
0129d7d8-5df2-4351-81cc-139edc329e4c,8.96,True,8.69,8.67,8.8,0.27000000000000135,0.2900000000000009,0.16000000000000014,-7.829002207076753,-6.204221875430139,-18.82782518631203,19.999999999999574,110.00000000000121,130.0000000000008,1.6247803316466145,10.998822979235277
0129ef97-5003-4c7e-82d9-94ce98bda5e2,10.2,True,9.99,9.99,10.2,0.20999999999999908,0.20999999999999908,0.0,-7.201431241088215,-7.201431241088215,-22.630857231037943,0.0,209.9999999999991,209.9999999999991,0.0,15.429425989949728
012a3782-33a2-4c41-b669-4a7c2d7fca71,8.4,True,8.25,8.24,8.4,0.15000000000000036,0.16000000000000014,0.0,-17.507877534256437,-17.05986876423856,-36.78041871703497,9.999999999999787,150.00000000000034,160.00000000000014,0.44800877001787853,19.272541182778532
012a5739-2140-4f68-b7df-14c873571e56,2.596,True,2.32,2.39,2.596,0.27600000000000025,0.20599999999999996,0.0,-2.95760270698027,-1.0469067187556746,-5.648379342176162,70.00000000000028,276.0000000000002,205.99999999999997,1.9106959882245953,2.6907766351958924
012b094b-0e10-470a-b9b6-5db4c4eac54b,8.64,True,7.97,7.99,8.3,0.6700000000000008,0.6500000000000004,0.33999999999999986,-0.8580359268410691,-1.656177852899455,-11.909464376308238,20.000000000000462,330.00000000000097,310.0000000000005,0.798141926058386,11.051428449467169
012b0d71-4b3c-4eab-aedc-d1c935c24385,4.16,False,3.58,3.61,3.8,0.5800000000000001,0.5500000000000003,0.3600000000000003,1.4916721481740776,3.1084789516069096,2.141632447773178,29.999999999999805,219.99999999999974,189.99999999999994,1.616806803432832,0.6499602995991005
012b9760-e771-4c8b-9739-d0b6061fc9e8,2.1744375,False,1.73,1.82,,0.4444374999999998,0.35443749999999974,,9.763176571996539,2.613554403726812,,90.00000000000009,,,7.149622168269726,
012bebad-9b93-408a-bf4a-e2f89f9bc447,5.36,False,4.99,5.19,5.36,0.3700000000000001,0.16999999999999993,0.0,-0.17082242126997849,-2.2536207186877184,-7.903898926758808,200.00000000000017,370.0000000000001,169.99999999999994,2.0827982974177397,7.73307650548883
012c0f99-35fd-4506-8654-f7c485451a46,7.64,False,7.35,7.37,7.5,0.29000000000000004,0.2699999999999996,0.13999999999999968,12.856907594044255,12.423267130110265,15.944172432065777,20.000000000000462,150.00000000000034,129.9999999999999,0.43364046393399036,3.0872648380215217
012c3ded-db99-4867-8717-39f5800de4a8,4.36,False,4.15,4.16,4.36,0.20999999999999996,0.20000000000000018,0.0,-1.5409613900309074,-2.095980900279575,-12.097855527015406,9.999999999999787,209.99999999999997,200.00000000000017,0.5550195102486675,10.5568941369845
012c6a85-962c-47b3-98d6-a97c665bed88,8.37075,False,6.76,6.5,5.7,1.6107499999999995,1.8707499999999992,2.670749999999999,-31.1235211394037,-4.684022553521121,-7.394797330133152,259.9999999999998,1059.9999999999995,799.9999999999998,26.43949858588258,23.728723809270548
012c7c4c-ee4e-483d-b1d0-d24ab67dfe4a,11.84,True,11.25,11.18,11.4,0.5899999999999999,0.6600000000000001,0.4399999999999995,-18.949280449451344,-11.45089535721532,-38.39762806100899,70.00000000000028,150.00000000000034,220.00000000000063,7.498385092236024,19.448347611557644
012c8337-1672-4afe-9075-d4e9a3145b9d,4.16,True,3.62,3.6,3.7,0.54,0.56,0.45999999999999996,-3.160427275687093,-1.6430214963545273,-11.585675967732488,20.000000000000018,80.00000000000007,100.00000000000009,1.5174057793325657,8.425248692045395
012cf2a7-f67f-4be3-8d42-2cf55f636529,2.88,False,2.7,2.76,2.88,0.17999999999999972,0.1200000000000001,0.0,5.621017498402069,2.469109866809339,-2.526332927430588,59.99999999999961,179.99999999999972,120.00000000000011,3.15190763159273,8.147350425832657
012d15be-7d9e-4627-ad17-052f59a4facc,7.96,True,7.45,7.64,7.96,0.5099999999999998,0.3200000000000003,0.0,-6.412751891547739,-14.372036027991655,-12.659578478884821,189.9999999999995,509.9999999999998,320.0000000000003,7.959284136443916,6.2468265873370825
012d2082-31bd-4b76-b28d-65062a54daf0,7.88,True,7.7,7.7,7.88,0.17999999999999972,0.17999999999999972,0.0,-3.1369423552453566,-3.1369423552453566,-11.18081316450826,0.0,179.99999999999972,179.99999999999972,0.0,8.043870809262904
012d3dcd-963a-4280-bc54-b9df86eebcd0,3.08,True,2.83,2.83,3.08,0.25,0.25,0.0,-6.603771756260498,-6.603771756260498,-30.7701737676586,0.0,250.0,250.0,0.0,24.166402011398105
012d5f11-9b4c-44c6-afa3-fe560e61e2f8,10.843625,True,9.81,9.85,10.0,1.033624999999999,0.9936249999999998,0.8436249999999994,-4.8721495968835695,-6.159724693764898,-17.560482670556823,39.99999999999915,189.9999999999995,150.00000000000034,1.2875750968813282,12.688333073673252
012ed891-12cd-4bff-8284-3f50e85b591b,4.16,False,3.9,3.86,4.0,0.26000000000000023,0.30000000000000027,0.16000000000000014,9.04664521170135,7.220410028723147,4.189172290408767,40.000000000000036,100.00000000000009,140.0000000000001,1.8262351829782029,4.857472921292582
012f23ec-8b98-464e-9200-8d6de960d39c,6.92,False,6.92,6.92,6.9,0.0,0.0,0.019999999999999574,-0.0211001869961511,-0.0211001869961511,-0.36190937533236683,0.0,19.999999999999574,19.999999999999574,0.0,0.34080918833621576
012f2466-c390-489c-91cf-b3552eac2a1a,6.8,False,6.44,6.54,6.8,0.35999999999999943,0.2599999999999998,0.0,-4.574482137405667,-2.192457203540108,-16.18871663292963,99.99999999999964,359.99999999999943,259.9999999999998,2.382024933865559,11.614234495523963
012f3c33-4b8e-4d08-97fd-93cd72071398,9.76525,False,9.46,9.38,8.9,0.30524999999999913,0.3852499999999992,0.8652499999999996,-9.54363363373745,-11.759659404454712,-15.04497476087869,80.00000000000007,560.0000000000005,480.00000000000045,2.2160257707172626,5.50134112714124
012f4aae-f2a1-4c8a-a02f-18d64f9dc6fc,9.56,False,9.37,9.39,9.56,0.19000000000000128,0.16999999999999993,0.0,16.783361547133516,15.211222826913822,-5.728695771134638,20.00000000000135,190.00000000000128,169.99999999999994,1.5721387202196944,22.512057318268155
012f74d6-0a08-4b6a-bd9d-0c6cb33c1929,12.5785625,False,11.53,11.58,11.7,1.048562500000001,0.9985625000000002,0.878562500000001,12.738822785934563,10.384269943192809,-2.661479398963973,50.00000000000071,169.99999999999994,119.99999999999922,2.3545528427417537,15.400302184898536
012fdde7-9cdd-4197-bcfa-3bf396ef0b8e,5.52,False,5.45,5.43,5.5,0.0699999999999994,0.08999999999999986,0.019999999999999574,-3.187371679982553,-4.68200712253973,-5.325483322143552,20.000000000000462,49.99999999999982,70.00000000000028,1.4946354425571768,2.138111642160999
0130e7f8-64bf-492a-9b3a-e49c67863814,3.36,True,3.15,3.13,3.2,0.20999999999999996,0.22999999999999998,0.1599999999999997,5.356040390272386,9.412475723684288,-8.836033849432951,20.000000000000018,50.00000000000027,70.00000000000028,4.056435333411902,14.192074239705338
0130fad5-2d9d-4e66-98fc-7542676a9e1f,7.28,False,7.13,7.08,7.28,0.15000000000000036,0.20000000000000018,0.0,-7.628918836057098,-10.195706319170203,-6.55021104384941,49.99999999999982,150.00000000000034,200.00000000000017,2.566787483113105,1.0787077922076875
0130fea4-9bdd-433a-a564-221abb01edc4,8.12,True,7.84,7.83,8.0,0.27999999999999936,0.28999999999999915,0.11999999999999922,-5.55451534540069,-4.91919149488784,-21.096352038997235,9.999999999999787,160.00000000000014,169.99999999999994,0.63532385051285,15.541836693596546
0130fefa-1a97-4848-976c-8da644e6e68e,6.26,False,6.06,6.07,6.26,0.20000000000000018,0.1899999999999995,0.0,8.30108556264207,6.519461577898099,-13.235901422117358,10.000000000000675,200.00000000000017,189.9999999999995,1.7816239847439714,21.53698698475943
013119da-5492-4e2b-9ced-8a215fa84bfa,3.16,True,2.82,2.85,3.0,0.3400000000000003,0.31000000000000005,0.16000000000000014,-3.396980627789772,-3.8370242121612574,-14.774647869894373,30.00000000000025,180.00000000000017,149.99999999999991,0.4400435843714856,11.377667242104602
0131f3f5-7acb-4bf1-b3ec-a13fa14bac06,4.16,True,4.0,3.99,4.16,0.16000000000000014,0.16999999999999993,0.0,-2.424821640352341,-1.7159420073414249,-19.706119528466633,9.999999999999787,160.00000000000014,169.99999999999994,0.7088796330109162,17.281297888114292
01322fa9-e5e7-4062-81e3-ff23ec213a7c,11.9039375,False,10.95,10.9,11.0,0.9539375000000003,1.0039374999999993,0.9039374999999996,-1.9320134311202817,1.4988727447385455,-7.9796113551322,49.999999999998934,50.00000000000071,99.99999999999964,3.430886175858827,6.047597924011919
0133599d-b5d7-42a5-8e11-65993a3af103,8.24,False,8.06,8.05,8.2,0.17999999999999972,0.1899999999999995,0.040000000000000924,-7.248138130730488,-6.014869183489681,-24.474535664917806,9.999999999999787,139.9999999999988,149.99999999999858,1.2332689472408065,17.226397534187317
01335b18-439d-43bc-8ede-c18201c65c61,11.897875,False,10.89,10.91,11.1,1.0078750000000003,0.9878750000000007,0.7978750000000012,12.943173026372033,13.426233566564147,-9.813257169640226,19.999999999999574,209.9999999999991,189.9999999999995,0.4830605401921133,22.75643019601226
013392f6-3ed7-41a8-85a0-f99042656bec,7.28,True,7.09,7.09,7.28,0.1900000000000004,0.1900000000000004,0.0,-6.872817246665348,-6.872817246665348,-22.8922917094422,0.0,190.0000000000004,190.0000000000004,0.0,16.019474462776852
0133e150-25fc-47e3-bc49-5893634a7ba7,3.28,True,2.96,3.0,3.1,0.31999999999999984,0.2799999999999998,0.17999999999999972,-1.316567929178441,-5.455076831957588,-10.935738565203883,40.000000000000036,140.0000000000001,100.00000000000009,4.138508902779147,9.61917063602544
0133fc94-2d60-4c7d-9ab4-94b119d4841c,5.8,True,5.77,5.77,5.8,0.03000000000000025,0.03000000000000025,0.0,-19.894073240827787,-19.894073240827787,-22.2881771258719,0.0,30.00000000000025,30.00000000000025,0.0,2.394103885044114
01349407-0fcc-4c92-a8f5-4a3a8d16bcb5,7.4,False,7.16,7.16,7.3,0.2400000000000002,0.2400000000000002,0.10000000000000053,4.300899404526873,4.300899404526873,1.591111064859747,0.0,139.9999999999997,139.9999999999997,0.0,2.7097883396671256
0135fbfd-4089-472c-9e47-6df55b58812e,5.72,True,5.5,5.43,5.7,0.21999999999999975,0.29000000000000004,0.019999999999999574,0.27746952170193023,1.4640489999263018,-24.557645343387264,70.00000000000028,200.00000000000017,270.00000000000045,1.1865794782243715,24.835114865089196
01369924-b30d-4f83-9d71-e125cf62b60a,12.28,False,12.28,12.28,12.28,0.0,0.0,0.0,1.0003441581215498,1.0003441581215498,1.0003441581215498,0.0,0.0,0.0,0.0,0.0
0136a941-fa18-43e5-b396-fc5a018175f1,9.76,False,9.27,9.48,9.6,0.4900000000000002,0.27999999999999936,0.16000000000000014,2.033946745466492,-11.448082651172756,-16.00008714705898,210.00000000000085,330.00000000000006,119.99999999999922,13.482029396639248,18.03403389252547
0136b1b5-b2bb-4f9c-8130-19a18a7ea2f8,5.455625,False,4.53,4.91,4.7,0.9256250000000001,0.5456250000000002,0.7556250000000002,3.768192800572791,-3.2715665865027814,1.474225225876302,379.9999999999999,169.99999999999994,209.99999999999997,7.039759387075573,2.293967574696489
0136edd1-f6b1-417c-a364-95240122f010,5.0346875,True,4.8,4.83,5.0,0.2346875000000006,0.20468750000000036,0.034687500000000426,-2.588832093173846,-4.2645234078533285,-22.423930929647174,30.00000000000025,200.00000000000017,169.99999999999994,1.6756913146794825,19.83509883647333
0136f15f-09ea-45b5-b7cc-f85018849cd3,9.12,True,9.04,9.04,9.1,0.08000000000000007,0.08000000000000007,0.019999999999999574,0.8426368637840099,0.8426368637840099,-8.611480241885468,0.0,60.0000000000005,60.0000000000005,0.0,9.454117105669479
01372b26-ebd3-4f6e-9af8-94044440f583,4.4,False,4.26,4.25,4.4,0.14000000000000057,0.15000000000000036,0.0,-16.035102936439756,-15.233365015019906,-26.139890045294216,9.999999999999787,140.00000000000057,150.00000000000034,0.8017379214198499,10.10478710885446
01373773-6acc-42bc-899b-0bf6a3dca94e,7.48,False,7.41,7.44,7.48,0.07000000000000028,0.040000000000000036,0.0,11.09155297876446,9.979628816759023,7.452851781472951,30.00000000000025,70.00000000000028,40.000000000000036,1.1119241620054368,3.6387011972915086
01376330-32c0-48fe-8a4b-91f1939315f6,8.12,False,7.88,8.03,8.1,0.23999999999999932,0.08999999999999986,0.019999999999999574,-10.500258396306434,-16.134511946520977,-17.537568727203357,149.99999999999946,219.99999999999974,70.00000000000028,5.634253550214543,7.037310330896924
0137dcc0-9017-474a-ba4a-c34d67e54afb,10.766625,True,9.83,9.81,9.9,0.9366249999999994,0.956624999999999,0.8666249999999991,-9.35579052315802,-9.086943250377287,-13.650496873316813,19.999999999999574,70.00000000000028,89.99999999999986,0.26884727278073406,4.294706350158792
01380c32-e227-4c90-8f39-111767877638,4.28,True,4.15,4.11,4.28,0.1299999999999999,0.16999999999999993,0.0,-18.84597616255769,-12.957532790556273,-35.60903021053907,40.000000000000036,129.9999999999999,169.99999999999994,5.888443372001417,16.763054047981377
0138629f-cfb4-4058-829a-9924803bd397,6.88,True,6.52,6.54,6.7,0.3600000000000003,0.33999999999999986,0.17999999999999972,-3.6414492678767494,-3.3273442556640163,-7.662161122245984,20.000000000000462,180.0000000000006,160.00000000000014,0.3141050122127331,4.020711854369235
0138da88-d3fd-4a0f-a716-e4e07d9600ac,7.24,False,6.89,6.9,7.1,0.35000000000000053,0.33999999999999986,0.14000000000000057,3.787087915383882,3.487535100102639,-10.539479827214386,10.000000000000675,209.99999999999997,199.9999999999993,0.2995528152812432,14.326567742598268
0138fe21-5bed-45c8-9d4a-b26f4b277850,2.8819375,True,1.91,1.89,2.0,0.9719374999999999,0.9919374999999999,0.8819374999999998,1.2206820719590628,4.11536504337797,-9.590787728720105,20.000000000000018,90.00000000000009,110.0000000000001,2.8946829714189075,10.811469800679168
01393d06-7f04-4ea7-a5a7-18aed27aff56,4.56,False,4.52,4.52,4.56,0.040000000000000036,0.040000000000000036,0.0,2.1770055689781223,2.1770055689781223,-2.8920784129885333,0.0,40.000000000000036,40.000000000000036,0.0,5.0690839819666555
013951cf-b998-49ff-9318-2b92fdaff316,3.8,False,3.77,3.78,3.8,0.029999999999999805,0.020000000000000018,0.0,-2.491146058764092,-2.780070685340557,-4.284296652294552,9.999999999999787,29.999999999999805,20.000000000000018,0.2889246265764651,1.7931505935304601
013955e3-455c-492f-a9fc-d3483a32ce65,6.52,True,6.22,6.24,6.5,0.2999999999999998,0.27999999999999936,0.019999999999999574,-0.9659581081632471,-2.5654062038948093,-15.536261101413356,20.000000000000462,280.0000000000002,259.9999999999998,1.5994480957315622,14.570302993250108
013acfc5-eddf-4f7a-b12e-dd5cc2ed72f9,2.4,True,2.31,2.25,2.4,0.08999999999999986,0.1499999999999999,0.0,-7.402283821261478,-1.595229454907005,-25.147636196956288,60.00000000000006,89.99999999999986,149.99999999999991,5.807054366354473,17.74535237569481
013b0df7-389f-4c68-a7b5-3de6a301757a,3.48,True,3.19,3.19,3.3,0.29000000000000004,0.29000000000000004,0.18000000000000016,7.692932726549552,7.692932726549552,-13.747036135745194,0.0,109.99999999999987,109.99999999999987,0.0,21.439968862294748
013b3152-1363-40e6-9bc2-1b925af6b164,11.12,False,10.73,10.74,10.9,0.3899999999999988,0.379999999999999,0.21999999999999886,9.97380635123233,8.644629019113506,-9.588955956416335,9.999999999999787,169.99999999999994,160.00000000000014,1.3291773321188245,19.562762307648665
013b8fa3-66ec-4113-a211-96b81e1630af,12.81625,False,11.53,11.88,11.7,1.2862500000000008,0.9362499999999994,1.1162500000000009,5.817405920634085,-15.212435157478186,-3.7953611372790292,350.0000000000014,169.99999999999994,180.00000000000148,21.02984107811227,9.612767057913114
013bace4-2833-4fcd-a8eb-87ccb91d93bc,8.56,True,8.1,8.19,8.4,0.46000000000000085,0.370000000000001,0.16000000000000014,-1.8063756757235208,-2.917835877673462,-13.536266466872805,89.99999999999986,300.0000000000007,210.00000000000085,1.1114602019499413,11.729890791149284
013bcfa7-41d3-4187-8432-fd32da24b30b,6.04,True,5.67,5.71,5.9,0.3700000000000001,0.33000000000000007,0.13999999999999968,5.3291801803668895,5.2695240160720465,-4.374144208104908,40.000000000000036,230.00000000000043,190.0000000000004,0.059656164294842995,9.703324388471797
013be3b3-2d3b-48e3-8e85-6094aae00ddc,4.8,True,4.67,4.5,4.8,0.1299999999999999,0.2999999999999998,0.0,-21.47450806001764,0.0221456573255152,-39.78530549197676,169.99999999999994,129.9999999999999,299.99999999999983,21.496653717343158,18.310797431959116
013beb99-c5ae-4eaa-998a-c79cec3e3379,4.96,True,4.62,4.63,4.8,0.33999999999999986,0.33000000000000007,0.16000000000000014,11.237046253424296,11.16580409703727,-1.9517703481239688,9.999999999999787,179.99999999999972,169.99999999999994,0.0712421563870258,13.188816601548265
013c4203-4f45-44f5-a719-ff36a1a76cb2,7.84,True,7.53,7.52,7.7,0.3099999999999996,0.3200000000000003,0.13999999999999968,-12.181002556340347,-10.42347487114732,-33.17534867621612,10.000000000000675,169.99999999999994,180.0000000000006,1.7575276851930273,20.99434611987577
013cd59e-6e6f-4bbb-af41-60ba980bf5bb,4.0,False,3.76,3.78,4.0,0.2400000000000002,0.2200000000000002,0.0,1.7175912207201909,1.0419007214127916,-0.9693209626470497,20.000000000000018,240.00000000000023,220.0000000000002,0.6756904993073993,2.6869121833672405
013cd712-4f2b-4f83-ad1a-0e3297ea0ee3,6.6,False,6.13,6.14,6.4,0.46999999999999975,0.45999999999999996,0.1999999999999993,2.4874382552256358,2.29897893884533,-15.898669492247222,9.999999999999787,270.00000000000045,260.0000000000007,0.18845931638030589,18.38610774747286
013cdee9-bc14-4476-a7d1-1003e51c2137,6.52,False,6.22,6.09,6.3,0.2999999999999998,0.4299999999999997,0.21999999999999975,-24.740630952438504,-12.850226849404338,-29.50480920239527,129.9999999999999,80.00000000000007,209.99999999999997,11.890404103034166,4.764178249956764
013cf93d-0c3c-4c4f-a1bb-7805174ddf04,9.72,True,9.53,9.55,9.7,0.19000000000000128,0.16999999999999993,0.02000000000000135,0.8514406874073063,0.9243311151627925,-3.9966410501932192,20.00000000000135,169.99999999999994,149.99999999999858,0.07289042775548626,4.848081737600525
013d3094-c7ee-433b-b31e-8099c273498c,3.5860625,True,2.37,2.72,3.0,1.2160625,0.8660625,0.5860625000000002,-1.4977755538238309,-10.80095508368281,-18.94185266955758,350.0000000000001,629.9999999999999,279.99999999999983,9.30317952985898,17.444077115733748
013d45e1-836b-41bc-af06-dc8c774c517d,8.12,True,7.71,7.72,7.9,0.40999999999999925,0.39999999999999947,0.21999999999999886,-9.293084222908,-10.191092312856718,-31.30810557428179,9.999999999999787,190.0000000000004,180.0000000000006,0.8980080899487177,22.01502135137379
013dbd7a-6e82-4f94-af69-d63055d981a5,6.36,True,6.1,6.12,6.36,0.2600000000000007,0.2400000000000002,0.0,-9.160954779223365,-9.235114671355023,-16.700023042371125,20.000000000000462,260.0000000000007,240.00000000000023,0.0741598921316573,7.53906826314776
013dd0df-2f3a-4967-9fe7-7bd6fb344760,3.16,False,2.84,2.84,3.16,0.3200000000000003,0.3200000000000003,0.0,-7.265390609403508,-7.265390609403508,-28.59107272015385,0.0,320.0000000000003,320.0000000000003,0.0,21.325682110750343
013ddc65-3241-45ad-a2ac-c0e77a1a47d1,8.44,False,8.25,8.24,8.4,0.1899999999999995,0.1999999999999993,0.03999999999999915,-5.384520277979762,-5.369543365496298,-9.041926977727469,9.999999999999787,150.00000000000034,160.00000000000014,0.014976912483463778,3.657406699747707
013e193c-00af-45c5-9d88-9fe5ea3516d6,11.84,True,11.45,11.46,11.8,0.39000000000000057,0.379999999999999,0.03999999999999915,-0.4297123710707851,-0.6253478128547428,-25.921572479176838,10.000000000001563,350.0000000000014,339.9999999999999,0.19563544178395775,25.491860108106053
013e2287-7816-4066-96b5-a1f1e885ce6d,7.96,False,7.88,7.88,7.5,0.08000000000000007,0.08000000000000007,0.45999999999999996,-2.219997770368317,-2.219997770368317,-10.135543270033324,0.0,379.9999999999999,379.9999999999999,0.0,7.915545499665007
013ed4a5-7db5-44df-aa12-ef79650e5c21,12.72,False,12.58,12.55,12.7,0.14000000000000057,0.16999999999999993,0.02000000000000135,31.741976712981955,29.315199747013335,24.778323810601805,29.99999999999936,119.99999999999922,149.99999999999858,2.426776965968621,6.963652902380151
013ee617-cd88-4d3d-abc8-d70c41d351e6,4.44,True,4.19,4.18,4.3,0.25,0.2600000000000007,0.14000000000000057,-3.031585110796847,-1.8697212632478688,-16.076516919588716,10.000000000000675,109.99999999999943,120.00000000000011,1.1618638475489782,13.044931808791869
013efbe5-0eaa-4c91-9746-3512946b2ffa,6.56,False,6.27,6.47,6.56,0.29000000000000004,0.08999999999999986,0.0,1.6927621482622324,12.33803878833059,4.80146927075394,200.00000000000017,290.00000000000006,89.99999999999986,10.645276640068356,3.1087071224917078
013f4191-be65-4365-ad1c-d6cc1d951d32,13.28075,False,12.3,12.31,12.6,0.9807499999999987,0.9707499999999989,0.6807499999999997,9.288777344158737,9.175282102306126,-14.640058744071741,9.999999999999787,299.9999999999989,289.99999999999915,0.11349524185261117,23.928836088230476
013f6f34-3c8d-4abf-8301-94844f590e0e,8.12,True,8.05,8.02,8.1,0.06999999999999851,0.09999999999999964,0.019999999999999574,-6.386534212159915,-4.298238880910628,-12.744260356949729,30.000000000001137,49.999999999998934,80.00000000000007,2.088295331249287,6.357726144789814
013f7241-919e-4d03-92de-ef915af3d422,8.04,False,7.9,7.9,8.0,0.1399999999999988,0.1399999999999988,0.03999999999999915,1.17413460159966,1.17413460159966,0.39343054765312846,0.0,99.99999999999964,99.99999999999964,0.0,0.7807040539465316
013f742f-95ed-4770-b66e-7355d05403c4,9.76,False,9.75,9.75,9.76,0.009999999999999787,0.009999999999999787,0.0,-6.920730429745501,-6.920730429745501,-8.597719656844834,0.0,9.999999999999787,9.999999999999787,0.0,1.676989227099333
013fd5c3-c9f4-4d16-9fec-b6e417ee9a31,9.5876875,False,8.56,8.59,8.8,1.027687499999999,0.9976874999999996,0.7876874999999988,4.025715937530037,3.748389189091938,-6.441305611464805,29.99999999999936,240.00000000000023,210.00000000000085,0.27732674843809857,10.467021548994841
013fe7fd-dff4-4957-aa5d-dba0a32b15f9,7.16,False,7.05,6.96,7.16,0.11000000000000032,0.20000000000000018,0.0,20.222071657086367,26.85316161353994,9.761316833762697,89.99999999999986,110.00000000000031,200.00000000000017,6.631089956453572,10.46075482332367
014018f1-2755-4b32-8a1c-47a9de33e022,8.2,False,7.32,7.54,8.0,0.879999999999999,0.6599999999999993,0.1999999999999993,-2.1680014904113114,3.869584138544747,-5.871834487781716,219.99999999999974,679.9999999999998,459.99999999999994,6.037585628956059,3.7038329973704047
0140648d-92fe-46e5-9f27-ac7b4578de3f,11.08,True,10.61,10.99,11.08,0.47000000000000064,0.08999999999999986,0.0,-6.559088683086713,-5.888274363327258,-11.959725950371087,380.0000000000008,470.0000000000006,89.99999999999986,0.6708143197594545,5.400637267284375
0140741c-296d-40f6-bc0d-c6be9b027e84,4.68,True,4.58,4.56,4.68,0.09999999999999964,0.1200000000000001,0.0,-6.937380002554447,-6.505489483779433,-14.618713457777389,20.000000000000462,99.99999999999964,120.00000000000011,0.43189051877501416,7.6813334552229415
014078c7-e165-4f3f-a1e4-1e8b048bc8f9,6.2,False,6.12,6.11,6.2,0.08000000000000007,0.08999999999999986,0.0,-1.1649602046870953,-0.3566392610846525,-17.696600514646967,9.999999999999787,80.00000000000007,89.99999999999986,0.8083209436024428,16.531640309959872
01407eb7-00b3-426c-9aac-04d48e9f8398,13.4,True,12.95,13.11,13.4,0.45000000000000107,0.2900000000000009,0.0,-3.535672774895312,-2.2314817920700247,-10.526385925506258,160.00000000000014,450.0000000000011,290.0000000000009,1.3041909828252871,6.9907131506109454
0140cde9-c54e-43dc-892f-e9030252eda2,10.2353125,False,8.58,9.98,8.8,1.655312499999999,0.2553124999999987,1.4353124999999984,10.051836016015677,0.336187990307459,-7.326087548215599,1400.0000000000005,220.00000000000063,1179.9999999999998,9.715648025708218,17.377923564231278
01412369-0bfc-4759-994d-6a3aa760aa45,2.48,True,2.38,2.38,2.48,0.10000000000000009,0.10000000000000009,0.0,-9.94762220699287,-9.94762220699287,-18.08710039390959,0.0,100.00000000000009,100.00000000000009,0.0,8.13947818691672
0141486b-50cc-4c55-ab18-5069906f2545,3.72,True,3.46,3.46,3.6,0.26000000000000023,0.26000000000000023,0.1200000000000001,-20.54266811208665,-20.54266811208665,-28.756429485616533,0.0,140.0000000000001,140.0000000000001,0.0,8.213761373529884
0141b348-9301-437c-b5a0-b473837a3be7,4.96,False,4.84,4.86,4.96,0.1200000000000001,0.09999999999999964,0.0,2.617159240802636,1.0332454918312926,-8.645118406781219,20.000000000000462,120.00000000000011,99.99999999999964,1.5839137489713435,11.262277647583854
014223cb-5f43-4780-aceb-f2a4d76e1bf6,11.68,True,11.41,11.42,11.6,0.2699999999999996,0.2599999999999998,0.08000000000000007,-6.760337602974163,-6.930294536752762,-27.599322516208574,9.999999999999787,189.9999999999995,179.99999999999972,0.16995693377859933,20.838984913234412
01423455-357b-48d9-93b2-fee2121c5f9a,7.0826875,True,6.94,7.06,7.0826875,0.1426874999999992,0.02268749999999997,0.0,3.466339151319123,7.568937621563761,1.74892487684739,119.99999999999922,142.6874999999992,22.68749999999997,4.102598470244638,1.7174142744717331
01424fc7-c074-4549-b511-1992b0ab96d3,3.193875,True,3.17,3.08,2.5,0.02387499999999987,0.11387499999999973,0.6938749999999998,-16.945604167709398,-30.464112336786943,-18.045499376175915,89.99999999999986,669.9999999999999,580.0000000000001,13.518508169077545,1.099895208466517
01426de2-2610-4ec3-a070-03ca0b86c790,7.04,False,6.97,6.97,7.0,0.07000000000000028,0.07000000000000028,0.040000000000000036,-7.650321110640422,-7.650321110640422,-10.739934255858806,0.0,30.00000000000025,30.00000000000025,0.0,3.089613145218384
0142736c-ad91-46f3-af0b-4af8dd532091,4.88,True,4.81,4.81,4.88,0.07000000000000028,0.07000000000000028,0.0,7.749535063497534,7.749535063497534,2.4125490260804527,0.0,70.00000000000028,70.00000000000028,0.0,5.336986037417081
01427cc5-5bed-4153-883c-88bfe04c25d7,11.9808125,True,11.0,10.98,11.1,0.9808125000000008,1.0008125000000003,0.8808125000000011,-7.572805572403117,-5.703429869183589,-18.138096542225124,19.999999999999574,99.99999999999964,119.99999999999922,1.8693757032195277,10.565290969822009
0142a07c-c788-48e8-8dc8-1fcbad489a7d,13.68,False,13.55,13.54,13.68,0.129999999999999,0.14000000000000057,0.0,18.164947440892323,17.719400213704773,9.656551458839777,10.000000000001563,129.999999999999,140.00000000000057,0.44554722718755,8.508395982052546
0142bf01-673c-46e6-a8d2-0e8b22340484,6.08,False,5.85,5.78,6.0,0.23000000000000043,0.2999999999999998,0.08000000000000007,-7.2980918795407845,8.460330936474055,-24.918294658894176,69.9999999999994,150.00000000000034,219.99999999999974,15.75842281601484,17.62020277935339
0142c060-c5c2-4a7b-bbec-ad86ee03efe8,11.559,False,10.46,10.48,10.7,1.0989999999999984,1.0789999999999988,0.859,10.659630099492622,9.589671895333199,-16.244132834530607,19.999999999999574,239.99999999999844,219.99999999999886,1.0699582041594233,26.903762934023227
0143021d-70e2-4ab7-8476-6938c88a0e7e,6.5971875,False,5.61,5.6,5.8,0.9871875000000001,0.9971875000000008,0.7971875000000006,5.0791280654258495,5.60489444143907,-24.8920781619339,10.000000000000675,189.9999999999995,200.00000000000017,0.5257663760132205,29.971206227359747
01434326-7d5e-4341-9f5e-c89b0b7f4188,5.64,False,5.4,5.38,5.5,0.23999999999999932,0.2599999999999998,0.13999999999999968,15.94109931128207,19.533933926128558,-5.511150378992058,20.000000000000462,99.99999999999964,120.00000000000011,3.5928346148464883,21.45224969027413
0143b398-7e30-4a2f-9748-a6d16a555222,2.14825,True,0.77,0.8,1.0,1.37825,1.34825,1.14825,20.420891485574934,18.856483996183716,6.9952389756537565,30.00000000000003,229.99999999999997,199.99999999999994,1.5644074893912183,13.425652509921179
0143d96f-d28e-49af-9af8-5ca9ed526821,4.4698125,False,4.19,4.2,4.4698125,0.27981249999999935,0.26981249999999957,0.0,5.205874211574297,4.8493738957595625,-10.710554283730376,9.999999999999787,279.8124999999994,269.81249999999955,0.35650031581473485,15.916428495304674
014416d2-fe88-42a5-abd4-97e368e8b08c,4.92,False,4.84,4.81,4.9,0.08000000000000007,0.11000000000000032,0.019999999999999574,-6.884850460356853,-6.122164443543158,-11.010435090063575,30.00000000000025,60.0000000000005,90.00000000000074,0.7626860168136949,4.125584629706722
01443c4b-48a5-41fb-a9d3-e1ca1053a059,4.36,True,4.13,4.16,4.36,0.23000000000000043,0.20000000000000018,0.0,-14.033306587277,-14.125639429464547,-22.609518880927094,30.00000000000025,230.00000000000043,200.00000000000017,0.09233284218754712,8.576212293650094
014450e4-57dd-4260-9691-403060c53301,3.30125,True,2.97,2.96,3.1,0.3312499999999998,0.34125000000000005,0.20124999999999993,-9.855332246672234,-9.702776447311699,-21.57295353133525,10.000000000000231,129.9999999999999,140.0000000000001,0.15255579936053465,11.717621284663018
01447203-51b9-4c54-ad0a-ba4574818a26,6.04,True,5.83,5.82,6.0,0.20999999999999996,0.21999999999999975,0.040000000000000036,-5.7466499615215465,-5.035292223850933,-23.61441789759269,9.999999999999787,169.99999999999994,179.99999999999972,0.7113577376706139,17.867767936071147
014482c7-3853-4bca-9a3a-05ca1c8ac389,4.28,True,4.1,4.06,4.28,0.1800000000000006,0.22000000000000064,0.0,-18.796592454682546,-17.365050623010053,-30.827454351498993,40.000000000000036,180.0000000000006,220.00000000000063,1.4315418316724937,12.030861896816447
0144ac2d-9662-49fc-ab46-b1fafdd1269b,1.9626875,False,1.61,1.96,1.9626875,0.3526874999999998,0.002687499999999954,0.0,4.508307752543447,-15.152290215378388,-15.113049297407153,349.9999999999999,352.68749999999983,2.687499999999954,19.660597967921834,19.6213570499506
0144e9ba-b269-43c3-8862-4dd9675c911a,11.57725,True,10.57,10.59,10.8,1.007249999999999,0.9872499999999995,0.7772499999999987,5.667172236989677,4.1028694870448446,-14.93510036546266,19.999999999999574,230.00000000000043,210.00000000000085,1.564302749944832,20.602272602452338
0145a6de-5d88-481f-b2ea-a0702034b6a5,5.1384375,True,5.13,5.13,4.9,0.00843750000000032,0.00843750000000032,0.23843749999999986,-25.303179777008754,-25.303179777008754,-11.966973625501314,0.0,229.99999999999955,229.99999999999955,0.0,13.33620615150744
0145abf7-8f03-4689-ba2a-04d39ba9ec8a,10.3876875,True,9.31,9.78,9.6,1.0776874999999997,0.6076875000000008,0.7876875000000005,-6.175855689918025,-10.574087815015341,-12.522204744031296,469.99999999999886,289.99999999999915,179.99999999999972,4.398232125097316,6.34634905411327
0145fcbd-70c2-4329-944e-923207399b84,4.08,False,3.87,3.85,4.0,0.20999999999999996,0.22999999999999998,0.08000000000000007,-6.522099231104555,-5.174731282904596,-21.784362291970385,20.000000000000018,129.9999999999999,149.99999999999991,1.3473679481999588,15.26226306086583
01464c04-9391-4dc0-8125-ce9eda050adc,6.88,False,6.81,6.8,6.88,0.07000000000000028,0.08000000000000007,0.0,7.244395497654782,8.717239743689863,-2.2470851563824166,9.999999999999787,70.00000000000028,80.00000000000007,1.4728442460350806,9.491480654037199
01465f5b-cc93-4de0-829d-7ccead9e4563,9.64,True,9.45,9.45,9.6,0.19000000000000128,0.19000000000000128,0.040000000000000924,-2.1315330556470946,-2.1315330556470946,-17.27434810178532,0.0,150.00000000000034,150.00000000000034,0.0,15.142815046138226
01472b5c-8599-4ea8-9f94-544c1f6c49a0,3.317375,False,2.32,2.6,2.5,0.9973750000000003,0.7173750000000001,0.8173750000000002,2.2397993784278465,-18.714866788149852,-13.285218307148527,280.0000000000002,180.00000000000017,100.00000000000009,20.9546661665777,15.525017685576374
014808a1-abb1-4548-a8bb-ff17703ec49f,3.242,False,3.22,3.23,3.2,0.021999999999999797,0.01200000000000001,0.041999999999999815,-11.362604637790298,-11.472146300291978,-11.037530218089966,9.999999999999787,20.000000000000018,29.999999999999805,0.10954166250168029,0.32507441970033213
01483fcc-58f8-45b5-a87d-2c734a8beea7,9.5908125,True,8.59,8.78,8.8,1.0008125000000003,0.8108125000000008,0.7908124999999995,5.920874338477737,-9.027135885657433,-9.06282710256499,189.9999999999995,210.00000000000085,20.00000000000135,14.94801022413517,14.983701441042726
014843fa-4366-4b4a-a815-e92a82dcb0ab,9.12,False,9.01,9.03,9.1,0.10999999999999943,0.08999999999999986,0.019999999999999574,-11.919562180374138,-13.668943737298873,-18.442256243199736,19.999999999999574,89.99999999999986,70.00000000000028,1.7493815569247353,6.5226940628255985
01484e40-4b60-44c6-99cf-509477aeb5b1,9.585875,True,8.76,8.58,8.9,0.8258749999999999,1.0058749999999996,0.6858749999999993,-19.839607123239894,0.005968114978444018,-34.66502440357596,179.99999999999972,140.00000000000057,320.0000000000003,19.845575238218338,14.825417280336069
014859ad-fa09-4772-855c-c86135f42044,9.04,True,8.79,8.82,9.0,0.25,0.21999999999999886,0.03999999999999915,-0.3176437060223346,-1.791310885234443,-12.746940050697207,30.000000000001137,210.00000000000085,179.99999999999972,1.4736671792121085,12.429296344674873
01485ddc-b4f2-4a2c-abac-47786be79695,4.96,True,4.35,4.94,4.96,0.6100000000000003,0.019999999999999574,0.0,-9.187155253122068,-2.622356086316626,-2.4396252973730843,590.0000000000008,610.0000000000003,19.999999999999574,6.564799166805441,6.747529955748984
01497e1a-066c-4258-9b26-cd6c56c6dec3,12.2,True,11.92,11.95,12.2,0.27999999999999936,0.25,0.0,2.4687224961882253,-0.06383998295422652,-19.108639046697334,29.99999999999936,279.9999999999994,250.0,2.532562479142452,21.57736154288556
014ab1e4-e937-40a2-8c29-54e583adc142,7.2,True,7.0,7.01,7.2,0.20000000000000018,0.1900000000000004,0.0,-6.106659083291403,-6.127697239799693,-14.978445954008993,9.999999999999787,200.00000000000017,190.0000000000004,0.021038156508290662,8.87178687071759
014ad059-e432-467e-b542-027a6cc24b8b,14.52,False,14.13,14.14,14.3,0.3899999999999988,0.379999999999999,0.21999999999999886,8.618541394268696,7.719904012574514,-3.5851907824525693,9.999999999999787,169.99999999999994,160.00000000000014,0.898637381694182,12.203732176721266
014b1772-6cb0-4b75-9891-972b2eb5988e,9.12,False,8.9,8.9,9.1,0.21999999999999886,0.21999999999999886,0.019999999999999574,6.757007490012545,6.757007490012545,-7.889440326546246,0.0,199.9999999999993,199.9999999999993,0.0,14.64644781655879
014b6654-38e1-40fc-aa94-326bb2985d35,4.04,False,3.8,3.79,3.9,0.2400000000000002,0.25,0.14000000000000012,-10.822730390429843,-10.384781700272026,-15.59516938175652,9.999999999999787,100.00000000000009,109.99999999999987,0.43794869015781757,4.772438991326677
014b7b81-aa38-4f51-93de-5745e95d58c4,2.0385625,True,1.32,1.91,1.6,0.7185624999999998,0.1285624999999999,0.43856249999999974,24.945569672171082,-22.229242212632126,-1.4022890509265618,589.9999999999999,280.0,309.99999999999983,47.174811884803205,26.347858723097644
014ba34b-a33e-474b-8edf-dda1e348e50f,13.5916875,False,12.58,12.6,12.7,1.0116875000000007,0.9916875000000012,0.8916875000000015,5.005051454556312,3.657106271787096,-12.855643397371706,19.999999999999574,119.99999999999922,99.99999999999964,1.3479451827692155,17.860694851928017
014c64b9-ef6b-485f-8d20-756a3e4815c8,4.0,False,3.72,3.73,4.0,0.2799999999999998,0.27,0.0,-3.5873973815331417,-3.447694257448491,-12.152771230485463,9.999999999999787,279.99999999999983,270.0,0.1397031240846509,8.565373848952321
014c767f-b06c-4cf9-89ab-f301ae0efc89,9.8,False,9.53,9.55,9.7,0.27000000000000135,0.25,0.10000000000000142,0.761878925072415,-1.526393874828823,-13.69047719125632,20.00000000000135,169.99999999999994,149.99999999999858,2.2882727999012378,14.452356116328735
014c8cf8-cd0d-489e-81dd-2818056a51ac,5.2,False,4.94,5.15,5.2,0.2599999999999998,0.04999999999999982,0.0,9.161757987360335,-8.588225943999152,-13.268654465050501,209.99999999999997,259.9999999999998,49.99999999999982,17.749983931359488,22.430412452410835
014cc119-2702-4f37-bc2a-98afaa6f4466,3.475,False,3.4,3.44,3.475,0.07500000000000018,0.03500000000000014,0.0,-5.369392767158027,-7.538834992299329,-10.789805477816461,40.000000000000036,75.00000000000017,35.00000000000014,2.169442225141302,5.420412710658434
014d3ae7-fe8d-4a9c-aa8b-230cc3fe809b,12.28,False,11.72,11.73,12.0,0.5599999999999987,0.5499999999999989,0.27999999999999936,-1.0166953102960679,-0.9390641669582802,1.7876071718868387,9.999999999999787,279.9999999999994,269.99999999999955,0.07763114333778764,2.804302482182907
014d682d-12de-442a-b1ad-bd91f2044672,4.24,True,3.97,4.01,4.2,0.27,0.23000000000000043,0.040000000000000036,4.670791519333893,4.45080269361974,-10.245444001746016,39.99999999999959,229.99999999999997,190.0000000000004,0.2199888257141529,14.916235521079908
014d8eff-3ef8-46b5-9329-482f6c4aaec9,3.019,False,3.019,3.0,3.0,0.0,0.019000000000000128,0.019000000000000128,-2.9960934203771954,-3.043623276067876,-3.043623276067876,19.000000000000128,19.000000000000128,0.0,0.04752985569068047,0.04752985569068047
014dcfdf-069a-4be8-b2fe-292d5f3860a9,5.16,True,5.14,5.12,5.16,0.020000000000000462,0.040000000000000036,0.0,-4.115689763650709,-3.8284020154505476,-6.818417470817624,19.999999999999574,20.000000000000462,40.000000000000036,0.287287748200161,2.7027277071669156
014e1718-a84b-485f-bed7-6f641ea279cb,2.56,True,2.3,2.32,2.56,0.26000000000000023,0.2400000000000002,0.0,-4.028043703624662,-3.7959932939355157,-14.019267173860403,20.000000000000018,260.0000000000002,240.00000000000023,0.23205040968914625,9.991223470235742
014e1c4f-3e9c-4f7b-9225-e096706d59cc,2.28,False,2.1,2.19,2.28,0.17999999999999972,0.08999999999999986,0.0,1.0148049089612798,-3.655259938315033,-9.090060119095693,89.99999999999986,179.99999999999972,89.99999999999986,4.670064847276313,10.104865028056972
014e569a-6681-4f46-8057-55e1069bcdc3,10.92,False,10.6,10.65,10.9,0.3200000000000003,0.2699999999999996,0.019999999999999574,-1.4685109660038256,-0.5189826489883523,-14.865834937653906,50.00000000000071,300.0000000000007,250.0,0.9495283170154732,13.397323971650081
014e664d-6918-4916-aa92-a39da345457c,15.64,True,15.4,15.29,15.5,0.2400000000000002,0.3500000000000014,0.14000000000000057,-3.7786567712427637,-3.076179211127212,-19.585912326774945,110.00000000000121,99.99999999999964,210.00000000000085,0.7024775601155517,15.807255555532182
014e9239-a55a-4267-9509-309b6d521487,11.4135,False,10.42,11.28,10.7,0.9935000000000009,0.1335000000000015,0.7135000000000016,-10.318408880528173,-5.686325475373927,-12.799346369508402,859.9999999999994,279.9999999999994,580.0000000000001,4.632083405154246,2.4809374889802296
014ed4ed-3514-4936-9273-0c6f5e36e97a,7.88,True,7.52,7.43,7.7,0.3600000000000003,0.4500000000000002,0.17999999999999972,-16.664569204882557,-4.411013814829542,-28.325858638810118,89.99999999999986,180.0000000000006,270.00000000000045,12.253555390053016,11.66128943392756
014f0afa-74cc-4a3d-afaf-5f98164f68e4,9.6,False,9.03,9.0,9.1,0.5700000000000003,0.5999999999999996,0.5,36.80032207553447,37.63169977813522,19.048232762287263,29.99999999999936,70.00000000000028,99.99999999999964,0.8313777026007543,17.752089313247204
014f10d3-0b7c-46ec-ab1f-1501bfc238b3,10.56,True,10.31,10.31,10.4,0.25,0.25,0.16000000000000014,-12.166025070652497,-12.166025070652497,-18.950664976827582,0.0,89.99999999999986,89.99999999999986,0.0,6.7846399061750855
014f3da0-8351-48b4-b1c8-4b399570950b,5.08,True,4.84,4.82,4.9,0.2400000000000002,0.2599999999999998,0.17999999999999972,1.2024272492130281,2.7901017108623116,-5.273056821711519,19.999999999999574,60.0000000000005,80.00000000000007,1.5876744616492835,6.475484070924547
014f7d1e-6b1d-4f28-9480-05755eb8e05f,14.0,False,13.76,13.77,14.0,0.2400000000000002,0.23000000000000043,0.0,-0.5630353495487187,-0.971282714594914,-28.575890710483048,9.999999999999787,240.00000000000023,230.00000000000043,0.4082473650461953,28.012855360934328
014f988e-b8ae-45b5-85f3-5d53a5834701,6.16,True,5.84,5.86,6.0,0.3200000000000003,0.2999999999999998,0.16000000000000014,8.263604509045917,6.5639371066573995,-9.371303990474614,20.000000000000462,160.00000000000014,139.9999999999997,1.6996674023885179,17.63490849952053
015006a2-9319-46ee-9415-03b676748fd0,8.76,True,8.39,8.52,8.76,0.3699999999999992,0.2400000000000002,0.0,-6.342648444074168,-9.248577982169877,-27.07184318893508,129.999999999999,369.9999999999992,240.00000000000023,2.905929538095709,20.729194744860912
01501342-6122-4b68-b0d2-f082237aca82,6.76,False,6.57,6.54,6.76,0.1899999999999995,0.21999999999999975,0.0,-0.233534991220486,-0.8102241187298456,-10.184746663932827,30.00000000000025,189.9999999999995,219.99999999999974,0.5766891275093595,9.951211672712342
01502d94-a467-43d4-9ea1-f92543c23fef,5.32,False,5.01,5.03,5.3,0.3100000000000005,0.29000000000000004,0.020000000000000462,3.110890617881605,1.4153531929331606,-11.686680466613574,20.000000000000462,290.00000000000006,269.99999999999955,1.6955374249484443,14.797571084495178
01507726-a760-4191-8ede-895518764ab8,8.92,False,8.89,8.87,8.9,0.02999999999999936,0.05000000000000071,0.019999999999999574,28.723401294826136,33.48992306282162,26.766337908487657,20.00000000000135,9.999999999999787,30.000000000001137,4.766521767995481,1.9570633863384792
0150817f-107c-46f6-9ee8-f63b750598fc,9.84,False,9.63,9.63,9.8,0.20999999999999908,0.20999999999999908,0.03999999999999915,21.749010644822665,21.749010644822665,14.017394405780477,0.0,169.99999999999994,169.99999999999994,0.0,7.731616239042188
01508445-b166-4658-ab82-5e35b775637a,4.96,False,4.66,4.68,4.8,0.2999999999999998,0.28000000000000025,0.16000000000000014,-3.5038994904097605,-3.513615637653159,-10.192056739198385,19.999999999999574,139.9999999999997,120.00000000000011,0.00971614724339842,6.688157248788625
01511b82-1985-4a7e-8f49-4ea9de76b61b,11.32,True,10.8,11.01,11.3,0.5199999999999996,0.3100000000000005,0.019999999999999574,8.922660167785192,0.4741247173791478,-16.504856278469983,209.9999999999991,500.0,290.0000000000009,8.448535450406045,25.427516446255176
0151257e-52b2-4cb3-a573-040f0b82a92a,9.262875,True,8.26,8.27,8.4,1.0028749999999995,0.9928749999999997,0.862874999999999,0.32622639162289424,-0.6388807046809144,-12.371506354943495,9.999999999999787,140.00000000000057,130.0000000000008,0.9651070963038086,12.69773274656639
015158a9-8746-4981-81ca-869e10a2463f,5.84,True,5.53,5.79,5.8,0.3099999999999996,0.04999999999999982,0.040000000000000036,-13.148956953125355,-23.90120760896002,-23.50954737743806,259.9999999999998,269.99999999999955,9.999999999999787,10.752250655834667,10.360590424312706
0151de2b-0e25-4622-b924-3fd7c1af8a7b,4.48,False,4.17,4.2,4.48,0.3100000000000005,0.28000000000000025,0.0,-2.749558001669886,-1.855032611462564,-5.086325559321375,30.00000000000025,310.0000000000005,280.0000000000002,0.894525390207322,2.3367675576514895
015296ee-aea1-440b-a5c3-afc027a58e7f,8.36,False,8.16,8.18,8.36,0.1999999999999993,0.17999999999999972,0.0,-4.701038185079656,-5.800703636351633,-13.910790231801368,19.999999999999574,199.9999999999993,179.99999999999972,1.099665451271977,9.20975204672171
0152e7fa-685d-4d40-a72d-b3c91adc51c3,11.56,True,11.49,11.49,11.56,0.07000000000000028,0.07000000000000028,0.0,-4.2071948576334535,-4.2071948576334535,-11.582662503526302,0.0,70.00000000000028,70.00000000000028,0.0,7.375467645892849
01532746-3301-4ab7-ae2d-451560edf180,10.12,True,9.99,10.0,10.1,0.129999999999999,0.11999999999999922,0.019999999999999574,-5.53544839649055,-5.973851618825107,-17.78820684362999,9.999999999999787,109.99999999999943,99.99999999999964,0.4384032223345571,12.252758447139438
0153815d-5daa-4461-adc2-e018fda0945c,6.5706875,False,6.48,6.48,6.5706875,0.09068749999999959,0.09068749999999959,0.0,-6.1709155081036196,-6.1709155081036196,-5.911404338714187,0.0,90.68749999999959,90.68749999999959,0.0,0.25951116938943297
01539756-4fb8-4f47-b101-4127447b9da8,8.6093125,True,7.59,7.6,7.9,1.0193124999999998,1.0093125,0.7093124999999993,-3.713919872312795,-3.760368645989621,-29.727393134222105,9.999999999999787,310.0000000000005,300.0000000000007,0.04644877367682598,26.01347326190931
0153be9a-9c71-473d-be9b-c1a1c2ab98ce,8.32,False,8.28,8.28,8.3,0.040000000000000924,0.040000000000000924,0.019999999999999574,18.951283823145555,18.951283823145555,20.44301650662199,0.0,20.00000000000135,20.00000000000135,0.0,1.4917326834764353
0153ff27-6f0a-4d15-b103-fe842afae14e,7.76,True,7.4,7.75,7.3,0.35999999999999943,0.009999999999999787,0.45999999999999996,-14.069084085276746,-10.256503490076964,-16.50440146302369,349.99999999999966,100.00000000000054,450.00000000000017,3.8125805951997815,2.4353173777469443
01542ee6-b127-4507-b8bd-21d14a9388e5,8.44,False,8.44,8.44,8.4,0.0,0.0,0.03999999999999915,-4.710254060437532,-4.710254060437532,-3.5897133371200947,0.0,39.99999999999915,39.99999999999915,0.0,1.1205407233174376
01545b45-1732-4eae-976c-ab9cd923514c,5.56,False,5.29,5.3,5.56,0.2699999999999996,0.2599999999999998,0.0,0.312785671280762,1.1194089846202435,-7.930481143655958,9.999999999999787,269.99999999999955,259.9999999999998,0.8066233133394816,8.24326681493672
0155397f-abc3-4ea4-bb53-2ce79dda218b,8.76,False,8.52,8.51,8.6,0.2400000000000002,0.25,0.16000000000000014,15.569116851237794,15.219238375117719,10.477775822563418,9.999999999999787,80.00000000000007,89.99999999999986,0.3498784761200753,5.0913410286743765
01559dc7-1737-47bd-b37c-effbfbe9be26,10.24,False,10.23,10.23,10.2,0.009999999999999787,0.009999999999999787,0.040000000000000924,5.949729970533209,5.949729970533209,4.988848470155785,0.0,30.000000000001137,30.000000000001137,0.0,0.9608815003774236
0156cecf-5339-4921-b332-24e8c4f3d06b,9.36,False,9.26,9.26,9.36,0.09999999999999964,0.09999999999999964,0.0,-11.345978189778316,-11.345978189778316,-16.733792398860437,0.0,99.99999999999964,99.99999999999964,0.0,5.387814209082121
01572322-4394-4048-95f8-706b29550b98,4.28,False,4.15,4.18,4.28,0.1299999999999999,0.10000000000000053,0.0,-5.692016279951372,-7.283202536243586,-11.301742851287088,29.99999999999936,129.9999999999999,100.00000000000054,1.5911862562922137,5.609726571335716
01572c81-3e9c-4f1f-a75f-3914ff762686,9.52,True,9.29,9.39,9.5,0.23000000000000043,0.129999999999999,0.019999999999999574,8.790314335009326,1.7813130502584185,-3.81639527469163,100.00000000000142,210.00000000000085,109.99999999999943,7.009001284750907,12.606709609700955
01576515-a019-4106-8588-2270e0d5632a,9.04,True,8.78,8.73,8.9,0.2599999999999998,0.3099999999999987,0.1399999999999988,1.551355785176609,7.460927140108697,-22.20379613122068,49.999999999998934,120.000000000001,169.99999999999994,5.909571354932088,23.75515191639729
01576f44-400b-4f0b-ad50-f8466808a9c7,6.6989375,False,6.69,4.9,5.1,0.008937500000000043,1.7989375,1.5989375000000008,1.3770085036511586,-1.6858370889960705,-20.76958303168268,1790.0,1590.0000000000007,199.9999999999993,3.0628455926472293,22.146591535333837
0157b0b1-5de3-4fdb-b353-0979fccf2bab,3.36,True,3.11,3.14,3.36,0.25,0.21999999999999975,0.0,20.11066886110924,19.544478599179538,-10.66319224469247,30.00000000000025,250.0,219.99999999999974,0.5661902619297017,30.773861105801707
01580a61-acf8-412e-a85e-1e1479f19bac,3.52,False,3.22,3.29,3.5,0.2999999999999998,0.22999999999999998,0.020000000000000018,-4.685907593839871,-4.786981342695587,-12.028607494551983,69.99999999999984,279.99999999999983,209.99999999999997,0.10107374885571652,7.342699900712112
01580eae-581c-4d27-b4e1-24bc9a02a7c2,3.32,True,3.15,3.17,3.3,0.16999999999999993,0.1499999999999999,0.020000000000000018,-4.420684922206667,-4.108192196125617,-6.95464224307149,20.000000000000018,149.99999999999991,129.9999999999999,0.31249272608105017,2.5339573208648227
01583c2d-7d21-40e6-93ec-9463a0fdfc9e,9.12,False,8.91,8.86,9.1,0.20999999999999908,0.2599999999999998,0.019999999999999574,-10.029759288736747,-9.708333220395735,-12.21127973299909,50.00000000000071,189.9999999999995,240.00000000000023,0.32142606834101173,2.1815204442623433
0158aa13-b825-4ea0-bbd7-59bf72b07f46,6.32,False,6.24,6.25,6.3,0.08000000000000007,0.07000000000000028,0.020000000000000462,-0.0655403725963302,-0.750564498545916,-4.218583309726795,9.999999999999787,59.99999999999961,49.99999999999982,0.6850241259495858,4.153042937130465
0158eab7-83ea-4dc4-b0bf-3b9649021dc0,6.0,False,5.96,5.95,6.0,0.040000000000000036,0.04999999999999982,0.0,4.887331014465448,6.341149415675485,-1.7668507442130015,9.999999999999787,40.000000000000036,49.99999999999982,1.4538184012100368,6.654181758678449
015912cc-d79f-4060-bb89-7d45aa718f39,13.6,False,13.37,13.42,13.6,0.23000000000000043,0.17999999999999972,0.0,1.6037777504673765,3.664054130771942,3.734477605803052,50.00000000000071,230.00000000000043,179.99999999999972,2.0602763803045656,2.130699855335676
0159b1d5-ab04-4e13-a4a5-f635cce4d774,8.465625,False,8.46,8.46,8.465625,0.005624999999998437,0.005624999999998437,0.0,14.763423931122976,14.763423931122976,14.763423931122976,0.0,5.624999999998437,5.624999999998437,0.0,0.0
0159c44d-da85-44b2-937a-db2874fea22d,4.76,True,4.59,4.57,4.76,0.16999999999999993,0.1899999999999995,0.0,9.612988209266195,12.344193413062301,-33.532269707237035,19.999999999999574,169.99999999999994,189.9999999999995,2.7312052037961063,43.145257916503226
0159ca32-b6a2-47a9-b0fd-8a2e3578574e,10.32,False,10.01,10.0,10.2,0.3100000000000005,0.3200000000000003,0.120000000000001,1.583776435118877,1.979261286118444,-22.594685719467297,9.999999999999787,189.9999999999995,199.9999999999993,0.395484850999567,24.178462154586175
0159caa1-394c-4d6c-a1cb-8157cfecb322,11.8,True,11.58,11.61,11.8,0.22000000000000064,0.19000000000000128,0.0,-9.788384025986995,-9.037195917750493,-11.56750901965952,29.99999999999936,220.00000000000063,190.00000000000128,0.7511881082365015,1.779124993672525
0159e112-8578-4b91-a6ab-3562d85d3ff8,3.04,False,2.92,2.95,3.0,0.1200000000000001,0.08999999999999986,0.040000000000000036,19.47019532258664,20.573364042069787,18.324842584084546,30.00000000000025,80.00000000000007,49.99999999999982,1.103168719483147,1.145352738502094
015a138c-2716-45af-b004-02bef88f473b,5.12,False,4.95,4.96,5.1,0.16999999999999993,0.16000000000000014,0.020000000000000462,-1.5469757928775931,-2.52668438502086,-11.311030351775425,9.999999999999787,149.99999999999946,139.9999999999997,0.9797085921432669,9.764054558897833
015a1be0-1e3f-4732-8187-b0911e69c979,3.96,False,3.79,3.76,3.96,0.16999999999999993,0.20000000000000018,0.0,-15.576699106375294,-8.892341574889327,-37.6162669959982,30.00000000000025,169.99999999999994,200.00000000000017,6.684357531485967,22.03956788962291
015a5854-ed31-4cd8-82a8-ce23ed31b711,5.72,True,5.46,5.45,5.6,0.2599999999999998,0.2699999999999996,0.1200000000000001,-2.596190205409067,-0.0725286091630376,-24.150080765828008,9.999999999999787,139.9999999999997,149.99999999999946,2.5236615962460296,21.553890560418942
015a5f28-cfd9-441c-b0a4-2a9ff0fa0e34,7.2,False,6.96,6.96,7.1,0.2400000000000002,0.2400000000000002,0.10000000000000053,-1.748155293939542,-1.748155293939542,-17.090272372450784,0.0,139.9999999999997,139.9999999999997,0.0,15.342117078511242
015a5f5c-d3e6-4451-aa69-ab26fba78f19,13.8879375,True,12.81,12.86,13.0,1.077937499999999,1.0279375000000002,0.8879374999999996,8.844032438674766,2.6991824259505828,-11.149280424790112,49.999999999998934,189.9999999999995,140.00000000000057,6.144850012724183,19.99331286346488
015a737d-bcc9-4ca3-810b-df2722bfe288,4.28,True,3.93,3.94,4.1,0.3500000000000001,0.3400000000000003,0.1800000000000006,-1.204834127676092,-1.6290181303829572,-10.68064277284563,9.999999999999787,169.9999999999995,159.9999999999997,0.42418400270686507,9.475808645169538
015a7538-81e1-4f6c-8813-ec90263e7eb6,3.036,False,3.02,3.03,3.0,0.016000000000000014,0.006000000000000227,0.03600000000000003,-8.271336928174875,-8.266119866435021,-8.62385881231771,9.999999999999787,20.000000000000018,29.999999999999805,0.005217061739854145,0.3525218841428348
015a9dcb-74fc-497f-9d09-c602d6490357,9.32,True,9.08,9.13,9.3,0.2400000000000002,0.1899999999999995,0.019999999999999574,-6.941684832875622,-10.733146700806259,-17.310842795085932,50.00000000000071,220.00000000000063,169.99999999999994,3.7914618679306367,10.36915796221031
015acbd4-dcc0-4931-8cac-34be1fc2f3ce,12.5458125,True,11.82,11.71,11.9,0.7258125,0.8358124999999994,0.6458124999999999,-8.786561291649639,-13.230508833203723,-22.29961625656281,109.99999999999943,80.00000000000007,189.9999999999995,4.443947541554085,13.513054964913172
015ad0e8-6980-4318-b826-acccdbbfb073,3.64,True,3.33,3.35,3.5,0.31000000000000005,0.29000000000000004,0.14000000000000012,2.654527598643762,-0.43824360380353033,-17.267278132496994,20.000000000000018,169.99999999999994,149.99999999999991,3.092771202447292,19.921805731140758
015ad6ba-aa68-4120-8d9e-3104b82d282c,11.77175,True,10.59,11.17,11.0,1.181750000000001,0.6017500000000009,0.7717500000000008,-6.060037164127128,-7.020210302771704,-10.122953709295158,580.0000000000001,410.0000000000001,169.99999999999994,0.960173138644576,4.06291654516803
015ba13a-e898-43d2-8a81-9f9b3ec904e6,9.106125,False,8.12,7.9,8.1,0.9861250000000013,1.2061250000000001,1.0061250000000008,-25.853268095137615,4.964336176424027,-25.23879751273207,219.99999999999886,19.999999999999574,199.9999999999993,30.817604271561642,0.614470582405545
015bd200-30ad-43db-9c9e-8bb8a13f0f07,11.1159375,False,10.15,10.12,10.3,0.965937499999999,0.9959375000000001,0.8159374999999986,30.40444085371653,35.77739752567857,-10.069062426816425,30.000000000001137,150.00000000000034,180.00000000000148,5.372956671962044,40.47350328053295
015be709-080c-4b6c-b59a-c6f65980dd7c,16.72,False,16.6,16.59,16.7,0.11999999999999744,0.129999999999999,0.019999999999999574,32.28481826587648,30.178781420530804,25.57355006711725,10.000000000001563,99.99999999999787,109.99999999999943,2.1060368453456775,6.711268198759232
015be8c8-f974-41f6-b4dd-b8e1232a64cd,9.72,False,9.58,9.57,9.7,0.14000000000000057,0.15000000000000036,0.02000000000000135,-2.0127340282335586,-2.01644588197188,-15.12087841178348,9.999999999999787,119.99999999999922,129.999999999999,0.003711853738321391,13.10814438354992
015c3eef-a234-4a91-b521-7ec739b4e9cb,5.04,False,4.09,4.09,4.3,0.9500000000000002,0.9500000000000002,0.7400000000000002,12.818732403292483,12.818732403292483,-8.051970052524716,0.0,209.99999999999997,209.99999999999997,0.0,20.8707024558172
015c59cc-f2cc-4354-8d31-0dea39c029de,5.16,False,4.99,5.0,5.16,0.16999999999999993,0.16000000000000014,0.0,29.043882717694668,28.31716017259296,4.441217411376726,9.999999999999787,169.99999999999994,160.00000000000014,0.7267225451017083,24.60266530631794
015c9922-d677-40ab-9746-e321366847ae,3.4,True,3.14,3.03,3.3,0.2599999999999998,0.3700000000000001,0.10000000000000009,-13.680927552104903,-12.820192526993392,-21.81508235231556,110.00000000000031,159.9999999999997,270.0,0.8607350251115111,8.134154800210657
015d029c-c48f-4fbd-b380-a9bd4330f087,12.2255625,False,11.16,11.18,11.3,1.0655625000000004,1.0455625000000008,0.9255624999999998,-8.276386301532744,-9.950911719644944,-18.153085670293443,19.999999999999574,140.00000000000057,120.000000000001,1.6745254181122,9.876699368760699
015d3187-a02c-4fbd-ac60-c1f22f8ade7c,8.2,True,7.98,7.99,8.2,0.21999999999999886,0.20999999999999908,0.0,-11.894665641984618,-11.842691732549923,-27.251317063666555,9.999999999999787,219.99999999999886,209.9999999999991,0.05197390943469493,15.356651421681937
015dda2a-c8c5-476e-a099-3bdafd627d48,8.2,True,7.95,7.97,8.2,0.2499999999999991,0.22999999999999954,0.0,13.611636162359616,12.632978538197706,-10.539243878079647,19.999999999999574,249.99999999999912,229.99999999999955,0.9786576241619098,24.15088004043926
015e354b-4f3c-429b-bf83-47ddfbf2ef20,11.44,False,11.23,11.23,11.4,0.20999999999999908,0.20999999999999908,0.03999999999999915,6.382752792322858,6.382752792322858,-18.79724300942167,0.0,169.99999999999994,169.99999999999994,0.0,25.17999580174453
015e43dd-0150-4079-92de-69a4b1321f80,13.356,True,12.38,12.33,12.5,0.9759999999999991,1.0259999999999998,0.8559999999999999,-1.3623077556986385,9.286580637852424,-22.159155921736083,50.00000000000071,119.99999999999922,169.99999999999994,10.648888393551063,20.796848166037446
015e5d7c-9c6a-4046-83fc-a82830e931ae,3.72,False,3.5,3.5,3.7,0.2200000000000002,0.2200000000000002,0.020000000000000018,-6.725370023857393,-6.725370023857393,-26.662631247580997,0.0,200.00000000000017,200.00000000000017,0.0,19.937261223723603
015e8d45-45bf-46de-81bf-9e5edd4fb1f9,12.2,True,11.97,11.96,12.1,0.22999999999999865,0.23999999999999844,0.09999999999999964,1.0769925970079512,2.9098588680207795,-15.793193848242861,9.999999999999787,129.999999999999,139.9999999999988,1.8328662710128283,16.870186445250813
015e8e16-31e8-4b6e-877e-27057e4c9703,13.8,False,13.55,13.54,13.7,0.25,0.26000000000000156,0.10000000000000142,7.2942029500883265,6.1764244874965994,1.875950879389717,10.000000000001563,149.99999999999858,160.00000000000014,1.117778462591727,5.4182520706986095
015e9687-c4b2-4b1c-8320-2d5351d42a14,13.6010625,False,12.62,12.61,12.7,0.9810625000000002,0.9910625,0.9010625000000001,4.891280576387123,7.097091588157487,-7.206991852753074,9.999999999999787,80.00000000000007,89.99999999999986,2.205811011770364,12.098272429140197
015e9fb0-b038-4cfc-a46e-f8d0933bdcbd,4.36,True,4.36,4.36,4.36,0.0,0.0,0.0,-29.581303417092496,-29.581303417092496,-29.581303417092496,0.0,0.0,0.0,0.0,0.0
015eb6d7-db49-4cbe-96ca-3d9eb156eab3,7.96,True,7.28,7.57,7.96,0.6799999999999997,0.3899999999999997,0.0,0.22448327003971555,1.0348992922588196,-8.408337643622778,290.00000000000006,679.9999999999998,389.99999999999966,0.810416022219104,8.632820913662494
015ed2b2-1588-426b-858e-2d922b4309e5,11.88,False,11.68,11.68,11.88,0.20000000000000107,0.20000000000000107,0.0,-8.588876796449158,-8.588876796449158,-25.294297686550784,0.0,200.00000000000108,200.00000000000108,0.0,16.705420890101628
015ee4be-ed6d-4419-8381-1181b19711c1,3.3,True,3.19,3.18,3.3,0.10999999999999988,0.11999999999999966,0.0,3.2637379112532683,3.4969420191432223,-6.963376053558513,9.999999999999787,109.99999999999987,119.99999999999966,0.23320410788995405,10.227113964811782
015ee9a8-e261-41e0-8fec-9b4c9c573ee0,8.32,True,8.01,8.1,8.3,0.3100000000000005,0.22000000000000064,0.019999999999999574,-0.3380503834994919,-5.508334084867938,-9.359817812759673,89.99999999999986,290.0000000000009,200.00000000000108,5.170283701368446,9.02176742926018
015f1e32-b366-43a7-a685-0d23f7e20bf9,7.96,True,7.7,7.7,7.8,0.2599999999999998,0.2599999999999998,0.16000000000000014,-5.227938169369395,-5.227938169369395,-17.19512266271256,0.0,99.99999999999964,99.99999999999964,0.0,11.967184493343165
015f40e3-ea99-434a-ab90-28053b22e9aa,4.52,True,4.03,4.09,4.3,0.4899999999999993,0.4299999999999997,0.21999999999999975,-0.16903264938156978,-1.1354318884270245,-5.6593402102719885,59.99999999999961,269.99999999999955,209.99999999999997,0.9663992390454547,5.490307560890419
015fa3df-285a-430e-aaa8-a9296da18ca9,8.2,True,7.73,7.97,8.2,0.46999999999999886,0.22999999999999954,0.0,-3.2031349111033856,-12.120404418429874,-13.14914674931095,239.99999999999932,469.99999999999886,229.99999999999955,8.91726950732649,9.946011838207564
015fd680-ef0e-44f8-a2b3-5cfaa7c79ec5,7.52,False,7.0,7.0,7.1,0.5199999999999996,0.5199999999999996,0.41999999999999993,8.21758787369547,8.21758787369547,0.8149980612806083,0.0,99.99999999999964,99.99999999999964,0.0,7.4025898124148615
01600f8d-3c7e-4537-b2ea-798f5fd292ec,16.0,False,15.16,14.73,14.8,0.8399999999999999,1.2699999999999996,1.1999999999999993,-34.16239147152925,3.574478805933043,-1.5139415654319475,429.9999999999997,359.99999999999943,70.00000000000028,37.73687027746229,32.6484499060973
0160bab2-aaac-44a2-8a9a-d6386ef877a9,11.122125,False,10.19,10.11,10.3,0.932125000000001,1.012125000000001,0.8221249999999998,-3.663308561854918,4.366916648718096,-16.094913841474174,80.00000000000007,110.00000000000121,190.00000000000128,8.030225210573015,12.431605279619255
0160c0d2-7f46-41cf-99ab-c5b0f598871d,4.88,False,4.62,4.64,4.88,0.2599999999999998,0.2400000000000002,0.0,-9.360990132158,-8.854058503965756,-14.412044896174134,19.999999999999574,259.9999999999998,240.00000000000023,0.5069316281922429,5.0510547640161345
0160c1b3-7490-4f5d-9986-5c547763b935,13.48,True,13.31,13.32,13.48,0.16999999999999993,0.16000000000000014,0.0,7.689171613894295,6.968224439359919,-16.393608598703537,9.999999999999787,169.99999999999994,160.00000000000014,0.7209471745343761,24.082780212597832
0160c1ce-8a3a-4fc3-a2c9-356a4a587ae3,12.18925,False,11.18,11.61,11.5,1.0092499999999998,0.57925,0.6892499999999995,-13.123034511115174,-31.71562559519939,-33.28529022652257,429.9999999999997,320.0000000000003,109.99999999999943,18.59259108408422,20.162255715407397
0160e27a-6118-405e-b297-905ef21245d1,9.36,False,9.14,9.33,9.36,0.21999999999999886,0.02999999999999936,0.0,-9.75924313700193,-9.258902870227157,-6.947992179306333,189.9999999999995,219.99999999999886,29.99999999999936,0.5003402667747725,2.811250957695597
01614610-c9ba-492b-a9b2-fb0f0a6bfbb4,5.770625,False,5.77,5.77,5.4,0.0006250000000003197,0.0006250000000003197,0.37062499999999954,-23.317014217654425,-23.317014217654425,-20.220870251841657,0.0,369.9999999999992,369.9999999999992,0.0,3.096143965812768
016170ba-bdc5-4849-b2af-34a5481c7619,8.6,True,8.38,8.38,8.6,0.21999999999999886,0.21999999999999886,0.0,-5.906172246787061,-5.906172246787061,-13.63244535816085,0.0,219.99999999999886,219.99999999999886,0.0,7.726273111373788
0161858b-85ee-46cb-8c3a-8e2ba60c6708,15.137625,True,12.61,14.86,12.8,2.5276250000000005,0.27762500000000045,2.337624999999999,0.8457331282494359,5.465608269097743,-8.893232635515808,2250.0,190.00000000000128,2059.9999999999986,4.619875140848307,9.738965763765243
0161c5f5-a064-42be-9218-7141c7940720,7.08,True,6.83,6.84,7.0,0.25,0.2400000000000002,0.08000000000000007,-16.045390262948125,-16.44755979881219,-28.869802658267663,9.999999999999787,169.99999999999994,160.00000000000014,0.4021695358640649,12.824412395319538
0161ea6d-4f02-4f78-9c3e-7822351dc5ab,7.24,False,7.14,7.1,7.2,0.10000000000000053,0.14000000000000057,0.040000000000000036,-2.1176451536966274,6.852535733249014,-21.543791239387954,40.000000000000036,60.0000000000005,100.00000000000054,8.970180886945641,19.426146085691325
0161f6eb-20e7-46ed-b564-84c0342265dd,13.6569375,True,13.65,13.65,12.8,0.006937499999999375,0.006937499999999375,0.856937499999999,15.274415817660614,15.274415817660614,-10.913233289901907,0.0,849.9999999999997,849.9999999999997,0.0,26.18764910756252
0161fa56-988a-49d0-bd3f-73dedd7188ce,10.92,False,10.81,10.82,10.9,0.10999999999999943,0.09999999999999964,0.019999999999999574,8.132260900774046,8.151247809914954,0.649600858249583,9.999999999999787,89.99999999999986,80.00000000000007,0.01898690914090828,7.482660042524463
016262f5-86c1-48b8-9e85-9047da60e79a,9.04,False,8.8,9.04,9.0,0.23999999999999844,0.0,0.03999999999999915,4.429696594384798,-3.3670216550921355,-5.030064413418383,239.99999999999844,199.9999999999993,39.99999999999915,7.796718249476934,9.45976100780318
01626b16-bb1d-40c7-a557-65b38cc1fe5a,12.56,False,12.32,12.34,12.56,0.2400000000000002,0.22000000000000064,0.0,5.76243043876209,6.700156747843519,-9.416855529358571,19.999999999999574,240.00000000000023,220.00000000000063,0.9377263090814294,15.179285968120661
0162ef53-89d9-4f22-96fe-8b5087b6c377,7.92,True,7.69,7.69,7.9,0.22999999999999954,0.22999999999999954,0.019999999999999574,-4.950220341313039,-4.950220341313039,-25.793057291189733,0.0,209.99999999999997,209.99999999999997,0.0,20.842836949876695
0162fd53-67de-4d0e-9d55-b40dcd670810,6.49125,False,6.49,5.66,5.8,0.0012499999999997513,0.8312499999999998,0.6912500000000001,-30.1053753954488,-4.053191462157427,-16.421123323568295,830.0000000000001,690.0000000000003,139.9999999999997,26.052183933291374,13.684252071880504
016353d1-67a6-4eb2-a4ff-acd320b46c2f,7.72,True,7.44,7.45,7.6,0.27999999999999936,0.2699999999999996,0.1200000000000001,-10.831189145025428,-11.087162382184733,-19.683448831494893,9.999999999999787,159.99999999999926,149.99999999999946,0.25597323715930465,8.852259686469464
01639d57-5319-4e14-9e42-8e334197c9c6,5.08,False,4.84,4.85,5.08,0.2400000000000002,0.23000000000000043,0.0,26.958513662019413,25.824123264817068,-9.363160851533557,9.999999999999787,240.00000000000023,230.00000000000043,1.1343903972023455,36.32167451355297
0163aa22-4636-4796-8b13-8675008dcba2,5.72,True,5.19,5.71,5.7,0.5299999999999994,0.009999999999999787,0.019999999999999574,2.163640599370206,-6.845224461586028,-6.677427119686622,519.9999999999995,509.9999999999998,9.999999999999787,9.008865060956234,8.841067719056827
0163b369-1513-4f4f-aa20-07d7b102bfc8,9.56,True,9.39,9.36,9.56,0.16999999999999993,0.20000000000000107,0.0,-2.766040790893342,-1.1003512303080552,-17.452036065005608,30.000000000001137,169.99999999999994,200.00000000000108,1.665689560585287,14.685995274112265
0163c124-47cc-4d71-8e62-da4a7369ab1f,4.64,True,4.35,4.37,4.6,0.29000000000000004,0.2699999999999996,0.040000000000000036,6.376882773051089,6.427574694260794,-5.256900321902684,20.000000000000462,250.0,229.99999999999955,0.05069192120970456,11.633783094953774
0163f65f-b577-4689-863c-b94a659903e2,11.3704375,True,10.27,10.38,10.5,1.1004375,0.9904374999999987,0.8704374999999995,-8.573594593765717,-9.07670405859439,-9.019486220131508,110.00000000000121,230.00000000000043,119.99999999999922,0.5031094648286718,0.4458916263657908
01640a6a-6bf7-4c7d-a029-1c9fbfaa462e,13.24,False,12.98,12.98,13.1,0.2599999999999998,0.2599999999999998,0.14000000000000057,27.966432278143724,27.966432278143724,17.29046716728943,0.0,119.99999999999922,119.99999999999922,0.0,10.675965110854293
0164528f-6c02-4e06-92b6-5605e3c9cc7c,14.288625,True,13.28,13.3,13.4,1.0086250000000003,0.988624999999999,0.8886249999999993,-1.1213263832141087,-1.9024482187172371,-8.72132496508876,20.00000000000135,120.000000000001,99.99999999999964,0.7811218355031284,7.599998581874651
01645fd5-c912-4259-824c-55ead74e96e9,10.68,False,10.47,10.48,10.68,0.20999999999999908,0.1999999999999993,0.0,10.605743975853214,11.030467347204507,7.283185355664686,9.999999999999787,209.9999999999991,199.9999999999993,0.424723371351293,3.322558620188528
01652400-d4b2-429f-8edc-870bc02b36bb,12.64,False,12.5,12.49,12.6,0.14000000000000057,0.15000000000000036,0.040000000000000924,8.638157200799371,11.088420554657043,-21.61709597059373,9.999999999999787,99.99999999999964,109.99999999999943,2.4502633538576717,30.2552531713931
01653009-5774-44e0-96a8-7814408ce0ba,6.76,False,6.58,6.57,6.76,0.17999999999999972,0.1899999999999995,0.0,-4.563066172613677,-4.242207257776821,-13.917333628455085,9.999999999999787,179.99999999999972,189.9999999999995,0.32085891483685636,9.354267455841407
0165b827-06ec-40f3-abba-2efe950e560b,13.76425,False,12.85,12.84,12.9,0.9142500000000009,0.9242500000000007,0.8642500000000002,-21.55320415485712,-21.4061513799668,-23.89206059921872,9.999999999999787,50.00000000000071,60.0000000000005,0.14705277489031943,2.3388564443616
0165d6a7-7c1f-40d2-b484-b9187aace584,5.68,True,5.45,5.44,5.68,0.22999999999999954,0.23999999999999932,0.0,-3.9112301939229477,-3.7899816598597726,-21.260553329992092,9.999999999999787,229.99999999999955,239.99999999999932,0.12124853406317504,17.349323136069145
016648a6-b335-4b4c-a37b-61474e0860c2,8.7404375,False,7.78,7.77,8.0,0.9604375000000003,0.970437500000001,0.7404375000000005,-13.406371752606201,-12.916423485455434,-17.531014632956524,10.000000000000675,219.99999999999974,230.00000000000043,0.48994826715076734,4.124642880350322
0166f683-de9d-4d9b-8310-d45de56c83f1,11.96,True,11.75,11.75,11.96,0.21000000000000085,0.21000000000000085,0.0,-9.079838371165776,-9.079838371165776,-27.663448341516197,0.0,210.00000000000085,210.00000000000085,0.0,18.583609970350423
01670839-810e-45db-b770-64208c683eb9,5.4,True,5.14,5.13,5.2,0.2600000000000007,0.27000000000000046,0.20000000000000018,1.6942590214724182,2.8500399725619037,-6.776888296919375,9.999999999999787,60.0000000000005,70.00000000000028,1.1557809510894854,8.471147318391793
01672898-f191-40c5-87d9-88bd6a89246c,3.7848125,True,2.71,2.71,2.8,1.0748125000000002,1.0748125000000002,0.9848125000000003,-8.805336225150844,-8.805336225150844,-12.69738501369363,0.0,89.99999999999986,89.99999999999986,0.0,3.8920487885427857
01672901-a715-4afa-b166-edf970d71761,7.04,True,6.69,6.7,7.0,0.34999999999999964,0.33999999999999986,0.040000000000000036,7.894785316169564,7.402041789050996,-23.57830133588076,9.999999999999787,309.9999999999996,299.99999999999983,0.4927435271185683,31.473086652050323
01674e3b-175a-4887-aa81-8bfe5fd6261e,2.8,True,2.18,2.32,2.7,0.6199999999999997,0.48,0.09999999999999964,-1.4377207683079,-2.8530025171136737,-15.282764857715941,139.9999999999997,520.0,380.00000000000034,1.4152817488057736,13.845044089408042
01675018-d423-47ec-a5a4-1d001e4fc5fb,8.52,False,8.23,8.25,8.5,0.28999999999999915,0.2699999999999996,0.019999999999999574,-3.0861828403550673,-2.744877410337685,-6.170263943591638,19.999999999999574,269.99999999999955,250.0,0.34130543001738234,3.0840811032365707
0167b477-4403-48c0-91db-328eefd1de65,4.56,True,4.1,4.16,4.56,0.45999999999999996,0.39999999999999947,0.0,2.217766385753288,-3.1999468906160393,-24.617703606100648,60.0000000000005,459.99999999999994,399.9999999999995,5.417713276369327,26.835469991853934
0167ca2d-5b36-43e9-a233-d12c88f4dd13,4.08,False,3.98,3.98,4.08,0.10000000000000009,0.10000000000000009,0.0,11.691485723229986,11.691485723229986,-0.3549643034982098,0.0,100.00000000000009,100.00000000000009,0.0,12.046450026728197
0167ed34-40df-43fc-bc06-f4e40f7d1efb,3.0028125,True,2.53,2.55,2.8,0.4728125000000003,0.4528125000000003,0.20281250000000028,-5.297807866775793,-5.518896100683549,-19.225595584218425,20.000000000000018,270.0,250.0,0.22108823390775623,13.927787717442632
016883c7-47aa-4893-8a9c-f9a6ed3d340b,7.96,True,7.73,7.67,7.8,0.22999999999999954,0.29000000000000004,0.16000000000000014,-2.675381649908242,0.6378417184482021,-15.39767840412652,60.0000000000005,69.9999999999994,129.9999999999999,3.3132233683564443,12.722296754218277
0168d6da-6194-4ef3-aecd-a8980c787efd,12.2950625,False,11.37,11.3,11.5,0.925062500000001,0.9950624999999995,0.7950625000000002,-9.431041332060472,-4.700383559034216,-20.873074115537676,69.99999999999851,130.0000000000008,199.9999999999993,4.730657773026256,11.442032783477204
0168f0c3-a7c9-4147-a3f8-1e9e78b73add,10.0,False,9.76,9.76,9.9,0.2400000000000002,0.2400000000000002,0.09999999999999964,-0.5144382414598607,-0.5144382414598607,2.282332383135254,0.0,140.00000000000057,140.00000000000057,0.0,2.7967706245951147
0169342b-e6bd-4690-a7cd-0fc3868f2ae9,12.64,True,12.6,12.61,12.6,0.040000000000000924,0.030000000000001137,0.040000000000000924,-12.545067173419618,-13.123649486081895,-12.545067173419618,9.999999999999787,0.0,9.999999999999787,0.5785823126622773,0.0
01694419-12ac-4449-b1dd-ca55ae1d1ac8,11.32,False,11.15,11.15,11.3,0.16999999999999993,0.16999999999999993,0.019999999999999574,27.840793674049003,27.840793674049003,15.785630320002952,0.0,150.00000000000034,150.00000000000034,0.0,12.055163354046051
01694a97-5fd8-4002-9c53-23d2b4916460,4.72,False,4.69,4.45,4.6,0.02999999999999936,0.2699999999999996,0.1200000000000001,-16.146977443792352,-1.375372300678441,-12.491971712995563,240.00000000000023,90.00000000000074,149.99999999999946,14.771605143113911,3.6550057307967894
0169906a-b6dd-4bde-9ee6-f721a0411a27,6.32,False,6.07,6.06,6.3,0.25,0.2600000000000007,0.020000000000000462,-7.3348349958363,-7.672932066609123,-24.503505472395396,10.000000000000675,229.99999999999955,240.00000000000023,0.3380970707728226,17.168670476559097
0169c709-1c85-4bd7-bf30-2ad9c3949464,3.125,False,2.9,3.03,3.1,0.2250000000000001,0.0950000000000002,0.02499999999999991,5.623111891482705,2.2302980928415472,1.5906211684176446,129.9999999999999,200.00000000000017,70.00000000000028,3.392813798641158,4.03249072306506
016a1b31-fe20-43a3-ad80-89e99a450d1d,3.48,False,3.28,3.29,3.48,0.20000000000000018,0.18999999999999995,0.0,5.565236325450057,6.666988181734608,7.368404342882432,10.000000000000231,200.00000000000017,189.99999999999994,1.101751856284551,1.803168017432375
016a2497-fbc0-4f95-9f1b-5a82c8afecef,5.44,False,5.36,5.35,5.4,0.08000000000000007,0.09000000000000075,0.040000000000000036,24.597407170486285,24.221113934791866,25.0412364175449,10.000000000000675,40.000000000000036,50.00000000000071,0.3762932356944191,0.44382924705861626
016a721c-d144-4947-8098-8fc41f929450,7.68,False,7.31,7.32,7.68,0.3700000000000001,0.35999999999999943,0.0,-7.059731124095886,-6.787096071326594,-9.899468354728931,10.000000000000675,370.0000000000001,359.99999999999943,0.27263505276929134,2.8397372306330455
016a76b1-b79e-424f-a2bd-fcc80f0b9872,7.44,False,7.15,7.2,7.3,0.29000000000000004,0.2400000000000002,0.14000000000000057,0.8842002766453028,1.9634280829632287,7.498649618274279,49.99999999999982,149.99999999999946,99.99999999999964,1.079227806317926,6.614449341628976
016a7cf0-a504-43f2-b61e-7d7fbd89279c,7.32,True,7.1,7.09,7.3,0.22000000000000064,0.23000000000000043,0.020000000000000462,-3.6418560918987235,-2.1830963774621694,-25.916692663780317,9.999999999999787,200.00000000000017,209.99999999999997,1.458759714436554,22.274836571881593
016b37dc-3d47-4209-a6f7-e149c92969fd,3.124,False,2.85,2.86,3.0,0.274,0.26400000000000023,0.12400000000000011,0.20592549212394615,-1.6111464792028156,-13.26383266215694,9.999999999999787,149.99999999999991,140.0000000000001,1.8170719713267618,13.469758154280886
016b40eb-b34e-44d0-bf6d-41927bb383e9,6.16,True,5.95,5.97,6.16,0.20999999999999996,0.1900000000000004,0.0,-2.579170519207254,-4.073637295269168,-18.347261083355175,19.999999999999574,209.99999999999997,190.0000000000004,1.494466776061914,15.76809056414792
016b770b-bfbf-4230-895b-c87627f0ea42,12.173875,True,11.21,11.19,11.3,0.9638749999999998,0.9838750000000012,0.873875,-5.609837527044548,-2.6423007007525325,-13.736513127819611,20.00000000000135,89.99999999999986,110.00000000000121,2.9675368262920157,8.126675600775062
016bc00e-c801-4dd3-a25f-d04efd795a85,13.225125,True,12.26,12.22,12.3,0.9651250000000005,1.0051249999999996,0.9251249999999995,-8.577963221954901,-1.4527445111639827,-12.833879064250038,39.99999999999915,40.000000000000924,80.00000000000007,7.125218710790918,4.255915842295137
016bda96-a552-46ae-b123-a1fd5450c63a,6.72,False,6.44,6.46,6.7,0.27999999999999936,0.2599999999999998,0.019999999999999574,16.57383951199353,17.641250269317183,2.674604218160265,19.999999999999574,259.9999999999998,240.00000000000023,1.0674107573236533,13.899235293833264
016c0849-982c-4357-810b-6c4140f5bdad,7.936,True,7.91,7.92,7.9,0.0259999999999998,0.016000000000000014,0.03599999999999959,-8.574385506924875,-9.386100025876841,-7.797804340902414,9.999999999999787,9.999999999999787,19.999999999999574,0.8117145189519661,0.7765811660224609
016c1cec-0f85-4636-9d0a-32f5465e07c9,4.36,True,3.94,3.95,4.2,0.4200000000000004,0.41000000000000014,0.16000000000000014,-2.9113017022783403,-2.6907657463326946,-10.562601692675154,10.000000000000231,260.0000000000002,250.0,0.22053595594564568,7.651299990396813
016c5fc6-01e1-4c8c-9281-e4e0c3f30119,8.08,True,7.83,7.83,8.08,0.25,0.25,0.0,-1.8114044953725725,-1.8114044953725725,-27.186573546225738,0.0,250.0,250.0,0.0,25.375169050853167
016c70e1-6bf2-4a88-9ab1-7082fab8bc8a,7.88,False,7.79,7.83,7.88,0.08999999999999986,0.04999999999999982,0.0,-2.7203943211461605,-3.3880347050270845,-5.04179532734822,40.000000000000036,89.99999999999986,49.99999999999982,0.667640383880924,2.3214010062020596
016c854f-c0c1-4ec8-bd48-a6afa026e15d,6.559625,True,3.95,3.99,4.0,2.6096249999999994,2.5696249999999994,2.5596249999999996,-22.10690869379682,-22.33323766078516,-22.38959716237002,40.000000000000036,49.99999999999982,9.999999999999787,0.22632896698833704,0.2826884685731983
016cc041-24f0-4e40-a3d6-5b28631d0e00,5.5466875,True,5.51,5.46,5.5,0.036687500000000206,0.08668750000000003,0.04668749999999999,-9.692498867499244,-6.428428249992322,-8.751801717954796,49.99999999999982,9.999999999999787,40.000000000000036,3.2640706175069223,0.940697149544448
016d67f2-5afd-4ba8-b8a2-12585cd82896,6.56,True,6.32,6.3,6.4,0.23999999999999932,0.2599999999999998,0.15999999999999925,-8.177871301969802,-4.558609464242124,-14.485225122059651,20.000000000000462,80.00000000000007,100.00000000000054,3.6192618377276773,6.307353820089849
016de886-d085-44a1-857a-c3d556e32f60,4.96,False,4.72,4.72,4.96,0.2400000000000002,0.2400000000000002,0.0,15.181584089942367,15.181584089942367,-3.4832488211630155,0.0,240.00000000000023,240.00000000000023,0.0,18.664832911105382
016dfe8e-5a81-4b51-a3d8-df97fd13ec66,0.36,True,0.36,0.36,0.36,0.0,0.0,0.0,,,,0.0,0.0,0.0,,
016e117f-ab44-48a9-aba8-25ca4bd23d0f,6.96,True,6.63,6.64,6.8,0.33000000000000007,0.3200000000000003,0.16000000000000014,-5.894414262988208,-6.5349935043948015,-14.304341997736461,9.999999999999787,169.99999999999994,160.00000000000014,0.6405792414065932,8.409927734748253
016e7c5c-e231-427a-8790-74f6bcf82bd4,6.76,True,6.48,6.48,6.6,0.27999999999999936,0.27999999999999936,0.16000000000000014,-11.981262534735334,-11.981262534735334,-22.96567019627549,0.0,119.99999999999922,119.99999999999922,0.0,10.984407661540155
016ecc72-8c81-4bdc-b695-527d0df87d49,6.12,False,5.9,5.9,6.1,0.21999999999999975,0.21999999999999975,0.020000000000000462,-3.9711140547648616,-3.9711140547648616,-13.492851508378848,0.0,199.9999999999993,199.9999999999993,0.0,9.521737453613987
016edbcd-bcb3-48de-bb83-72bc3531c02e,6.48,False,5.79,5.71,5.9,0.6900000000000004,0.7700000000000005,0.5800000000000001,40.66367052152672,36.75009863336348,24.108608139206904,80.00000000000007,110.00000000000031,190.0000000000004,3.91357188816324,16.555062382319814
016f636a-a942-4cf1-955b-7b6eecd04a98,6.12,False,5.83,5.89,6.1,0.29000000000000004,0.23000000000000043,0.020000000000000462,7.712649537021509,1.1890077918646516,-22.205871575366086,59.99999999999961,269.99999999999955,209.99999999999997,6.523641745156858,29.918521112387594
016f6db1-6273-4043-bea1-ba61becd61a1,10.28,True,8.63,8.57,8.7,1.6499999999999986,1.709999999999999,1.58,-17.49246387098275,-14.912229554626778,-22.275263747991193,60.0000000000005,69.99999999999851,129.999999999999,2.5802343163559716,4.7827998770084434
01703ae5-0e53-41b3-9ffc-ad17b579f39f,4.0,True,3.81,3.79,4.0,0.18999999999999995,0.20999999999999996,0.0,-10.882322481363124,-10.143263057559889,-22.80423455191131,20.000000000000018,189.99999999999994,209.99999999999997,0.7390594238032353,11.921912070548187
017100f5-234f-47eb-aba0-0f3cd0f861ea,5.003875,True,4.16,4.06,4.2,0.8438749999999997,0.9438750000000002,0.8038749999999997,-10.038800483397019,1.5325572325451544,-14.899953014571512,100.00000000000054,40.000000000000036,140.00000000000057,11.571357715942174,4.861152531174493
0171164e-e9c0-415e-94e4-e9f0b0bcf44f,6.08,True,5.78,5.79,6.08,0.2999999999999998,0.29000000000000004,0.0,-5.975319473008869,-5.911767223093781,-23.506531651518554,9.999999999999787,299.99999999999983,290.00000000000006,0.06355224991508823,17.531212178509683
01714f4f-d9a9-4739-b356-7a7f8f472b26,6.8,True,6.55,6.56,6.8,0.25,0.2400000000000002,0.0,-8.21970628706188,-7.927080686521448,-21.481410698065854,9.999999999999787,250.0,240.00000000000023,0.29262560054043263,13.261704411003974
0171906c-45eb-44d7-a327-f9e168a12710,5.04,False,4.89,4.9,5.0,0.15000000000000036,0.13999999999999968,0.040000000000000036,26.58805153101906,25.65627411969102,12.755992062923585,10.000000000000675,110.00000000000031,99.99999999999964,0.9317774113280421,13.832059468095476
0171f57b-8817-45a5-b930-a021dde92674,4.06125,True,3.78,3.86,4.06125,0.28125000000000044,0.20125000000000037,0.0,-1.176754679871497,-0.6419446608599484,-4.901511114780304,80.00000000000007,281.25000000000045,201.25000000000037,0.5348100190115486,3.724756434908807
01724bd3-eeb8-4bb0-af70-3e195d22f0de,9.24,True,9.07,9.08,9.2,0.16999999999999993,0.16000000000000014,0.040000000000000924,2.8918591134410745,2.8769239293466544,-9.690638238354861,9.999999999999787,129.999999999999,119.99999999999922,0.014935184094420073,12.582497351795936
0172caa3-0881-4ef8-bcae-e9b455a4fadc,11.04,True,10.77,10.78,11.0,0.2699999999999996,0.2599999999999998,0.03999999999999915,-4.672322479319145,-4.84599837190409,-28.652258211467917,9.999999999999787,230.00000000000043,220.00000000000063,0.17367589258494576,23.97993573214877
0173469f-1a55-4072-8887-2c1db6a3822b,6.24,True,5.81,5.82,6.1,0.4300000000000006,0.41999999999999993,0.14000000000000057,0.4839364364526214,0.32639924717560714,-20.217482128598764,10.000000000000675,290.00000000000006,279.9999999999994,0.15753718927701427,20.701418565051384
01735fbe-91e0-45c2-b5c4-3997bef8faba,3.96,False,3.69,3.7,3.8,0.27,0.2599999999999998,0.16000000000000014,5.568420030241748,5.657008142754588,-0.037138239616704906,10.000000000000231,109.99999999999987,99.99999999999964,0.0885881125128396,5.605558269858453
01736bde-7e73-4707-ae33-2e7b8946e5f7,5.32,True,4.58,4.91,5.3,0.7400000000000002,0.41000000000000014,0.020000000000000462,4.423472722741713,-2.0125385877623647,-9.420061932376596,330.00000000000006,719.9999999999998,389.99999999999966,6.436011310504078,13.843534655118308
0173a892-a52b-4e00-8a62-1764a96cd9d7,5.4,False,5.12,5.11,5.4,0.28000000000000025,0.29000000000000004,0.0,1.7135181015983274,2.116419343387387,-22.08905375885561,9.999999999999787,280.0000000000002,290.00000000000006,0.4029012417890596,23.802571860453938
0173c3d3-7dac-4455-97db-f323abe3c67f,15.32,True,15.11,15.11,15.3,0.21000000000000085,0.21000000000000085,0.019999999999999574,-4.310529356719028,-4.310529356719028,-25.189574815398025,0.0,190.00000000000128,190.00000000000128,0.0,20.879045458678995
0173c7b1-81f3-41ba-afae-77c1ba3f5219,9.0,True,8.74,8.89,9.0,0.2599999999999998,0.10999999999999943,0.0,5.873646275693027,-4.779192318760401,-12.863166020370594,150.00000000000034,259.9999999999998,109.99999999999943,10.652838594453428,18.736812296063622
01741f0f-d84a-463b-ae8d-e51724854e7e,4.76,True,4.2,4.65,4.76,0.5599999999999996,0.10999999999999943,0.0,4.279677710424834,-16.926502535660045,-16.318947293831982,450.00000000000017,559.9999999999997,109.99999999999943,21.20618024608488,20.598625004256817
01746061-f6bb-42c1-b5e4-2191ad59662c,7.76,True,7.52,7.53,7.76,0.2400000000000002,0.22999999999999954,0.0,-13.360288527793706,-13.858309848543204,-23.128476537794423,10.000000000000675,240.00000000000023,229.99999999999955,0.4980213207494977,9.768188010000717
017475f9-3f2c-423d-90e9-8af35abd3f9d,3.32,False,3.15,3.16,3.3,0.16999999999999993,0.1599999999999997,0.020000000000000018,9.215121155362798,9.138280187572377,-2.54695063187206,10.000000000000231,149.99999999999991,139.9999999999997,0.07684096779042093,11.762071787234857
0174d021-a986-4a86-ac9a-3d83f63c0aa8,11.52,False,11.4,11.39,11.5,0.11999999999999922,0.129999999999999,0.019999999999999574,2.0322663368842244,2.13571114559542,-1.46262573904261,9.999999999999787,99.99999999999964,109.99999999999943,0.10344480871119544,3.4948920759268347
0174ff5d-eb57-4a65-9c11-fac2fc0e18fc,8.833125,True,8.83,8.83,8.5,0.0031250000000007105,0.0031250000000007105,0.3331250000000008,-51.16908113194133,-51.16908113194133,31.12871666598891,0.0,330.00000000000006,330.00000000000006,0.0,82.29779779793024
017545ce-3768-4ad0-bc3c-a1a6988447e4,14.96,True,14.51,14.75,14.96,0.45000000000000107,0.21000000000000085,0.0,-1.4952199299389726,-15.693591720501196,-33.00147043915766,240.00000000000023,450.0000000000011,210.00000000000085,14.198371790562224,31.506250509218685
017547e7-4011-4333-ae5c-755ea3753313,5.52,False,5.49,5.5,5.5,0.02999999999999936,0.019999999999999574,0.019999999999999574,4.204763350267364,4.15662916468963,4.15662916468963,9.999999999999787,9.999999999999787,0.0,0.048134185577734634,0.048134185577734634
01754895-639c-47ac-a0f9-d9fada29b53a,7.16,False,6.98,6.95,7.16,0.17999999999999972,0.20999999999999996,0.0,25.45527614933429,29.647003191601893,-14.165522422635036,30.00000000000025,179.99999999999972,209.99999999999997,4.191727042267605,39.620798571969324
01754c43-6fc6-4c95-93b4-5529c169d7ff,9.52,False,9.29,9.3,9.5,0.23000000000000043,0.21999999999999886,0.019999999999999574,-4.013877369875674,-4.0672605855560535,-2.612255546334328,10.000000000001563,210.00000000000085,199.9999999999993,0.053383215680379514,1.4016218235413458
01757017-7a2a-46c9-81fb-d4709d2fe766,3.96,True,3.71,3.74,3.96,0.25,0.21999999999999975,0.0,5.488670064740619,4.306073464830741,-11.108131463123602,30.00000000000025,250.0,219.99999999999974,1.1825965999098784,16.596801527864223
01757275-859f-4ed1-acac-d120509d0e11,3.3675,False,2.83,2.8,3.0,0.5375000000000001,0.5675000000000003,0.36750000000000016,-8.825606122291843,-6.474450230806737,-25.765600974294564,30.00000000000025,169.99999999999994,200.00000000000017,2.3511558914851056,16.93999485200272
01760dc3-9f5b-4e05-a0a6-d02043c155ee,9.24,False,9.02,8.93,9.1,0.22000000000000064,0.3100000000000005,0.14000000000000057,14.408880696993831,37.84846483362769,-12.253971853017351,89.99999999999986,80.00000000000007,169.99999999999994,23.439584136633854,26.66285255001118
01761a51-6bdc-4a10-89c5-6c7eaf7a4f75,7.6,False,7.27,7.34,7.6,0.33000000000000007,0.2599999999999998,0.0,-4.366015620334385,-0.5685491878485128,-3.866800920312049,70.00000000000028,330.00000000000006,259.9999999999998,3.797466432485872,0.4992147000223359
01769661-2ad9-450f-8882-c13191606db6,6.16,False,5.82,5.99,6.16,0.33999999999999986,0.16999999999999993,0.0,-5.021935714561723,0.26684029878540355,3.898577368530199,169.99999999999994,339.9999999999999,169.99999999999994,5.288776013347126,8.920513083091922
0177037d-4f26-4b70-95b5-2c27ca574f90,4.7786875,False,4.59,4.59,4.7786875,0.18868750000000034,0.18868750000000034,0.0,6.691740274845904,6.691740274845904,-1.0720207261280985,0.0,188.68750000000034,188.68750000000034,0.0,7.763761000974002
0177570f-2c32-4889-814b-e8a020e1e2bf,8.84,False,8.64,8.63,8.8,0.1999999999999993,0.20999999999999908,0.03999999999999915,13.52281972505723,14.767281221835546,-27.020896264965362,9.999999999999787,160.00000000000014,169.99999999999994,1.2444614967783156,40.54371599002259
0177cbd9-d11b-4a26-9d32-41f6c311f92f,7.52,True,7.15,7.43,7.3,0.3699999999999992,0.08999999999999986,0.21999999999999975,3.0151097392647017,-8.355068556708423,-3.5390809347411447,279.9999999999994,149.99999999999946,129.9999999999999,11.370178295973124,6.554190674005847
0177d5cb-b26c-44b5-a47e-d66652aec939,8.04,False,7.78,7.79,8.0,0.2599999999999989,0.2499999999999991,0.03999999999999915,9.51015436198035,9.621434957674225,-15.452273624888921,9.999999999999787,219.99999999999974,209.99999999999997,0.11128059569387538,24.962427986869272
0177ddf6-623b-4c1a-940e-e19cab7adffc,5.84,False,5.83,5.84,5.8,0.009999999999999787,0.0,0.040000000000000036,0.28458566615660114,-0.3517234748924656,1.653673161999322,9.999999999999787,30.00000000000025,40.000000000000036,0.6363091410490667,1.3690874958427208
0177fb1a-a6ec-4adc-b2ed-ff7c807eb15b,5.68,True,5.43,5.45,5.68,0.25,0.22999999999999954,0.0,-9.703937426096555,-12.69591510219494,-30.918380743969852,20.000000000000462,250.0,229.99999999999955,2.9919776760983847,21.214443317873297
0178af0b-e087-4475-b2f8-ce6ab0d09b8c,4.08,True,3.81,3.8,3.9,0.27,0.28000000000000025,0.18000000000000016,-0.467835537972108,1.8649618807544488,-17.361764720101373,10.000000000000231,89.99999999999986,100.00000000000009,2.3327974187265568,16.893929182129266
01796fc6-92bb-40c6-8ec7-3e0726d14878,15.56,True,15.25,15.27,15.56,0.3100000000000005,0.2900000000000009,0.0,1.8493351322589469,1.4723376927850622,-14.98216846423848,19.999999999999574,310.0000000000005,290.0000000000009,0.37699743947388464,16.831503596497427
01799831-60a9-4f69-a8c6-3c797210d207,4.08,True,3.88,3.88,4.08,0.20000000000000018,0.20000000000000018,0.0,-3.38092314287474,-3.38092314287474,-13.261368457703101,0.0,200.00000000000017,200.00000000000017,0.0,9.88044531482836
0179c139-35e9-4f87-84e5-e7737fc7be30,8.2,False,8.01,8.01,8.2,0.1899999999999995,0.1899999999999995,0.0,-2.9902687128297005,-2.9902687128297005,-22.601443798929452,0.0,189.9999999999995,189.9999999999995,0.0,19.611175086099752
0179c369-58de-45f0-b09a-d47d3b8ed038,4.64,True,4.2,4.22,4.5,0.4399999999999995,0.41999999999999993,0.13999999999999968,-3.407489902138644,-3.513019989449136,-12.410660072197796,19.999999999999574,299.99999999999983,280.0000000000002,0.10553008731049207,9.003170170059153
017a524a-1895-425b-9f74-753547fcbb61,12.4,True,12.15,12.16,12.4,0.25,0.2400000000000002,0.0,-10.495868968352774,-11.62113530398379,-23.469536167560182,9.999999999999787,250.0,240.00000000000023,1.1252663356310162,12.973667199207409
017a8c6d-3159-4541-a650-0fcc5d13d2f1,15.1934375,True,15.08,11.49,11.8,0.11343749999999986,3.7034374999999997,3.393437499999999,2.7415074618944426,1.0863898037892457,-18.440209880288865,3590.0,3279.9999999999995,310.0000000000005,1.655117658105197,21.18171734218331
017ae50e-41bc-43b5-b3d4-1accf6cc1588,10.0,False,9.78,9.79,10.0,0.22000000000000064,0.21000000000000085,0.0,-0.8561174329381233,-0.5117250152570411,3.0388286437277223,9.999999999999787,220.00000000000063,210.00000000000085,0.3443924176810822,3.8949460766658457
017b144a-3555-4c2b-a20f-973d5db047a8,4.12,False,3.9,3.92,4.1,0.2200000000000002,0.20000000000000018,0.020000000000000462,17.11348305126228,17.528950517373396,6.540006329864707,20.000000000000018,199.99999999999974,179.99999999999972,0.4154674661111173,10.573476721397572
017b5d66-ae2a-40b0-9a92-40e8ffefc6d7,9.36,True,9.2,9.17,9.36,0.16000000000000014,0.1899999999999995,0.0,3.3752142562377063,4.213221183958998,-16.189445497827187,29.99999999999936,160.00000000000014,189.9999999999995,0.8380069277212918,19.56465975406489
017b8530-7bbf-4733-a1db-5aa03e797d87,7.8,False,7.59,7.56,7.7,0.20999999999999996,0.2400000000000002,0.09999999999999964,14.841015008694278,14.726405944113251,9.350701504831239,30.00000000000025,110.00000000000031,140.00000000000057,0.11460906458102649,5.490313503863039
017ba230-0c4d-46e6-a7c8-4a812cbe7103,6.16,True,5.74,5.73,5.9,0.41999999999999993,0.4299999999999997,0.2599999999999998,-4.7040623135530675,-4.523397677848685,-25.695143924595357,9.999999999999787,160.00000000000014,169.99999999999994,0.18066463570438263,20.99108161104229
017bfcad-d4a7-4f90-9e28-f0b2b455390f,7.84,True,7.26,7.43,7.8,0.5800000000000001,0.41000000000000014,0.040000000000000036,-6.352557488354273,-5.209768178647671,-9.46282771693181,169.99999999999994,540.0,370.0000000000001,1.1427893097066013,3.110270228577538
017c4030-a35a-48a1-9ba5-638ee03a246c,10.2864375,False,10.19,9.15,9.4,0.0964375000000004,1.1364374999999995,0.8864374999999995,2.645935120801961,-10.048793513898449,-24.712134142982922,1039.999999999999,789.9999999999991,250.0,12.694728634700411,27.358069263784884
017c6b5c-e5e7-4a8e-a37a-c748d19ef7a3,5.84,True,5.52,5.57,5.8,0.3200000000000003,0.2699999999999996,0.040000000000000036,4.460859648627337,4.497951836383253,-2.6919543044679584,50.00000000000071,280.0000000000002,229.99999999999955,0.03709218775591605,7.152813953095295
017c95c9-1d1d-4455-90c2-748ee5edf191,7.6,True,7.48,7.47,7.6,0.11999999999999922,0.1299999999999999,0.0,7.392625137755711,9.68648495282553,-29.559957033267292,10.000000000000675,119.99999999999922,129.9999999999999,2.29385981506982,36.952582171023
017caf4f-f5a5-4da8-9246-1f04d9afcbf1,6.4783125,True,4.02,6.47,4.3,2.458312500000001,0.008312500000000611,2.1783125000000005,5.265566636464879,0.525335141927894,-9.824870603335905,2450.0,280.0000000000002,2170.0,4.740231494536985,15.090437239800783
017cbb65-af12-4c4a-ab99-0743b1e9c3b4,10.24,False,9.01,8.99,9.2,1.2300000000000004,1.25,1.040000000000001,1.610920607800671,2.9198447701260353,-31.279988867082817,19.999999999999574,189.9999999999995,209.9999999999991,1.3089241623253642,32.890909474883486
017ce973-dfbb-4f56-8529-9fcdc59eae07,5.52,True,4.63,4.63,4.7,0.8899999999999997,0.8899999999999997,0.8199999999999994,-7.692199633714422,-7.692199633714422,-7.542963566721762,0.0,70.00000000000028,70.00000000000028,0.0,0.14923606699265957
017d3ffd-dae4-49f1-a5b3-512d5ae56d69,13.03725,True,12.05,12.0,12.2,0.9872499999999995,1.0372500000000002,0.8372500000000009,-9.508483419601628,-8.337225857347555,-17.729224348873593,50.00000000000071,149.99999999999858,199.9999999999993,1.1712575622540733,8.220740929271965
017d84ba-d544-4a13-ab3d-e60e682db1b4,8.84,False,8.59,8.59,8.7,0.25,0.25,0.14000000000000057,20.119137531251603,20.119137531251603,19.3135253048665,0.0,109.99999999999943,109.99999999999943,0.0,0.8056122263851044
017e3de9-91ed-48e3-88f6-ea5d10ab73cf,13.32,False,13.1,13.1,13.3,0.22000000000000064,0.22000000000000064,0.019999999999999574,5.485111303223889,5.485111303223889,-21.648491707803455,0.0,200.00000000000108,200.00000000000108,0.0,27.133603011027343
017e4d40-1664-46f3-bbf3-e5f0e30761df,8.16,True,7.9,7.91,8.16,0.2599999999999998,0.25,0.0,1.4845783586896306,1.3721411865536528,-11.352573263693795,9.999999999999787,259.9999999999998,250.0,0.11243717213597781,12.837151622383425
017e8451-2761-456c-b23f-4f023d7b7ca5,5.16,True,4.89,4.96,5.16,0.27000000000000046,0.20000000000000018,0.0,-7.229036212314614,-6.24813106716824,-15.85312280005054,70.00000000000028,270.00000000000045,200.00000000000017,0.980905145146374,8.624086587735928
017eac53-7c04-4868-9207-f7a1fb360d11,9.72,True,8.86,9.65,9.7,0.8600000000000012,0.07000000000000028,0.02000000000000135,17.496613540827113,-10.815512908775592,-10.668845766008646,790.0000000000009,839.9999999999999,49.999999999998934,28.312126449602705,28.165459306835757
017edd08-d8ca-40a4-ad07-6b952f21097c,7.28,False,7.09,7.07,7.28,0.1900000000000004,0.20999999999999996,0.0,-9.111383444775514,-8.272698858413294,-29.012542935672986,19.999999999999574,190.0000000000004,209.99999999999997,0.8386845863622199,19.90115949089747
017efb61-d59d-475a-b0e0-695177551186,12.48,False,12.41,12.42,12.48,0.07000000000000028,0.0600000000000005,0.0,-2.7998344996812494,-2.403261399088624,-1.8148967096399093,9.999999999999787,70.00000000000028,60.0000000000005,0.3965731005926254,0.9849377900413401
017f294f-eaf4-4b1f-b0cf-fb380a4f3a30,2.52,False,2.43,2.41,2.5,0.08999999999999986,0.10999999999999988,0.020000000000000018,7.501887964980585,8.568266048254005,-2.122879649291724,20.000000000000018,69.99999999999984,89.99999999999986,1.0663780832734195,9.62476761427231
017fbcb5-0997-4cf9-be64-5484f7af65c0,6.44,False,6.17,6.19,6.3,0.27000000000000046,0.25,0.14000000000000057,5.904517777520135,6.079546245781571,-6.857198992925238,20.000000000000462,129.9999999999999,109.99999999999943,0.17502846826143603,12.761716770445373
0180481b-3f62-4cbe-87cc-7229ec1e3598,5.84,True,5.61,5.61,5.8,0.22999999999999954,0.22999999999999954,0.040000000000000036,-5.948433868817004,-5.948433868817004,-26.297205249028746,0.0,189.9999999999995,189.9999999999995,0.0,20.348771380211744
018095d3-77d9-4254-a599-4e3c1296d000,5.84,True,5.71,5.7,5.8,0.1299999999999999,0.13999999999999968,0.040000000000000036,-5.970027098214133,-5.660910210362276,-15.638735819501658,9.999999999999787,89.99999999999986,99.99999999999964,0.3091168878518564,9.668708721287526
0180c902-73c2-4ceb-9ab1-d9d4db70fe96,6.24,True,5.43,5.81,6.2,0.8100000000000005,0.4300000000000006,0.040000000000000036,1.2564587334803194,-3.6437817697408375,-14.098566458540489,379.9999999999999,770.0000000000005,390.00000000000057,4.900240503221157,15.355025192020808
0180eae4-844b-4f28-97a6-2bd9a7f8dfc7,5.76,True,5.63,5.62,5.76,0.1299999999999999,0.13999999999999968,0.0,-11.218724163590846,-10.865519573053923,-34.512656658974656,9.999999999999787,129.9999999999999,139.9999999999997,0.3532045905369223,23.29393249538381
018116e3-78e7-4f00-9fdf-1128f4e1e7dc,4.26,True,4.08,4.1,4.26,0.17999999999999972,0.16000000000000014,0.0,-9.49757240397609,-8.740563369866509,-13.700299586816502,19.999999999999574,179.99999999999972,160.00000000000014,0.757009034109581,4.2027271828404125
01811eaf-bd22-47d7-9ad3-da38482890aa,1.12,False,1.02,1.05,1.1,0.10000000000000009,0.07000000000000006,0.020000000000000018,0.7502275610556743,0.06682192495984893,-3.3624819307187126,30.00000000000003,80.00000000000007,50.00000000000004,0.6834056360958254,4.112709491774387
01813a65-a959-4da7-bedd-f46b64d1929f,8.08,False,7.95,7.99,8.08,0.1299999999999999,0.08999999999999986,0.0,0.102713017805261,0.011046313517439049,-5.200321428568888,40.000000000000036,129.9999999999999,89.99999999999986,0.09166670428782195,5.303034446374149
018192be-bc3c-43cb-bb5f-bcc9c9ea83a2,5.08,True,4.87,4.9,5.08,0.20999999999999996,0.17999999999999972,0.0,-3.682493008772975,-6.49141231185497,-19.664601176577932,30.00000000000025,209.99999999999997,179.99999999999972,2.808919303081995,15.982108167804958
0181cf8f-7e56-4c1c-9ae5-0e151d7837f5,6.7801875,False,5.62,5.62,5.8,1.1601875000000001,1.1601875000000001,0.9801875000000004,10.328428499491748,10.328428499491748,0.9988043745659587,0.0,179.99999999999972,179.99999999999972,0.0,9.32962412492579
018236ee-3d96-4512-87fd-10c57a2dacff,3.1275,True,2.95,2.97,3.1,0.17749999999999977,0.15749999999999975,0.027499999999999858,-1.4033060362844747,-2.3552591013114332,-11.567591356689611,20.000000000000018,149.99999999999991,129.9999999999999,0.9519530650269585,10.164285320405137
01825517-1b90-4d10-9616-782cebb34f7a,10.414125,True,9.44,9.43,9.6,0.9741250000000008,0.9841250000000006,0.8141250000000007,-10.504997117892945,-9.429933689052985,-18.92088323425401,9.999999999999787,160.00000000000014,169.99999999999994,1.0750634288399592,8.415886116361065
018279bb-b6ad-4692-b5ec-00ada8639b43,6.96,False,6.69,6.7,6.96,0.2699999999999996,0.2599999999999998,0.0,18.912444929501714,18.449352097219705,-11.189805605138009,9.999999999999787,269.99999999999955,259.9999999999998,0.46309283228200826,30.102250534639722
0182a40d-50dd-449e-9791-cdefad17154a,6.2,True,5.97,5.97,6.2,0.23000000000000043,0.23000000000000043,0.0,1.292823449358659,1.292823449358659,-32.70844927095165,0.0,230.00000000000043,230.00000000000043,0.0,34.001272720310304
0182da8e-efce-4454-a001-1863a5dabac9,8.76,True,8.43,8.42,8.76,0.33000000000000007,0.33999999999999986,0.0,-8.244323026182766,-7.884523375060712,-29.91969397960864,9.999999999999787,330.00000000000006,339.9999999999999,0.3597996511220538,21.675370953425873
01830f05-909d-40ae-a564-0b405fbc9935,14.4319375,True,13.47,13.47,13.6,0.9619374999999994,0.9619374999999994,0.8319375000000004,-3.982320264528567,-3.982320264528567,-18.131459347786485,0.0,129.999999999999,129.999999999999,0.0,14.149139083257918
01835b9b-80f7-4d19-9b4c-d6ce492880e2,6.229375,False,5.76,5.74,5.9,0.4693750000000003,0.4893749999999999,0.32937499999999975,3.3209495933234967,4.3253001511339715,-19.142442354436614,19.999999999999574,140.00000000000057,160.00000000000014,1.0043505578104748,22.463391947760112
0183be8c-a349-40e0-aacc-392666bc06f6,7.44,True,6.78,7.16,7.0,0.6600000000000001,0.28000000000000025,0.4400000000000004,-2.561022912338163,-11.077569433888797,-9.25149278190848,379.9999999999999,219.99999999999974,160.00000000000014,8.516546521550634,6.690469869570316
018419f7-c764-48c9-94dc-4cd15f51e9a6,12.4878125,True,11.42,11.47,11.6,1.0678125000000005,1.0178124999999998,0.8878125000000008,-5.336937030665641,-8.038569911941233,-10.42621838164732,50.00000000000071,179.99999999999972,129.999999999999,2.701632881275591,5.089281350981679
0184314b-fb42-4c7d-85ad-9d17089cc4eb,2.68,False,2.49,2.49,2.68,0.18999999999999995,0.18999999999999995,0.0,11.833530344191932,11.833530344191932,-18.927932882895515,0.0,189.99999999999994,189.99999999999994,0.0,30.761463227087447
0184b70b-b5bc-4404-be93-9bf957ae545f,4.2,True,3.98,3.95,4.1,0.2200000000000002,0.25,0.10000000000000053,-18.025201670847167,-12.589518538726676,-26.71273927016527,29.999999999999805,119.99999999999966,149.99999999999946,5.4356831321204915,8.687537599318102
018520b0-7278-4fb8-9733-6d803c543f41,3.56,False,3.34,3.34,3.5,0.2200000000000002,0.2200000000000002,0.06000000000000005,18.895671334597136,18.895671334597136,13.28298262905506,0.0,160.00000000000014,160.00000000000014,0.0,5.612688705542077
01855669-0843-4a10-903a-c20af7421ad5,6.12,False,5.85,5.73,6.0,0.27000000000000046,0.3899999999999997,0.1200000000000001,-18.889775766629285,-9.966841178365282,-50.46310940466446,119.99999999999922,150.00000000000034,269.99999999999955,8.922934588264003,31.573333638035173
0185a88c-32b0-4584-98ef-a84668bed53b,5.44,True,5.43,5.43,5.4,0.010000000000000675,0.010000000000000675,0.040000000000000036,-6.841505139527997,-6.841505139527997,-4.291757612500563,0.0,29.99999999999936,29.99999999999936,0.0,2.549747527027434
01863047-83b2-479e-926f-518b3a489b64,6.16,False,6.1,6.09,5.8,0.0600000000000005,0.07000000000000028,0.3600000000000003,-17.023428357612552,-17.442268514883118,-23.60944814909732,9.999999999999787,299.99999999999983,290.00000000000006,0.4188401572705658,6.58601979148477
01871144-10f1-49c7-906c-cdb13c685311,2.84,False,2.63,2.62,2.8,0.20999999999999996,0.21999999999999975,0.040000000000000036,-0.847831890481661,-0.97278815143387,-21.489967629461002,9.999999999999787,169.99999999999994,179.99999999999972,0.12495626095220902,20.64213573897934
018765ee-e0e2-420d-9566-01aaa935555d,9.36,False,9.3,9.29,9.36,0.05999999999999872,0.07000000000000028,0.0,-8.354744003064821,-8.053570145844157,-13.926248920331819,10.000000000001563,59.99999999999872,70.00000000000028,0.3011738572206646,5.5715049172669975
01876c1e-c993-467d-ab38-1a5a57dab25f,13.860625,True,12.93,12.87,13.0,0.9306250000000009,0.9906250000000014,0.8606250000000006,13.604120211192955,22.95150843483108,-2.6814542524883995,60.0000000000005,70.00000000000028,130.0000000000008,9.347388223638125,16.285574463681353
0187a64f-e89a-4070-876d-8abb0d8b08e8,6.6,False,6.39,6.4,6.6,0.20999999999999996,0.1999999999999993,0.0,-0.3316681383651735,-0.6698795334155585,-21.28392801301453,10.000000000000675,209.99999999999997,199.9999999999993,0.338211395050385,20.952259874649357
0187b7cb-2e7f-4d8b-9c82-d5fbee115b98,5.76,False,5.38,5.4,5.76,0.3799999999999999,0.35999999999999943,0.0,-0.26837222855245163,-0.3409253955234545,-14.566416812068027,20.000000000000462,379.9999999999999,359.99999999999943,0.07255316697100289,14.298044583515576
0187dc30-3a8e-4c95-9e20-020c0d1486eb,12.88,True,12.33,12.44,12.88,0.5500000000000007,0.4400000000000013,0.0,-2.5323292882760504,-4.775966542087825,-15.340760281562265,109.99999999999943,550.0000000000007,440.00000000000125,2.2436372538117744,12.808430993286214
0187f27b-3541-4252-bbad-637008bf0273,9.48,True,9.21,9.22,9.4,0.2699999999999996,0.2599999999999998,0.08000000000000007,2.102246619409481,2.4304241253737238,-13.818953639071095,9.999999999999787,189.9999999999995,179.99999999999972,0.32817750596424267,15.921200258480576
0187fe87-1692-4186-a90b-56fc2630458e,5.32,True,5.08,5.07,5.2,0.2400000000000002,0.25,0.1200000000000001,-10.01208359679998,-9.704133939659728,-28.169609514168673,9.999999999999787,120.00000000000011,129.9999999999999,0.30794965714025224,18.157525917368694
01881f41-9aca-474e-ae0f-fff385b71e57,8.12,True,7.9,7.88,8.1,0.21999999999999886,0.23999999999999932,0.019999999999999574,-3.203941070832123,-0.18578441377706464,-30.90198989628219,20.000000000000462,199.9999999999993,219.99999999999974,3.0181566570550586,27.698048825450066
0188b5a8-7966-4a90-9b5a-2aa6595670f2,7.08,False,7.03,7.01,7.08,0.04999999999999982,0.07000000000000028,0.0,32.02089787140515,31.91840074169257,26.24815641035508,20.000000000000462,49.99999999999982,70.00000000000028,0.10249712971257807,5.772741461050067
0188d14e-3480-49eb-92d6-bd14f486bc1d,5.44,True,5.21,5.21,5.4,0.23000000000000043,0.23000000000000043,0.040000000000000036,-2.8623789930038153,-2.8623789930038153,-11.721302635668328,0.0,190.0000000000004,190.0000000000004,0.0,8.858923642664513
0188ddca-e7a4-496b-b06d-c3bbe0aad024,6.28,False,6.09,6.08,6.28,0.1900000000000004,0.20000000000000018,0.0,-0.871366578614773,-1.4610243560133331,-4.106068032941788,9.999999999999787,190.0000000000004,200.00000000000017,0.5896577773985602,3.2347014543270145
0188e45a-5920-4668-8b73-6402ae50288c,15.5953125,False,14.6,14.6,12.6,0.9953125000000007,0.9953125000000007,2.9953125000000007,3.664412321291771,3.664412321291771,14.20877604520663,0.0,2000.0,2000.0,0.0,10.54436372391486
0188f735-05e6-4e59-83b3-406562160184,7.8,True,7.56,7.55,7.7,0.2400000000000002,0.25,0.09999999999999964,-6.5781895643621935,-6.085439603135694,-20.4010670205918,9.999999999999787,140.00000000000057,150.00000000000034,0.49274996122649917,13.822877456229605
01897116-dd9a-42a7-a9f4-dec84aec0883,6.92,True,6.52,6.5,6.6,0.40000000000000036,0.41999999999999993,0.3200000000000003,-3.940903014336935,-3.5613696098882754,-15.104058780570181,19.999999999999574,80.00000000000007,99.99999999999964,0.37953340444865935,11.163155766233245
018977af-827a-49df-9003-f08116696a36,6.28,True,6.15,6.16,6.28,0.1299999999999999,0.1200000000000001,0.0,-0.12163187114739145,-1.9500458527944264,-17.183383852781503,9.999999999999787,129.9999999999999,120.00000000000011,1.828413981647035,17.06175198163411
01899f5e-e99d-41c7-9901-e6cac9b60522,14.576125,False,13.63,13.58,13.8,0.9461249999999986,0.9961249999999993,0.7761249999999986,-4.317111724604675,-1.5799912467694381,-20.287683843524928,50.00000000000071,169.99999999999994,220.00000000000063,2.7371204778352363,15.970572118920252
0189fef1-37a5-454b-8a76-c572730086f6,14.56,True,14.48,14.48,14.56,0.08000000000000007,0.08000000000000007,0.0,-13.011495479123848,-13.011495479123848,-15.678029877402206,0.0,80.00000000000007,80.00000000000007,0.0,2.6665343982783583
018a0c70-39ce-4d20-b63c-259ab6ca37b4,4.32,False,4.29,4.29,4.3,0.03000000000000025,0.03000000000000025,0.020000000000000462,-1.220200818016846,-1.220200818016846,-2.7818607348096047,0.0,9.999999999999787,9.999999999999787,0.0,1.5616599167927587
018a17f5-d419-4184-a9ad-114615029a3b,3.16,False,2.91,2.9,3.0,0.25,0.26000000000000023,0.16000000000000014,-11.02255081694083,-10.89160995172357,-21.300261623580298,10.000000000000231,89.99999999999986,100.00000000000009,0.13094086521726034,10.277710806639467
018a7d0a-107b-4130-abd2-82791ee0d85d,8.68,False,8.63,8.63,8.68,0.049999999999998934,0.049999999999998934,0.0,16.0199465581399,16.0199465581399,16.36599356973994,0.0,49.999999999998934,49.999999999998934,0.0,0.3460470116000387
018a8072-c60d-4a26-881f-fc381f1a81c2,7.48,False,7.18,7.22,7.48,0.3000000000000007,0.2600000000000007,0.0,-0.38984563313185827,0.5538734387157124,-11.287700082093528,40.000000000000036,300.0000000000007,260.0000000000007,0.9437190718475706,10.89785444896167
018a8409-70d7-4b20-96ce-93d1e18ea417,9.76,False,9.26,9.34,9.5,0.5,0.41999999999999993,0.2599999999999998,-1.2200201297819748,4.2597618480720225,7.828176923872911,80.00000000000007,240.00000000000023,160.00000000000014,5.479781977853998,9.048197053654885
018ad167-b21b-45ce-b279-3aec5ad7f8dc,3.417125,True,1.74,2.4,3.3,1.677125,1.017125,0.11712500000000015,3.9692550019323627,-6.3210160883624065,-2.8405890934121523,659.9999999999999,1559.9999999999998,899.9999999999999,10.29027109029477,6.8098440953445145
018b06f8-0f8a-46c9-aa11-288a46a53d1e,4.76,True,4.52,4.53,4.76,0.2400000000000002,0.22999999999999954,0.0,0.03375272134326197,-2.0204388726912934,-23.547625891052796,10.000000000000675,240.00000000000023,229.99999999999955,2.054191594034555,23.58137861239606
018b27d1-ca16-4314-a799-3767d0a28cf8,5.04,True,4.37,4.67,4.9,0.6699999999999999,0.3700000000000001,0.13999999999999968,1.7839044494273468,-4.450320510997558,-5.832850884575762,299.99999999999983,530.0000000000002,230.00000000000043,6.234224960424904,7.616755334003108
018b35c0-598d-4efa-872f-4aeedc538ce4,11.28,False,11.0,11.02,11.28,0.27999999999999936,0.2599999999999998,0.0,-7.234692490788179,-7.073650560062418,-18.401187205772864,19.999999999999574,279.9999999999994,259.9999999999998,0.16104193072576045,11.166494714984685
018b5783-9eae-48fd-b2c3-cb9fa61aa161,7.84,True,7.84,7.8,7.8,0.0,0.040000000000000036,0.040000000000000036,-13.687108661382766,-9.617825227625229,-9.617825227625229,40.000000000000036,40.000000000000036,0.0,4.069283433757537,4.069283433757537
018b93d4-bb9c-4c0c-8433-ec4de4d722f3,5.96,True,5.77,5.78,5.96,0.1900000000000004,0.17999999999999972,0.0,0.8049103076470379,0.7799925684720812,-9.996969203026987,10.000000000000675,190.0000000000004,179.99999999999972,0.024917739174956655,10.801879510674025
018ba493-d2f1-41dc-86fd-d2e15a921c89,11.12,False,11.03,10.87,11.1,0.08999999999999986,0.25,0.019999999999999574,9.093427134865411,30.083982313241695,-0.6957030154691046,160.00000000000014,70.00000000000028,230.00000000000043,20.990555178376283,9.789130150334517
018bcd7a-e6a1-46bc-9d86-966bff96fb47,6.0,True,5.75,5.75,5.9,0.25,0.25,0.09999999999999964,-5.68470026992682,-5.68470026992682,-15.32174690393215,0.0,150.00000000000034,150.00000000000034,0.0,9.63704663400533
018c086a-2431-48d4-bbc2-523a4b7fa4f1,8.52,True,7.96,7.96,8.2,0.5599999999999996,0.5599999999999996,0.3200000000000003,18.03225886634288,18.03225886634288,-7.30969946788505,0.0,239.99999999999932,239.99999999999932,0.0,25.34195833422793
018c7114-3397-4a6d-ad51-a4247d956b41,7.44,True,7.16,7.29,7.3,0.28000000000000025,0.15000000000000036,0.14000000000000057,-5.6035314969844245,-11.010885314186018,-11.279815621617644,129.9999999999999,139.9999999999997,9.999999999999787,5.407353817201593,5.676284124633219
018c992b-cd2e-45db-ad03-fb0430d49553,9.834125,False,8.85,8.84,9.0,0.9841250000000006,0.9941250000000004,0.8341250000000002,37.55958140222712,39.23171455192235,5.851489989647836,9.999999999999787,150.00000000000034,160.00000000000014,1.6721331496952345,31.708091412579282
018cb3e1-2c07-404a-bcd4-0baf8ba94473,8.6,False,8.41,8.4,8.6,0.1899999999999995,0.1999999999999993,0.0,38.244767486181175,37.78963699629646,12.917036909659942,9.999999999999787,189.9999999999995,199.9999999999993,0.4551304898847164,25.327730576521233
018d6feb-a87c-45f0-b428-8fcaac78259c,5.32,True,5.11,5.14,5.3,0.20999999999999996,0.1800000000000006,0.020000000000000462,-7.645040639833994,-6.984718737105115,-14.993269328815538,29.99999999999936,189.9999999999995,160.00000000000014,0.6603219027288789,7.3482286889815445
018d8392-0603-43c6-a01d-f3ead4ed9fa5,9.88,True,9.68,9.63,9.8,0.20000000000000107,0.25,0.08000000000000007,-7.3320579217767445,-1.0463528185995832,-18.347257837418887,49.999999999998934,120.000000000001,169.99999999999994,6.285705103177161,11.015199915642143
018d8bf4-7e92-49d2-81de-5d97f78998c8,4.64,True,4.44,4.44,4.6,0.1999999999999993,0.1999999999999993,0.040000000000000036,3.26701839686227,3.26701839686227,-14.745888014067454,0.0,159.99999999999926,159.99999999999926,0.0,18.012906410929723
018e8744-9d1c-457a-ace0-9ce0e54b7dc6,8.6,False,8.56,8.57,8.6,0.03999999999999915,0.02999999999999936,0.0,20.939157824740935,19.74317578986141,12.739054413819346,9.999999999999787,39.99999999999915,29.99999999999936,1.195982034879524,8.200103410921589
018ebaa5-9789-4a1d-a948-a0ce74261d3a,10.496,True,10.1,10.1,10.4,0.3960000000000008,0.3960000000000008,0.09600000000000009,6.388985106746474,6.388985106746474,-16.741168462612173,0.0,300.0000000000007,300.0000000000007,0.0,23.130153569358647
018efc35-8dde-4b60-8633-e9fa86d8468f,5.28,False,5.15,5.18,5.28,0.1299999999999999,0.10000000000000053,0.0,7.0576844645851775,5.761778519885369,-5.292835028975529,29.99999999999936,129.9999999999999,100.00000000000054,1.2959059446998085,12.350519493560707
018f4e7c-7935-46f4-83ec-7ac46696c524,3.328,False,3.11,3.11,3.3,0.21799999999999997,0.21799999999999997,0.028000000000000025,6.225895803337127,6.225895803337127,-22.637576750287103,0.0,189.99999999999994,189.99999999999994,0.0,28.86347255362423
018fd3c4-8409-4ac2-b800-788b524be2d8,5.28,True,4.99,4.96,5.1,0.29000000000000004,0.3200000000000003,0.1800000000000006,2.1137348434990346,5.174173076276389,-11.536479357862165,30.00000000000025,109.99999999999943,139.9999999999997,3.0604382327773547,13.6502142013612
019048aa-6015-452e-a78c-79e1c6dd6e0e,5.76,False,5.38,5.37,5.5,0.3799999999999999,0.3899999999999997,0.2599999999999998,23.22754797493921,22.78541895533688,26.43898309186647,9.999999999999787,120.00000000000011,129.9999999999999,0.44212901960233,3.211435116927259
0190b4f2-a2fd-4b11-8f1e-567989808493,10.36,True,10.09,10.07,10.2,0.2699999999999996,0.28999999999999915,0.16000000000000014,-2.7502179243013356,-2.0267098348503167,-14.048100637570334,19.999999999999574,109.99999999999943,129.999999999999,0.7235080894510189,11.297882713268999
0190dfc0-48f3-48c0-8f7b-bbb3bd069a55,12.56,False,12.52,12.52,11.8,0.040000000000000924,0.040000000000000924,0.7599999999999998,-7.193300301624472,-7.193300301624472,1.6828532654945705,0.0,719.9999999999989,719.9999999999989,0.0,8.876153567119042
01914f46-92eb-47fa-b2a4-acf9e92232df,13.08,True,12.62,12.63,12.8,0.46000000000000085,0.4499999999999993,0.27999999999999936,0.02998816724009935,-0.3671876988441139,-12.41256968587654,10.000000000001563,180.00000000000148,169.99999999999994,0.39717586608421324,12.44255785311664
01916039-317a-42a4-8390-c6ac788c8c69,8.44,True,8.15,8.14,8.3,0.28999999999999915,0.29999999999999893,0.1399999999999988,-8.598934046945805,-8.264655215941223,-18.53366314166664,9.999999999999787,150.00000000000034,160.00000000000014,0.3342788310045819,9.934729094720835
019199b0-5f93-415e-a0a6-6da381c7fed8,9.434375,False,8.46,8.44,8.6,0.9743749999999984,0.9943749999999998,0.8343749999999996,-5.9243908638071545,-6.006895851797328,-18.301958773951245,20.00000000000135,139.9999999999988,160.00000000000014,0.08250498799017336,12.37756791014409
0191c966-9823-46a3-9b9c-564436540deb,14.4096875,False,13.42,13.42,13.7,0.9896875000000005,0.9896875000000005,0.7096875000000011,5.798143837850453,5.798143837850453,-3.6540376077783527,0.0,279.9999999999994,279.9999999999994,0.0,9.452181445628806
0191cb18-779c-4d6b-b842-062ff989fe24,7.52,True,7.37,7.29,7.5,0.14999999999999947,0.22999999999999954,0.019999999999999574,-25.348886716483847,-15.632534822476194,-42.19193850802213,80.00000000000007,129.9999999999999,209.99999999999997,9.716351894007653,16.843051791538286
0191e4a9-6f7b-4b63-be81-05761e1ed1bd,10.48,True,10.28,10.28,10.48,0.20000000000000107,0.20000000000000107,0.0,2.9655628504277893,2.9655628504277893,-18.426239174746733,0.0,200.00000000000108,200.00000000000108,0.0,21.391802025174524
0191ecb8-d63b-4875-878a-740a1b9d3c91,6.28,True,6.11,5.96,6.1,0.16999999999999993,0.3200000000000003,0.1800000000000006,-6.522053513613012,14.166781629319152,-5.164654048015433,150.00000000000034,10.000000000000675,139.9999999999997,20.688835142932163,1.3573994655975792
01922c70-91c1-4312-a1cb-b8c652600fb5,7.32,True,6.97,7.01,7.2,0.35000000000000053,0.3100000000000005,0.1200000000000001,20.07043264630095,17.602743612032814,-4.513803469836181,40.000000000000036,230.00000000000043,190.0000000000004,2.467689034268137,24.58423611613713
019285f8-9561-4b84-beaa-d512c7fa7c90,7.16,False,7.03,7.03,7.16,0.1299999999999999,0.1299999999999999,0.0,-0.7522202082407942,-0.7522202082407942,-1.1588073812672386,0.0,129.9999999999999,129.9999999999999,0.0,0.4065871730264444
0192cd67-3198-4a54-9699-8d250ff75000,16.0,False,15.13,14.9,14.8,0.8699999999999992,1.0999999999999996,1.1999999999999993,-23.921826650878362,-24.6807202443037,-11.75323099415179,230.00000000000043,330.00000000000006,99.99999999999964,0.7588935934253378,12.168595656726572
0192f7ee-9981-4812-9077-ba4520662139,3.15,False,3.15,3.15,3.1,0.0,0.0,0.04999999999999982,-5.056500196595763,-5.056500196595763,-2.4414932382058243,0.0,49.99999999999982,49.99999999999982,0.0,2.615006958389939
01933f1a-19fb-4953-b704-9de9aeaa97ac,6.48,False,6.43,6.43,6.48,0.05000000000000071,0.05000000000000071,0.0,-1.1490109865236409,-1.1490109865236409,-8.191969822087678,0.0,50.00000000000071,50.00000000000071,0.0,7.042958835564037
0193625c-f0ac-4336-94ee-8ad33091135c,6.16,True,5.38,5.38,5.5,0.7800000000000002,0.7800000000000002,0.6600000000000001,-1.1277606022101048,-1.1277606022101048,-5.891427944896507,0.0,120.00000000000011,120.00000000000011,0.0,4.763667342686402
0193730f-8ce6-4ee7-a168-594dd539b6e3,3.88,True,3.62,3.66,3.88,0.2599999999999998,0.21999999999999975,0.0,-3.521957524099112,-5.926394081004631,-14.827797804728595,40.000000000000036,259.9999999999998,219.99999999999974,2.4044365569055186,11.305840280629482
019382f0-381a-4e43-b558-b8229f8dee35,3.96,False,3.76,3.75,3.96,0.20000000000000018,0.20999999999999996,0.0,-10.083979800473704,-10.163246178113239,-19.62341394574405,9.999999999999787,200.00000000000017,209.99999999999997,0.07926637763953437,9.539434145270347
0193cac4-52c3-4452-af07-a96f2b624038,10.84,False,10.6,10.6,10.8,0.2400000000000002,0.2400000000000002,0.03999999999999915,32.025130236919466,32.025130236919466,-1.773004404111309,0.0,200.00000000000108,200.00000000000108,0.0,33.79813464103078
0193d724-4597-499f-b021-6c565fbbb33d,6.16,False,5.87,5.87,6.0,0.29000000000000004,0.29000000000000004,0.16000000000000014,17.786590170707576,17.786590170707576,15.190645001277582,0.0,129.9999999999999,129.9999999999999,0.0,2.595945169429994
0193d82a-40be-4722-8f6b-6d1a79652731,2.88,True,2.66,2.86,2.88,0.21999999999999975,0.020000000000000018,0.0,5.263403229551762,-8.188165746876576,-8.575624512598552,199.99999999999974,219.99999999999974,20.000000000000018,13.451568976428337,13.839027742150314
0194a55e-7a29-4ef0-a26e-398c79311c12,5.0,True,4.77,4.72,4.9,0.23000000000000043,0.28000000000000025,0.09999999999999964,-1.0503749325307525,-1.0840769608352572,-20.717724568629958,49.99999999999982,130.0000000000008,180.0000000000006,0.03370202830450464,19.667349636099207
0194a7f0-d1af-4b7f-b47b-82e87fc6c6bc,4.16,True,3.87,3.91,4.16,0.29000000000000004,0.25,0.0,0.2119942200204789,-1.4903893712376446,-13.325829199878159,40.000000000000036,290.00000000000006,250.0,1.7023835912581236,13.537823419898638
0194b627-7455-4688-8737-32e2c8086996,5.52,True,5.26,5.25,5.4,0.2599999999999998,0.2699999999999996,0.11999999999999922,-0.19950837594656423,1.0176750887391495,-22.749386684659903,9.999999999999787,140.00000000000057,150.00000000000034,1.2171834646857138,22.54987830871334
0194ea03-2e5a-4b5a-bca6-34be802187c5,6.0,True,5.66,5.85,6.0,0.33999999999999986,0.15000000000000036,0.0,-2.6273827172325603,-7.766947124750029,-11.97794169635362,189.9999999999995,339.9999999999999,150.00000000000034,5.139564407517469,9.35055897912106
0194fb0e-c225-495d-85c5-c6c0039e7d75,5.72,False,5.43,5.44,5.6,0.29000000000000004,0.27999999999999936,0.1200000000000001,-6.934370590769847,-6.717167333870623,-8.042519248913525,10.000000000000675,169.99999999999994,159.99999999999926,0.21720325689922415,1.1081486581436781
0195ca41-5857-4f73-b3f1-5780a65ed70b,6.48,False,6.33,6.46,6.48,0.15000000000000036,0.020000000000000462,0.0,-0.7547566075621981,-4.488397616040382,-6.087446925941483,129.9999999999999,150.00000000000034,20.000000000000462,3.733641008478184,5.332690318379285
0195decf-fb53-43bc-99be-299fbeea823a,13.13875,False,12.15,12.15,12.3,0.9887499999999996,0.9887499999999996,0.8387499999999992,27.18809854088675,27.18809854088675,18.17204186690009,0.0,150.00000000000034,150.00000000000034,0.0,9.016056673986657
01960e9d-d90a-4f02-8ee1-9edb9fa6895f,6.32,False,6.09,6.08,6.2,0.23000000000000043,0.2400000000000002,0.1200000000000001,20.959349110713877,20.511534851376396,22.53184021831469,9.999999999999787,110.00000000000031,120.00000000000011,0.44781425933748054,1.5724911076008148
01961a51-7633-4164-9a82-cc93453c350f,6.92,False,6.57,6.59,6.7,0.34999999999999964,0.33000000000000007,0.21999999999999975,10.76287610737745,12.547194014889739,12.01910699434453,19.999999999999574,129.9999999999999,110.00000000000031,1.784317907512289,1.2562308869670797
01962b56-e67f-45b6-bac9-bd5686985c9a,4.04,False,3.83,3.84,4.0,0.20999999999999996,0.20000000000000018,0.040000000000000036,2.6277451523529227,2.3487664246600817,-17.829734797802658,9.999999999999787,169.99999999999994,160.00000000000014,0.27897872769284104,20.45747995015558
019648f3-a277-4c7e-a67f-ffaea946a4fa,4.24,True,4.07,4.23,4.2,0.16999999999999993,0.009999999999999787,0.040000000000000036,11.72114414944147,3.254146576499995,4.8828680313945725,160.00000000000014,129.9999999999999,30.00000000000025,8.466997572941475,6.838276118046897
01964e99-2066-4103-8b8a-74d0d2e6575d,9.4,True,8.98,9.0,9.4,0.41999999999999993,0.40000000000000036,0.0,2.0299316099652183,3.2858892095318004,-7.6749648870113765,19.999999999999574,419.99999999999994,400.00000000000034,1.2559575995665822,9.704896496976595
01969117-db7b-4675-9a61-d1cf484472f8,9.24,True,8.97,9.12,9.2,0.2699999999999996,0.120000000000001,0.040000000000000924,-4.985790519359549,-0.8663778166195935,-5.386374921804344,149.99999999999858,229.99999999999864,80.00000000000007,4.119412702739956,0.4005844024447951
0196a792-8029-4f7f-a53b-aeb6541ef091,9.64,False,9.29,9.21,9.4,0.3500000000000014,0.4299999999999997,0.2400000000000002,-8.53555557015471,-13.482414497770964,-12.00840907244053,79.9999999999983,110.00000000000121,189.9999999999995,4.946858927616255,3.4728535022858207
0196e294-fd84-4a66-8307-a3af8e642a10,5.205375,True,5.14,5.18,5.2,0.0653750000000004,0.02537500000000037,0.005374999999999908,2.935587330342149,0.3435429043733481,-1.8294446341992752,40.000000000000036,60.0000000000005,20.000000000000462,2.592044425968801,4.765031964541424
0196f837-d36a-4d73-836c-1e36c19fad45,5.0,True,4.29,4.6,5.0,0.71,0.40000000000000036,0.0,-1.3342786954458776,-1.8764611979036296,-8.942776226205876,309.9999999999996,710.0,400.00000000000034,0.542182502457752,7.608497530759998
019751ab-87cd-4962-aa1b-89a58f522cc6,10.4,True,10.02,10.04,10.4,0.3800000000000008,0.3600000000000012,0.0,-3.0469509673521205,-3.0440574228312327,-19.393006450850727,19.999999999999574,380.0000000000008,360.0000000000012,0.0028935445208877475,16.346055483498606
019779aa-12da-488c-976a-8330e92a594b,12.36,True,12.36,12.36,12.36,0.0,0.0,0.0,-10.776717086552047,-10.776717086552047,-10.776717086552047,0.0,0.0,0.0,0.0,0.0
019823b9-098f-465a-afbd-6b9eb1da2c67,7.92,False,7.86,7.87,7.9,0.05999999999999961,0.04999999999999982,0.019999999999999574,1.5850510883275688,1.4575583758434927,-0.1398671371824458,9.999999999999787,40.000000000000036,30.00000000000025,0.12749271248407612,1.7249182255100146
01985c87-8d3c-42e1-a5e5-4b6e8ce4fcda,7.88,False,7.57,7.62,7.88,0.3099999999999996,0.2599999999999998,0.0,1.5960150637040942,2.785869487302542,-13.074654523064126,49.99999999999982,309.9999999999996,259.9999999999998,1.1898544235984476,14.67066958676822
01985e84-a712-409e-8683-708af806f846,10.1069375,True,9.08,9.1,9.3,1.0269375000000007,1.0069375000000012,0.8069375000000001,0.85382287809163,1.1098970380992834,-6.461591970524805,19.999999999999574,220.00000000000063,200.00000000000108,0.2560741600076534,7.3154148486164345
0198b4f9-66b0-4a1a-a064-e5182ddb54f2,8.84,False,8.38,8.41,8.6,0.4599999999999991,0.4299999999999997,0.2400000000000002,-14.296147525900672,-13.607068325658133,-16.64320840985539,29.99999999999936,219.99999999999886,189.9999999999995,0.6890792002425385,2.3470608839547182
0198e449-e93f-4574-9492-ba9124b618a2,4.48,True,4.22,4.22,4.48,0.2600000000000007,0.2600000000000007,0.0,0.1283620990981861,0.1283620990981861,-21.65456530527777,0.0,260.0000000000007,260.0000000000007,0.0,21.782927404375958
019974e7-1156-4c3a-87ca-1f61a7ecc985,3.343875,True,2.33,2.41,2.5,1.013875,0.933875,0.8438750000000002,8.170705505353322,3.1502865609055464,-5.713991462871937,80.00000000000007,169.99999999999994,89.99999999999986,5.020418944447775,13.88469696822526
0199b4db-5fca-4ded-a621-c5f12f604309,8.48,True,8.25,8.26,8.48,0.23000000000000043,0.22000000000000064,0.0,-13.900934530401479,-13.566537011690324,-16.738201823426138,9.999999999999787,230.00000000000043,220.00000000000063,0.334397518711155,2.8372672930246594
019b4c95-a7ec-440a-8a96-6879877757a0,15.0655625,False,14.04,14.03,14.2,1.0255625000000013,1.035562500000001,0.8655625000000011,-9.322845603396315,-8.277081924465131,-19.108037823081034,9.999999999999787,160.00000000000014,169.99999999999994,1.0457636789311842,9.785192219684719
019b7e5b-a96d-4114-91a1-cda522a74efa,5.44,True,5.21,5.2,5.4,0.23000000000000043,0.2400000000000002,0.040000000000000036,-6.217005034831624,-5.8540856789626226,-23.513319018835517,9.999999999999787,190.0000000000004,200.00000000000017,0.3629193558690016,17.296313984003895
019b8e79-601f-4ca6-9d22-78f7e4948eb0,6.56,False,6.01,6.0,6.1,0.5499999999999998,0.5599999999999996,0.45999999999999996,-11.057037670111042,-9.83971051108928,-19.668270930899524,9.999999999999787,89.99999999999986,99.99999999999964,1.217327159021762,8.611233260788483
019b95ae-7205-4084-8472-d0759e4214b3,3.064,False,2.98,3.03,3.064,0.08400000000000007,0.03400000000000025,0.0,-10.713284656344701,-9.415814234756352,-8.997993362797585,49.99999999999982,84.00000000000007,34.000000000000256,1.2974704215883488,1.715291293547116
019b962d-a41a-4ed0-bef0-3e0f37bad45c,4.04,True,3.78,3.71,3.9,0.26000000000000023,0.33000000000000007,0.14000000000000012,17.526141807098476,27.23549495912525,-14.95629459796566,69.99999999999984,120.00000000000011,189.99999999999994,9.709353152026775,32.482436405064135
019ba44c-3466-440d-ac47-4ec152be858b,11.6635,False,10.65,10.63,10.8,1.0135000000000005,1.0335,0.8635000000000002,17.515203037161985,17.107249647083755,17.71482523638771,19.999999999999574,150.00000000000034,169.99999999999994,0.40795339007823017,0.19962219922572544
019bc767-c609-45c7-933d-2f89769faeef,4.84,False,4.5,4.52,4.8,0.33999999999999986,0.3200000000000003,0.040000000000000036,-5.5482670190241326,-4.255630535376784,-6.904561466579185,19.999999999999574,299.99999999999983,280.0000000000002,1.2926364836473487,1.3562944475550527
019bc7e1-21ae-4a24-b257-49017bae0ece,7.96,True,7.73,7.72,7.8,0.22999999999999954,0.2400000000000002,0.16000000000000014,3.667946657192969,5.585879914067632,-9.657758552804545,10.000000000000675,69.9999999999994,80.00000000000007,1.9179332568746625,13.325705209997514
019bd47f-d282-4920-9e67-b6d3c2d1c3df,12.32,True,12.04,12.06,12.2,0.28000000000000114,0.2599999999999998,0.120000000000001,9.142048408628275,7.094273362245813,-9.402042513332479,20.00000000000135,160.00000000000014,139.9999999999988,2.047775046382462,18.544090921960752
019bd68f-518f-4a5b-a5c2-456d24ad3f82,12.094,False,11.07,12.0,11.3,1.0239999999999991,0.09399999999999942,0.7939999999999987,8.539333533463129,-4.186415715070318,-4.612009773854314,929.9999999999998,230.00000000000043,699.9999999999993,12.725749248533447,13.151343307317443
019c3e6f-80af-4272-9751-bc923c5aa9ee,6.56,True,6.4,6.4,6.56,0.15999999999999925,0.15999999999999925,0.0,-7.24426300968621,-7.24426300968621,-30.29273364511979,0.0,159.99999999999926,159.99999999999926,0.0,23.048470635433578
019c3fb7-7fa8-4a11-a82a-1feedb3ab031,7.72,False,7.4,7.4,7.7,0.3199999999999994,0.3199999999999994,0.019999999999999574,14.243348024442733,14.243348024442733,-15.788930606342209,0.0,299.99999999999983,299.99999999999983,0.0,30.032278630784944
019ca44b-e462-4aa2-a329-fa3c8c80754e,8.44,False,8.2,8.19,8.4,0.2400000000000002,0.25,0.03999999999999915,5.163932803625571,4.780665150477395,5.511276743893861,9.999999999999787,200.00000000000108,210.00000000000085,0.38326765314817646,0.3473439402682894
019cc7b0-499e-4d54-b041-ee82e7f88560,4.36,True,4.12,4.11,4.3,0.2400000000000002,0.25,0.0600000000000005,-8.05683075777653,-7.63811882973576,-21.07823470420593,9.999999999999787,179.99999999999972,189.9999999999995,0.4187119280407696,13.0214039464294
019cd695-2427-4edb-92f6-e2fab5a29682,7.72,True,7.66,7.66,7.7,0.05999999999999961,0.05999999999999961,0.019999999999999574,-11.490710533421973,-11.490710533421973,-19.357008398030548,0.0,40.000000000000036,40.000000000000036,0.0,7.866297864608574
019d040d-d820-45ad-ae44-5dbfb64b7f6f,2.8,True,2.53,2.54,2.8,0.27,0.2599999999999998,0.0,-2.6375460616363355,-3.063950580292544,-16.41632865345888,10.000000000000231,270.0,259.9999999999998,0.42640451865620843,13.778782591822544
019d14d0-e6c9-428e-93c1-d407a0244147,7.32,False,7.32,7.31,7.3,0.0,0.010000000000000675,0.020000000000000462,1.8927952705876387,3.319870363923105,4.2808490268838515,10.000000000000675,20.000000000000462,9.999999999999787,1.4270750933354661,2.3880537562962125
019d4ae7-f57d-4626-b622-3c984e6af0a0,9.28,True,8.83,8.87,9.0,0.4499999999999993,0.41000000000000014,0.27999999999999936,6.544486730683313,1.8786768416158808,-12.948473715407243,39.99999999999915,169.99999999999994,130.0000000000008,4.665809889067432,19.492960446090557
019d6223-dd03-40ec-9387-ce61e353353d,8.56,True,8.36,8.36,8.56,0.20000000000000107,0.20000000000000107,0.0,-9.697396566649802,-9.697396566649802,-23.36237765088154,0.0,200.00000000000108,200.00000000000108,0.0,13.664981084231739
019d7cf9-6537-4a9f-b1ab-2575e9ac573c,4.48,False,4.17,4.18,4.48,0.3100000000000005,0.3000000000000007,0.0,3.4725371090284134,2.24327178604045,-19.92877275207684,9.999999999999787,310.0000000000005,300.0000000000007,1.2292653229879633,23.40130986110525
019d89e3-7953-40eb-9f3d-bfc9603909c6,7.08,False,6.68,6.93,7.08,0.40000000000000036,0.15000000000000036,0.0,4.328415639051965,-1.209517348416672,-4.987151810785498,250.0,400.00000000000034,150.00000000000034,5.537932987468636,9.315567449837463
019de1f8-1570-44dd-8abf-a42d79af5b95,6.04,True,5.67,5.69,6.0,0.3700000000000001,0.34999999999999964,0.040000000000000036,8.846669133208007,6.959891603099941,-11.104496907549123,20.000000000000462,330.00000000000006,309.9999999999996,1.8867775301080654,19.95116604075713
019de711-d2bd-4541-804d-7d02d0fd47fd,6.64,True,6.37,6.38,6.5,0.2699999999999996,0.2599999999999998,0.13999999999999968,-9.69787732181537,-10.53793210322314,-12.59103309018152,9.999999999999787,129.9999999999999,120.00000000000011,0.840054781407769,2.8931557683661495
019e5cbe-d3a5-4370-ab67-e96a33d13367,8.36,True,8.01,8.05,8.3,0.34999999999999964,0.3099999999999987,0.05999999999999872,-3.9963096347602223,-2.6174136773266046,-21.1999266504562,40.000000000000924,290.0000000000009,250.0,1.3788959574336177,17.203617015695976
019eb958-6e4e-44fa-870e-8bd99131bcd1,2.24,False,2.01,1.98,2.2,0.23000000000000043,0.26000000000000023,0.040000000000000036,-1.3379247617638126,7.722078771041318,-28.50021329113503,29.999999999999805,190.0000000000004,220.0000000000002,9.06000353280513,27.162288529371217
019ec9bd-b891-4fcc-940f-c48b991070a6,8.08,True,8.02,8.04,8.08,0.0600000000000005,0.040000000000000924,0.0,5.060933499122413,4.2717293998705115,1.4605270723443902,19.999999999999574,60.0000000000005,40.000000000000924,0.7892040992519016,3.600406426778023
019ecd2f-ab16-4431-a4c5-21289e579e1a,4.0,True,4.0,3.98,4.0,0.0,0.020000000000000018,0.0,-12.996120908333944,-11.827640290168667,-12.996120908333944,20.000000000000018,0.0,20.000000000000018,1.1684806181652778,0.0
019ed04e-ca70-49d8-a4aa-5a70c1ba7745,5.8026875,True,5.58,5.57,5.7,0.22268750000000015,0.23268749999999994,0.10268750000000004,-1.9263330147442719,-1.456672465169443,-20.481672303650225,9.999999999999787,120.00000000000011,129.9999999999999,0.46966054957482894,18.55533928890595
019ef484-7312-4394-be9a-3106607e3e32,7.64,False,7.53,7.57,7.6,0.10999999999999943,0.0699999999999994,0.040000000000000036,13.44216176223531,12.861490332948414,11.830767936462145,40.000000000000036,69.9999999999994,29.99999999999936,0.5806714292868964,1.611393825773165
019ef5c1-e1c8-4ae6-bfbd-5025e4977416,6.68,True,6.67,6.38,6.68,0.009999999999999787,0.2999999999999998,0.0,-22.4069102192314,5.043700065457268,-24.047029503015352,290.00000000000006,9.999999999999787,299.99999999999983,27.45061028468867,1.640119283783953
019ef7ab-7382-43f2-a03c-f29546612aae,11.50775,False,10.6,10.61,10.7,0.9077500000000001,0.8977500000000003,0.8077500000000004,-8.029462556611202,-9.780226197017802,-18.81673311090219,9.999999999999787,99.99999999999964,89.99999999999986,1.7507636404065998,10.78727055429099
019f4013-9eeb-4bb8-8441-8d1b645bbed1,9.92,True,9.53,9.57,9.8,0.39000000000000057,0.34999999999999964,0.11999999999999922,-13.940141127980167,-14.859021596180927,-24.250258135254143,40.000000000000924,270.00000000000136,230.00000000000043,0.9188804682007596,10.310117007273975
019f7e30-3ddf-40e6-bfb7-13e53a9904e8,8.72,True,8.55,8.52,8.6,0.16999999999999993,0.20000000000000107,0.120000000000001,-4.011892822315969,4.409421053193832,-16.059979582638302,30.000000000001137,49.999999999998934,80.00000000000007,8.4213138755098,12.048086760322334
019fcc3f-e5f9-4671-97d6-ac2b3953770f,4.0,False,3.88,3.89,4.0,0.1200000000000001,0.10999999999999988,0.0,-1.7014032162825758,-1.846941792971881,-11.652588357186719,10.000000000000231,120.00000000000011,109.99999999999987,0.14553857668930514,9.951185140904144
01a0026e-0089-41be-94bc-6284ebbbd591,6.24,False,6.03,6.04,6.2,0.20999999999999996,0.20000000000000018,0.040000000000000036,-0.8263308325685902,-0.7972029040008324,-4.795575230220177,9.999999999999787,169.99999999999994,160.00000000000014,0.02912792856775781,3.9692443976515865
01a003fd-7bc7-4ab7-ba6c-bf97e14af9e7,7.84,False,7.64,7.61,7.8,0.20000000000000018,0.22999999999999954,0.040000000000000036,-4.480525403919792,-2.7900484914896397,-34.074912038457626,29.99999999999936,160.00000000000014,189.9999999999995,1.6904769124301522,29.594386634537834
01a00a14-be30-4b5a-91f0-709053090af5,4.3138125,True,2.73,4.07,4.3,1.5838125,0.24381249999999977,0.013812500000000227,-0.20006192473387246,-2.5345965871001215,0.050800161300604246,1340.0000000000002,1569.9999999999998,229.99999999999955,2.334534662366249,0.2508620860344767
01a04888-ed4a-4e99-9672-b1cae3733712,2.96,False,2.82,2.81,2.96,0.14000000000000012,0.1499999999999999,0.0,1.3196382272639278,2.059208543896335,-11.807966211193431,9.999999999999787,140.0000000000001,149.99999999999991,0.7395703166324072,13.12760443845736
01a056ab-60b8-4c07-ad71-99fb77e2f56a,6.4,True,5.9,5.92,6.0,0.5,0.4800000000000004,0.40000000000000036,0.6063992761912813,0.43023998236059,-8.633890910695728,19.999999999999574,99.99999999999964,80.00000000000007,0.1761592938306913,9.240290186887009
01a060ac-7d55-4cbf-bce2-2b8172b5665e,15.68,True,15.44,15.46,15.68,0.2400000000000002,0.21999999999999886,0.0,-0.943536923941187,-0.9918475231599732,-22.834943987980257,20.00000000000135,240.00000000000023,219.99999999999886,0.04831059921878611,21.89140706403907
01a06121-2cd7-420e-b229-063052620ab8,4.84,False,4.75,4.74,4.8,0.08999999999999986,0.09999999999999964,0.040000000000000036,-7.548906416273702,-6.801271598562637,-17.642833977434318,9.999999999999787,49.99999999999982,59.99999999999961,0.7476348177110657,10.093927561160616
01a0869a-4692-4dee-8378-5b5387f291f6,4.852,False,4.71,4.71,4.852,0.14200000000000035,0.14200000000000035,0.0,14.00728863009064,14.00728863009064,-13.433816224792656,0.0,142.00000000000034,142.00000000000034,0.0,27.441104854883296
01a10065-2056-46f6-8ac7-6d510940146e,7.88,False,7.86,7.86,7.88,0.019999999999999574,0.019999999999999574,0.0,-2.05180967527555,-2.05180967527555,-3.1199280300595715,0.0,19.999999999999574,19.999999999999574,0.0,1.0681183547840214
01a26940-5322-4900-aeda-bc945f95e56e,4.0,True,3.79,3.78,4.0,0.20999999999999996,0.2200000000000002,0.0,-1.6911543177947368,-0.7894682842558974,-24.14054711530153,10.000000000000231,209.99999999999997,220.0000000000002,0.9016860335388394,22.449392797506793
01a28fea-1ad6-4b50-be1d-8e7c4e8944c7,7.44,False,7.23,7.25,7.4,0.20999999999999996,0.1900000000000004,0.040000000000000036,17.017083859540886,14.820598832243173,-9.85877459175589,19.999999999999574,169.99999999999994,150.00000000000034,2.1964850272977134,26.87585845129678
01a2d3ce-b818-4b58-888e-0f398b58cfb2,7.5635625,True,6.59,6.58,6.8,0.9735624999999999,0.9835624999999997,0.7635624999999999,-9.376021994500228,-8.63872654936519,-21.348561506321328,9.999999999999787,209.99999999999997,219.99999999999974,0.7372954451350378,11.9725395118211
01a2f695-0fd3-47f9-a083-646329968a63,13.7299375,True,12.7,12.71,12.9,1.0299375000000008,1.0199374999999993,0.8299374999999998,4.09554534827687,3.182591962064496,-9.890584230284052,10.000000000001563,200.00000000000108,189.9999999999995,0.912953386212374,13.986129578560922
01a30812-028e-48ff-9cd1-4f5a659f792b,9.56,False,9.25,9.25,9.56,0.3100000000000005,0.3100000000000005,0.0,7.495802732144349,7.495802732144349,-1.028872152782804,0.0,310.0000000000005,310.0000000000005,0.0,8.524674884927153
01a37b5c-a53f-411b-b7f3-4407ef686283,3.762,True,3.68,3.7,3.762,0.08199999999999985,0.06199999999999983,0.0,-5.255023646368558,-5.746577904400745,-9.853223394925553,20.000000000000018,81.99999999999986,61.99999999999983,0.49155425803218655,4.598199748556995
01a3baea-25bb-4988-a1da-e9e07e35a7ba,5.88,True,5.49,5.51,5.8,0.3899999999999997,0.3700000000000001,0.08000000000000007,-4.787367770195576,-6.127469002263231,-23.49231126326492,19.999999999999574,309.9999999999996,290.00000000000006,1.3401012320676546,18.704943493069344
01a3bfa1-d3ff-4c67-9ed2-73f3a9de4eb1,5.88,False,5.62,5.85,5.88,0.2599999999999998,0.03000000000000025,0.0,6.908602084124862,9.181560155327526,9.347727722807837,229.99999999999955,259.9999999999998,30.00000000000025,2.2729580712026642,2.4391256386829756
01a44a93-0e1a-4edf-87f1-c6bb90f5fa03,3.56,False,3.41,3.4,3.56,0.1499999999999999,0.16000000000000014,0.0,14.612380536545366,14.997060381401115,12.600881795377726,10.000000000000231,149.99999999999991,160.00000000000014,0.38467984485574824,2.0114987411676406
01a4727f-cc0e-4bc3-9640-8ba5661bbf78,7.36,True,7.14,7.12,7.36,0.22000000000000064,0.2400000000000002,0.0,-23.57759158446058,-22.1538097690411,-45.33890635202149,19.999999999999574,220.00000000000063,240.00000000000023,1.4237818154194812,21.761314767560908
01a49e35-291d-4d34-9303-ecd47d02adfe,9.88,False,9.68,9.68,9.88,0.20000000000000107,0.20000000000000107,0.0,-10.856605222076643,-10.856605222076643,-20.39633248584104,0.0,200.00000000000108,200.00000000000108,0.0,9.539727263764396
01a4d572-247c-4cbc-9659-645e2e45eeee,12.3684375,True,11.17,12.04,11.8,1.1984375000000007,0.3284375000000015,0.5684374999999999,-9.124328688819812,-0.8284868519182657,-13.488476350547694,869.9999999999992,630.0000000000008,239.99999999999844,8.295841836901547,4.364147661727882
01a4e777-3605-4e85-8c51-f18f41a0acc2,9.24,False,9.15,9.18,9.2,0.08999999999999986,0.0600000000000005,0.040000000000000924,-0.24171741021253207,-0.8109864705373956,-0.2897091022950793,29.99999999999936,49.999999999998934,19.999999999999574,0.5692690603248636,0.04799169208254722
01a52a1b-c2a2-4ad7-bf1f-fb862a4b3db1,6.88,True,6.19,6.78,6.88,0.6899999999999995,0.09999999999999964,0.0,-0.13269082404321117,-5.212393651261317,-7.11878547268548,589.9999999999999,689.9999999999995,99.99999999999964,5.079702827218107,6.986094648642269
01a53edc-00c6-461e-8f55-756ba822e7e2,9.48,True,9.27,9.27,9.48,0.21000000000000085,0.21000000000000085,0.0,6.570629577547924,6.570629577547924,-19.79410893679647,0.0,210.00000000000085,210.00000000000085,0.0,26.364738514344396
01a68b32-ac43-45cf-a221-20539f85dc3e,11.6,True,11.57,11.57,11.6,0.02999999999999936,0.02999999999999936,0.0,6.042848599255607,6.042848599255607,-0.13085247433033037,0.0,29.99999999999936,29.99999999999936,0.0,6.173701073585938
01a6a56b-632c-4af8-a78a-103ecbbbb01a,4.0,False,3.88,3.85,4.0,0.1200000000000001,0.1499999999999999,0.0,54.03540510956322,48.703275819399636,43.87004627900969,29.999999999999805,120.00000000000011,149.99999999999991,5.332129290163586,10.16535883055353
01a6dc72-eade-4bf1-a8cc-3086c298daaf,5.12,False,4.87,4.91,5.1,0.25,0.20999999999999996,0.020000000000000462,-1.7037859312933878,-2.086080561145197,-7.840754000753181,40.000000000000036,229.99999999999955,189.9999999999995,0.38229462985180906,6.136968069459793
01a6dfcb-d39f-43c7-9345-3a9dcae3d928,19.68,True,19.4,19.4,19.68,0.28000000000000114,0.28000000000000114,0.0,-6.927556926036391,-6.927556926036391,-14.55198603226267,0.0,280.00000000000114,280.00000000000114,0.0,7.6244291062262795
01a723d7-ed1d-40aa-90a2-5c17ef9dd8a6,6.625,True,6.46,6.44,6.6,0.16500000000000004,0.1849999999999996,0.025000000000000355,5.557243834836022,6.5170266413036035,-26.371220835850696,19.999999999999574,139.9999999999997,159.99999999999926,0.9597828064675813,31.92846467068672
01a74d75-e769-471c-ab26-da64ea51ed67,2.6,False,2.4,2.32,2.5,0.20000000000000018,0.28000000000000025,0.10000000000000009,25.219976711773075,29.889917751350037,15.867687566376167,80.00000000000007,100.00000000000009,180.00000000000017,4.669941039576962,9.352289145396908
01a78678-6386-4244-a93b-0a984c901601,3.48,True,3.31,3.28,3.48,0.16999999999999993,0.20000000000000018,0.0,-1.8982281115559145,-0.9294029906799882,-22.7944252711781,30.00000000000025,169.99999999999994,200.00000000000017,0.9688251208759263,20.896197159622183
01a820ad-81ce-4fe7-a5a0-69c1df73aaaf,6.24,False,5.95,5.95,6.1,0.29000000000000004,0.29000000000000004,0.14000000000000057,5.359763613674733,5.359763613674733,3.1076530241035876,0.0,149.99999999999946,149.99999999999946,0.0,2.2521105895711457
01a8346a-ab71-4327-bddd-992d756f0b6c,12.106625,False,11.12,11.12,11.3,0.9866250000000001,0.9866250000000001,0.8066249999999986,-1.5778832721654925,-1.5778832721654925,-22.24007300019746,0.0,180.00000000000148,180.00000000000148,0.0,20.662189728031965
01a837a2-c3d2-4bc6-9416-7a599a25dc46,9.92,True,9.58,9.61,9.8,0.33999999999999986,0.3100000000000005,0.11999999999999922,7.7972803032529905,7.325706615236966,-8.272090986292994,29.99999999999936,220.00000000000063,190.00000000000128,0.47157368801602484,16.069371289545984
01a867ac-04d8-4f75-bf0f-d50b14c18f00,7.24,True,7.02,7.02,7.2,0.22000000000000064,0.22000000000000064,0.040000000000000036,7.720314769044984,7.720314769044984,-14.733530937688025,0.0,180.0000000000006,180.0000000000006,0.0,22.45384570673301
01a8d8b8-3256-4097-bb83-74e75433b86d,15.44,False,15.2,15.2,15.4,0.2400000000000002,0.2400000000000002,0.03999999999999915,-5.03359738740381,-5.03359738740381,-1.8758886600554454,0.0,200.00000000000108,200.00000000000108,0.0,3.157708727348364
01a903a7-34c9-4e5d-8527-160a9c5fbcba,3.43025,True,2.77,2.81,3.1,0.66025,0.62025,0.33024999999999993,3.4918703269180895,1.5701464684674578,-7.495701909273539,40.000000000000036,330.00000000000006,290.00000000000006,1.9217238584506318,10.987572236191628
01a90ae2-83c2-40ac-ae9c-881bd828061c,9.56,False,9.32,9.33,9.56,0.2400000000000002,0.23000000000000043,0.0,-6.6632037354404385,-6.661601282651844,-10.906490452565935,9.999999999999787,240.00000000000023,230.00000000000043,0.0016024527885942774,4.243286717125496
01a94dc5-0a8e-4b60-931a-161ca6094d2e,5.52,True,5.23,5.2,5.3,0.28999999999999915,0.3199999999999994,0.21999999999999975,-7.430869861751646,-5.600771771243799,-13.509340617291508,30.00000000000025,69.9999999999994,99.99999999999964,1.830098090507847,6.078470755539862
01a99952-43fb-4311-8fad-df430c4b87df,7.24,False,7.13,7.12,7.2,0.11000000000000032,0.1200000000000001,0.040000000000000036,-17.304273478708467,-16.761866232372657,-24.655821073173307,9.999999999999787,70.00000000000028,80.00000000000007,0.5424072463358094,7.35154759446484
01a9b714-ff70-45c4-9563-f572db96f454,8.56,False,8.37,8.38,8.56,0.19000000000000128,0.17999999999999972,0.0,24.766965829430454,26.003698730697675,4.5228724910302365,10.000000000001563,190.00000000000128,179.99999999999972,1.2367329012672208,20.24409333840022
01a9bf38-6600-4bdb-9148-b8c6277fcbc5,3.3135,True,2.93,2.92,3.2,0.38349999999999973,0.39349999999999996,0.11349999999999971,-13.08870788468923,-12.44533565923372,-28.778360327941158,10.000000000000231,270.0,280.0000000000002,0.6433722254555096,15.689652443251928
01a9c291-a94e-48ba-8324-c87c03785ec6,12.92,False,12.7,12.71,12.9,0.22000000000000064,0.20999999999999908,0.019999999999999574,-2.499878414022979,-2.817552392123125,-20.579454270919864,10.000000000001563,200.00000000000108,189.9999999999995,0.3176739781001463,18.079575856896884
01a9d3ff-1878-4954-b168-adcc2f7413a8,6.84,True,6.61,6.62,6.8,0.22999999999999954,0.21999999999999975,0.040000000000000036,-4.560794644808462,-5.298657418963647,-23.322569333333618,9.999999999999787,189.9999999999995,179.99999999999972,0.7378627741551851,18.761774688525158
01a9d9d2-5f1c-4565-acdb-02fe65c25ce4,5.68,True,5.52,5.52,5.68,0.16000000000000014,0.16000000000000014,0.0,-1.5169049464621192,-1.5169049464621192,-23.40655518133555,0.0,160.00000000000014,160.00000000000014,0.0,21.88965023487343
01aa67c0-5c6b-4b31-a946-7bf19cce7711,11.12,True,10.9,10.78,11.0,0.21999999999999886,0.33999999999999986,0.11999999999999922,-3.2122581228656824,-3.612793790787286,-13.786284486151736,120.000000000001,99.99999999999964,220.00000000000063,0.40053566792160344,10.574026363286054
01aa6bca-4f6e-40ce-8005-a52e0b42874b,5.68,True,5.4,5.38,5.5,0.27999999999999936,0.2999999999999998,0.17999999999999972,19.16548530209807,22.704912326748314,3.1435849940145113,20.000000000000462,99.99999999999964,120.00000000000011,3.5394270246502444,16.02190030808356
01aa72fb-6212-494c-bea7-ee9f4e66e0fc,5.64,True,5.17,5.16,5.4,0.46999999999999975,0.47999999999999954,0.23999999999999932,-11.790213706539197,-11.418516420109999,-25.979540156707156,9.999999999999787,230.00000000000043,240.00000000000023,0.37169728642919786,14.18932645016796
01aaf979-420b-43da-963c-5c96e90aee79,4.36,True,4.13,4.14,4.36,0.23000000000000043,0.22000000000000064,0.0,-5.33584385773576,-5.478091134952816,-18.775463827014715,9.999999999999787,230.00000000000043,220.00000000000063,0.14224727721705577,13.439619969278954
01ab1ed9-0d18-42dd-bf64-7a14909dab18,16.0,True,12.42,12.56,12.9,3.58,3.4399999999999995,3.0999999999999996,-4.985536571984823,1.2507576561973934,-7.827400558551593,140.00000000000057,480.00000000000045,339.9999999999999,6.236294228182216,2.8418639865667705
01ab216d-6866-4775-a05b-99a5e302b801,5.28,True,5.11,5.06,5.28,0.16999999999999993,0.22000000000000064,0.0,-21.166074390666882,-20.103335073401112,-22.1651883122528,50.00000000000071,169.99999999999994,220.00000000000063,1.0627393172657698,0.9991139215859164
01ab368e-d338-4ec3-bd87-0e89661a5e4e,5.92,False,5.77,5.76,5.9,0.15000000000000036,0.16000000000000014,0.019999999999999574,-2.9720337678334734,-1.946417563587827,-19.7399181739216,9.999999999999787,130.0000000000008,140.00000000000057,1.0256162042456465,16.767884406088125
01abaf07-753c-40e3-bffb-1d56a7e464b4,6.96,True,6.76,6.75,6.96,0.20000000000000018,0.20999999999999996,0.0,2.873776641916786,3.568537431604701,-14.472660765650701,9.999999999999787,200.00000000000017,209.99999999999997,0.6947607896879151,17.346437407567485
01abd212-2ee8-4f45-b80f-55dff15ba99d,6.08,True,5.88,5.88,6.08,0.20000000000000018,0.20000000000000018,0.0,6.591217534237992,6.591217534237992,-16.799455281670326,0.0,200.00000000000017,200.00000000000017,0.0,23.390672815908317
01ac0759-7d98-46e0-b946-ebcaf23c0e91,5.68,False,5.57,5.57,5.68,0.10999999999999943,0.10999999999999943,0.0,32.829646580984345,32.829646580984345,17.794784660317124,0.0,109.99999999999943,109.99999999999943,0.0,15.034861920667222
01ac0fdb-92bf-4e1d-8ccf-f715aa6b9d9b,6.08,True,5.74,5.73,5.9,0.33999999999999986,0.34999999999999964,0.17999999999999972,-7.738477696911426,-7.579307343977853,-16.475580748667447,9.999999999999787,160.00000000000014,169.99999999999994,0.15917035293357262,8.737103051756021
01ac90bc-fdcd-4ec3-99b2-bc287ab50b7e,3.8,False,3.57,3.58,3.8,0.22999999999999998,0.21999999999999975,0.0,-1.5156757408057666,-1.7310830484522528,-13.566246755885464,10.000000000000231,229.99999999999997,219.99999999999974,0.2154073076464862,12.050571015079697
01aca1ac-db2d-44f9-8e7a-d0ec0915e8c0,8.52,True,8.38,8.37,8.5,0.1399999999999988,0.15000000000000036,0.019999999999999574,-5.954046826801811,-6.213601071819296,-19.979369297371967,10.000000000001563,119.99999999999922,130.0000000000008,0.25955424501748503,14.025322470570156
01ad3e24-9d5f-40fc-b2d1-9af5388158e6,4.52,False,4.35,4.35,4.5,0.16999999999999993,0.16999999999999993,0.019999999999999574,4.297440052865605,4.297440052865605,-9.56478505031828,0.0,150.00000000000034,150.00000000000034,0.0,13.862225103183885
01add76e-1b89-4de5-be2c-05be0a30aacf,3.7544375,True,3.57,3.22,3.1,0.18443750000000003,0.5344374999999997,0.6544374999999998,-22.597897351308834,-18.93109293711623,-14.608324754078435,349.99999999999966,469.9999999999998,120.00000000000011,3.6668044141926046,7.989572597230399
01aed32e-95fd-4d49-b533-aadefd59da83,4.44,True,4.01,3.78,4.1,0.4300000000000006,0.6600000000000006,0.34000000000000075,-14.935218324477972,-6.224434201080022,-21.635679066146448,229.99999999999997,89.99999999999986,319.99999999999983,8.71078412339795,6.700460741668476
01af7842-f46b-4196-aaab-3e20e475bc12,10.0,False,9.8,9.81,10.0,0.1999999999999993,0.1899999999999995,0.0,-0.060915756447768574,-0.6725967742706823,-9.925981699344236,9.999999999999787,199.9999999999993,189.9999999999995,0.6116810178229137,9.865065942896468
01afbb36-799a-4402-95ef-775b01e815c8,3.86,False,3.84,3.85,3.86,0.020000000000000018,0.009999999999999787,0.0,0.09257503991634411,0.08201157887035845,-0.27226581473508765,10.000000000000231,20.000000000000018,9.999999999999787,0.010563461045985656,0.3648408546514318
01afe84b-f61b-41a8-a2de-db03ed7d9dfc,10.7499375,True,9.76,9.77,9.9,0.9899374999999999,0.9799375000000001,0.8499374999999993,-6.875931378221812,-7.293669923350225,-16.26193312621075,9.999999999999787,140.00000000000057,130.0000000000008,0.41773854512841346,9.386001747988939
01b02709-5e5a-429d-9907-ae39b5b8080d,7.3386875,True,7.04,6.96,7.2,0.2986874999999998,0.37868749999999984,0.13868749999999963,-6.696767170483381,-1.6714202867528913,-24.007840731425834,80.00000000000007,160.00000000000014,240.00000000000023,5.0253468837304895,17.311073560942454
01b0a6c6-899b-4630-ac4e-6cc9dce9c038,6.88,False,6.79,6.8,6.88,0.08999999999999986,0.08000000000000007,0.0,14.296676852360099,13.438504998324278,6.294445415534595,9.999999999999787,89.99999999999986,80.00000000000007,0.8581718540358203,8.002231436825504
01b0a8ab-1860-4b7b-a664-ec07131458ee,8.24,False,8.09,8.1,8.2,0.15000000000000036,0.14000000000000057,0.040000000000000924,1.2195195735160544,1.3010916379418616,0.4787667929327846,9.999999999999787,109.99999999999943,99.99999999999964,0.08157206442580711,0.7407527805832699
01b0bd1a-ffcd-49b6-9acb-4eee2273f1fc,9.76,False,9.52,9.52,9.76,0.2400000000000002,0.2400000000000002,0.0,-5.650160994443627,-5.650160994443627,-29.614995579838922,0.0,240.00000000000023,240.00000000000023,0.0,23.964834585395295
01b0e399-daf8-4675-baa2-42b46372a89e,4.56,False,4.26,4.27,4.56,0.2999999999999998,0.29000000000000004,0.0,28.021734579816123,27.614824459451395,0.9333074444174863,9.999999999999787,299.99999999999983,290.00000000000006,0.40691012036472785,27.088427135398636
01b0f7b8-9bd0-4628-aa9f-df4c2609f818,5.32,False,5.12,5.14,5.3,0.20000000000000018,0.1800000000000006,0.020000000000000462,3.0704740303230467,2.5015596557510746,-8.965298712079951,19.999999999999574,179.99999999999972,160.00000000000014,0.568914374571972,12.035772742402997
01b12b79-2540-4440-aacc-b65d2b92763e,7.48,False,7.48,7.48,7.48,0.0,0.0,0.0,5.382635749768001,5.382635749768001,5.382635749768001,0.0,0.0,0.0,0.0,0.0
01b1527e-26e8-406d-8f22-b76e4a8b59c8,5.04,True,4.96,5.02,5.0,0.08000000000000007,0.020000000000000462,0.040000000000000036,15.001909672554389,8.89352188154786,10.958517124573715,59.99999999999961,40.000000000000036,19.999999999999574,6.108387791006528,4.043392547980673
01b185ab-14e7-4cb9-83bd-0d727f305756,3.614,False,3.58,3.58,3.6,0.03399999999999981,0.03399999999999981,0.01399999999999979,-3.273087083286647,-3.273087083286647,-4.163381835368739,0.0,20.000000000000018,20.000000000000018,0.0,0.8902947520820916
01b18958-ff79-4aa4-89d8-ac76e41456d1,4.72,True,4.53,4.53,4.7,0.1899999999999995,0.1899999999999995,0.019999999999999574,-16.876779912793552,-16.876779912793552,-33.03616151715271,0.0,169.99999999999994,169.99999999999994,0.0,16.15938160435916
01b1d7e8-5a28-4667-aba5-089bcf278737,10.04,True,9.82,9.81,10.0,0.21999999999999886,0.22999999999999865,0.03999999999999915,-3.0771905391384906,-1.1444537185554366,-35.155785904419446,9.999999999999787,179.99999999999972,189.9999999999995,1.932736820583054,32.078595365280954
01b1ee5f-6e24-42dd-b4ad-d059cca6ab85,7.84,True,7.74,7.75,7.8,0.09999999999999964,0.08999999999999986,0.040000000000000036,-12.50412781459339,-12.832627137039168,-18.457053025100702,9.999999999999787,59.99999999999961,49.99999999999982,0.3284993224457775,5.952925210507312
01b20926-ba48-4383-bcd3-b4276b0d8c62,11.08,False,11.02,11.03,11.08,0.0600000000000005,0.05000000000000071,0.0,1.3535276223006523,1.0039314232250338,-6.719465770066034,9.999999999999787,60.0000000000005,50.00000000000071,0.34959619907561845,8.072993392366685
01b281a6-0036-4304-b6ae-81c4d1b1f24b,7.56,True,7.12,7.26,7.56,0.4399999999999995,0.2999999999999998,0.0,1.4038277572160824,-1.0967042897423813,-17.336212816943785,139.9999999999997,439.9999999999995,299.99999999999983,2.5005320469584635,18.740040574159867
01b29293-a02c-4af3-8fad-91d0af70c946,3.2,True,2.93,2.96,3.2,0.27,0.2400000000000002,0.0,-8.074951658297547,-8.942978905048475,-13.66202426081698,29.999999999999805,270.0,240.00000000000023,0.8680272467509287,5.587072602519433
01b297ee-e4a5-4f46-9dc2-40d3de21654c,5.36,False,5.32,5.33,5.36,0.040000000000000036,0.03000000000000025,0.0,0.1280132997986986,0.04868255219768088,-2.377688631736467,9.999999999999787,40.000000000000036,30.00000000000025,0.07933074760101771,2.5057019315351656
01b2b529-8f02-49ae-b5b9-787c153822b4,4.48,False,4.17,4.17,4.48,0.3100000000000005,0.3100000000000005,0.0,-9.101690921105824,-9.101690921105824,-26.231348824007444,0.0,310.0000000000005,310.0000000000005,0.0,17.12965790290162
01b3abb6-ac7c-4f25-8af7-268b0970967a,3.88,False,3.73,3.75,3.88,0.1499999999999999,0.1299999999999999,0.0,12.792398967087513,11.874071839943012,2.235124846843361,20.000000000000018,149.99999999999991,129.9999999999999,0.9183271271445008,10.557274120244152
01b3c72f-f0bb-4ba6-b724-53de88d7fee1,5.0,False,4.57,4.58,4.7,0.4299999999999997,0.41999999999999993,0.2999999999999998,30.714415045783106,29.591917263468712,18.291587016439475,9.999999999999787,129.9999999999999,120.00000000000011,1.1224977823143938,12.42282802934363
01b3e2e7-a53f-4c65-9227-883f2812741f,5.6,True,5.31,5.54,5.6,0.29000000000000004,0.05999999999999961,0.0,0.8627480166418161,-5.754841410704099,-7.0073763625734,230.00000000000043,290.00000000000006,59.99999999999961,6.617589427345915,7.870124379215215
01b3ed0f-d1eb-4cfc-a4d8-741d6e17fe99,4.0,True,3.66,3.62,3.8,0.33999999999999986,0.3799999999999999,0.20000000000000018,31.07144098387398,41.77715844502614,-26.940088966382955,40.000000000000036,139.9999999999997,179.99999999999972,10.705717461152158,58.011529950256936
01b3f5ac-76e3-4ba6-8783-468504681218,5.08,False,4.84,4.84,5.08,0.2400000000000002,0.2400000000000002,0.0,19.280245194965506,19.280245194965506,5.5744445192029275,0.0,240.00000000000023,240.00000000000023,0.0,13.705800675762578
01b3ff09-3a70-44c7-8607-c9903a477f47,12.935125,False,12.93,12.92,12.1,0.005124999999999602,0.015124999999999389,0.8351249999999997,7.085236235559317,5.475630978477048,-27.26702861974742,9.999999999999787,830.0000000000001,820.0000000000002,1.6096052570822694,34.352264855306736
01b442be-630d-44f4-ab9c-657f64f7f2dc,13.08,True,12.89,12.81,13.08,0.1899999999999995,0.2699999999999996,0.0,-13.777206768597988,-2.4937895784283697,-36.77584600476382,80.00000000000007,189.9999999999995,269.99999999999955,11.283417190169619,22.998639236165833
01b4bd4d-95a0-4664-9d74-f93f7af30870,7.16,True,7.05,7.06,7.16,0.11000000000000032,0.10000000000000053,0.0,0.054205908355968974,-1.438822344700552,-19.767556045523346,9.999999999999787,110.00000000000031,100.00000000000054,1.4930282530565209,19.821761953879314
01b4d1ea-d58d-4ad3-8e51-7e90c672537a,5.68,False,5.59,5.65,5.68,0.08999999999999986,0.02999999999999936,0.0,16.042938129111793,13.682623129496323,14.897295849088604,60.0000000000005,89.99999999999986,29.99999999999936,2.36031499961547,1.1456422800231891
01b4f06f-8582-486e-8549-c99372c34828,3.88,False,3.76,3.76,3.88,0.1200000000000001,0.1200000000000001,0.0,5.508554202009243,5.508554202009243,-13.710368097002027,0.0,120.00000000000011,120.00000000000011,0.0,19.21892229901127
01b51d28-6d2e-458e-a0a4-5a8effee1e7a,5.04,True,4.74,4.74,4.9,0.2999999999999998,0.2999999999999998,0.13999999999999968,-24.44504687976336,-24.44504687976336,-35.465145128824105,0.0,160.00000000000014,160.00000000000014,0.0,11.020098249060744
01b54bed-c95f-4679-923f-03d564534aca,5.48,True,5.3,5.29,5.48,0.1800000000000006,0.1900000000000004,0.0,-7.255882806394706,-6.709387239912729,-17.602169667834392,9.999999999999787,180.0000000000006,190.0000000000004,0.5464955664819771,10.346286861439687
01b5bb3a-5c31-4551-ab87-950e6742e5f1,5.28,False,5.05,5.06,5.28,0.23000000000000043,0.22000000000000064,0.0,2.011147637386696,1.5867459114443732,-21.044452431733745,9.999999999999787,230.00000000000043,220.00000000000063,0.42440172594232295,23.05560006912044
01b6069e-701c-4203-8e13-d6071809ffda,5.24,True,4.96,4.97,5.2,0.28000000000000025,0.27000000000000046,0.040000000000000036,-1.8083023488972823,-2.110425850230036,-22.343585912474538,9.999999999999787,240.00000000000023,230.00000000000043,0.3021235013327537,20.535283563577256
01b6c424-3252-4d33-9564-6f64625968c4,16.0,True,13.88,14.06,14.2,2.119999999999999,1.9399999999999995,1.8000000000000007,-0.599462660232506,-12.315689896731854,-18.50569998752799,179.99999999999972,319.9999999999985,139.9999999999988,11.716227236499348,17.906237327295482
01b710bd-35f2-435b-86ae-60c1a044932a,9.8,False,9.59,9.76,9.8,0.21000000000000085,0.040000000000000924,0.0,19.64108658281256,5.197238017878168,0.8920169179357232,169.99999999999994,210.00000000000085,40.000000000000924,14.443848564934392,18.749069664876835
01b76c3c-dd16-4597-a7f3-5ee6190f2136,9.88,True,9.63,9.46,9.88,0.25,0.41999999999999993,0.0,-3.11955438079565,7.497662765867286,-28.36997692572499,169.99999999999994,250.0,419.99999999999994,10.617217146662936,25.250422544929343
01b7848a-f0bb-4095-8cfe-6c3bb8fa5550,13.841,False,13.56,12.75,12.8,0.2809999999999988,1.0909999999999993,1.0409999999999986,-50.03921187639097,9.854402693191382,1.5555394138787455,810.0000000000005,759.9999999999998,50.00000000000071,59.893614569582354,51.59475129026972
01b7af2d-9242-41f4-a1ba-a4247694e51e,10.76,True,10.48,10.45,10.6,0.27999999999999936,0.3100000000000005,0.16000000000000014,-1.5469542488360328,-0.4434697690507171,-19.1248360502213,30.000000000001137,119.99999999999922,150.00000000000034,1.1034844797853158,17.577881801385267
01b7d795-2a55-4964-8d74-0569a6722564,14.075625,True,14.01,13.1,13.5,0.06562500000000071,0.9756250000000009,0.5756250000000005,-6.223501773094424,-16.470145995907135,-21.95269436022536,910.0000000000001,509.9999999999998,400.00000000000034,10.246644222812712,15.729192587130939
01b7de18-d5e5-42ce-989a-cf22d986c803,8.021375,True,7.42,7.4,7.6,0.6013750000000009,0.6213750000000005,0.42137500000000117,-10.465848747213428,-9.085397811427537,-31.37396627702749,19.999999999999574,179.99999999999972,199.9999999999993,1.3804509357858912,20.90811752981406
01b810ea-a512-4ff4-9d63-4988a6e0c9d3,12.5495,False,11.48,11.49,11.7,1.0694999999999997,1.0594999999999999,0.8495000000000008,1.447364910438977,1.5559402125896677,0.4361555480512446,9.999999999999787,219.99999999999886,209.9999999999991,0.10857530215069078,1.0112093623877323
01b81869-1506-4986-99f2-ddb41f0cda0d,5.84,False,5.58,5.59,5.8,0.2599999999999998,0.25,0.040000000000000036,-3.7376005598189286,-4.098403273034247,-24.91372302638004,9.999999999999787,219.99999999999974,209.99999999999997,0.3608027132153184,21.17612246656111
01b82509-96fe-4573-a9ad-2f9aa9433346,3.637,False,3.63,3.63,3.6,0.007000000000000117,0.007000000000000117,0.03699999999999992,7.832668359986422,7.832668359986422,5.3290049953382885,0.0,29.999999999999805,29.999999999999805,0.0,2.5036633646481334
01b82932-6691-4eb4-ac2c-fc614c9b7a39,4.04,False,3.84,3.86,4.0,0.20000000000000018,0.18000000000000016,0.040000000000000036,-1.643150701728338,-1.760257017772141,-8.092449651461548,20.000000000000018,160.00000000000014,140.0000000000001,0.11710631604380306,6.44929894973321
01b838c0-edcb-4558-8bff-115ea5c64414,4.92,True,4.63,4.65,4.9,0.29000000000000004,0.2699999999999996,0.019999999999999574,-12.494178494257353,-13.394119337089341,-30.88084999276753,20.000000000000462,270.00000000000045,250.0,0.8999408428319882,18.386671498510175
01b8430b-cab7-46bc-a947-b2c79d4c0a76,8.52,False,8.29,8.3,8.4,0.23000000000000043,0.21999999999999886,0.11999999999999922,20.84839442502505,20.678139073978205,12.168535803526591,10.000000000001563,110.00000000000121,99.99999999999964,0.17025535104684408,8.679858621498457
01b8543f-8607-4464-a7b7-44505ac4e9cb,9.72,True,9.31,9.44,9.6,0.41000000000000014,0.28000000000000114,0.120000000000001,-23.51543817314635,-26.951840901138812,-26.054412598518287,129.999999999999,289.99999999999915,160.00000000000014,3.436402727992462,2.5389744253719364
01b8790e-0ac3-4537-a43f-e2fbd6ba5186,5.76,False,5.71,5.7,5.76,0.04999999999999982,0.05999999999999961,0.0,-2.829248410570952,-2.1706148246449724,-10.131075032033689,9.999999999999787,49.99999999999982,59.99999999999961,0.6586335859259798,7.3018266214627365
01b8a5f6-339c-4cdf-8d2f-2cbc3d061a96,4.96,True,4.64,4.65,4.8,0.3200000000000003,0.3099999999999996,0.16000000000000014,10.852379151812533,9.527001586648538,-14.399855717574017,10.000000000000675,160.00000000000014,149.99999999999946,1.3253775651639952,25.252234869386548
01b8f025-561b-45a5-b93d-41d10c9ecd44,5.8,True,5.51,5.55,5.8,0.29000000000000004,0.25,0.0,-8.827025143018485,-8.346856321091558,-11.546540378621655,40.000000000000036,290.00000000000006,250.0,0.48016882192692734,2.71951523560317
01b91d12-32c7-4916-a703-d3e8707d8d72,11.7611875,True,10.77,10.77,11.0,0.9911875000000006,0.9911875000000006,0.7611875000000001,-4.8917092927056265,-4.8917092927056265,-10.823997458678388,0.0,230.00000000000043,230.00000000000043,0.0,5.9322881659727615
01b94d80-53ad-44b8-a003-a7480edb8aa4,9.68,True,9.36,9.38,9.68,0.3200000000000003,0.29999999999999893,0.0,-0.025035722629226393,-0.21278902785890685,-5.137328266194895,20.00000000000135,320.0000000000003,299.9999999999989,0.18775330522968045,5.112292543565668
01b96685-05c5-4531-afb6-eeeb871ff251,11.56,False,11.38,11.37,11.56,0.17999999999999972,0.19000000000000128,0.0,-2.5411027354005418,-1.43999530523408,-33.16858442814177,10.000000000001563,179.99999999999972,190.00000000000128,1.1011074301664618,30.627481692741227
01b99ea7-9261-465f-a26d-715f1d4f9940,6.72,False,6.5,6.5,6.7,0.21999999999999975,0.21999999999999975,0.019999999999999574,-4.314384512659696,-4.314384512659696,-16.531300835228972,0.0,200.00000000000017,200.00000000000017,0.0,12.216916322569276
01b9c5c7-b6e0-4cc3-b9f1-0e495a9380fd,5.12,False,4.95,4.93,5.1,0.16999999999999993,0.1900000000000004,0.020000000000000462,10.110842627568061,8.223494268116319,10.048211770343721,20.000000000000462,149.99999999999946,169.99999999999994,1.8873483594517424,0.06263085722433992
01ba8a98-f3a2-4490-82f7-48d601fee0b8,14.44,False,14.27,14.26,14.4,0.16999999999999993,0.17999999999999972,0.03999999999999915,-3.0724315254509227,-3.035475707012491,-12.99435575881809,9.999999999999787,130.0000000000008,140.00000000000057,0.03695581843843154,9.921924233367168
01ba8d54-b6c7-4b02-8c87-fe387447d51c,6.96,False,6.87,6.86,6.96,0.08999999999999986,0.09999999999999964,0.0,10.666306843921449,11.42319532515492,-13.478797910375976,9.999999999999787,89.99999999999986,99.99999999999964,0.7568884812334709,24.145104754297424
01baaa45-5cd7-4456-b1c5-7d4291c7feec,11.910875,False,10.97,10.91,11.1,0.9408750000000001,1.0008750000000006,0.8108750000000011,-9.172784633114391,-4.036008693759493,-21.89202177906427,60.0000000000005,129.999999999999,189.9999999999995,5.136775939354898,12.719237145949878
01bb137d-2e06-405c-ad48-18e9b1edc202,5.48,True,5.16,5.17,5.48,0.3200000000000003,0.3100000000000005,0.0,-2.5267337939040706,-2.751823424182111,-24.86227573068183,9.999999999999787,320.0000000000003,310.0000000000005,0.22508963027804052,22.33554193677776
01bb274c-506e-4938-acf2-44aa5fb29be2,6.6,True,6.34,6.33,6.5,0.2599999999999998,0.2699999999999996,0.09999999999999964,-3.694124116269945,-3.208422481423554,-23.104359741744215,9.999999999999787,160.00000000000014,169.99999999999994,0.4857016348463912,19.41023562547427
01bb9fbc-a947-4d9d-a5ef-5d97dbb0ae09,8.48,True,8.27,8.21,8.48,0.21000000000000085,0.2699999999999996,0.0,-12.825249232590437,-10.338293616348933,-44.58126848939548,59.99999999999872,210.00000000000085,269.99999999999955,2.486955616241504,31.75601925680504
01bbaa04-e00d-4fa0-943f-1c6c7fa19621,7.56,True,7.36,7.33,7.56,0.1999999999999993,0.22999999999999954,0.0,-12.9264477167146,-8.360435850202272,-30.414452125669264,30.00000000000025,199.9999999999993,229.99999999999955,4.566011866512328,17.488004408954666
01bbcfe3-a218-4003-b30f-274dbeb6aa18,7.36,False,7.31,7.32,7.36,0.05000000000000071,0.040000000000000036,0.0,-5.375977755564898,-5.51414618717076,-8.090706676956378,10.000000000000675,50.00000000000071,40.000000000000036,0.13816843160586156,2.7147289213914796
01bc2dae-3786-4fd0-a84d-3d7953b6c6bf,6.76,True,6.4,6.43,6.76,0.35999999999999943,0.33000000000000007,0.0,2.4840877246356836,0.9783843356506214,-15.79821136599026,29.99999999999936,359.99999999999943,330.00000000000006,1.5057033889850622,18.282299090625944
01bc62c1-43f9-494d-aded-21b7042e4c9f,8.64,True,8.42,8.4,8.6,0.22000000000000064,0.2400000000000002,0.040000000000000924,-3.7721617259323854,-2.7259030694800486,-24.098185574237785,19.999999999999574,179.99999999999972,199.9999999999993,1.0462586564523368,20.3260238483054
01bc6691-b247-4f30-b3ea-bf98ae37e77d,6.44,True,6.35,6.36,6.3,0.09000000000000075,0.08000000000000007,0.14000000000000057,-19.358793390859468,-19.295244650154785,-20.426890757032503,10.000000000000675,49.99999999999982,60.0000000000005,0.06354874070468242,1.0680973661730349
01bc8093-e78e-4306-a598-c65942b7b135,4.96,False,4.73,4.6,4.8,0.22999999999999954,0.3600000000000003,0.16000000000000014,-9.951668959925788,-8.476058040167887,-14.939246270430248,130.0000000000008,69.9999999999994,200.00000000000017,1.4756109197579015,4.987577310504459
01bc9b2d-d393-4c50-b44c-3e25ce2d7885,11.12,True,10.67,10.72,11.1,0.4499999999999993,0.3999999999999986,0.019999999999999574,22.732572977669214,24.038330273636625,-21.966415480812003,50.00000000000071,429.9999999999997,379.999999999999,1.3057572959674104,44.69898845848122
01bca2f7-44c8-40d9-8ba6-244ef508ea1c,7.64,False,7.39,7.39,7.6,0.25,0.25,0.040000000000000036,9.471525564399228,9.471525564399228,6.349003946774205,0.0,209.99999999999997,209.99999999999997,0.0,3.122521617625022
01bcdfc3-7254-4f04-b5af-e07c5d583804,7.08,False,6.71,6.92,7.08,0.3700000000000001,0.16000000000000014,0.0,-2.5687492572782187,-8.097447034850253,-9.549863466497195,209.99999999999997,370.0000000000001,160.00000000000014,5.5286977775720345,6.981114209218976
01bdb226-ba27-456e-89ae-aad31041467d,4.68,False,4.41,4.42,4.5,0.2699999999999996,0.2599999999999998,0.17999999999999972,3.9559608430590254,2.999414082939844,-8.450715746515783,9.999999999999787,89.99999999999986,80.00000000000007,0.9565467601191813,12.406676589574808
01bde487-0a60-4a19-9400-6f215605dedf,7.8,False,7.7,7.69,7.8,0.09999999999999964,0.10999999999999943,0.0,14.790824561321875,13.887001293095597,17.37451705977053,9.999999999999787,99.99999999999964,109.99999999999943,0.9038232682262777,2.583692498448654
01bdf4a4-9775-4fc4-9cd5-5470586427c3,14.32,True,14.32,14.31,14.3,0.0,0.009999999999999787,0.019999999999999574,-0.9567086803545337,-0.5678477645545084,-0.20036381458777788,9.999999999999787,19.999999999999574,9.999999999999787,0.38886091580002535,0.7563448657667559
01bea838-8e9f-4011-9506-290546aaffa6,12.52,False,12.32,12.32,12.5,0.1999999999999993,0.1999999999999993,0.019999999999999574,-8.297487814341721,-8.297487814341721,-24.231363549785144,0.0,179.99999999999972,179.99999999999972,0.0,15.933875735443422
01bec651-9ddd-41b1-b875-6092e3c22c0e,9.96,False,9.74,9.73,9.96,0.22000000000000064,0.23000000000000043,0.0,18.559139524980825,20.993262984687362,-33.45043096836734,9.999999999999787,220.00000000000063,230.00000000000043,2.4341234597065373,52.009570493348164
01becb2d-3967-4a35-b226-bf22b4a58235,7.04,False,6.79,6.8,7.0,0.25,0.2400000000000002,0.040000000000000036,3.7092332745542436,3.969485972187294,-6.84958821975983,9.999999999999787,209.99999999999997,200.00000000000017,0.26025269763305037,10.558821494314074
01bef022-774c-4abe-a641-365ca953356f,7.3240625,True,6.62,7.28,6.6,0.7040625,0.04406249999999989,0.7240625000000005,-2.477547235105643,-8.252556141546187,-2.174700614249352,660.0000000000001,20.000000000000462,680.0000000000006,5.775008906440544,0.302846620856291
01bf017a-d57f-456d-8332-349b735dac28,5.32,False,5.28,5.31,5.2,0.040000000000000036,0.010000000000000675,0.1200000000000001,-10.76840915024523,-11.716051349406628,-8.814301313601336,29.99999999999936,80.00000000000007,109.99999999999943,0.9476421991613986,1.9541078366438942
01bf12b2-6609-4482-becd-002b69aea5b3,4.36,True,4.05,4.04,4.2,0.3100000000000005,0.3200000000000003,0.16000000000000014,5.159368245075384,5.294026074328941,-9.57123410597609,9.999999999999787,150.00000000000034,160.00000000000014,0.13465782925355718,14.730602351051473
01bf404b-44ac-4746-9e99-d45aba7135f0,4.28,False,4.11,4.09,4.28,0.16999999999999993,0.1900000000000004,0.0,21.106714184563916,24.04526932238143,-15.897125752881374,20.000000000000462,169.99999999999994,190.0000000000004,2.938555137817513,37.00383993744529
01bfe510-3a3c-4f6f-b874-ea0170e62de4,4.693375,True,4.36,4.4,4.6,0.3333749999999993,0.2933749999999993,0.09337499999999999,-6.974073330489788,-10.352735214393674,-20.489361813544686,40.000000000000036,239.99999999999932,199.9999999999993,3.3786618839038853,13.5152884830549
01c04152-bafb-4516-a8c1-d44fd8008a81,7.6,True,7.27,7.32,7.6,0.33000000000000007,0.27999999999999936,0.0,-2.005396355843917,-0.4307481346952396,-13.299375421860633,50.00000000000071,330.00000000000006,279.9999999999994,1.5746482211486776,11.293979066016716
01c06646-cf7f-42d1-8ece-82286aa28e4d,3.88,False,3.65,3.65,3.88,0.22999999999999998,0.22999999999999998,0.0,-0.25303778651153114,-0.25303778651153114,-16.790515914099398,0.0,229.99999999999997,229.99999999999997,0.0,16.537478127587868
01c06c9f-e51f-4a0e-84c9-d95a6c650245,1.84,False,1.66,1.64,1.8,0.18000000000000016,0.20000000000000018,0.040000000000000036,-4.580737466651057,-3.856625998513113,-28.216473155613198,20.000000000000018,140.0000000000001,160.00000000000014,0.7241114681379446,23.63573568896214
01c0d7ae-a835-41f7-8ea3-dd8bf57fea21,3.6,False,3.41,3.35,3.5,0.18999999999999995,0.25,0.10000000000000009,-20.571444224255956,-14.957304639599661,-31.271221842957445,60.00000000000006,89.99999999999986,149.99999999999991,5.614139584656295,10.69977761870149
01c16bdf-f1bd-441f-969b-4be5d4ae553c,5.32,False,5.17,5.18,5.3,0.15000000000000036,0.14000000000000057,0.020000000000000462,2.712633246242418,1.0907016014316393,-13.294633226611268,9.999999999999787,129.9999999999999,120.00000000000011,1.6219316448107786,16.007266472853686
01c1f8f6-b1b1-4254-be75-7b1fbf6c0a97,13.96,True,13.4,13.74,13.96,0.5600000000000005,0.22000000000000064,0.0,-4.6506207965457635,-10.827000073103553,-18.882830370423715,339.9999999999999,560.0000000000005,220.00000000000063,6.17637927655779,14.232209573877952
01c20ced-afbf-4415-8c6a-8cb01494bd7e,14.12,False,13.84,13.83,14.0,0.27999999999999936,0.28999999999999915,0.11999999999999922,30.805844757400063,32.4412758482287,-4.976811277359608,9.999999999999787,160.00000000000014,169.99999999999994,1.6354310908286358,35.78265603475967
01c261a5-0bff-404d-a581-e26eda1433a5,7.4,True,7.1,7.06,7.3,0.3000000000000007,0.34000000000000075,0.10000000000000053,2.0376334548621777,1.0609860073083093,-15.450800100869742,40.000000000000036,200.00000000000017,240.00000000000023,0.9766474475538685,17.48843355573192
01c27113-9898-4212-a097-ac862ba00502,3.36,False,3.29,3.3,3.36,0.06999999999999984,0.06000000000000005,0.0,7.221707041345502,7.58812351482306,2.736117883414525,9.999999999999787,69.99999999999984,60.00000000000006,0.36641647347755857,4.485589157930976
01c2827b-9b4f-4a6d-b2cd-b73788195117,7.48,False,7.29,7.27,7.48,0.1900000000000004,0.21000000000000085,0.0,-17.002404013552077,-16.978636401159218,-31.36349844557639,20.000000000000462,190.0000000000004,210.00000000000085,0.023767612392859405,14.361094432024313
01c2f7bb-c32a-4718-959a-f68cdfbccfdf,10.24,True,9.95,10.15,10.2,0.2900000000000009,0.08999999999999986,0.040000000000000924,5.8622545832177,-5.703556658434321,-6.464258026229695,200.00000000000108,250.0,49.999999999998934,11.565811241652021,12.326512609447395
01c34934-de4b-4861-86e2-ea18801ddb92,4.28,False,3.96,3.96,4.1,0.3200000000000003,0.3200000000000003,0.1800000000000006,25.60353412306026,25.60353412306026,15.863148635393243,0.0,139.9999999999997,139.9999999999997,0.0,9.740385487667018
01c35f9d-0d97-495d-8e14-c496fe75a689,12.04,False,11.82,11.8,11.9,0.21999999999999886,0.23999999999999844,0.1399999999999988,-7.019903700644624,-3.7542581452694748,-15.777923065212233,19.999999999999574,80.00000000000007,99.99999999999964,3.2656455553751496,8.758019364567609
01c372d8-6dd7-4fd0-bd55-07c7782f2480,5.7,True,5.57,5.57,5.7,0.1299999999999999,0.1299999999999999,0.0,-0.8556645703857308,-0.8556645703857308,-11.757524404820142,0.0,129.9999999999999,129.9999999999999,0.0,10.901859834434411
01c3a5b3-9640-4eec-8157-6d5b0d9bdf28,8.04,False,7.79,7.77,7.9,0.2499999999999991,0.2699999999999996,0.1399999999999988,30.010309361550583,31.816593022421497,1.132620768694293,20.000000000000462,110.00000000000031,130.0000000000008,1.806283660870914,28.87768859285629
01c3db5f-9462-492d-95a0-d9f292e37174,13.36,True,13.17,13.14,13.2,0.1899999999999995,0.21999999999999886,0.16000000000000014,2.2140913159610656,5.205406410026226,-5.441257866718822,29.99999999999936,29.99999999999936,59.99999999999872,2.9913150940651607,7.655349182679888
01c407ca-d2a9-433e-a776-c269a240c71e,5.48,True,5.22,5.23,5.48,0.2600000000000007,0.25,0.0,5.204252179722909,3.9772240889231827,-18.223806369006123,10.000000000000675,260.0000000000007,250.0,1.2270280907997262,23.428058548729034
01c42eef-cd54-46be-84cf-946549e2a8f6,16.6,False,16.25,16.27,16.6,0.3500000000000014,0.33000000000000185,0.0,-3.5903315035909835,-4.447747184429032,-15.80367447354935,19.999999999999574,350.0000000000014,330.0000000000018,0.8574156808380482,12.213342969958367
01c45dd5-5e3f-48ca-8a1a-e528bd0d0e64,4.32,True,4.12,4.12,4.3,0.20000000000000018,0.20000000000000018,0.020000000000000462,-0.11893674531646693,-0.11893674531646693,-18.801199412581962,0.0,179.99999999999972,179.99999999999972,0.0,18.682262667265494
01c4abb0-1531-4987-993b-2183310205a6,5.84,True,5.55,5.59,5.8,0.29000000000000004,0.25,0.040000000000000036,-1.1681365389149077,-2.279031950162474,-9.99841620745739,40.000000000000036,250.0,209.99999999999997,1.1108954112475662,8.830279668542483
01c58fbb-c85f-4ce9-a14f-c5cb0ce6fa47,8.12,False,7.94,7.93,8.1,0.17999999999999883,0.1899999999999995,0.019999999999999574,-2.7384528280623592,-2.351267072025535,-35.88077369761036,10.000000000000675,159.99999999999926,169.99999999999994,0.38718575603682437,33.142320869548
01c59928-506d-4555-886a-19ff78058765,6.48,False,5.49,6.17,6.48,0.9900000000000002,0.3100000000000005,0.0,-3.2111300588973255,0.8257645933032347,-0.7642112603073485,679.9999999999998,990.0000000000002,310.0000000000005,4.03689465220056,2.446918798589977
01c5c686-7504-443e-9864-bd580ede9ebf,7.72,True,7.55,7.56,7.7,0.16999999999999993,0.16000000000000014,0.019999999999999574,3.2465032234258437,0.9949235777280425,-12.72482138063303,9.999999999999787,150.00000000000034,140.00000000000057,2.2515796456978014,15.971324604058873
01c61b49-1e35-424c-9601-4ac1699b39e6,4.88,False,4.66,4.82,4.88,0.21999999999999975,0.05999999999999961,0.0,23.572202224820334,17.953031818608483,12.387025488762925,160.00000000000014,219.99999999999974,59.99999999999961,5.61917040621185,11.185176736057409
01c639ff-8198-4585-9543-e8a6d574ef25,4.24,False,4.03,3.99,4.1,0.20999999999999996,0.25,0.14000000000000057,-5.937481359715867,-0.13623003107069961,-13.357221374556154,40.000000000000036,69.9999999999994,109.99999999999943,5.801251328645168,7.419740014840287
01c68c35-03aa-49d5-8d69-abcf4fbf3386,6.44,True,6.06,6.07,6.2,0.3800000000000008,0.3700000000000001,0.2400000000000002,-0.7569068959791007,-1.372197006216703,-14.455918063795298,10.000000000000675,140.00000000000057,129.9999999999999,0.6152901102376024,13.699011167816197
01c6a3f3-955f-4ffb-ac76-1c32fa439ad5,6.68,True,6.32,6.31,6.5,0.35999999999999943,0.3700000000000001,0.17999999999999972,-4.96675628524363,-4.736879454286692,-24.337435401867655,10.000000000000675,179.99999999999972,190.0000000000004,0.2298768309569379,19.370679116624025
01c6f1df-0099-42d4-9b84-6233f813feb1,5.16,True,4.87,4.88,5.0,0.29000000000000004,0.28000000000000025,0.16000000000000014,-9.997832505454404,-10.532039195767789,-21.45344289291994,9.999999999999787,129.9999999999999,120.00000000000011,0.5342066903133844,11.455610387465537
01c7116b-33fc-41fc-9c3d-4eec9d43479b,7.1615625,False,6.58,6.6,6.8,0.5815624999999995,0.5615625,0.3615624999999998,23.264706823252375,23.1169991657077,9.326217174807754,19.999999999999574,219.99999999999974,200.00000000000017,0.14770765754467519,13.938489648444621
01c72822-64aa-4a25-a037-5d584a8d8ce2,5.48,True,5.22,5.21,5.3,0.2600000000000007,0.27000000000000046,0.1800000000000006,-5.474454089938447,-3.350539943404028,-17.694887924416495,9.999999999999787,80.00000000000007,89.99999999999986,2.1239141465344185,12.220433834478047
01c72844-0593-4a4f-8e75-fe1ba5c42eb3,9.52,False,9.4,9.36,9.5,0.11999999999999922,0.16000000000000014,0.019999999999999574,39.43889705344715,35.9787721372857,34.99320002440868,40.000000000000924,99.99999999999964,140.00000000000057,3.4601249161614476,4.44569702903847
01c72880-e555-4554-b116-92c544261fb5,9.52,False,9.23,9.28,9.5,0.28999999999999915,0.2400000000000002,0.019999999999999574,3.4472880610630963,1.9317830984996378,-17.418862545566636,49.999999999998934,269.99999999999955,220.00000000000063,1.5155049625634585,20.86615060662973
01c75a39-a567-4601-a366-3657537fd901,9.84,True,9.04,9.06,9.3,0.8000000000000007,0.7799999999999994,0.5399999999999991,3.1951210830679546,2.1405911809424767,-9.046111017448219,20.00000000000135,260.0000000000016,240.00000000000023,1.054529902125478,12.241232100516173
01c764e2-5ef9-4866-b090-8e31b10a21d7,7.96,True,7.69,7.69,7.96,0.2699999999999996,0.2699999999999996,0.0,-13.555650765491755,-13.555650765491755,-31.832193380188077,0.0,269.99999999999955,269.99999999999955,0.0,18.27654261469632
01c78a6b-ad26-4915-a782-813e69d9b562,9.621125,True,8.63,9.47,8.9,0.9911249999999985,0.15112499999999862,0.7211249999999989,-7.689955308206291,-18.604028737329777,-19.93322197364803,839.9999999999999,269.99999999999955,570.0000000000002,10.914073429123487,12.243266665441741
01c7c2f3-1a78-4702-a5fd-36be6811f8f1,4.36,False,3.96,4.23,4.36,0.40000000000000036,0.1299999999999999,0.0,-6.749110477916291,-0.5229338031611992,1.790055598577436,270.00000000000045,400.00000000000034,129.9999999999999,6.226176674755092,8.539166076493727
01c7c7d9-4e33-44c4-83df-4a2e51d8f354,8.4159375,False,7.59,7.75,7.5,0.8259375000000002,0.6659375000000001,0.9159375000000001,9.306314465051207,-2.507691231729259,11.712605569136308,160.00000000000014,89.99999999999986,250.0,11.814005696780466,2.406291104085101
01c7debd-3dbf-4192-aec6-9f4a7b967dbe,6.64,False,6.63,6.63,6.6,0.009999999999999787,0.009999999999999787,0.040000000000000036,-4.436059506326894,-4.436059506326894,-4.812482834973163,0.0,30.00000000000025,30.00000000000025,0.0,0.3764233286462684
01c7f77c-fa60-4f5a-8f3f-965bf4e7214d,5.76,False,5.67,5.7,5.76,0.08999999999999986,0.05999999999999961,0.0,-1.3909163588899878,-1.4266058200309633,-3.483753847534322,30.00000000000025,89.99999999999986,59.99999999999961,0.03568946114097549,2.092837488644334
01c83793-35dc-4026-98a7-37e625d9b1d7,0.76,True,0.46,0.68,0.76,0.3,0.07999999999999996,0.0,4.1801739577117685,-9.54662103482221,-15.928770286238716,220.00000000000003,300.0,79.99999999999996,13.726794992533979,20.108944243950486
01c86088-6848-43b1-8baf-e02d062c1f7c,12.72,True,12.54,12.54,12.7,0.1800000000000015,0.1800000000000015,0.02000000000000135,-7.851876304950837,-7.851876304950837,-14.190269596852977,0.0,160.00000000000014,160.00000000000014,0.0,6.33839329190214
01c89331-5edc-4521-881b-f656c4c504e9,12.1334375,False,11.19,11.14,11.3,0.9434374999999999,0.9934374999999989,0.8334374999999987,-0.5550254706248074,-0.8677051324239304,-6.268299340507495,49.999999999998934,110.00000000000121,160.00000000000014,0.312679661799123,5.713273869882688
01c8f471-3cf5-427a-9f39-4b51980e67db,14.0,False,13.77,13.77,13.9,0.23000000000000043,0.23000000000000043,0.09999999999999964,-3.319274229161884,-3.319274229161884,-19.04470791980564,0.0,130.0000000000008,130.0000000000008,0.0,15.725433690643754
01c93ccc-7558-4813-8d10-cad32711ea31,9.48,True,9.18,9.18,9.48,0.3000000000000007,0.3000000000000007,0.0,-6.455150056593485,-6.455150056593485,-19.83457397456495,0.0,300.0000000000007,300.0000000000007,0.0,13.379423917971465
01c93f5a-7a82-4e89-8217-134bde03692e,15.56,True,15.33,15.35,15.56,0.23000000000000043,0.21000000000000085,0.0,-7.829918480919178,-8.586985135397809,-17.28051839349708,19.999999999999574,230.00000000000043,210.00000000000085,0.7570666544786304,9.4505999125779
01c97dde-25d1-4c92-a6b2-e28d93d88232,11.44,True,10.56,10.96,11.4,0.879999999999999,0.47999999999999865,0.03999999999999915,-1.7459703322129019,-3.4111345932104737,-6.466919331892164,400.00000000000034,839.9999999999999,439.9999999999995,1.6651642609975719,4.720948999679262
01c9a856-29ae-4772-b281-c6b6140818fc,8.08,False,7.79,7.8,8.0,0.29000000000000004,0.28000000000000025,0.08000000000000007,14.48081895731601,14.763395537730219,1.0374463730658277,9.999999999999787,209.99999999999997,200.00000000000017,0.28257658041420797,13.443372584250183
01ca29d5-ab64-4ce5-b718-acbf7d232ade,3.14,True,3.01,3.01,2.9,0.13000000000000034,0.13000000000000034,0.2400000000000002,-21.158488476352744,-21.158488476352744,-23.54145621586902,0.0,109.99999999999987,109.99999999999987,0.0,2.3829677395162747
01ca4bba-0956-475e-8f29-e20c297699ef,9.08,True,8.86,8.82,9.0,0.22000000000000064,0.2599999999999998,0.08000000000000007,-5.971062604118785,-1.7580355375953103,-21.655911099584415,39.99999999999915,140.00000000000057,179.99999999999972,4.213027066523475,15.68484849546563
01ca5c5b-6667-41a9-bea6-e052bfd2aa1c,4.96,False,4.82,4.38,3.9,0.13999999999999968,0.5800000000000001,1.06,2.0269663994139844,-13.21945646771457,-14.620281830456069,440.0000000000004,920.0000000000003,480.0,15.246422867128555,16.64724822987005
01ca7b1e-e0b4-40ce-8883-faeb6b2d56cf,6.25125,False,6.25,6.25,5.4,0.0012499999999997513,0.0012499999999997513,0.8512499999999994,-11.310161392842883,-11.310161392842883,-17.989890139118216,0.0,849.9999999999997,849.9999999999997,0.0,6.679728746275334
01cab908-00a9-45a3-ba73-5261507e409a,7.32,False,7.07,7.09,7.3,0.25,0.23000000000000043,0.020000000000000462,25.41461617875805,24.900139133806626,14.180897157832355,19.999999999999574,229.99999999999955,209.99999999999997,0.5144770449514233,11.233719020925694
01cc74cf-4225-4c1f-b042-94d097b923c4,10.72,False,10.49,10.48,10.6,0.23000000000000043,0.2400000000000002,0.120000000000001,-19.647549355384154,-19.817150155957787,-22.06716005817429,9.999999999999787,109.99999999999943,119.99999999999922,0.16960080057363314,2.4196107027901377
01cca531-aa0f-4273-8ebb-2845f6fb312e,7.48,False,7.34,7.35,7.48,0.14000000000000057,0.13000000000000078,0.0,-8.9092369246219,-9.104090707831137,-19.12160679789983,9.999999999999787,140.00000000000057,130.0000000000008,0.1948537832092363,10.212369873277929
01ccdda8-7f47-413f-b4cc-854c689024af,7.0,False,6.59,6.98,7.0,0.41000000000000014,0.019999999999999574,0.0,4.193695925944201,-8.312353552949913,-10.002825642020879,390.00000000000057,410.0000000000001,19.999999999999574,12.506049478894115,14.19652156796508
01cce49f-eac7-4067-8c97-ca137f3bf1eb,10.48,False,10.44,10.22,10.48,0.040000000000000924,0.2599999999999998,0.0,-15.09496277713054,-23.66745524220364,-13.435040923281324,219.99999999999886,40.000000000000924,259.9999999999998,8.5724924650731,1.659921853849216
01cd101d-0866-448f-9eb3-66540fe85029,8.4,False,8.2,8.17,8.3,0.20000000000000107,0.23000000000000043,0.09999999999999964,-5.367464936466923,-3.4217159857774955,-23.642913956846748,29.99999999999936,100.00000000000142,130.0000000000008,1.9457489506894272,18.275449020379824
01cd2e41-f4b1-4c2e-b02b-05d6304ac99f,5.56,True,5.39,5.53,5.56,0.16999999999999993,0.02999999999999936,0.0,0.3738290467926015,-4.505041622324051,-5.335791567278653,140.00000000000057,169.99999999999994,29.99999999999936,4.878870669116653,5.709620614071254
01cd3220-133c-441b-b77f-4d5de75cbd1f,4.049,False,4.04,4.04,4.0,0.009000000000000341,0.009000000000000341,0.04900000000000038,-8.603070678444325,-8.603070678444325,-6.690153225258362,0.0,40.000000000000036,40.000000000000036,0.0,1.9129174531859636
01cd4402-8697-474b-9640-06d60b2fdbdc,4.12,True,3.76,3.86,4.1,0.3600000000000003,0.26000000000000023,0.020000000000000462,13.237625611960077,10.359862131508693,-1.6674104811635553,100.00000000000009,339.9999999999999,239.99999999999977,2.8777634804513834,14.905036093123632
01cefa95-21cd-43e9-b25d-df8baed5862d,15.2898125,True,14.32,14.32,14.5,0.9698124999999997,0.9698124999999997,0.7898125,-14.32345811225122,-14.32345811225122,-20.415408912618712,0.0,179.99999999999972,179.99999999999972,0.0,6.091950800367492
01cf062a-99fd-4796-a200-a4c87a64b054,8.36,False,8.03,8.05,8.36,0.33000000000000007,0.3099999999999987,0.0,3.1341999245023104,4.369302983116607,0.042823353824611304,20.00000000000135,330.00000000000006,309.99999999999875,1.2351030586142966,3.091376570677699
01cf43a2-dcc0-492d-a1aa-711bf99a1f72,3.04,True,2.87,2.71,3.0,0.16999999999999993,0.33000000000000007,0.040000000000000036,-14.072670015125132,13.223079829141025,-32.21544555681835,160.00000000000014,129.9999999999999,290.00000000000006,27.295749844266155,18.14277554169322
01d01d04-c2cd-4759-b133-4264ea67dbb2,5.2,False,5.0,5.02,5.2,0.20000000000000018,0.1800000000000006,0.0,-12.744531620361093,-13.124688644498043,-17.595777995932156,19.999999999999574,200.00000000000017,180.0000000000006,0.38015702413695074,4.851246375571064
01d04068-5678-4c59-99de-87058de6d9f0,4.84,True,4.57,4.4,4.7,0.2699999999999996,0.4399999999999995,0.13999999999999968,-12.244129889940584,0.42616688235904604,-23.297283568074,169.99999999999994,129.9999999999999,299.99999999999983,12.670296772299631,11.053153678133416
01d0cf3d-bb23-4642-8d58-d3820e1dfadc,14.52,True,14.31,14.28,14.5,0.20999999999999908,0.2400000000000002,0.019999999999999574,-6.830043148425135,-3.0828220676250857,-27.21727654707592,30.000000000001137,189.9999999999995,220.00000000000063,3.7472210808000495,20.387233398650785
01d0d9d1-f124-4fba-94e2-e64e3e256139,6.6,False,6.43,6.41,6.6,0.16999999999999993,0.1899999999999995,0.0,-6.170894204008085,-6.374413547504769,-21.37113063392351,19.999999999999574,169.99999999999994,189.9999999999995,0.20351934349668444,15.200236429915424
01d100fd-46b8-4f38-9356-ce91c9386563,7.28,True,7.18,7.14,7.28,0.10000000000000053,0.14000000000000057,0.0,-1.9695551777274807,0.49472054452069186,-23.090124647910297,40.000000000000036,100.00000000000054,140.00000000000057,2.4642757222481726,21.120569470182815
01d102e0-1450-46d8-95e9-c935c38c6e91,16.52,True,16.29,16.27,16.4,0.23000000000000043,0.25,0.120000000000001,-9.26635120216333,-6.109764940042878,-19.50276702520933,19.999999999999574,109.99999999999943,129.999999999999,3.1565862621204515,10.236415823046
01d1192b-1b52-43a1-b1fd-b521e3e68065,10.52,True,10.33,10.36,10.5,0.1899999999999995,0.16000000000000014,0.019999999999999574,-12.521559758039196,-13.513952695150046,-23.40976889826354,29.99999999999936,169.99999999999994,140.00000000000057,0.99239293711085,10.888209140224344
01d180c5-7844-4534-a2b9-4e6dc8bb8a2c,9.4,False,9.35,9.35,9.4,0.05000000000000071,0.05000000000000071,0.0,-1.9060531976130008,-1.9060531976130008,-9.712199025051381,0.0,50.00000000000071,50.00000000000071,0.0,7.806145827438381
01d19d72-7ddb-4b76-8016-271ff8fe1d05,7.16,True,6.92,6.92,7.0,0.2400000000000002,0.2400000000000002,0.16000000000000014,0.30598392942025443,0.30598392942025443,-4.094047588599444,0.0,80.00000000000007,80.00000000000007,0.0,4.4000315180196985
01d1fa25-0723-4495-a1f9-2dc5f86e1924,11.73925,True,10.74,10.75,10.9,0.99925,0.9892500000000002,0.8392499999999998,-0.5072111764061721,-1.2551513809621881,-7.249928471649102,9.999999999999787,160.00000000000014,150.00000000000034,0.7479402045560161,6.7427172952429295
01d216a9-e6b2-477b-88c2-1ff9152230d1,7.88,True,7.65,7.64,7.8,0.22999999999999954,0.2400000000000002,0.08000000000000007,4.265708021320487,3.8998659963724656,-13.316063471568071,10.000000000000675,149.99999999999946,160.00000000000014,0.3658420249480212,17.581771492888556
01d22b1d-48da-4d3d-ac58-5b3a35ec49a7,6.44,True,6.17,6.17,6.3,0.27000000000000046,0.27000000000000046,0.14000000000000057,-6.406250649853789,-6.406250649853789,-28.93084746679038,0.0,129.9999999999999,129.9999999999999,0.0,22.52459681693659
01d2a732-06a8-4ba0-9799-f43ff56e44ac,3.76,False,3.55,3.55,3.76,0.20999999999999996,0.20999999999999996,0.0,12.98886216485232,12.98886216485232,-19.583729066887603,0.0,209.99999999999997,209.99999999999997,0.0,32.57259123173992
01d2b31a-eb13-41df-9dce-488fcb44790e,8.28,True,8.01,8.01,8.1,0.2699999999999996,0.2699999999999996,0.17999999999999972,-0.8941564598816761,-0.8941564598816761,-7.9828073760417615,0.0,89.99999999999986,89.99999999999986,0.0,7.088650916160085
01d3df89-98b0-44c3-8f77-c8e7a3361d9a,7.48,False,7.29,7.29,7.48,0.1900000000000004,0.1900000000000004,0.0,-5.830877044135661,-5.830877044135661,-8.460648098447432,0.0,190.0000000000004,190.0000000000004,0.0,2.629771054311771
01d3eabb-d318-461d-a5f2-ed85ba17dc89,4.9775,True,3.64,4.96,4.7,1.3375,0.01750000000000007,0.27749999999999986,1.0824261789205312,-2.1970363788015974,0.708666202143044,1319.9999999999998,1060.0,259.9999999999998,3.2794625577221286,0.3737599767774872
01d42ae1-21ca-4225-b253-014396a85fcf,7.84,True,7.6,7.61,7.8,0.2400000000000002,0.22999999999999954,0.040000000000000036,-2.2417263604210325,-2.112617664859298,-20.31350903297207,10.000000000000675,200.00000000000017,189.9999999999995,0.12910869556173443,18.071782672551038
01d42ce6-e406-4af8-972a-42fef07cf17a,13.92,False,13.63,13.64,13.9,0.28999999999999915,0.27999999999999936,0.019999999999999574,-10.017732263652817,-9.694344611104034,-6.847694072601184,9.999999999999787,269.99999999999955,259.9999999999998,0.3233876525487833,3.170038191051633
01d442c2-aa86-4975-967a-72ef9935c7eb,5.68,True,5.3,5.29,5.4,0.3799999999999999,0.3899999999999997,0.27999999999999936,-0.15484362198436205,0.19757217047306966,-13.931331177957544,9.999999999999787,100.00000000000054,110.00000000000031,0.3524157924574317,13.776487555973182
01d45959-64a7-462a-81be-b24646c995f7,5.770125,True,3.26,5.69,3.6,2.5101250000000004,0.08012499999999978,2.170125,-4.157076492931657,0.4194746756178773,-23.626664518823972,2430.0000000000005,340.0000000000003,2090.0000000000005,4.576551168549535,19.469588025892314
01d4dee7-2731-4f55-ad72-243b4b021582,3.56,False,3.31,3.31,3.5,0.25,0.25,0.06000000000000005,33.09286714752679,33.09286714752679,-0.8776629930606297,0.0,189.99999999999994,189.99999999999994,0.0,33.97053014058742
01d52114-4048-4954-9399-01ecf73347bf,7.84,True,7.43,7.4,7.5,0.41000000000000014,0.4399999999999995,0.33999999999999986,-17.095142865500378,-15.664090956930654,-26.640957049734745,29.99999999999936,70.00000000000028,99.99999999999964,1.4310519085697244,9.545814184234366
01d54150-8a56-44d8-b014-c6d066c59206,11.9288125,False,10.97,10.94,11.1,0.9588124999999987,0.9888124999999999,0.8288124999999997,-5.770719241596056,-5.568040774461479,-14.572058586027318,30.000000000001137,129.999999999999,160.00000000000014,0.20267846713457693,8.801339344431263
01d5684f-2d8a-45dc-9c50-6fb156fef0a7,5.12,True,4.83,4.84,5.0,0.29000000000000004,0.28000000000000025,0.1200000000000001,-4.836444784752052,-5.760286021246473,-15.299087151164683,9.999999999999787,169.99999999999994,160.00000000000014,0.9238412364944208,10.46264236641263
01d5728a-c80a-4772-a04a-94b91ec6f830,11.08,False,10.91,10.99,11.08,0.16999999999999993,0.08999999999999986,0.0,-0.8412481451284447,-0.1640973832625282,-3.751182750553039,80.00000000000007,169.99999999999994,89.99999999999986,0.6771507618659165,2.9099346054245943
01d57b1d-7017-43be-85f4-4a2c99ccf1c3,2.52,True,2.23,2.27,2.5,0.29000000000000004,0.25,0.020000000000000018,-6.951839644754774,-6.472173158693398,-15.057900354899706,40.000000000000036,270.0,229.99999999999997,0.47966648606137596,8.106060710144932
01d5c52a-e89b-485e-a2a9-a73b79c4eafc,8.28,False,8.14,8.15,8.28,0.1399999999999988,0.129999999999999,0.0,17.93315936837362,17.344554741159094,9.863113806562936,9.999999999999787,139.9999999999988,129.999999999999,0.5886046272145258,8.070045561810684
01d5f0d8-1a6b-4e8d-8a9a-66b65a935471,8.32,False,8.27,8.26,8.3,0.05000000000000071,0.0600000000000005,0.019999999999999574,0.8994892211451903,3.681046565327479,-6.849740532830142,9.999999999999787,30.000000000001137,40.000000000000924,2.7815573441822887,7.7492297539753325
01d64076-1686-46e5-aca7-acade4ec67c3,4.84,False,4.65,4.64,4.8,0.1899999999999995,0.20000000000000018,0.040000000000000036,1.6797306657087852,2.7412347876893652,-19.52786644795084,10.000000000000675,149.99999999999946,160.00000000000014,1.06150412198058,21.207597113659624
01d6ab15-7d76-4ff1-9420-fa39da287785,6.2,False,5.98,5.99,6.2,0.21999999999999975,0.20999999999999996,0.0,6.730880021910104,5.26562515218797,-24.3534315983501,9.999999999999787,219.99999999999974,209.99999999999997,1.4652548697221341,31.084311620260202
01d6ace8-d511-4d0f-af1b-b8f0976f4d4e,4.32,False,4.0,4.06,4.3,0.3200000000000003,0.2600000000000007,0.020000000000000462,7.624726952545575,-3.933270093932303,-23.684440479489627,59.99999999999961,299.99999999999983,240.00000000000023,11.557997046477878,31.309167432035203
01d6e187-ed14-4ca4-8e83-323da83c6f63,5.2,True,4.7,4.72,4.9,0.5,0.4800000000000004,0.2999999999999998,3.485260597411196,3.254910434063057,-13.220896406428373,19.999999999999574,200.00000000000017,180.0000000000006,0.23035016334813907,16.706157003839568
01d7d7dc-9ca3-4d9a-a789-38939878941f,7.76,False,7.68,7.67,7.76,0.08000000000000007,0.08999999999999986,0.0,25.116067760825278,24.2281666679582,25.344050614585253,9.999999999999787,80.00000000000007,89.99999999999986,0.8879010928670787,0.2279828537599755
01d7e66f-25ba-441b-9fe7-004a9660348c,6.84,False,6.59,6.59,6.8,0.25,0.25,0.040000000000000036,-6.8412975628985535,-6.8412975628985535,-12.669915715274813,0.0,209.99999999999997,209.99999999999997,0.0,5.82861815237626
01d7e852-ab90-4600-a23e-b64a0c730d43,4.0,True,3.76,3.86,4.0,0.2400000000000002,0.14000000000000012,0.0,-6.1077224162684445,-9.168367515835023,-22.954373165834912,100.00000000000009,240.00000000000023,140.0000000000001,3.060645099566578,16.846650749566468
01d7fd5f-b50a-4b2d-8b8c-e2ce4fe6fee0,9.16,True,8.88,8.85,9.0,0.27999999999999936,0.3100000000000005,0.16000000000000014,-12.696462057819224,-8.115739490240252,-25.76315020570661,30.000000000001137,119.99999999999922,150.00000000000034,4.580722567578972,13.066688147887385
01d8bf84-0d05-49b7-bd70-6d5daec3a2f1,7.92,False,7.91,7.83,7.9,0.009999999999999787,0.08999999999999986,0.019999999999999574,27.745750724956913,21.119780288856308,26.9343429103311,80.00000000000007,9.999999999999787,70.00000000000028,6.625970436100605,0.811407814625813
01d8cb40-f645-42bc-a839-154906bfde39,4.68,True,4.63,4.62,4.68,0.04999999999999982,0.05999999999999961,0.0,-2.410200391179546,-1.593532143461199,-7.959682445714968,9.999999999999787,49.99999999999982,59.99999999999961,0.8166682477183471,5.549482054535422
01d8db3d-ebb1-431c-9c88-c13dcaa4d474,10.48,True,10.06,10.19,10.4,0.41999999999999993,0.2900000000000009,0.08000000000000007,-4.902071711207572,-6.982164544009431,-12.205697574515481,129.999999999999,339.9999999999999,210.00000000000085,2.080092832801859,7.303625863307909
01d91701-da50-432a-bfd9-dbc8fa349329,8.68,False,8.39,8.42,8.68,0.28999999999999915,0.2599999999999998,0.0,10.516319944448622,10.35187360777992,-1.7073616956511428,29.99999999999936,289.99999999999915,259.9999999999998,0.16444633666870168,12.223681640099764
01d94642-85e3-4ed3-aeed-b36f81d1149c,11.8013125,True,10.82,10.81,10.9,0.9813124999999996,0.9913124999999994,0.9013124999999995,-2.4766571720325423,-1.6020642537743015,-12.935270892650383,9.999999999999787,80.00000000000007,89.99999999999986,0.8745929182582408,10.45861372061784
01d990b8-a631-43cc-8081-8eda6ce8fb50,8.24,True,8.0,8.0,8.1,0.2400000000000002,0.2400000000000002,0.14000000000000057,-1.2961741465778074,-1.2961741465778074,-14.566533112567585,0.0,99.99999999999964,99.99999999999964,0.0,13.270358965989779
01d9a49b-3fa0-4d8e-a426-0d37abcd84fd,6.44,True,5.91,5.91,6.0,0.5300000000000002,0.5300000000000002,0.4400000000000004,-15.78197395155854,-15.78197395155854,-23.72166775129671,0.0,89.99999999999986,89.99999999999986,0.0,7.939693799738171
01d9b0ce-3155-49de-9448-642616de4aeb,4.4,False,4.18,4.18,4.4,0.22000000000000064,0.22000000000000064,0.0,29.694324991074023,29.694324991074023,-3.9055611901980187,0.0,220.00000000000063,220.00000000000063,0.0,33.59988618127204
01da0d08-93a8-4eef-99b1-2b8643e78632,6.48,True,6.22,6.25,6.48,0.2600000000000007,0.23000000000000043,0.0,1.2843477785691666,-1.8172821640343393,-28.44928066495833,30.00000000000025,260.0000000000007,230.00000000000043,3.101629942603506,29.733628443527497
01da8ddc-1608-4c17-a0e9-619b9bde86dc,11.0,True,10.55,10.77,11.0,0.4499999999999993,0.23000000000000043,0.0,1.1420966666593402,-1.7473281700387546,-9.831453053424902,219.99999999999886,449.9999999999993,230.00000000000043,2.889424836698095,10.973549720084241
01dacb94-2b80-4dcb-97f3-a9a7a7307fde,5.8,False,5.65,5.67,5.8,0.14999999999999947,0.1299999999999999,0.0,-0.00274527121507667,0.7283592157469394,-5.941461671974744,19.999999999999574,149.99999999999946,129.9999999999999,0.731104486962016,5.938716400759667
01dad322-e96b-458e-975f-e43209f2dcea,4.64,True,4.61,4.56,4.6,0.02999999999999936,0.08000000000000007,0.040000000000000036,0.8107848746834264,4.077213529521255,1.2938826599298825,50.00000000000071,10.000000000000675,40.000000000000036,3.2664286548378283,0.4830977852464561
01dadf89-aab4-4762-a24d-2d4b64a8980b,7.32,True,7.13,7.12,7.3,0.1900000000000004,0.20000000000000018,0.020000000000000462,-0.670196277705113,-1.1145184405265378,-19.18607027057165,9.999999999999787,169.99999999999994,179.99999999999972,0.4443221628214248,18.51587399286654
01dae41f-4386-40b8-8d44-5e44a37da2be,4.12,True,3.61,3.8,4.1,0.5100000000000002,0.3200000000000003,0.020000000000000462,7.032978548861963,-1.0655539662045155,-14.280625609373988,189.99999999999994,489.9999999999998,299.99999999999983,8.098532515066479,21.31360415823595
01db2a14-dc65-4c78-90aa-d1eef96de999,7.253375,True,6.81,6.82,6.9,0.4433750000000005,0.43337499999999984,0.3533749999999998,-6.595671416578685,-8.005684784282128,-16.272183824293695,10.000000000000675,90.00000000000074,80.00000000000007,1.410013367703443,9.676512407715009
01dc0dc7-6c3c-4d20-895b-53ad25753e42,4.96,False,4.73,4.73,4.96,0.22999999999999954,0.22999999999999954,0.0,9.823414852624117,9.823414852624117,7.781130452453234,0.0,229.99999999999955,229.99999999999955,0.0,2.0422844001708826
01dc2c18-c620-4dcf-954c-233557ac70df,8.52,True,8.22,8.22,8.4,0.29999999999999893,0.29999999999999893,0.11999999999999922,3.7525642622780375,3.7525642622780375,-8.021977831752203,0.0,179.99999999999972,179.99999999999972,0.0,11.77454209403024
01dc84a3-3146-40d2-91e9-3638f3b9b68e,13.150875,False,12.19,12.12,12.3,0.9608749999999997,1.030875,0.8508749999999985,38.0127457533732,44.992834168946864,16.147151306054592,70.00000000000028,110.00000000000121,180.00000000000148,6.980088415573661,21.86559444731861
01dcc0eb-e775-430a-875c-bcda8b745dcf,5.64,False,5.36,5.35,5.5,0.27999999999999936,0.29000000000000004,0.13999999999999968,-13.899826942937075,-13.008939884121373,-23.755311082807737,10.000000000000675,139.9999999999997,150.00000000000034,0.8908870588157018,9.855484139870661
01dcc8c9-86aa-4921-b443-c37875dbaf2e,7.36,False,7.14,7.29,7.36,0.22000000000000064,0.07000000000000028,0.0,4.678798944365514,4.63258784165824,0.9661113781226383,150.00000000000034,220.00000000000063,70.00000000000028,0.04621110270727424,3.712687566242876
01dd0bc9-dc45-4c17-9b5c-ab8e7b666a93,3.92,False,3.85,3.87,3.9,0.06999999999999984,0.04999999999999982,0.020000000000000018,4.926234074783102,5.220251473286287,4.450462105806026,20.000000000000018,49.99999999999982,29.999999999999805,0.2940173985031844,0.4757719689770763
01dd3a01-a8ba-48c7-8c8c-22d8b05ac90b,16.0,False,12.41,11.66,11.8,3.59,4.34,4.199999999999999,-23.690164507164507,6.726950855954908,-9.213552386106691,750.0,609.9999999999994,140.00000000000057,30.417115363119414,14.476612121057816
01dda595-6c2b-40b5-9b1f-6368915e351e,13.2538125,False,12.26,12.26,12.4,0.9938125000000007,0.9938125000000007,0.8538125000000001,-3.688922872082318,-3.688922872082318,-16.391928287877114,0.0,140.00000000000057,140.00000000000057,0.0,12.703005415794795
01ddc6b9-6555-4856-b7cb-cb1c197ed3b7,11.32,False,11.14,11.13,11.3,0.17999999999999972,0.1899999999999995,0.019999999999999574,6.795955471334387,8.771199083633734,-22.997907002026345,9.999999999999787,160.00000000000014,169.99999999999994,1.975243612299347,29.793862473360733
01dddcb2-1714-4ccc-af5e-acadf5a58cc0,16.0,False,14.85,15.07,15.3,1.1500000000000004,0.9299999999999997,0.6999999999999993,-0.6263211516356574,-9.911139133300031,-18.301909980485124,220.00000000000063,450.0000000000011,230.00000000000043,9.284817981664373,17.675588828849467
01dde0d9-267a-4d20-8bac-532b0d209fc7,10.9443125,False,9.74,9.94,10.1,1.2043125000000003,1.004312500000001,0.8443125000000009,9.605796131896083,-14.084016766600836,-24.94453113469262,199.9999999999993,359.99999999999943,160.00000000000014,23.689812898496918,34.5503272665887
01de3d1b-5f16-43dd-8585-51b5999fa300,6.16,False,6.0,6.02,6.16,0.16000000000000014,0.14000000000000057,0.0,-2.533088093103885,-3.038074362326566,-11.749022856519613,19.999999999999574,160.00000000000014,140.00000000000057,0.5049862692226812,9.215934763415728
01de4e07-83a9-4bd8-8b6b-26436a27a4dc,8.68,True,8.42,8.43,8.68,0.2599999999999998,0.25,0.0,2.0816926261888513,2.393294079468982,-11.22560401121117,9.999999999999787,259.9999999999998,250.0,0.3116014532801308,13.307296637400022
01de9f96-2f1c-4218-bb5c-270e5180ff03,5.96,True,5.57,5.74,5.96,0.3899999999999997,0.21999999999999975,0.0,-0.2163871871779466,-2.8303113380836433,-21.72741749985109,169.99999999999994,389.99999999999966,219.99999999999974,2.6139241509056967,21.511030312673142
01dee5cf-0218-4efc-899c-67a913869a82,2.756,False,2.39,2.55,2.756,0.36599999999999966,0.20599999999999996,0.0,-4.488304542772694,-2.916310730824723,-7.85585035764166,159.9999999999997,365.99999999999966,205.99999999999997,1.5719938119479706,3.367545814868966
01df1e2d-dc9f-4a7b-81f7-8146be546cf8,8.8,True,8.5,8.48,8.6,0.3000000000000007,0.3200000000000003,0.20000000000000107,12.232132326813721,12.152494460535195,-0.26201142192791776,19.999999999999574,99.99999999999964,119.99999999999922,0.0796378662785262,12.494143748741639
01df2acf-b64a-4e83-8305-46f1bcb113ea,4.429,False,4.4,4.42,4.4,0.028999999999999915,0.009000000000000341,0.028999999999999915,18.63353188002824,17.572705218315672,18.63353188002824,19.999999999999574,0.0,19.999999999999574,1.060826661712568,0.0
01df6793-d518-40e5-9524-567fc8885e46,6.88,True,6.58,6.86,6.88,0.2999999999999998,0.019999999999999574,0.0,-0.458659979098748,-7.833481990256551,-8.435364802632142,280.0000000000002,299.99999999999983,19.999999999999574,7.374822011157804,7.976704823533394
01df7ced-33c1-42cc-a6c9-fb5453cf62b8,5.76,False,5.49,5.49,5.76,0.2699999999999996,0.2699999999999996,0.0,-11.610376118086208,-11.610376118086208,-1.754272756426567,0.0,269.99999999999955,269.99999999999955,0.0,9.856103361659642
01dfa9d1-349c-4120-bb4c-71531ac8f67c,12.9814375,True,11.99,12.04,12.2,0.9914375,0.941437500000001,0.7814375000000009,-4.9092262925696435,-5.374683404565902,-18.722736287547438,49.999999999998934,209.9999999999991,160.00000000000014,0.4654571119962583,13.813509994977794
01dfb6a9-8766-4552-bd75-7fbdf31576ee,10.1948125,True,9.13,10.1,9.4,1.0648124999999986,0.09481249999999974,0.794812499999999,8.142864095102455,-4.2896772150251925,-4.732678953825106,969.9999999999989,269.99999999999955,699.9999999999993,12.432541310127647,12.875543048927561
01dfc87a-72b1-43c4-b603-ba48bcc59cfb,3.8076875,True,2.86,2.72,2.9,0.9476875000000002,1.0876875,0.9076875000000002,-19.51551452263468,-5.317800422849287,-27.27168704495576,139.9999999999997,40.000000000000036,179.99999999999972,14.19771409978539,7.75617252232108
01dfedaf-469c-4beb-b4e0-3e51aed96ecc,1.24,False,0.94,0.96,1.1,0.30000000000000004,0.28,0.1399999999999999,-10.373615492364713,-10.440161326998487,-18.228177129846774,20.000000000000018,160.00000000000014,140.0000000000001,0.06654583463377328,7.85456163748206
01e0673b-4f46-49d1-b1ad-5e3aa0b73d93,8.8,True,8.6,8.56,8.7,0.20000000000000107,0.2400000000000002,0.10000000000000142,-0.8390818647541464,1.3491236529048403,-20.034474738892513,39.99999999999915,99.99999999999964,139.9999999999988,2.1882055176589867,19.195392874138367
01e0b909-495b-4f77-87a2-f9c90700597c,3.8,True,2.85,3.56,3.8,0.9499999999999997,0.23999999999999977,0.0,3.309718797980314,-5.083493161076507,-1.775116175638777,710.0,949.9999999999998,239.99999999999977,8.39321195905682,5.084834973619091
01e0eb97-92b8-45dc-a1a8-1a19bac92c14,2.28,False,2.02,2.0,2.1,0.2599999999999998,0.2799999999999998,0.17999999999999972,2.356758163221096,4.290638440975835,-12.210679767988555,20.000000000000018,80.00000000000007,100.00000000000009,1.933880277754739,14.567437931209652
01e1096d-8cea-45fc-afa8-e9a8d2d63f31,4.0,True,3.78,3.75,3.9,0.2200000000000002,0.25,0.10000000000000009,-23.565657226304783,-20.722086168265875,-30.81253128518319,29.999999999999805,120.00000000000011,149.99999999999991,2.8435710580389078,7.246874058878408
01e1373f-8b5e-4743-8b14-64702ed0f5ed,11.798125,True,10.87,10.87,11.1,0.9281250000000014,0.9281250000000014,0.698125000000001,10.837615543558787,10.837615543558787,-20.312012128657788,0.0,230.00000000000043,230.00000000000043,0.0,31.149627672216575
01e14795-9dcd-47c9-8daa-72b799a9c333,7.48,False,7.09,7.17,7.4,0.39000000000000057,0.3100000000000005,0.08000000000000007,7.2265767256881706,8.911805410057438,7.425279993891512,80.00000000000007,310.0000000000005,230.00000000000043,1.6852286843692674,0.1987032682033414
01e19056-503e-48b2-afc4-48d533c5d4fe,10.44,False,10.13,10.15,10.3,0.3099999999999987,0.28999999999999915,0.1399999999999988,-1.5700251968642047,-2.76086915559943,-11.997950142319961,19.999999999999574,169.99999999999994,150.00000000000034,1.190843958735225,10.427924945455757
01e20bec-0991-4a1b-a3af-9c4ac40d39ac,12.12,True,11.9,11.91,12.1,0.21999999999999886,0.20999999999999908,0.019999999999999574,5.027280867481632,4.618694803085723,-12.65785797932302,9.999999999999787,199.9999999999993,189.9999999999995,0.4085860643959087,17.68513884680465
01e216d0-193d-40c3-9085-3c51377a1ec6,9.2,True,8.97,8.98,9.2,0.22999999999999865,0.21999999999999886,0.0,3.8681284020049302,3.0566927099477708,-20.201109170219482,9.999999999999787,229.99999999999864,219.99999999999886,0.8114356920571595,24.069237572224413
01e23e05-453f-4143-9976-bc45ab3d99fd,5.88,True,5.68,5.68,5.88,0.20000000000000018,0.20000000000000018,0.0,-5.372956824149927,-5.372956824149927,-26.401987085803423,0.0,200.00000000000017,200.00000000000017,0.0,21.029030261653496
01e2582d-cb5f-4642-a066-9af2d5fb9575,6.88,True,6.48,6.6,6.8,0.39999999999999947,0.28000000000000025,0.08000000000000007,5.52847903123346,7.01647231935691,-13.083643108450067,119.99999999999922,319.9999999999994,200.00000000000017,1.4879932881234499,18.612122139683528
01e259f4-0324-4308-b47a-ffb644887d7b,4.92,False,4.65,4.63,4.7,0.2699999999999996,0.29000000000000004,0.21999999999999975,20.619858890834443,19.07176202497439,15.988462110418352,20.000000000000462,49.99999999999982,70.00000000000028,1.5480968658600531,4.631396780416091
01e26549-855d-4b28-b6a8-c71634f9a949,7.4,True,7.09,7.1,7.4,0.3100000000000005,0.3000000000000007,0.0,4.408979441443362,4.536765785639429,-9.154358530016788,9.999999999999787,310.0000000000005,300.0000000000007,0.12778634419606671,13.56333797146015
01e26a27-6847-45e5-9b40-7b7a12807b5b,3.0713125,True,2.56,2.34,2.7,0.5113124999999998,0.7313125,0.3713124999999997,-29.483833059711934,-0.5188474827334802,-52.503496376630494,220.0000000000002,140.0000000000001,360.00000000000034,28.964985576978453,23.01966331691856
01e292fa-00e7-4766-8431-3ac034d5c507,4.191,False,4.13,4.15,4.191,0.06099999999999994,0.04099999999999948,0.0,-2.409059143510752,-2.117508529722602,-3.1476439296609073,20.000000000000462,60.99999999999994,40.99999999999948,0.2915506137881496,0.7385847861501555
01e29951-beb6-4a2f-94bb-0663cf235c2d,6.04,False,5.8,5.8,5.9,0.2400000000000002,0.2400000000000002,0.13999999999999968,-10.8854019029514,-10.8854019029514,-14.06968183300837,0.0,100.00000000000054,100.00000000000054,0.0,3.18427993005697
01e3974c-5d1e-4732-bf4b-9f920ccca619,7.4768125,False,5.58,5.55,5.7,1.8968125000000002,1.9268125000000005,1.7768125000000001,-6.121748607104524,-7.004941383766171,-13.602392239978851,30.00000000000025,120.00000000000011,150.00000000000034,0.8831927766616472,7.480643632874327
01e3d322-f927-45ee-83fa-2544a68fb1f4,4.16,True,3.88,3.86,4.0,0.28000000000000025,0.30000000000000027,0.16000000000000014,-25.86249242859241,-25.728406385134054,-31.208686263184966,20.000000000000018,120.00000000000011,140.0000000000001,0.13408604345835684,5.346193834592555
01e3e945-af64-4769-9430-fe239704710e,9.69225,True,8.78,8.83,9.1,0.9122500000000002,0.8622499999999995,0.5922499999999999,3.5730188855197613,3.2483457788590977,-13.91279228468167,50.00000000000071,320.0000000000003,269.99999999999955,0.3246731066606636,17.48581117020143
01e3e94c-5c55-4a9a-9a50-b3844c6a6cda,2.983125,False,2.86,2.9,2.983125,0.12312499999999993,0.0831249999999999,0.0,1.6451724901682427,2.4954539872771258,-2.552841285524729,40.000000000000036,123.12499999999993,83.12499999999989,0.850281497108883,4.198013775692972
01e43cea-8420-4114-90bd-4c1a78ba4e29,2.72,True,2.49,2.5,2.7,0.22999999999999998,0.2200000000000002,0.020000000000000018,8.332208587641903,7.74762137406913,-22.610308542717988,9.999999999999787,209.99999999999997,200.00000000000017,0.5845872135727728,30.94251713035989
01e44cc3-a9e1-402e-a95e-93af5c600023,12.52,False,12.31,12.3,12.4,0.20999999999999908,0.21999999999999886,0.11999999999999922,-3.1683555152017666,-2.399422912730959,-16.08365699421476,9.999999999999787,89.99999999999986,99.99999999999964,0.7689326024708074,12.915301479012992
01e463a7-9480-4d6a-8952-ec935c784b2d,9.16,True,8.94,8.91,9.1,0.22000000000000064,0.25,0.0600000000000005,-0.0688064977326679,-0.7880650855249127,-13.22791018233301,29.99999999999936,160.00000000000014,189.9999999999995,0.7192585877922448,13.159103684600343
01e48e6f-fb76-4600-8988-eb1546f7147c,10.32,False,10.08,10.08,10.2,0.2400000000000002,0.2400000000000002,0.120000000000001,-5.405146414968407,-5.405146414968407,-11.625609209597242,0.0,119.99999999999922,119.99999999999922,0.0,6.220462794628834
01e4b2bf-8b5e-471b-8148-f9c9df085726,9.16,True,9.15,8.97,9.16,0.009999999999999787,0.1899999999999995,0.0,-9.789149887004976,-5.889273022303454,-10.495325325114408,179.99999999999972,9.999999999999787,189.9999999999995,3.899876864701522,0.7061754381094314
01e4ecc9-99d3-4ae7-9c1f-0018f057dbe4,3.4,False,3.37,3.35,3.4,0.029999999999999805,0.04999999999999982,0.0,-20.884213651413813,-21.73951107329523,-21.77068841297681,20.000000000000018,29.999999999999805,49.99999999999982,0.8552974218814171,0.8864747615629973
01e4eef1-e80b-409c-99f9-0a858731a108,4.04,True,3.72,3.74,4.0,0.31999999999999984,0.2999999999999998,0.040000000000000036,6.742683603934386,7.047062951045187,-3.2601214404986574,20.000000000000018,279.99999999999983,259.9999999999998,0.3043793471108014,10.002805044433043
01e4fd22-fda7-43dc-a3ed-b70679be2a79,3.0,True,2.75,2.71,2.8,0.25,0.29000000000000004,0.20000000000000018,-12.58599456271669,-4.091042533612319,-25.80301540065937,40.000000000000036,49.99999999999982,89.99999999999986,8.494952029104372,13.217020837942679
01e50f3a-5f4d-4e5a-8714-21ef5d8d7e5c,6.88,False,6.59,6.61,6.8,0.29000000000000004,0.2699999999999996,0.08000000000000007,-0.9990025333144635,-3.6162483646346475,-13.729272987930033,20.000000000000462,209.99999999999997,189.9999999999995,2.617245831320184,12.73027045461557
01e52080-ed6c-43c7-b9bb-0bae8a0440c3,7.64,True,7.38,7.39,7.6,0.2599999999999998,0.25,0.040000000000000036,-4.101985227110503,-4.293025255064392,-9.801908698551294,9.999999999999787,219.99999999999974,209.99999999999997,0.19104002795388908,5.699923471440791
01e52bd4-689d-4310-b2af-72e2b19b8001,8.32,False,8.06,8.08,8.3,0.2599999999999998,0.2400000000000002,0.019999999999999574,3.4416335420926045,3.072913054886707,-11.0378680001713,19.999999999999574,240.00000000000023,220.00000000000063,0.36872048720589756,14.479501542263906
01e54053-4d7b-4966-9355-00ab1b4e69e0,16.0,True,15.12,15.05,15.3,0.8800000000000008,0.9499999999999993,0.6999999999999993,-13.148807069070742,-6.362447224318735,-25.084105234473864,69.99999999999851,180.00000000000148,250.0,6.786359844752007,11.935298165403122
01e54749-cce5-4a25-9429-95ef0a2211c7,10.3911875,False,9.28,9.47,9.6,1.1111874999999998,0.9211874999999985,0.7911874999999995,23.873440710833112,1.7154670019932943,-20.953776422321738,190.00000000000128,320.0000000000003,129.999999999999,22.15797370883982,44.827217133154846
01e55680-af29-4eb9-98fb-c4308156e743,4.6,True,4.34,4.34,4.5,0.2599999999999998,0.2599999999999998,0.09999999999999964,-3.8132792602254555,-3.8132792602254555,-18.730709326982335,0.0,160.00000000000014,160.00000000000014,0.0,14.91743006675688
01e5aaf3-fddf-40b7-aafb-683b98f0ae1f,3.541,False,3.54,3.54,3.5,0.0009999999999998899,0.0009999999999998899,0.040999999999999925,-3.1210532768840498,-3.1210532768840498,-7.372101068913275,0.0,40.000000000000036,40.000000000000036,0.0,4.251047792029225
01e5ae11-8658-427b-b927-8920a4478957,6.56,True,6.3,6.28,6.4,0.2599999999999998,0.27999999999999936,0.15999999999999925,-9.573423334520495,-8.134819291814097,-26.180701890655484,19.999999999999574,100.00000000000054,120.00000000000011,1.4386040427063982,16.60727855613499
01e5ae82-62dd-4838-a188-ceada14a75ed,8.32,False,8.08,8.09,8.3,0.2400000000000002,0.23000000000000043,0.019999999999999574,7.1251211271913615,5.378518862715953,-20.00087918414034,9.999999999999787,220.00000000000063,210.00000000000085,1.746602264475409,27.1260003113317
01e5cef9-bec0-4332-bcce-7ba1ccde76fa,8.28,False,8.05,8.06,8.28,0.22999999999999865,0.21999999999999886,0.0,-6.248097862383299,-6.065906127508508,-11.439368646229585,9.999999999999787,229.99999999999864,219.99999999999886,0.1821917348747908,5.191270783846287
01e633ed-399d-4248-a84e-b5b277fe20da,11.0004375,False,10.03,10.0,10.1,0.970437500000001,1.0004375000000003,0.9004375000000007,39.76504798315959,45.51004004103538,23.993890154688053,29.99999999999936,70.00000000000028,99.99999999999964,5.744992057875791,15.771157828471537
01e69c03-19bc-4daf-959b-e31f6db7b107,14.32,False,14.15,14.13,14.3,0.16999999999999993,0.1899999999999995,0.019999999999999574,55.97361697161959,56.8531915756874,36.98102343297653,19.999999999999574,150.00000000000034,169.99999999999994,0.8795746040678054,18.992593538643064
01e6ee56-165c-4abc-80c8-52dc0b92dacc,7.84,True,7.66,7.67,7.8,0.17999999999999972,0.16999999999999993,0.040000000000000036,-1.1497127841778494,-1.0810156229560137,-6.12522664678326,9.999999999999787,139.9999999999997,129.9999999999999,0.06869716122183567,4.9755138626054105
01e74f32-2ee1-4304-aa1f-2fd5e2ee6ce3,9.0,False,8.77,8.78,9.0,0.23000000000000043,0.22000000000000064,0.0,6.330991319535273,6.433904264580025,0.30793769538714477,9.999999999999787,230.00000000000043,220.00000000000063,0.10291294504475168,6.023053624148128
01e8001f-46bd-45c7-af3c-d514538b8cc0,8.339625,True,7.91,7.34,7.0,0.4296249999999997,0.999625,1.3396249999999998,2.9735220396456197,-19.33819750262059,-32.8204339693366,570.0000000000002,910.0000000000001,339.9999999999999,22.31171954226621,35.79395600898222
01e815b3-102e-4787-9c60-e59ce9dad1ec,7.0,False,6.78,6.67,7.0,0.21999999999999975,0.33000000000000007,0.0,-3.2009685563013486,13.787661355251348,-31.736367911603736,110.00000000000031,219.99999999999974,330.00000000000006,16.988629911552696,28.53539935530239
01e821a2-7b99-480c-ae82-0c4ee92c2bc4,10.36,True,10.18,10.17,10.36,0.17999999999999972,0.1899999999999995,0.0,-11.850686757038277,-11.494228258616163,-25.48921590970572,9.999999999999787,179.99999999999972,189.9999999999995,0.3564584984221142,13.638529152667443
01e8620e-4262-4fac-bf8c-d2c8ff8b1760,7.96,False,7.76,7.77,7.96,0.20000000000000018,0.1900000000000004,0.0,-11.740223909576889,-12.232186947857562,-18.779594373619673,9.999999999999787,200.00000000000017,190.0000000000004,0.491963038280673,7.0393704640427845
01e886e5-5df3-4493-bbf9-d2c32577b011,12.0680625,False,10.9,11.03,11.2,1.1680624999999996,1.0380625000000006,0.8680625000000006,8.907060349897078,-2.1773581163232136,-9.138544449225765,129.999999999999,299.9999999999989,169.99999999999994,11.084418466220292,18.04560479912284
01e906d9-00e7-4329-89ff-343e2fa29868,4.6676875,True,3.29,3.45,3.6,1.3776875000000004,1.2176875000000003,1.0676875000000003,1.1548660691560653,-0.1883806418594952,-9.688518625258292,160.00000000000014,310.00000000000006,149.99999999999991,1.3432467110155604,10.843384694414357
01e9242d-7b23-4d92-9995-3f8a8b83ca5e,13.72,False,13.49,13.47,13.6,0.23000000000000043,0.25,0.120000000000001,29.0156885368155,29.13300257501178,19.982783856888968,19.999999999999574,109.99999999999943,129.999999999999,0.11731403819628028,9.032904679926531
01e95337-e0c1-46b9-be3c-ac5e84b47cc4,5.48,False,5.24,5.23,5.3,0.2400000000000002,0.25,0.1800000000000006,-0.22684160053696306,0.9527467084472344,-5.203682985566853,9.999999999999787,59.99999999999961,69.9999999999994,1.1795883089841974,4.97684138502989
01e973c3-f389-4600-afb4-ad3f9b292135,7.56,False,7.32,7.34,7.56,0.23999999999999932,0.21999999999999975,0.0,-12.54110793645259,-13.434067588943902,-10.633517280316461,19.999999999999574,239.99999999999932,219.99999999999974,0.8929596524913119,1.9075906561361293
01e9b19e-df45-434f-87ce-02cf5217d785,3.71,False,3.33,3.68,3.5,0.3799999999999999,0.029999999999999805,0.20999999999999996,-0.44215990709716346,-16.362991336340386,-7.977923759278275,350.0000000000001,169.99999999999994,180.00000000000017,15.920831429243222,7.535763852181111
01e9e8b6-511a-4aa1-98f7-4f15642d736e,4.52,False,4.34,4.33,4.5,0.17999999999999972,0.1899999999999995,0.019999999999999574,-2.748136427073399,-1.5657700198156288,-26.082521024247402,9.999999999999787,160.00000000000014,169.99999999999994,1.1823664072577702,23.334384597174004
01ea1033-6708-40ff-8b8c-7510390200ef,9.64,True,9.44,9.43,9.6,0.20000000000000107,0.21000000000000085,0.040000000000000924,1.987260564094214,3.2450857745677797,-16.053987917402985,9.999999999999787,160.00000000000014,169.99999999999994,1.2578252104735657,18.0412484814972
01ea574b-2e7f-4e5e-b08c-39e4383979e9,14.8,True,14.58,14.59,14.8,0.22000000000000064,0.21000000000000085,0.0,-4.793886992288491,-5.75500917406927,-18.80692234939107,9.999999999999787,220.00000000000063,210.00000000000085,0.9611221817807793,14.013035357102577
01ea8026-577c-46de-8603-b3190a5ca1ea,9.24,False,9.04,9.23,9.2,0.20000000000000107,0.009999999999999787,0.040000000000000924,-5.5018233008765,7.256697928551392,6.25053638376053,190.00000000000128,160.00000000000014,30.000000000001137,12.758521229427892,11.75235968463703
01ea8946-ba2e-49a9-ac48-2e2142fa51a4,10.16,True,9.94,9.94,10.16,0.22000000000000064,0.22000000000000064,0.0,-1.474858913299463,-1.474858913299463,-23.75370554737944,0.0,220.00000000000063,220.00000000000063,0.0,22.278846634079976
01eaff85-c634-4099-839d-6a7f5cac5902,5.16,False,4.88,4.88,5.1,0.28000000000000025,0.28000000000000025,0.0600000000000005,28.046970382983712,28.046970382983712,0.6998050625267318,0.0,219.99999999999974,219.99999999999974,0.0,27.34716532045698
01eb34fa-4573-43ad-8e1c-2a6d043e5992,6.0,True,5.66,5.92,5.9,0.33999999999999986,0.08000000000000007,0.09999999999999964,3.1212567588792584,-6.856471363305344,-5.671522538191218,259.9999999999998,240.00000000000023,19.999999999999574,9.977728122184603,8.792779297070476
01ebd76f-e492-4b07-a6b3-3bbab905926a,7.08,True,6.79,6.78,6.9,0.29000000000000004,0.2999999999999998,0.17999999999999972,-1.5479403780724441,0.1055487931017793,-19.287412194644713,9.999999999999787,110.00000000000031,120.00000000000011,1.6534891711742234,17.73947181657227
01ec14ff-42c0-4bfe-966a-72cc2c066bc6,3.369,False,3.23,3.23,3.369,0.13900000000000023,0.13900000000000023,0.0,21.50716158645265,21.50716158645265,-0.39488468977055174,0.0,139.00000000000023,139.00000000000023,0.0,21.902046276223203
01ecdd2c-cb59-47d1-8861-773d68d3698b,7.56,True,7.37,7.4,7.56,0.1899999999999995,0.15999999999999925,0.0,-7.97371456966057,-10.429711486825324,-13.652026300313661,30.00000000000025,189.9999999999995,159.99999999999926,2.4559969171647547,5.678311730653092
01ed0cbc-3d4e-48df-aae7-04a492e21d85,10.3986875,False,9.27,9.27,9.4,1.1286874999999998,1.1286874999999998,0.9986874999999991,9.226221316764667,9.226221316764667,-1.3559325745304385,0.0,130.0000000000008,130.0000000000008,0.0,10.582153891295105
01ed636c-d281-467a-9f11-481c9ca31038,11.445625,True,10.44,10.39,10.6,1.0056250000000002,1.0556249999999991,0.8456250000000001,-7.570234540873805,-2.4651254255131447,-23.20999622844855,49.999999999998934,160.00000000000014,209.9999999999991,5.10510911536066,15.639761687574744
01edc691-4065-416f-b131-93860a074b6b,8.56,False,8.46,8.45,8.56,0.09999999999999964,0.11000000000000121,0.0,-6.333167717330205,-4.219528269337276,-14.615514984726007,10.000000000001563,99.99999999999964,110.00000000000121,2.113639447992928,8.282347267395803
01edc79a-5532-489a-a344-54f501c2b918,6.6,True,6.36,6.35,6.6,0.23999999999999932,0.25,0.0,-5.180529359474247,-4.9355969115197835,-24.400937305332672,10.000000000000675,239.99999999999932,250.0,0.24493244795446323,19.220407945858426
01ede51a-ffbf-47df-9e35-9c91a61736c0,6.64,True,6.49,6.51,6.6,0.14999999999999947,0.1299999999999999,0.040000000000000036,-12.048900879741591,-13.578068519374526,-20.171214039824218,19.999999999999574,109.99999999999943,89.99999999999986,1.5291676396329343,8.122313160082626
01ee25b0-a97c-4b1b-8391-42d3ffe3391c,6.64,True,6.61,6.61,6.6,0.02999999999999936,0.02999999999999936,0.040000000000000036,-10.316910026652506,-10.316910026652506,-9.428395961701488,0.0,10.000000000000675,10.000000000000675,0.0,0.8885140649510177
01ee7b0c-516f-4fd5-8e76-111901befad5,6.52,True,6.23,6.23,6.3,0.28999999999999915,0.28999999999999915,0.21999999999999975,4.82022135717341,4.82022135717341,-12.226741275331893,0.0,69.9999999999994,69.9999999999994,0.0,17.046962632505302
01ee9c79-60d6-47f1-ba36-e91b0e1728d9,8.08,False,7.84,8.05,8.08,0.2400000000000002,0.02999999999999936,0.0,4.98396625529906,-5.33897093570594,-6.28228360633205,210.00000000000085,240.00000000000023,29.99999999999936,10.322937191005,11.26624986163111
01eebf0f-b138-460f-8469-d5fca274093a,5.48,True,5.33,5.33,5.48,0.15000000000000036,0.15000000000000036,0.0,-0.8940689451276526,-0.8940689451276526,-15.756136682607035,0.0,150.00000000000034,150.00000000000034,0.0,14.862067737479382
01eed244-5548-4567-8362-488f2e665368,4.2,True,3.7,3.71,3.9,0.5,0.4900000000000002,0.30000000000000027,-1.9925280822593965,-3.0651873442483706,-18.108623251362324,9.999999999999787,199.99999999999974,189.99999999999994,1.072659261988974,16.116095169102927
01ef4547-72cb-414e-900f-49219270afb2,4.2,False,3.78,3.83,4.1,0.4200000000000004,0.3700000000000001,0.10000000000000053,0.5135777450677032,-1.2535765530692349,-9.204554087350594,50.00000000000027,319.99999999999983,269.99999999999955,1.767154298136938,9.718131832418297
01efb1c3-537c-4133-a7df-a0765e8a1b3e,5.52,False,5.22,5.25,5.5,0.2999999999999998,0.2699999999999996,0.019999999999999574,-2.4920879446217397,-1.7612779047437763,1.2485821567862028,30.00000000000025,280.0000000000002,250.0,0.7308100398779633,3.740670101407942
01efb4a3-6311-4c08-9370-a5944053fe52,10.96,False,10.69,10.71,10.96,0.27000000000000135,0.25,0.0,-0.9952214340449898,-2.7703937859331753,-18.596283892107788,20.00000000000135,270.00000000000136,250.0,1.7751723518881857,17.6010624580628
01efbcb6-e699-49c3-bfa6-d6ee1e8e0877,6.36,True,6.12,6.13,6.36,0.2400000000000002,0.23000000000000043,0.0,7.13045145900153,7.112754675143647,-15.541777740194128,9.999999999999787,240.00000000000023,230.00000000000043,0.017696783857883425,22.67222919919566
01efbf91-dfc0-4f17-9423-d115ad849ded,4.44,True,4.29,4.34,4.4,0.15000000000000036,0.10000000000000053,0.040000000000000036,-2.7486566189214376,-4.270742604117365,-7.217963205813108,49.99999999999982,110.00000000000031,60.0000000000005,1.5220859851959276,4.469306586891671
01eff97d-ef3b-493e-99e9-ac76a6777989,7.76,False,7.55,7.55,7.76,0.20999999999999996,0.20999999999999996,0.0,31.816382328715527,31.816382328715527,7.206936409116548,0.0,209.99999999999997,209.99999999999997,0.0,24.60944591959898
01f03907-ac3d-4bc9-bf5d-c52ba4bcdf2d,6.96,True,6.95,6.96,6.96,0.009999999999999787,0.0,0.0,0.08244579450708976,0.2179311453497826,0.2179311453497826,9.999999999999787,9.999999999999787,0.0,0.13548535084269286,0.13548535084269286
01f070d1-c80c-440e-a798-801585c8c862,5.24,True,4.99,4.96,5.1,0.25,0.28000000000000025,0.14000000000000057,-1.1284344494863596,1.0372941267650106,-14.24737155138925,30.00000000000025,109.99999999999943,139.9999999999997,2.1657285762513703,13.11893710190289
01f0718f-ea66-4cb6-9612-7499f54a5bb1,10.6,False,10.59,10.6,10.6,0.009999999999999787,0.0,0.0,-4.313411888162539,-4.281523115216978,-4.281523115216978,9.999999999999787,9.999999999999787,0.0,0.03188877294556125,0.03188877294556125
01f07f40-abc9-4fc7-8d11-5623767929e8,5.56,False,5.26,5.26,5.4,0.2999999999999998,0.2999999999999998,0.15999999999999925,14.550081319703411,14.550081319703411,-11.366201143037046,0.0,140.00000000000057,140.00000000000057,0.0,25.916282462740455
01f092c3-d72b-4b97-87a9-e5c980460804,7.08,False,6.89,6.88,7.08,0.1900000000000004,0.20000000000000018,0.0,-12.232179205155196,-12.729999208977988,-8.823071841382635,9.999999999999787,190.0000000000004,200.00000000000017,0.4978200038227918,3.409107363772561
01f0c496-ae42-47c7-b4c1-7ceb88f795f1,6.4,False,6.16,6.24,6.4,0.2400000000000002,0.16000000000000014,0.0,-4.392734673110713,-2.9852771870119494,-7.023790719416077,80.00000000000007,240.00000000000023,160.00000000000014,1.4074574860987634,2.631056046305364
01f0c959-6881-470f-9955-0ba5f9a35c95,7.0,True,6.95,6.99,7.0,0.04999999999999982,0.009999999999999787,0.0,-3.5392840734802733,-6.15872571297557,-7.092792641512512,40.000000000000036,49.99999999999982,9.999999999999787,2.6194416394952964,3.5535085680322385
01f0f499-c7ab-4d8b-a60a-7457a94c4bc5,9.68,True,9.51,9.46,9.68,0.16999999999999993,0.21999999999999886,0.0,-12.034907512631444,-9.834637866856125,-23.109697136409615,49.999999999998934,169.99999999999994,219.99999999999886,2.200269645775318,11.074789623778171
01f12a00-4add-47ae-9835-f67c6092e85d,7.64,False,7.56,7.59,7.6,0.08000000000000007,0.04999999999999982,0.040000000000000036,0.4002664907074151,1.5205426268891735,1.7810288364274758,30.00000000000025,40.000000000000036,9.999999999999787,1.1202761361817584,1.3807623457200606
01f138b5-651c-4066-90f6-1b3d89e6b539,4.76,False,4.74,4.74,4.76,0.019999999999999574,0.019999999999999574,0.0,3.8819764258907243,3.8819764258907243,4.583298040533272,0.0,19.999999999999574,19.999999999999574,0.0,0.7013216146425476
01f1c68f-fb7f-4ead-826c-f7913d6d0494,11.0,True,10.86,10.88,11.0,0.14000000000000057,0.11999999999999922,0.0,21.415143552323592,18.97641262038892,-0.2220526413647708,20.00000000000135,140.00000000000057,119.99999999999922,2.4387309319346713,21.637196193688364
01f1e4d8-6344-410c-8c30-f71269361335,3.48,True,3.45,3.25,3.48,0.029999999999999805,0.22999999999999998,0.0,-17.494799456765776,12.790476080839463,-20.596672704626666,200.00000000000017,29.999999999999805,229.99999999999997,30.285275537605237,3.1018732478608904
01f2615c-2b26-483e-99ae-f66fcb8f6458,7.8135,True,6.31,6.87,5.1,1.5035000000000007,0.9435000000000002,2.7135000000000007,14.976917335719085,-10.320809428193344,-17.76112826841128,560.0000000000005,1210.0,1770.0000000000005,25.29772676391243,32.73804560413036
01f2761d-e00a-4a2d-89ad-4d071761751d,5.36,True,5.08,5.09,5.2,0.28000000000000025,0.27000000000000046,0.16000000000000014,-2.0484896289378813,-3.4848668537795455,-13.539405435063356,9.999999999999787,120.00000000000011,110.00000000000031,1.4363772248416642,11.490915806125475
01f2a491-d33c-4493-8cf7-bc1bfcc3c42c,4.32,True,3.98,4.02,4.2,0.3400000000000003,0.3000000000000007,0.1200000000000001,-9.06300145384178,-10.579194868173273,-23.49571731136369,39.99999999999959,220.0000000000002,180.0000000000006,1.516193414331493,14.432715857521911
01f30699-b4b7-41c0-9234-06545437e285,6.96,True,6.8,6.8,6.96,0.16000000000000014,0.16000000000000014,0.0,-5.596468352827118,-5.596468352827118,-16.400505228103736,0.0,160.00000000000014,160.00000000000014,0.0,10.804036875276617
01f33ab3-87e1-4fa1-994a-f6612d015d12,9.68,False,9.49,9.48,9.68,0.1899999999999995,0.1999999999999993,0.0,13.715998260240275,16.158322041577573,-26.126399316271073,9.999999999999787,189.9999999999995,199.9999999999993,2.442323781337299,39.842397576511345
01f4a64c-ba9b-4e7b-a85d-e5d4295e76c2,7.16,False,6.94,6.93,7.0,0.21999999999999975,0.23000000000000043,0.16000000000000014,-3.59633335986662,-3.587429026635358,-6.981228848981109,10.000000000000675,59.99999999999961,70.00000000000028,0.00890433323126194,3.384895489114489
01f4bf11-5cc2-44c2-b884-dfd6adf96d1a,5.84,False,5.63,5.62,5.8,0.20999999999999996,0.21999999999999975,0.040000000000000036,7.193476168721934,7.407039435713815,-2.681831664239225,9.999999999999787,169.99999999999994,179.99999999999972,0.21356326699188166,9.875307832961159
01f4cca9-241b-4d6e-b33f-bbda91864dac,10.96,False,10.77,10.82,10.96,0.19000000000000128,0.14000000000000057,0.0,2.785463094294737,4.229042960796234,4.197681287033466,50.00000000000071,190.00000000000128,140.00000000000057,1.4435798665014974,1.4122181927387287
01f60552-4df9-4e5d-ba2a-e7383855ff76,4.76,False,4.75,4.76,4.76,0.009999999999999787,0.0,0.0,0.3880673421283231,0.31056757367621796,0.31056757367621796,9.999999999999787,9.999999999999787,0.0,0.07749976845210516,0.07749976845210516
01f60a34-21af-4024-9f24-445adf1da0f1,11.84,True,11.57,11.64,11.8,0.2699999999999996,0.1999999999999993,0.03999999999999915,12.252230107124703,2.7875942170237966,-13.159245468255127,70.00000000000028,230.00000000000043,160.00000000000014,9.464635890100906,25.411475575379832
01f64882-a7f8-4df1-a84f-fe5c3869dd39,3.158,False,2.91,3.11,3.158,0.24799999999999978,0.04800000000000004,0.0,-5.360090073185784,-2.5378756459257765,-2.0907216711585117,199.99999999999974,247.99999999999977,48.00000000000004,2.8222144272600076,3.2693684020272724
01f6742c-5018-43a2-9760-47ab13ad4b51,4.48,False,4.28,4.27,4.48,0.20000000000000018,0.21000000000000085,0.0,-3.3067517799906185,-3.185742046642803,-15.57355912097252,10.000000000000675,200.00000000000017,210.00000000000085,0.12100973334781573,12.266807340981902
01f685a6-0df2-4055-aa84-e405e2c29102,8.56,True,8.43,8.45,8.56,0.13000000000000078,0.11000000000000121,0.0,-13.330495086741013,-13.44358545080059,-25.447240282957747,19.999999999999574,130.0000000000008,110.00000000000121,0.11309036405957684,12.116745196216733
01f6869b-4908-4f7e-b2af-2712e80ffdd1,14.72,False,14.5,14.5,14.7,0.22000000000000064,0.22000000000000064,0.02000000000000135,25.46127267125464,25.46127267125464,-6.904707400411316,0.0,199.9999999999993,199.9999999999993,0.0,32.36598007166596
01f6b104-ebd1-4ac4-87bf-436d2946de2d,10.24,True,9.91,9.94,10.2,0.33000000000000007,0.3000000000000007,0.040000000000000924,-8.079592417615345,-7.617648023051026,-16.552778445084435,29.99999999999936,289.99999999999915,259.9999999999998,0.4619443945643189,8.47318602746909
01f6ea22-cd7d-4bb5-ac41-9e53379b0502,2.64,True,2.35,2.37,2.6,0.29000000000000004,0.27,0.040000000000000036,-2.8242724134815114,-2.9814549703270328,-15.687582934673403,20.000000000000018,250.0,229.99999999999997,0.1571825568455214,12.863310521191892
01f72652-1b4c-4e34-9f3c-06b5d32ebd40,5.68,True,5.48,5.45,5.68,0.1999999999999993,0.22999999999999954,0.0,23.932042251302544,29.270414334643217,-27.659620422780975,30.00000000000025,199.9999999999993,229.99999999999955,5.338372083340673,51.59166267408352
01f75ebd-0afa-4d1c-961c-64cf4032eac5,3.73525,False,3.46,2.74,2.9,0.2752500000000002,0.99525,0.8352500000000003,-41.14612273414538,-2.7472940731649427,-28.961427727478828,719.9999999999998,560.0,159.9999999999997,38.398828660980435,12.184695006666551
01f76109-97e5-4f87-9f7c-c45bc73ae4d7,4.92,False,4.89,4.6,4.7,0.03000000000000025,0.3200000000000003,0.21999999999999975,9.977514375832165,24.269336894840166,23.48384563577129,290.00000000000006,189.9999999999995,100.00000000000054,14.291822519008,13.506331259939124
01f7cbab-e988-4ee7-bce5-c21c2c56fa93,11.52,False,11.42,11.42,11.5,0.09999999999999964,0.09999999999999964,0.019999999999999574,-9.083833271219904,-9.083833271219904,-11.106464794783244,0.0,80.00000000000007,80.00000000000007,0.0,2.0226315235633407
01f80845-3399-4013-bef7-c7fdc5afb2dc,9.68,False,9.47,9.47,9.68,0.20999999999999908,0.20999999999999908,0.0,39.2712463418897,39.2712463418897,8.95641777913934,0.0,209.9999999999991,209.9999999999991,0.0,30.31482856275036
01f80989-c6df-4c73-a745-8a52cc128221,8.72,True,8.37,8.38,8.7,0.3500000000000014,0.33999999999999986,0.02000000000000135,-5.202498420977494,-5.56364716633712,-17.371912747951306,10.000000000001563,330.00000000000006,319.9999999999985,0.3611487453596256,12.169414326973811
01f81f22-6519-41a0-8669-82ec15bf97c3,4.12,True,3.78,3.89,4.1,0.3400000000000003,0.22999999999999998,0.020000000000000462,9.924513587440662,1.6948180012600276,-13.24408567736298,110.00000000000031,319.99999999999983,209.99999999999952,8.229695586180634,23.168599264803643
01f88da2-1132-46da-8cc7-41d86129fd32,6.52,False,6.27,6.27,6.4,0.25,0.25,0.11999999999999922,3.986567102342254,3.986567102342254,-8.494328537165037,0.0,130.0000000000008,130.0000000000008,0.0,12.480895639507292
01f8c90c-07e4-4ad4-8d60-538b985bfdf9,2.314,True,1.79,1.63,1.8,0.524,0.6840000000000002,0.514,-28.711166094122888,-13.204753571356461,-29.226352009026193,160.00000000000014,10.000000000000009,170.00000000000014,15.506412522766427,0.5151859149033058
01f90109-d9ff-4883-8490-c68a16d99fe2,6.32,True,6.14,6.15,6.3,0.1800000000000006,0.16999999999999993,0.020000000000000462,-10.148235116646482,-10.637277575377894,-22.73078302151251,10.000000000000675,160.00000000000014,149.99999999999946,0.4890424587314115,12.58254790486603
01f91e52-9b05-4016-a1f7-9a3769b86902,6.32,True,6.08,6.05,6.2,0.2400000000000002,0.27000000000000046,0.1200000000000001,-6.9153497959197,-5.479486663187391,-27.37287759753117,30.00000000000025,120.00000000000011,150.00000000000034,1.435863132732309,20.45752780161147
01f9246c-2799-46c0-9890-c4d790aadda3,3.513,True,3.21,3.49,3.5,0.30299999999999994,0.022999999999999687,0.0129999999999999,6.3753845445902835,-5.114898778285544,-5.465531946270013,280.0000000000002,290.00000000000006,9.999999999999787,11.490283322875827,11.840916490860296
01f95614-db60-4702-9ca5-d49422389660,4.96,False,4.83,4.82,4.96,0.1299999999999999,0.13999999999999968,0.0,2.437241139353554,3.3444556783635515,-13.323906921271222,9.999999999999787,129.9999999999999,139.9999999999997,0.9072145390099977,15.761148060624777
01f99d9a-dbf2-4b70-b3a5-e4fd09a799e5,12.743375,False,11.82,11.76,12.0,0.9233750000000001,0.9833750000000006,0.7433750000000003,-18.871413753556162,-17.394015417171204,-28.543100740302865,60.0000000000005,179.99999999999972,240.00000000000023,1.477398336384958,9.671686986746703
01f9c212-a916-43f5-aadd-dd8bc63c42a5,9.76,True,9.46,9.54,9.76,0.29999999999999893,0.22000000000000064,0.0,-4.059170408032284,-2.7861786455211086,-1.9621008482518154,79.9999999999983,299.9999999999989,220.00000000000063,1.2729917625111757,2.097069559780469
01f9e02e-f952-458f-91cb-412fa913065c,4.12,True,3.92,3.95,4.1,0.20000000000000018,0.16999999999999993,0.020000000000000462,2.924815948299711,2.111464283253891,-9.061306416328783,30.00000000000025,179.99999999999972,149.99999999999946,0.8133516650458201,11.986122364628494
01fa682e-bf0a-4fdb-b4be-d96cc4939b83,10.8,True,10.6,10.6,10.8,0.20000000000000107,0.20000000000000107,0.0,-0.6122997386134872,-0.6122997386134872,-30.227656854886124,0.0,200.00000000000108,200.00000000000108,0.0,29.615357116272637
01fae280-91f2-424e-abf8-f451a7977711,3.56,False,3.3,3.29,3.56,0.26000000000000023,0.27,0.0,1.9136136520999036,2.545897437724943,-29.428524530551844,9.999999999999787,260.0000000000002,270.0,0.6322837856250394,31.34213818265175
01fb07ae-c00e-46d1-be91-1ddf8036bd1e,13.0,True,12.85,12.85,13.0,0.15000000000000036,0.15000000000000036,0.0,-15.46394099978143,-15.46394099978143,-24.847557094531712,0.0,150.00000000000034,150.00000000000034,0.0,9.383616094750282
01fb0ad1-ba7b-4074-a3d4-e4a6bc4cea65,9.12,False,8.81,8.79,9.0,0.3099999999999987,0.33000000000000007,0.11999999999999922,-4.292473460831816,-2.3965420375817326,-17.26992742086331,20.00000000000135,189.9999999999995,210.00000000000085,1.895931423250083,12.977453960031497
01fb85e5-8027-4f1a-9ca7-c98f543087d4,9.88,False,9.7,9.71,9.88,0.1800000000000015,0.16999999999999993,0.0,-1.0963012459809978,-1.3238272247581144,-12.559442436827034,10.000000000001563,180.00000000000148,169.99999999999994,0.22752597877711667,11.463141190846036
01fc2a5a-9834-4b73-a8db-3d2b4fbc720b,7.84,False,7.66,7.65,7.8,0.17999999999999972,0.1899999999999995,0.040000000000000036,9.578949919952208,9.662913442977107,6.1463594208919,9.999999999999787,139.9999999999997,149.99999999999946,0.08396352302489873,3.432590499060308
01fcadab-36e1-4e3f-92f5-529bd20704e9,5.12,False,4.85,4.86,5.1,0.27000000000000046,0.2599999999999998,0.020000000000000462,-4.996293753888902,-4.973630730611516,-18.37635750790009,10.000000000000675,250.0,239.99999999999932,0.022663023277385896,13.380063754011186
01fce860-676c-4f14-9aa7-2b3e4c8d015d,5.36,True,5.22,5.23,5.36,0.14000000000000057,0.1299999999999999,0.0,-3.9612553040510528,-4.756768428244851,-13.828528409234716,10.000000000000675,140.00000000000057,129.9999999999999,0.7955131241937985,9.867273105183664
01fd111e-169f-4ead-a0cf-0815e43d138d,9.36,False,9.17,9.17,9.36,0.1899999999999995,0.1899999999999995,0.0,3.9710497647853744,3.9710497647853744,-11.777493140832153,0.0,189.9999999999995,189.9999999999995,0.0,15.748542905617526
01fd178f-2c46-4f06-962c-3e250d1b5252,8.32,False,7.95,7.98,8.2,0.3700000000000001,0.33999999999999986,0.120000000000001,1.7369519801909012,1.605407236062585,-1.5458971455684494,30.00000000000025,249.99999999999912,219.99999999999886,0.13154474412831618,3.2828491257593506
01fd609d-dac2-485e-b000-319da7c59ce9,7.84,False,7.68,7.67,7.8,0.16000000000000014,0.16999999999999993,0.040000000000000036,26.118866517784074,26.015476286793117,19.7539686426286,9.999999999999787,120.00000000000011,129.9999999999999,0.10339023099095712,6.364897875155474
01fdec34-bfd0-49d3-af9e-1fc96d5a5ae4,7.36,True,6.86,6.85,7.0,0.5,0.5100000000000007,0.3600000000000003,8.186656580876683,9.389603023273574,-8.48111951469195,10.000000000000675,139.9999999999997,150.00000000000034,1.2029464423968914,16.667776095568634
01fe0ab8-3fd2-415e-9cda-ad34f4299069,6.4,False,6.36,6.38,6.4,0.040000000000000036,0.020000000000000462,0.0,12.485318637685689,13.141039983297265,13.147494808768002,19.999999999999574,40.000000000000036,20.000000000000462,0.6557213456115765,0.6621761710823133
01fe30f9-744c-46a5-ab2f-013def69c91e,2.368,True,1.84,2.36,2.0,0.5279999999999998,0.008000000000000007,0.3679999999999999,14.509860894574894,-22.79867161354771,-6.570461415383599,519.9999999999998,159.99999999999991,359.9999999999999,37.3085325081226,21.080322309958493
01fe9748-32b8-4597-aec4-7ed66a318d24,5.44,True,5.05,5.12,5.3,0.39000000000000057,0.3200000000000003,0.14000000000000057,14.505539889105144,6.680222191918945,-11.706628184021335,70.00000000000028,250.0,179.99999999999972,7.825317697186199,26.212168073126477
01fef2f0-dcef-484e-8ca6-019d7a460c4d,10.93525,True,10.01,9.94,10.2,0.9252500000000001,0.9952500000000004,0.7352500000000006,-8.105980863665577,-7.312135876370647,-33.964480409527795,70.00000000000028,189.9999999999995,259.9999999999998,0.7938449872949302,25.858499545862216
01ff1769-7f84-4a7c-a24e-fa9db50f962d,1.6,False,1.58,1.59,1.6,0.020000000000000018,0.010000000000000009,0.0,17.871396031853234,17.000796284576886,15.890674870900487,10.000000000000009,20.000000000000018,10.000000000000009,0.8705997472763478,1.980721160952747
01ff24d6-230a-4d1d-8ef1-0b4c69521465,5.08,False,4.9,4.89,5.08,0.17999999999999972,0.1900000000000004,0.0,7.071706635080038,6.054709577254912,5.7395183427707295,10.000000000000675,179.99999999999972,190.0000000000004,1.016997057825126,1.3321882923093087
01ff3598-77ce-460b-af9b-1b1d613851b4,9.2171875,True,8.07,8.67,8.3,1.1471874999999994,0.5471874999999997,0.9171874999999989,-4.48148177540714,-15.112342684506407,-8.302519515295337,599.9999999999997,230.00000000000043,369.9999999999992,10.630860909099267,3.8210377398881974
0200902d-92e1-4eda-8fa8-02dd1e004c7a,8.64,False,7.95,7.92,8.0,0.6900000000000004,0.7200000000000006,0.6400000000000006,-5.075320461008815,-2.2453636875941334,-13.167955338573066,30.00000000000025,49.99999999999982,80.00000000000007,2.8299567734146813,8.092634877564251
0200bd87-63b1-4f99-a6dc-3e875c96d99e,7.84,False,7.69,7.67,7.8,0.14999999999999947,0.16999999999999993,0.040000000000000036,7.639626875684589,10.25136012064556,-5.881752218558613,20.000000000000462,109.99999999999943,129.9999999999999,2.6117332449609707,13.521379094243201
0200f6f6-e3c4-415d-a300-1b9d3d239005,4.84,True,4.65,4.66,4.8,0.1899999999999995,0.17999999999999972,0.040000000000000036,3.13441230654896,2.5543665044447854,-17.18159350560165,9.999999999999787,149.99999999999946,139.9999999999997,0.5800458021041748,20.31600581215061
020114e8-7685-439f-8c62-a1765effd8e9,5.08,True,4.63,4.78,5.08,0.4500000000000002,0.2999999999999998,0.0,6.114310912774876,-6.592971469846025,-21.005476741090927,150.00000000000034,450.00000000000017,299.99999999999983,12.7072823826209,27.119787653865803
0201872c-3ad3-425d-ab66-61a0fb1c6edb,10.52,True,10.36,10.36,10.5,0.16000000000000014,0.16000000000000014,0.019999999999999574,-4.197308112107253,-4.197308112107253,-18.50598704294197,0.0,140.00000000000057,140.00000000000057,0.0,14.308678930834718
0201a997-4ac3-4e07-b285-d28eeb3e842f,14.28,True,14.1,14.16,14.28,0.17999999999999972,0.11999999999999922,0.0,-4.581389531050589,-6.394741546017679,-17.279706867197984,60.0000000000005,179.99999999999972,119.99999999999922,1.8133520149670899,12.698317336147394
0201f5ed-0838-4faf-b02d-017f802644ff,10.32,True,9.94,9.94,10.1,0.3800000000000008,0.3800000000000008,0.22000000000000064,-5.738732228531849,-5.738732228531849,-11.686764776533126,0.0,160.00000000000014,160.00000000000014,0.0,5.948032548001277
020201dc-688a-4f18-940e-88d9a38429da,6.8,False,6.75,6.57,6.7,0.04999999999999982,0.22999999999999954,0.09999999999999964,-18.538441489724523,-1.6358260730705387,-15.60227304013163,179.99999999999972,49.99999999999982,129.9999999999999,16.902615416653983,2.936168449592893
0202b276-c507-4e88-9452-1528446d36d9,7.12,False,6.93,6.92,7.1,0.1900000000000004,0.20000000000000018,0.020000000000000462,-2.733687321391298,-2.6237478272888546,-9.75654193476046,9.999999999999787,169.99999999999994,179.99999999999972,0.10993949410244364,7.022854613369161
0203264d-cbd6-4662-ad9a-579c07897a09,5.12,True,4.85,4.9,5.1,0.27000000000000046,0.21999999999999975,0.020000000000000462,-10.02422423632116,-11.07733211580283,-28.329889044208993,50.00000000000071,250.0,199.9999999999993,1.0531078794816704,18.305664807887833
02034c3e-35b3-41bb-973a-d08e1b84554e,8.32,False,7.67,7.82,8.0,0.6500000000000004,0.5,0.3200000000000003,13.791064492893819,8.461435560160902,-5.677223906519783,150.00000000000034,330.00000000000006,179.99999999999972,5.329628932732916,19.468288399413602
0203d705-cf53-4f31-8f21-594a93435121,7.6,True,7.43,7.43,7.6,0.16999999999999993,0.16999999999999993,0.0,13.67540751853237,13.67540751853237,-15.593066855926587,0.0,169.99999999999994,169.99999999999994,0.0,29.268474374458957
0203ff5b-0b35-4e73-a005-bc0ebe8f4c7f,10.573125,False,9.57,9.58,9.7,1.003124999999999,0.9931249999999991,0.8731249999999999,9.478223611812767,8.39858563778077,-7.839742255058154,9.999999999999787,129.999999999999,119.99999999999922,1.0796379740319981,17.31796586687092
02041b6e-99c7-42f4-a16b-711f83591ed7,16.0,False,15.03,15.03,15.1,0.9700000000000006,0.9700000000000006,0.9000000000000004,-9.764230634837011,-9.764230634837011,-17.544133080253072,0.0,70.00000000000028,70.00000000000028,0.0,7.779902445416061
02042c3c-1865-4b55-817c-96cc1fc2f190,6.28,False,6.12,6.12,6.28,0.16000000000000014,0.16000000000000014,0.0,-7.867250814643378,-7.867250814643378,-20.297283589180367,0.0,160.00000000000014,160.00000000000014,0.0,12.43003277453699
02048434-4bf9-44a6-aacb-2deab0eec3d8,11.32,True,11.12,11.1,11.3,0.20000000000000107,0.22000000000000064,0.019999999999999574,-6.454139332890755,-2.8328427107582863,-34.902061607925106,19.999999999999574,180.00000000000148,200.00000000000108,3.6212966221324683,28.44792227503435
02052336-7b8a-4163-bb1e-220c3244a065,3.04,True,2.94,2.96,3.0,0.10000000000000009,0.08000000000000007,0.040000000000000036,0.4959409954802051,-1.0660148158487148,-3.6941312502203973,20.000000000000018,60.00000000000006,40.000000000000036,1.5619558113289198,4.190072245700603
0205a110-448b-49be-a4c6-407a297c9c3c,13.6,True,13.14,13.13,13.2,0.4599999999999991,0.46999999999999886,0.40000000000000036,0.897660970271308,1.1829911155900499,-5.1610272051499635,9.999999999999787,59.99999999999872,69.99999999999851,0.2853301453187419,6.058688175421271
02068728-2519-43ef-a36c-936f4aa5924c,9.2,True,9.02,8.99,9.2,0.17999999999999972,0.20999999999999908,0.0,-1.3342073614956946,3.3976303338310636,-26.661495150975522,29.99999999999936,179.99999999999972,209.9999999999991,4.7318376953267585,25.32728778947983
0206c991-73da-4540-b0df-12f30c450c53,12.0,False,11.76,11.77,12.0,0.2400000000000002,0.23000000000000043,0.0,-4.72652563385028,-4.848334554051276,-16.220769432303392,9.999999999999787,240.00000000000023,230.00000000000043,0.12180892020099598,11.494243798453113
02070e16-42b8-4fba-af30-fc27bb9e9b1d,11.68,False,11.49,11.46,11.68,0.1899999999999995,0.21999999999999886,0.0,3.61957655358463,-0.22191086881847585,7.916736059572158,29.99999999999936,189.9999999999995,219.99999999999886,3.8414874224031057,4.297159505987528
0207eb11-0d13-4083-afd1-c25d0604c6e5,7.2,False,6.93,7.0,7.2,0.27000000000000046,0.20000000000000018,0.0,1.1360260336358863,1.909857127301273,-9.548643506538339,70.00000000000028,270.00000000000045,200.00000000000017,0.7738310936653867,10.684669540174225
0208083d-911f-43dd-ad0a-0b0f6a31064d,5.2,False,4.96,4.96,5.2,0.2400000000000002,0.2400000000000002,0.0,-1.7670423599891807,-1.7670423599891807,-16.24213601602812,0.0,240.00000000000023,240.00000000000023,0.0,14.47509365603894
02083b2a-6e47-4513-8abb-60547f0602ab,9.96,True,9.48,9.51,9.96,0.4800000000000004,0.45000000000000107,0.0,3.293126974400224,3.560121932832285,-13.27056096498536,29.99999999999936,480.00000000000045,450.0000000000011,0.2669949584320608,16.563687939385584
0208a37d-dd97-401f-b095-348c92b0fb5f,7.88,False,7.4,7.44,7.6,0.47999999999999954,0.4399999999999995,0.28000000000000025,-7.249389808401513,-7.29309093584206,-13.620419303969571,40.000000000000036,199.9999999999993,159.99999999999926,0.04370112744054744,6.371029495568059
0208ad59-dcf6-4811-9f15-b088c8919ab5,3.64,True,3.31,3.32,3.6,0.33000000000000007,0.3200000000000003,0.040000000000000036,-1.7846001740035158,-1.9887251079117247,-9.143351933118822,9.999999999999787,290.00000000000006,280.0000000000002,0.20412493390820896,7.358751759115306
0209c6f6-edce-43bf-a6b3-d48650d795f7,6.16,True,5.84,5.84,6.0,0.3200000000000003,0.3200000000000003,0.16000000000000014,-0.26954110333862913,-0.26954110333862913,-15.57898836352483,0.0,160.00000000000014,160.00000000000014,0.0,15.309447260186202
0209c72a-98c5-4ca7-ae85-1d0f0b8ed90f,14.32,False,14.03,14.04,14.3,0.2900000000000009,0.28000000000000114,0.019999999999999574,3.540306450116748,2.3800613501076286,-7.777491232372699,9.999999999999787,270.00000000000136,260.0000000000016,1.1602451000091194,11.317797682489447
020a0088-23fd-4d3a-a8e3-a96b35af7873,8.12,False,7.95,7.95,8.1,0.16999999999999904,0.16999999999999904,0.019999999999999574,7.210507245694169,7.210507245694169,-14.040591722598364,0.0,149.99999999999946,149.99999999999946,0.0,21.25109896829253
020aa607-b20d-4282-b23d-9d5aa2f423bd,4.44,True,4.16,4.11,4.3,0.28000000000000025,0.33000000000000007,0.14000000000000057,-1.5098700859411907,0.22009956847429135,-25.987649521025137,49.99999999999982,139.9999999999997,189.9999999999995,1.729969654415482,24.477779435083946
020aab06-ad42-493d-965f-d1e6644d9e0f,5.92,False,5.68,5.68,5.9,0.2400000000000002,0.2400000000000002,0.019999999999999574,-8.172306600669542,-8.172306600669542,-34.947239814140616,0.0,220.00000000000063,220.00000000000063,0.0,26.774933213471073
020aba38-a9a9-4d74-af34-f40eafcb899f,8.68,True,7.63,7.65,7.8,1.0499999999999998,1.0299999999999994,0.8799999999999999,-6.539701686185963,-5.992569912847711,-8.661192218022912,20.000000000000462,169.99999999999994,149.99999999999946,0.5471317733382524,2.1214905318369484
020af0bf-1186-4a3a-b250-e29ad9d49692,4.08,False,3.79,3.8,4.08,0.29000000000000004,0.28000000000000025,0.0,-6.753302645808264,-6.876208403670098,-6.065149719380472,9.999999999999787,290.00000000000006,280.0000000000002,0.122905757861834,0.6881529264277919
020af393-a85b-4493-a1f4-e5cf68c29d3e,4.6,False,4.43,4.42,4.6,0.16999999999999993,0.17999999999999972,0.0,7.337249160437788,7.075723493661582,-0.04234874616477598,9.999999999999787,169.99999999999994,179.99999999999972,0.2615256667762065,7.379597906602564
020b2041-9717-4595-8ea5-77e2cb944fc0,12.1656875,False,11.64,11.16,11.3,0.5256875000000001,1.0056875000000005,0.8656874999999999,-30.46157478105921,34.281804606327086,19.98355772832688,480.00000000000045,339.9999999999999,140.00000000000057,64.7433793873863,50.445132509386085
020b2470-56e1-4bef-a953-5b4f9c16c774,5.44,False,5.21,5.21,5.4,0.23000000000000043,0.23000000000000043,0.040000000000000036,13.389821538553036,13.389821538553036,8.932120257084916,0.0,190.0000000000004,190.0000000000004,0.0,4.45770128146812
020b34b3-29b1-45a3-a82d-736c0f9a5244,11.0,True,10.64,10.67,10.9,0.35999999999999943,0.33000000000000007,0.09999999999999964,-6.091130522704044,-6.140785375027448,-12.603701480961066,29.99999999999936,259.9999999999998,230.00000000000043,0.049654852323404164,6.5125709582570215
020b3cb0-47f2-44b8-b42f-9bd82b2f9c62,5.24,False,4.86,5.22,5.1,0.3799999999999999,0.020000000000000462,0.14000000000000057,7.501603870752385,-13.871242713150616,-7.792909908794563,359.99999999999943,239.99999999999932,120.00000000000011,21.372846583903,15.294513779546948
020b81aa-0a87-4fe4-91a7-e8f804c0420b,8.6,False,8.52,8.52,8.6,0.08000000000000007,0.08000000000000007,0.0,6.193568677907764,6.193568677907764,-3.0698720690949908,0.0,80.00000000000007,80.00000000000007,0.0,9.263440747002754
020b98ba-abd1-4bd7-b1d8-da061fa346d4,7.0,True,6.65,6.65,6.9,0.34999999999999964,0.34999999999999964,0.09999999999999964,-0.8695314237386895,-0.8695314237386895,-23.896491942186326,0.0,250.0,250.0,0.0,23.026960518447638
020b99d9-0a9e-48f0-b53f-931b0884e90c,2.72,False,2.6,2.62,2.7,0.1200000000000001,0.10000000000000009,0.020000000000000018,-0.32986975188302253,-0.20109095987220763,-6.241552573798336,20.000000000000018,100.00000000000009,80.00000000000007,0.1287787920108149,5.9116828219153135
020baac9-99c5-4c3a-84bc-6edcda8e224f,6.16,True,5.85,5.91,6.16,0.3100000000000005,0.25,0.0,7.412492397710486,3.3166791019428747,-8.826835670093494,60.0000000000005,310.0000000000005,250.0,4.095813295767611,16.23932806780398
020bb335-50e9-4aae-8c5f-b9992e135492,7.32,False,7.0,7.06,7.3,0.3200000000000003,0.2600000000000007,0.020000000000000462,2.8863292842947157,-1.0961090514461276,-15.884305711811729,59.99999999999961,299.99999999999983,240.00000000000023,3.9824383357408433,18.770634996106445
020bc4e2-1b6c-42cf-89e0-c0b4744c5863,3.729,False,3.5,3.52,3.7,0.2290000000000001,0.20900000000000007,0.028999999999999915,2.1260720810087452,-0.869429371144513,-16.74534996401521,20.000000000000018,200.00000000000017,180.00000000000017,2.9955014521532584,18.871422045023955
020beeaa-1fdf-44ab-8aec-75ed0da5cee1,2.32,False,2.15,2.14,2.3,0.16999999999999993,0.17999999999999972,0.020000000000000018,-1.2116655084235632,-0.31227553316397305,-23.249093331774105,9.999999999999787,149.99999999999991,159.9999999999997,0.8993899752595902,22.03742782335054
020bf5ce-50b4-427d-ac68-d1263a3e8877,11.52,False,11.26,11.25,11.3,0.2599999999999998,0.2699999999999996,0.21999999999999886,19.30835105904876,19.09122501033383,19.594535837634382,9.999999999999787,40.000000000000924,50.00000000000071,0.21712604871493113,0.2861847785856213
020c0a37-798d-4316-a3c1-07875c23a3a7,5.2,False,4.98,5.18,5.2,0.21999999999999975,0.020000000000000462,0.0,5.539314334112853,-0.9525315646314104,-0.6323018037932708,199.9999999999993,219.99999999999974,20.000000000000462,6.4918458987442635,6.171616137906124
020c392d-57fa-4bd2-85cb-5efa5b67cb30,4.32,False,4.24,4.24,4.3,0.08000000000000007,0.08000000000000007,0.020000000000000462,4.737394548392813,4.737394548392813,-0.7650160459008466,0.0,59.99999999999961,59.99999999999961,0.0,5.50241059429366
020c77bb-1903-4f61-8e3e-6365027287f1,4.76,True,4.63,4.73,4.76,0.1299999999999999,0.02999999999999936,0.0,4.2532334980328566,0.7137521766093009,-3.3807989652585695,100.00000000000054,129.9999999999999,29.99999999999936,3.5394813214235556,7.634032463291426
020ca605-63fa-4be2-ab25-a09de1386d96,3.68,False,3.47,3.42,3.5,0.20999999999999996,0.26000000000000023,0.18000000000000016,-6.047346070677863,-10.493442013295645,-8.406779771914799,50.00000000000027,29.999999999999805,80.00000000000007,4.446095942617783,2.359433701236936
020cda8e-6647-4342-b8e1-f1f8ed03dae1,4.16,False,4.14,4.15,4.16,0.020000000000000462,0.009999999999999787,0.0,25.877726091086053,24.01316219688071,22.986290295733664,10.000000000000675,20.000000000000462,9.999999999999787,1.864563894205343,2.8914357953523897
020d64fa-de04-4b02-bb77-1e365c2973e6,3.92,True,3.67,3.65,3.8,0.25,0.27,0.1200000000000001,-5.394224236854363,-5.797018206668032,-18.577354415600297,20.000000000000018,129.9999999999999,149.99999999999991,0.40279396981366844,13.183130178745934
020d778b-2698-481d-b5ce-bd46efe2a52a,5.12,True,4.82,4.82,5.0,0.2999999999999998,0.2999999999999998,0.1200000000000001,1.8204977171148475,1.8204977171148475,-17.46554153744536,0.0,179.99999999999972,179.99999999999972,0.0,19.286039254560208
020de31b-2ec3-47c4-aff8-2104c2ca259a,7.28,True,6.84,6.9,7.1,0.4400000000000004,0.3799999999999999,0.1800000000000006,4.657786012181854,3.6966827228170667,-10.506349893524431,60.0000000000005,259.9999999999998,199.9999999999993,0.9611032893647877,15.164135905706285
020e82c4-e30c-46f2-9c3c-0ada7756596e,9.44,True,9.16,9.18,9.3,0.27999999999999936,0.2599999999999998,0.1399999999999988,-16.117918895439285,-16.529926388917723,-22.7029730652957,19.999999999999574,140.00000000000057,120.000000000001,0.4120074934784377,6.5850541698564165
020eaa4b-f693-40a4-8224-b449c2bf37bf,11.0,True,10.89,10.89,11.0,0.10999999999999943,0.10999999999999943,0.0,1.8293949520442132,1.8293949520442132,-12.797921119072235,0.0,109.99999999999943,109.99999999999943,0.0,14.627316071116448
020ebb2c-50be-4d8a-b4a2-f5418f5a41ca,7.76,False,7.46,7.35,7.6,0.2999999999999998,0.41000000000000014,0.16000000000000014,-4.609523483258641,0.6099538542048507,-18.317103056554945,110.00000000000031,139.9999999999997,250.0,5.219477337463492,13.707579573296304
020edbf4-a13f-4497-956b-36228db0d65f,16.0,True,15.03,15.01,15.1,0.9700000000000006,0.9900000000000002,0.9000000000000004,-9.888649313409461,-7.767593103852045,-14.613288448380416,19.999999999999574,70.00000000000028,89.99999999999986,2.121056209557416,4.724639134970955
020f3789-8ce3-4bae-b060-ef4bc0bed035,13.164625,True,12.14,12.17,12.3,1.0246249999999986,0.9946249999999992,0.8646249999999984,7.1109881203884076,5.756517320298566,-11.811435562826945,29.99999999999936,160.00000000000014,130.0000000000008,1.3544708000898416,18.922423683215353
020f4d33-e33e-4482-8867-3572e4ec44aa,14.96,False,14.75,14.75,14.8,0.21000000000000085,0.21000000000000085,0.16000000000000014,1.0189633755470902,1.0189633755470902,-2.8252174875107485,0.0,50.00000000000071,50.00000000000071,0.0,3.8441808630578387
020f83cb-fc6f-485f-aaa5-d79b98a99be5,6.32,True,6.18,6.19,6.3,0.14000000000000057,0.1299999999999999,0.020000000000000462,-7.663550818459412,-7.452981856651058,-13.964436189477075,10.000000000000675,120.00000000000011,109.99999999999943,0.21056896180835416,6.300885371017663
020fee41-0be6-493f-809d-ac1e59db9b34,12.56,True,12.31,12.47,12.56,0.25,0.08999999999999986,0.0,3.2396291067382714,-11.360714178690804,-19.765567920620374,160.00000000000014,250.0,89.99999999999986,14.600343285429076,23.005197027358644
02104330-75de-407d-ad38-16941ba73bf7,6.52,False,6.23,6.26,6.4,0.28999999999999915,0.2599999999999998,0.11999999999999922,23.554599861940364,23.36394171695341,14.237082615243063,29.99999999999936,169.99999999999994,140.00000000000057,0.19065814498695488,9.317517246697301
02107161-d0b8-40fd-8a91-5690a9317943,12.5026875,True,11.62,11.33,11.7,0.8826875000000012,1.1726875000000003,0.8026875000000011,-17.237501205506476,29.811432360214212,-27.147841016428345,289.99999999999915,80.00000000000007,369.9999999999992,47.04893356572069,9.910339810921869
0210970e-40f4-4dd8-81cb-a400201dc9f0,6.12,True,5.95,5.93,6.1,0.16999999999999993,0.1900000000000004,0.020000000000000462,-2.8973131640816967,-0.9190702043998775,-24.667423202745706,20.000000000000462,149.99999999999946,169.99999999999994,1.9782429596818192,21.770110038664008
0211240b-7134-4b2d-9653-c73d8205415c,11.1681875,False,10.19,10.16,10.3,0.9781875000000007,1.0081875,0.8681874999999994,-6.656538615062879,-2.457302441205424,-17.61054079325721,29.99999999999936,110.00000000000121,140.00000000000057,4.1992361738574555,10.954002178194333
021158cd-728c-4e76-a373-f7796433cf1f,7.04,False,6.81,6.81,7.0,0.23000000000000043,0.23000000000000043,0.040000000000000036,2.290461716293659,2.290461716293659,-16.88021390022895,0.0,190.0000000000004,190.0000000000004,0.0,19.170675616522608
0211afdb-70d4-4f5a-bbc0-b3ce566c3be4,7.36,False,7.31,7.31,7.36,0.05000000000000071,0.05000000000000071,0.0,6.194115472659113,6.194115472659113,7.708675059039149,0.0,50.00000000000071,50.00000000000071,0.0,1.5145595863800363
0211d8f3-3f9a-4773-8e96-6964a5ea41b7,4.96,True,4.6,4.78,4.96,0.3600000000000003,0.17999999999999972,0.0,-10.10594647251456,-8.945622139423417,-14.025977344101921,180.0000000000006,360.00000000000034,179.99999999999972,1.1603243330911432,3.920030871587361
02121c87-b5fd-4272-8588-5608c1b02bca,7.48,False,7.33,7.31,7.48,0.15000000000000036,0.17000000000000082,0.0,41.22592718572061,42.73788934428809,6.025663289207352,20.000000000000462,150.00000000000034,170.00000000000082,1.511962158567485,35.200263896513256
021246eb-1686-48f6-99de-c588dcd27a58,12.36,True,12.16,12.14,12.3,0.1999999999999993,0.21999999999999886,0.05999999999999872,-13.785665658718617,-10.928019811889056,-37.39723856419956,19.999999999999574,140.00000000000057,160.00000000000014,2.857645846829561,23.611572905480944
02126796-6c82-4d27-9349-79cfc79c0d8f,4.2414375,True,3.07,4.07,3.7,1.1714375000000001,0.1714374999999997,0.5414374999999998,0.0992245571378604,-1.7488315283554745,-12.709469910201186,1000.0000000000005,630.0000000000003,370.0000000000001,1.848056085493335,12.808694467339047
0212b3e4-c6b4-4283-9a2f-d0e59fb299e7,4.72,False,4.5,4.49,4.6,0.21999999999999975,0.22999999999999954,0.1200000000000001,-11.196816789319374,-10.708253440568106,-22.517435159388853,9.999999999999787,99.99999999999964,109.99999999999943,0.48856334875126883,11.320618370069479
02131a81-03fd-4792-b826-8f6137df2a23,11.96,False,11.74,11.7,11.8,0.22000000000000064,0.26000000000000156,0.16000000000000014,-6.7837885799419295,-4.040320883535959,-15.659931901588505,40.000000000000924,60.0000000000005,100.00000000000142,2.74346769640597,8.876143321646577
0213d7d4-3405-4b65-b92d-ed958535dfbf,14.16,True,11.88,12.81,12.2,2.2799999999999994,1.3499999999999996,1.9600000000000009,-2.6465845880080585,-6.191608320090663,-7.834915243336535,929.9999999999998,319.9999999999985,610.0000000000013,3.5450237320826044,5.1883306553284765
02141914-6e11-4e52-9083-851ffb60e5f0,7.6,False,7.47,7.48,7.6,0.1299999999999999,0.11999999999999922,0.0,-0.9805481721303699,-0.9649349450370863,-6.986754199135213,10.000000000000675,129.9999999999999,119.99999999999922,0.01561322709328361,6.0062060270048425
02147335-aa98-411d-b8d8-6b9662afd01a,9.16,True,8.93,8.94,9.16,0.23000000000000043,0.22000000000000064,0.0,5.137930395162924,5.056471149797853,-12.95380751754771,9.999999999999787,230.00000000000043,220.00000000000063,0.08145924536507021,18.091737912710634
02147ed6-bbf3-407b-a924-5f055a2fc955,4.04,True,3.82,3.8,3.9,0.2200000000000002,0.2400000000000002,0.14000000000000012,-9.868764965077368,-8.47553185633469,-18.819024695305888,20.000000000000018,80.00000000000007,100.00000000000009,1.3932331087426775,8.95025973022852
02148553-491b-4a3c-8f83-f48bbc6f3426,16.0,False,10.87,15.6,11.0,5.130000000000001,0.40000000000000036,5.0,4.89615435647494,1.3482973879690265,-15.485878541709665,4730.0,130.0000000000008,4600.0,3.547856968505914,20.382032898184605
02148c5c-29de-40be-affd-5822e6452feb,16.0,True,14.84,14.88,15.2,1.1600000000000001,1.1199999999999992,0.8000000000000007,4.22495143803734,0.7581185533615467,-11.06904470413733,40.000000000000924,359.99999999999943,319.9999999999985,3.466832884675793,15.29399614217467
02149a70-e78c-4ed7-9bed-8666f42f7071,3.091,False,3.07,3.09,3.091,0.02100000000000035,0.001000000000000334,0.0,-3.4591747055098185,-1.9266550222940062,-0.9709494711220438,20.000000000000018,21.00000000000035,1.000000000000334,1.5325196832158123,2.488225234387775
0214a4ff-3cf1-4956-b6cb-eaffa355cdef,8.84,False,8.61,8.6,8.8,0.23000000000000043,0.2400000000000002,0.03999999999999915,8.269534061589589,7.487967069578143,0.814419390738275,9.999999999999787,190.00000000000128,200.00000000000108,0.7815669920114461,7.455114670851314
0214b314-7d47-498d-863c-6171b45344a2,7.72,True,7.61,7.58,7.7,0.10999999999999943,0.13999999999999968,0.019999999999999574,-15.263999705683975,-13.99534827883882,-22.839194542735452,30.00000000000025,89.99999999999986,120.00000000000011,1.268651426845155,7.575194837051477
0214d7e3-7642-4963-b3d0-954d6e80418b,4.28,True,4.01,4.14,4.28,0.27000000000000046,0.14000000000000057,0.0,0.33540244927292456,-2.2469057384173134,-11.241254452288487,129.9999999999999,270.00000000000045,140.00000000000057,2.582308187690238,11.576656901561412
02150503-0491-4f7d-ac70-ca914a45a066,14.84,True,14.54,14.54,14.7,0.3000000000000007,0.3000000000000007,0.14000000000000057,-13.165689789422633,-13.165689789422633,-28.44224612991958,0.0,160.00000000000014,160.00000000000014,0.0,15.276556340496949
02152541-291f-4072-bff9-766596f9edb3,6.12,False,5.87,5.89,6.1,0.25,0.23000000000000043,0.020000000000000462,-9.510423139284438,-9.745699925275472,-21.834461524310196,19.999999999999574,229.99999999999955,209.99999999999997,0.23527678599103474,12.324038385025759
02156192-9c8e-457f-9926-bc39451a3f6f,3.753,False,3.42,3.43,3.753,0.3330000000000002,0.32299999999999995,0.0,-2.341022895808546,-3.1602080883366024,-30.712875851488963,10.000000000000231,333.00000000000017,322.99999999999994,0.8191851925280562,28.371852955680417
0215fc53-5065-49d5-b60b-7bd8cacb3ae0,12.56,False,12.33,12.32,12.56,0.23000000000000043,0.2400000000000002,0.0,29.42548786934267,29.04708415516326,7.039620703295636,9.999999999999787,230.00000000000043,240.00000000000023,0.37840371417940943,22.385867166047035
02160d2a-03b8-4f7e-964d-8ed96ed23214,5.32,True,5.01,5.0,5.1,0.3100000000000005,0.3200000000000003,0.22000000000000064,-1.32931420576733,-0.8260997623361481,-14.967235011976678,9.999999999999787,89.99999999999986,99.99999999999964,0.5032144434311818,13.637920806209348
0216471e-c29d-4d06-9ecd-928f313b2238,3.84,True,3.56,3.67,3.8,0.2799999999999998,0.16999999999999993,0.040000000000000036,-0.9700357284945844,-1.7790927164903054,-14.3216160778119,109.99999999999987,239.99999999999977,129.9999999999999,0.809056987995721,13.351580349317315
0216875c-0145-41a1-a2cf-14017d11fd1f,8.72,True,8.48,8.49,8.6,0.2400000000000002,0.23000000000000043,0.120000000000001,-1.7442435107400582,-1.744269264945484,-19.16187652961148,9.999999999999787,119.99999999999922,109.99999999999943,2.5754205425831955e-05,17.41763301887142
0216a7fc-9e16-4ce8-8f0b-47c629afd24d,16.0,True,15.12,15.08,15.2,0.8800000000000008,0.9199999999999999,0.8000000000000007,21.31741250915172,24.986271918757343,4.947578626798173,39.99999999999915,80.00000000000007,119.99999999999922,3.6688594096056235,16.369833882353547
0216f3d9-a76e-4050-9403-fa28134c26d6,12.5935,True,11.57,11.57,11.7,1.0235000000000003,1.0235000000000003,0.8935000000000013,-13.96249609932209,-13.96249609932209,-17.283243281520495,0.0,129.999999999999,129.999999999999,0.0,3.3207471821984047
0216f986-9b7d-4a30-878b-3b246ba1f939,4.64,True,4.64,4.63,4.6,0.0,0.009999999999999787,0.040000000000000036,-13.288356947635036,-12.870711687073559,-12.308743331900292,9.999999999999787,40.000000000000036,30.00000000000025,0.41764526056147666,0.9796136157347437
02172aab-c91a-4082-9aef-2a43373d5746,6.9188125,True,5.91,5.93,6.1,1.0088124999999994,0.9888124999999999,0.8188124999999999,-5.559452536776782,-6.228861480517381,-18.21433720730318,19.999999999999574,189.9999999999995,169.99999999999994,0.6694089437405983,12.6548846705264
021758cd-5c50-4d64-8bab-b826a0d6427d,14.921625,False,14.66,11.35,11.5,0.26162500000000044,3.571625000000001,3.4216250000000006,1.7460761939500284,24.269040520412027,9.130926040000668,3310.0000000000005,3160.0,150.00000000000034,22.522964326462,7.38484984605064
0217671f-6016-4f8b-b3d4-404b904bd81b,7.92,True,7.73,7.71,7.9,0.1899999999999995,0.20999999999999996,0.019999999999999574,-17.567863902034798,-16.52148263316969,-29.548075647637397,20.000000000000462,169.99999999999994,190.0000000000004,1.0463812688651082,11.980211745602599
021779fd-1bef-401a-8370-093e9f549341,4.96,True,4.58,4.66,4.96,0.3799999999999999,0.2999999999999998,0.0,-4.395390781053778,-4.187349647162055,-14.82971785272634,80.00000000000007,379.9999999999999,299.99999999999983,0.20804113389172318,10.434327071672563
0217a960-5731-480c-874c-c28ebe7306b4,7.52,False,7.38,7.36,7.5,0.13999999999999968,0.15999999999999925,0.019999999999999574,-11.08425466418613,-11.09783120508033,-18.211989873220727,19.999999999999574,120.00000000000011,139.9999999999997,0.013576540894201017,7.127735209034597
0217bc1a-4ea7-4410-a3ae-075225aea605,5.16,False,5.16,5.16,5.16,0.0,0.0,0.0,-8.563028221152608,-8.563028221152608,-8.563028221152608,0.0,0.0,0.0,0.0,0.0
0217d4c7-5f17-4885-93cd-0cdb43953e99,5.4,True,5.14,5.13,5.4,0.2600000000000007,0.27000000000000046,0.0,6.499489803680837,6.251605045538548,-30.342079937978788,9.999999999999787,260.0000000000007,270.00000000000045,0.24788475814228939,36.841569741659626
0217e123-80c5-4b4d-9035-461b7b4c7877,8.0,True,7.52,7.83,8.0,0.4800000000000004,0.16999999999999993,0.0,-1.7842447184238732,-8.533804329731613,-10.449615246345626,310.0000000000005,480.00000000000045,169.99999999999994,6.749559611307739,8.665370527921754
021806b7-a934-448f-b26e-942b7d82dea7,5.52,True,5.24,5.24,5.4,0.27999999999999936,0.27999999999999936,0.11999999999999922,-3.2470661689878266,-3.2470661689878266,-22.405617251254554,0.0,160.00000000000014,160.00000000000014,0.0,19.158551082266726
02180e30-eff9-4da8-9c4a-f2b845ab72b9,7.4,False,7.27,7.21,7.3,0.13000000000000078,0.1900000000000004,0.10000000000000053,-10.707865536733639,-5.5728565398245635,-14.31983488857154,59.99999999999961,30.00000000000025,89.99999999999986,5.135008996909075,3.6119693518379012
021823b6-2e62-4f7c-9948-acd27dc2236c,7.32,True,7.21,7.11,7.2,0.11000000000000032,0.20999999999999996,0.1200000000000001,-1.3633680571354658,-7.644280850783163,-1.9454955632560436,99.99999999999964,9.999999999999787,89.99999999999986,6.280912793647698,0.5821275061205777
0218cff5-f724-4ad6-b9a9-90499688ccf4,8.08,True,7.85,8.01,8.08,0.23000000000000043,0.07000000000000028,0.0,-8.645929727570982,-10.82067040725024,-9.9575716328607,160.00000000000014,230.00000000000043,70.00000000000028,2.1747406796792585,1.3116419052897186
0218dc5f-6ff7-4005-aa2e-a38249f54575,6.12,True,5.88,5.89,6.1,0.2400000000000002,0.23000000000000043,0.020000000000000462,-3.115618209749995,-3.3610331024898645,-16.879032046140875,9.999999999999787,219.99999999999974,209.99999999999997,0.24541489273986938,13.76341383639088
02194a2d-d082-45bd-947b-143b3c6a504f,7.6,False,7.53,7.57,7.6,0.0699999999999994,0.02999999999999936,0.0,-6.288107935883778,-8.39967288759886,-10.028253820793667,40.000000000000036,69.9999999999994,29.99999999999936,2.111564951715083,3.7401458849098894
0219708d-bd0c-4301-8e45-ca35f025cdd5,12.04,False,11.73,11.76,11.9,0.3099999999999987,0.27999999999999936,0.1399999999999988,-1.4650510833509267,-3.7002265188120598,-11.318621860386415,29.99999999999936,169.99999999999994,140.00000000000057,2.235175435461133,9.853570777035488
02198b59-c5e3-4c6a-b36f-0fa66ea798b2,8.1066875,False,7.97,7.95,8.1,0.13668749999999985,0.15668749999999942,0.006687499999999957,70.90401104264436,73.62311884658436,19.74069782739197,19.999999999999574,129.9999999999999,149.99999999999946,2.7191078039400054,51.16331321525239
0219a0dc-634d-4a7a-8b12-98826dfc79b8,7.24,True,6.95,6.93,7.0,0.29000000000000004,0.3100000000000005,0.2400000000000002,-9.919814824641412,-9.077685775490233,-19.022581930277152,20.000000000000462,49.99999999999982,70.00000000000028,0.842129049151179,9.10276710563574
0219b411-d782-4203-9e08-8f02d9e96baa,2.816,True,2.56,2.41,2.8,0.2559999999999998,0.4059999999999997,0.016000000000000014,-12.214145683728475,-5.88833700054728,-35.47519560865559,149.99999999999991,239.99999999999977,389.99999999999966,6.325808683181195,23.261049924927114
0219d570-0971-4085-9bfb-85070e12abe1,7.8,False,7.8,7.8,7.8,0.0,0.0,0.0,-11.16569837193609,-11.16569837193609,-11.16569837193609,0.0,0.0,0.0,0.0,0.0
021a3fb4-e407-453b-933d-a66797dfca05,9.84,False,9.63,9.61,9.7,0.20999999999999908,0.23000000000000043,0.14000000000000057,51.795981151111945,54.217151956219524,35.73698015385199,20.00000000000135,69.99999999999851,89.99999999999986,2.421170805107579,16.059000997259957
021a96ba-9b43-46fa-995f-f670eff8056d,3.28,False,2.93,3.0,3.28,0.34999999999999964,0.2799999999999998,0.0,2.177913533006745,3.1636156983061707,-0.35711196917187915,69.99999999999984,349.99999999999966,279.99999999999983,0.9857021652994256,2.535025502178624
021b39b4-1512-4e25-b577-5cab1e0dcd27,2.60625,True,2.17,2.17,2.3,0.43625000000000025,0.43625000000000025,0.30625000000000036,-12.66420556003434,-12.66420556003434,-24.68071277154069,0.0,129.9999999999999,129.9999999999999,0.0,12.016507211506351
021b96ba-fae5-4d81-aaf6-2ffb62ae8270,8.28,True,8.05,8.05,8.28,0.22999999999999865,0.22999999999999865,0.0,2.1841276519620063,2.1841276519620063,-27.88362123470497,0.0,229.99999999999864,229.99999999999864,0.0,30.067748886666976
021bb425-bcf8-47a0-b8f8-84001b0c774a,5.36,True,5.18,5.16,5.36,0.1800000000000006,0.20000000000000018,0.0,-4.368261633880199,-3.4210919095251957,-38.63091860833947,19.999999999999574,180.0000000000006,200.00000000000017,0.9471697243550037,34.26265697445927
021bfdf2-671a-4707-b35f-8ac80061a904,5.48,True,5.33,5.28,5.48,0.15000000000000036,0.20000000000000018,0.0,2.893503441252409,3.8450884921785295,-32.81006049110089,49.99999999999982,150.00000000000034,200.00000000000017,0.9515850509261203,35.7035639323533
021c4735-f95f-40cb-812b-9cb5749dd36e,8.96,False,8.94,8.95,8.96,0.02000000000000135,0.010000000000001563,0.0,-5.263291170656786,-5.358574485667724,-5.251204384507062,9.999999999999787,20.00000000000135,10.000000000001563,0.09528331501093756,0.012086786149724027
021cbaf0-4bc5-411b-af46-35473e562638,10.8,False,10.48,10.51,10.8,0.3200000000000003,0.2900000000000009,0.0,10.831952529933876,11.47175988723317,-4.286247570013398,29.99999999999936,320.0000000000003,290.0000000000009,0.6398073572992935,15.118200099947273
021d45d2-a6ce-4648-bf69-8d9fb786606d,9.56,True,9.34,9.34,9.56,0.22000000000000064,0.22000000000000064,0.0,-1.6360602115015668,-1.6360602115015668,-28.287005057359934,0.0,220.00000000000063,220.00000000000063,0.0,26.65094484585837
021d7b8a-fe8b-41c3-a1ee-5e0600290fbc,4.08,True,3.78,3.77,4.08,0.30000000000000027,0.31000000000000005,0.0,21.33920548582882,22.402380148477157,-14.261583210495791,9.999999999999787,300.0000000000003,310.00000000000006,1.0631746626483363,35.600788696324614
021de17d-ccb7-44f2-a379-06b7d372931b,8.32,False,8.09,8.09,8.3,0.23000000000000043,0.23000000000000043,0.019999999999999574,10.482726634208326,10.482726634208326,-18.915903154379468,0.0,210.00000000000085,210.00000000000085,0.0,29.398629788587794
021dff79-b915-489c-9f7b-f623f2289cce,8.2,True,8.09,8.09,8.2,0.10999999999999943,0.10999999999999943,0.0,6.46869452137131,6.46869452137131,-16.28718149432903,0.0,109.99999999999943,109.99999999999943,0.0,22.755876015700338
021e013a-96ee-457a-b659-ab7f772d6763,4.2,False,3.95,3.93,4.1,0.25,0.27,0.10000000000000053,4.701351900050734,4.442063634313649,-14.420384279849838,20.000000000000018,149.99999999999946,169.9999999999995,0.2592882657370854,19.121736179900573
021e2610-409d-483e-9ef6-0ff16eba0732,14.32,False,14.04,14.05,14.3,0.28000000000000114,0.2699999999999996,0.019999999999999574,-0.1031437453379331,-0.6913200505056074,-8.263486365627685,10.000000000001563,260.0000000000016,250.0,0.5881763051676743,8.160342620289752
021e799d-8291-46cf-9eba-54e104dc4d01,7.31425,False,5.97,5.97,6.1,1.3442500000000006,1.3442500000000006,1.2142500000000007,4.3949343637456355,4.3949343637456355,-4.73161085081017,0.0,129.9999999999999,129.9999999999999,0.0,9.126545214555804
021eb133-b26c-43dd-970d-7915aab9a6cf,11.7336875,True,11.48,10.72,10.9,0.25368749999999984,1.0136874999999996,0.8336874999999999,-34.297907413267104,10.858776459668984,1.1558695817035554,759.9999999999998,580.0000000000001,179.99999999999972,45.156683872936085,35.45377699497066
021eb94f-7d4b-4788-9228-6a8cf41f5219,6.68,False,6.52,6.51,6.68,0.16000000000000014,0.16999999999999993,0.0,-10.017010801534145,-9.32476998819607,-27.508113428959028,9.999999999999787,160.00000000000014,169.99999999999994,0.6922408133380742,17.491102627424883
021ed574-0454-4453-9af6-0b92e26b6b6c,8.44,True,8.12,8.17,8.4,0.3200000000000003,0.2699999999999996,0.03999999999999915,-7.77291060854825,-8.771843634168285,-20.317649213672034,50.00000000000071,280.00000000000114,230.00000000000043,0.9989330256200342,12.544738605123783
021efaf7-b48e-4e96-b49b-977b5e8a0f6c,5.4,False,5.26,5.38,5.4,0.14000000000000057,0.020000000000000462,0.0,0.11464392229369133,-6.562945918559196,-7.310049194753628,120.00000000000011,140.00000000000057,20.000000000000462,6.677589840852887,7.424693117047319
021f80ad-7f9a-42ee-9f43-79c580289036,2.56,True,2.38,2.36,2.56,0.18000000000000016,0.20000000000000018,0.0,-14.729400750295195,-13.342977589344516,-41.765218031566086,20.000000000000018,180.00000000000017,200.00000000000017,1.3864231609506792,27.03581728127089
021fe86f-ba6f-4a68-8e67-f6823a7ab5b3,2.88,False,2.57,2.72,2.88,0.31000000000000005,0.1599999999999997,0.0,6.214814383274047,2.6798998097060065,-12.358357736657467,150.00000000000034,310.00000000000006,159.9999999999997,3.5349145735680403,18.573172119931513
0220976b-b273-422a-8040-f60453c65db1,7.52,False,7.24,7.27,7.5,0.27999999999999936,0.25,0.019999999999999574,6.773760989438487,8.831180230364511,4.495650569713616,29.99999999999936,259.9999999999998,230.00000000000043,2.0574192409260244,2.2781104197248707
0221019e-8792-48cd-9d1f-1a0c5cf24a67,6.16,True,5.93,5.96,6.16,0.23000000000000043,0.20000000000000018,0.0,-6.514447725992536,-6.453103956956825,-14.675976340549937,30.00000000000025,230.00000000000043,200.00000000000017,0.061343769035710594,8.161528614557401
0221537b-b755-4e5c-9417-6edb9ef68555,3.88,True,3.64,3.62,3.7,0.23999999999999977,0.2599999999999998,0.17999999999999972,-1.3144904777069106,-0.696026948141228,-7.85172409364215,20.000000000000018,60.00000000000006,80.00000000000007,0.6184635295656826,6.537233615935239
02215a4c-3966-4994-9dad-442919e7b258,5.0,False,4.81,4.81,5.0,0.1900000000000004,0.1900000000000004,0.0,15.032383210588218,15.032383210588218,12.939347868682185,0.0,190.0000000000004,190.0000000000004,0.0,2.093035341906033
02215cc7-228d-46bd-8be8-3f3033f6a04b,6.485375,True,6.28,6.19,6.4,0.20537500000000009,0.29537499999999994,0.08537499999999998,-10.623301866516933,-5.512026116399486,-25.76520182187985,89.99999999999986,120.00000000000011,209.99999999999997,5.111275750117446,15.141899955362916
0222168e-377e-4d50-aa33-a20a28ba360d,3.88,True,3.68,3.68,3.88,0.19999999999999973,0.19999999999999973,0.0,-11.759771159310356,-11.759771159310356,-25.804765521334428,0.0,199.99999999999974,199.99999999999974,0.0,14.044994362024072
022221ff-9dad-4ceb-85fc-ecb744d62a84,11.914625,False,11.0,10.96,11.1,0.9146249999999991,0.9546249999999983,0.8146249999999995,3.8318891353085487,9.644199004753691,-9.502423565819598,39.99999999999915,99.99999999999964,139.9999999999988,5.8123098694451425,13.334312701128146
02228a6d-3bf6-417e-ac0b-c7fdf9093ed3,6.56,True,6.33,6.31,6.4,0.22999999999999954,0.25,0.15999999999999925,-6.643162479633912,-3.2657724695977555,-15.949111136434787,20.000000000000462,70.00000000000028,90.00000000000074,3.377390010036157,9.305948656800876
0222bf21-c7b0-44f8-93c7-777e6062756d,8.92,True,8.54,8.55,8.8,0.3800000000000008,0.3699999999999992,0.11999999999999922,2.153941172809182,1.6809878076049165,-22.267158512878943,10.000000000001563,260.0000000000016,250.0,0.4729533652042657,24.421099685688127
0222ecb4-6db1-4157-8f94-9b2fb3eae1e2,7.44,True,7.15,7.18,7.4,0.29000000000000004,0.2600000000000007,0.040000000000000036,0.3235029821556903,-1.2214098293279996,-12.704895636059213,29.99999999999936,250.0,220.00000000000063,1.5449128114836899,13.028398618214903
0222f411-4d11-4282-a176-07c68bb2aed5,3.2,True,3.01,3.0,3.2,0.1900000000000004,0.20000000000000018,0.0,-15.588955662038035,-14.148654797775622,-31.132078812854125,9.999999999999787,190.0000000000004,200.00000000000017,1.4403008642624133,15.54312315081609
0223262c-ecaa-4cce-8cb2-40166d1b4b85,10.24,True,10.04,10.03,10.2,0.20000000000000107,0.21000000000000085,0.040000000000000924,6.115542073546957,6.223645213043287,-16.24958859811917,9.999999999999787,160.00000000000014,169.99999999999994,0.10810313949633077,22.36513067166613
02236339-7d2d-46ce-a32c-94bd745a1ce5,7.8,True,7.67,7.64,7.8,0.1299999999999999,0.16000000000000014,0.0,-16.1281464365102,-11.456511222559465,-36.18737701544876,30.00000000000025,129.9999999999999,160.00000000000014,4.671635213950735,20.05923057893856
022390b1-fef7-4e8e-862b-26f1bbbc0641,7.84,True,7.57,7.66,7.8,0.2699999999999996,0.17999999999999972,0.040000000000000036,-6.294454595691317,-4.867669599307577,-8.789163887188337,89.99999999999986,229.99999999999955,139.9999999999997,1.4267849963837396,2.4947092914970206
02240a82-b127-407d-a3e5-270538bbc159,7.48,False,7.26,7.24,7.4,0.22000000000000064,0.2400000000000002,0.08000000000000007,-17.37563401957063,-17.246728333888097,-37.38825692613952,19.999999999999574,140.00000000000057,160.00000000000014,0.12890568568253258,20.01262290656889
02243048-d643-4bed-988e-a8968db26ff8,1.93125,True,1.93,1.93,1.9,0.0012499999999999734,0.0012499999999999734,0.03125,-5.847428887822134,-5.847428887822134,-1.9726226953274422,0.0,30.00000000000003,30.00000000000003,0.0,3.8748061924946917
02244e21-c240-4276-9a32-8c20564ea4e9,4.52,False,4.26,4.09,4.3,0.2599999999999998,0.4299999999999997,0.21999999999999975,17.38475326333688,30.25850602729273,7.870198822465811,169.99999999999994,40.000000000000036,209.99999999999997,12.87375276395585,9.514554440871068
0224569e-848e-417b-af01-b38aa2f94d17,9.16,False,8.95,8.87,9.16,0.21000000000000085,0.2900000000000009,0.0,7.508760373399365,12.897390049005125,3.49982505491742,80.00000000000007,210.00000000000085,290.0000000000009,5.38862967560576,4.008935318481946
0224598b-a393-4cb7-8a32-374722d867ec,9.9068125,False,8.92,8.92,9.1,0.9868124999999992,0.9868124999999992,0.8068124999999995,-4.876155128989988,-4.876155128989988,-13.602187943722381,0.0,179.99999999999972,179.99999999999972,0.0,8.726032814732392
02257101-cd50-4b0a-a710-932b78076e01,5.88,False,5.66,5.64,5.88,0.21999999999999975,0.2400000000000002,0.0,-2.7477672245867146,1.3299197606312765,-26.930259346892566,20.000000000000462,219.99999999999974,240.00000000000023,4.077686985217991,24.182492122305852
02259284-20ad-48a8-85f1-10a12166fc0e,2.56,False,0.96,1.96,2.56,1.6,0.6000000000000001,0.0,6.720484693803301,-2.291437101280816,-2.735499071533346,1000.0,1600.0,600.0000000000001,9.011921795084117,9.455983765336647
02266281-2f96-439a-abcf-6b3414776c00,13.68,True,13.39,13.4,13.6,0.28999999999999915,0.27999999999999936,0.08000000000000007,-12.854050706831181,-13.213274591942492,-20.876531713149127,9.999999999999787,209.9999999999991,199.9999999999993,0.35922388511131054,8.022481006317946
0226aaad-d0b0-4196-9bac-b24a0c134afb,4.48,True,4.21,4.21,4.3,0.27000000000000046,0.27000000000000046,0.1800000000000006,-0.1851292800681189,-0.1851292800681189,-5.457036688776295,0.0,89.99999999999986,89.99999999999986,0.0,5.271907408708176
0226c2ef-c415-4ad9-a96e-9ee1453ac5be,5.12,False,4.65,4.77,5.1,0.46999999999999975,0.35000000000000053,0.020000000000000462,1.03493371397534,0.6608911968624608,-3.241852513148333,119.99999999999922,449.9999999999993,330.00000000000006,0.3740425171128793,4.276786227123673
0226d8b5-6c64-4e01-9da9-8c08e7094fa8,8.08,True,7.71,7.97,8.08,0.3700000000000001,0.11000000000000032,0.0,-3.4989378845268155,-4.207520918715601,-8.352195757519864,259.9999999999998,370.0000000000001,110.00000000000031,0.7085830341887855,4.853257872993048
02271558-0622-4605-bbb8-d7cdc87d5380,5.08,True,4.77,4.76,4.9,0.3100000000000005,0.3200000000000003,0.17999999999999972,9.627646730053034,9.48552626763652,-6.404137779920283,9.999999999999787,130.0000000000008,140.00000000000057,0.14212046241651421,16.031784509973317
022760e9-bbda-4610-b1a9-7905b70d2b17,3.6670625,True,3.07,3.07,3.2,0.5970625000000003,0.5970625000000003,0.46706249999999994,4.615284728115213,4.615284728115213,-12.976137922194807,0.0,130.00000000000034,130.00000000000034,0.0,17.591422650310022
02276f89-24ad-4f73-b6f2-749fb5383504,7.16,False,7.01,7.01,7.16,0.15000000000000036,0.15000000000000036,0.0,-6.537155789001521,-6.537155789001521,-8.345106059337116,0.0,150.00000000000034,150.00000000000034,0.0,1.8079502703355947
02289cc7-7b47-44ef-9235-914f68709c44,8.44,False,8.24,8.23,8.4,0.1999999999999993,0.20999999999999908,0.03999999999999915,37.81270531158353,37.61614621095207,20.989093114000884,9.999999999999787,160.00000000000014,169.99999999999994,0.1965591006314611,16.823612197582644
02295e85-3eb3-4031-8a24-81b823397ae9,12.7656875,True,11.8,11.77,11.9,0.9656874999999996,0.9956875000000007,0.8656874999999999,-11.493992455004259,-10.53315806291655,-19.145776113244647,30.000000000001137,99.99999999999964,130.0000000000008,0.9608343920877083,7.651783658240388
0229962c-f5a6-4d5c-9dd5-9671e4c6b442,6.48,True,6.42,6.46,6.48,0.0600000000000005,0.020000000000000462,0.0,-13.027814031966416,-15.57882655104303,-16.270443351447906,40.000000000000036,60.0000000000005,20.000000000000462,2.551012519076613,3.2426293194814892
0229f0f8-1554-445e-9c8d-4c4b239fa444,7.4,True,7.23,7.21,7.4,0.16999999999999993,0.1900000000000004,0.0,-3.5429005597869243,-1.992416862838811,-15.554275657107244,20.000000000000462,169.99999999999994,190.0000000000004,1.5504836969481133,12.01137509732032
0229fe08-17ca-4819-aa15-6381a91580a0,15.88,False,15.71,15.7,15.88,0.16999999999999993,0.1800000000000015,0.0,3.475040973447871,4.28174640608858,13.105973860796706,10.000000000001563,169.99999999999994,180.00000000000148,0.8067054326407086,9.630932887348834
022a847a-a1e4-4fa6-90f3-8c4f2cdefcff,2.88,False,2.82,2.79,2.88,0.06000000000000005,0.08999999999999986,0.0,-3.6537841159240614,-0.5467072021982066,-16.116395152719043,29.999999999999805,60.00000000000006,89.99999999999986,3.1070769137258547,12.462611036794982
022ab591-97f2-4d32-b346-c9f1bc4102b1,4.84,True,4.38,4.54,4.7,0.45999999999999996,0.2999999999999998,0.13999999999999968,0.8976811368450224,-2.4985486887607955,-12.04038448478152,160.00000000000014,320.0000000000003,160.00000000000014,3.396229825605818,12.938065621626542
022af165-0f32-4846-b63b-1e9cabd2a37e,10.64,False,10.46,10.47,10.6,0.17999999999999972,0.16999999999999993,0.040000000000000924,-0.5592729749551922,-0.6709081497592171,-2.9024229721753723,9.999999999999787,139.9999999999988,129.999999999999,0.11163517480402485,2.34314999722018
022b8e3f-2cb8-4b4a-8763-c49f94be18b5,13.616625,False,13.56,13.38,12.8,0.05662500000000037,0.23662500000000009,0.8166250000000002,-4.750462751438548,-24.879713251206113,-4.7359589997182185,179.99999999999972,759.9999999999998,580.0000000000001,20.129250499767565,0.014503751720329028
022bbcea-167a-4f6e-82be-053448147bd5,2.52,False,2.27,2.27,2.4,0.25,0.25,0.1200000000000001,-2.0047822484597937,-2.0047822484597937,-18.65774148886608,0.0,129.9999999999999,129.9999999999999,0.0,16.652959240406286
022bd2da-3199-43e4-be10-51487ac8fe68,4.5859375,True,4.42,4.4,4.5859375,0.16593750000000007,0.18593749999999964,0.0,-13.278615491641558,-12.25029790004452,-27.48367587231744,19.999999999999574,165.93750000000006,185.93749999999966,1.0283175915970375,14.205060380675883
022bdfe4-cfcb-45f2-9c5d-3b37519f0ceb,15.2,True,14.81,14.81,14.9,0.3899999999999988,0.3899999999999988,0.29999999999999893,-7.211958174797168,-7.211958174797168,-17.70181442487354,0.0,89.99999999999986,89.99999999999986,0.0,10.489856250076372
022c22a3-24be-45ac-a2b2-a59decfcfa41,13.703125,False,12.73,12.71,12.9,0.9731249999999996,0.9931249999999991,0.8031249999999996,15.00218194240596,15.172325565291478,-6.7889229236263,19.999999999999574,169.99999999999994,189.9999999999995,0.17014362288551865,21.79110486603226
022d0429-cbea-430b-bb08-7cd26bc51085,3.72,True,3.52,3.52,3.7,0.20000000000000018,0.20000000000000018,0.020000000000000018,-15.094841482199136,-15.094841482199136,-38.91074761583421,0.0,180.00000000000017,180.00000000000017,0.0,23.815906133635075
022d2d68-5f35-46c4-9f9d-b2b7fac48e4e,3.52,False,2.91,3.06,3.2,0.6099999999999999,0.45999999999999996,0.31999999999999984,0.6220014957275679,-0.431360904602512,-2.6220242528632074,149.99999999999991,290.00000000000006,140.0000000000001,1.0533624003300799,3.2440257485907753
022d4631-417f-4363-85b7-60570b41fc3a,8.96,False,8.62,8.64,8.8,0.34000000000000163,0.3200000000000003,0.16000000000000014,5.385342937329507,4.730679080252387,4.443968346267015,20.00000000000135,180.00000000000148,160.00000000000014,0.6546638570771197,0.941374591062492
022da0a5-21f8-4623-8517-fa4a705f7754,5.68,False,5.49,5.5,5.68,0.1899999999999995,0.17999999999999972,0.0,12.763893645102723,12.180703192584803,-0.46429389926952497,9.999999999999787,189.9999999999995,179.99999999999972,0.5831904525179201,13.228187544372247
022dc5b7-46ac-464d-9236-cf034e517641,12.765375,False,11.75,11.76,12.0,1.0153750000000006,1.0053750000000008,0.7653750000000006,0.11939757274344903,-0.11385930549564151,-8.587896299278908,9.999999999999787,250.0,240.00000000000023,0.23325687823909053,8.707293872022356
022dc7ab-a4e2-4b3e-b386-ca0732fbb187,9.52,True,9.29,9.29,9.4,0.23000000000000043,0.23000000000000043,0.11999999999999922,-2.3918309931013475,-2.3918309931013475,-18.280456884003165,0.0,110.00000000000121,110.00000000000121,0.0,15.888625890901817
022dcf60-a742-4063-97a2-68e0de6f3e2e,4.593,True,4.01,4.15,4.3,0.5830000000000002,0.4429999999999996,0.29300000000000015,9.154405950458509,0.20910988632279454,-10.984652412027987,140.00000000000057,290.00000000000006,149.99999999999946,8.945296064135714,20.139058362486495
022e5065-10f5-4921-84cc-f936d0c0dbf9,16.0,True,14.98,14.97,15.2,1.0199999999999996,1.0299999999999994,0.8000000000000007,4.748310893374815,5.57099531859113,-14.823624906945417,9.999999999999787,219.99999999999886,229.99999999999864,0.8226844252163152,19.571935800320233
022eb296-698d-432b-bec4-d21a6291e1d3,10.48,False,10.36,10.34,10.48,0.120000000000001,0.14000000000000057,0.0,-1.4216885797215248,0.45627863711232636,-8.647955117422816,19.999999999999574,120.000000000001,140.00000000000057,1.8779672168338513,7.226266537701291
022eb2db-516e-43f1-8c9e-98cfd9fad256,11.8,True,11.57,11.58,11.8,0.23000000000000043,0.22000000000000064,0.0,-2.3747487698590017,-3.0884393804213266,-17.25211230140816,9.999999999999787,230.00000000000043,220.00000000000063,0.7136906105623249,14.87736353154916
023008c0-c993-4f3e-b5e5-17e4001d55f0,7.12,False,6.87,6.88,7.0,0.25,0.2400000000000002,0.1200000000000001,17.866620258737818,17.543994734713568,-3.9044102472695124,9.999999999999787,129.9999999999999,120.00000000000011,0.32262552402425015,21.77103050600733
02304cd0-a245-42cb-80e4-54f6f99cd2b0,3.96,True,3.78,3.81,3.96,0.18000000000000016,0.1499999999999999,0.0,-22.504934681940714,-22.41220387818165,-30.15365511828133,30.00000000000025,180.00000000000017,149.99999999999991,0.09273080375906417,7.648720436340614
0230bed5-d617-48e5-bd68-4fb43543bb3a,15.64,True,15.26,15.4,15.6,0.3800000000000008,0.2400000000000002,0.040000000000000924,1.8009030248234201,4.104866763222106,-6.031540479087904,140.00000000000057,339.9999999999999,199.9999999999993,2.303963738398686,7.832443503911325
0230ec67-f2d4-469b-b3f9-b506e85ab35a,11.64,True,11.55,11.55,11.6,0.08999999999999986,0.08999999999999986,0.040000000000000924,-6.169185374042775,-6.169185374042775,-9.598428161878799,0.0,49.999999999998934,49.999999999998934,0.0,3.4292427878360234
02311757-0251-42fb-a35e-ac256714c5ce,9.68,True,9.07,9.33,9.68,0.6099999999999994,0.34999999999999964,0.0,2.8524890504191562,-6.740442550383643,-21.08819298030473,259.9999999999998,609.9999999999994,349.99999999999966,9.5929316008028,23.940682030723885
02311fd0-2868-464a-8373-e440225abb50,6.64,True,6.25,6.28,6.4,0.3899999999999997,0.35999999999999943,0.23999999999999932,1.6766548845472382,1.2524963738825412,-13.994975541591922,30.00000000000025,150.00000000000034,120.00000000000011,0.424158510664697,15.67163042613916
023126ec-f25c-4df4-b28b-1bfc3297b7e5,9.2,True,7.94,7.94,8.1,1.259999999999999,1.259999999999999,1.0999999999999996,-7.470576745657012,-7.470576745657012,-25.625977252344775,0.0,159.99999999999926,159.99999999999926,0.0,18.155400506687762
0231c1eb-1723-48d9-ace5-8c589d5edbbe,8.0,True,7.77,7.8,8.0,0.23000000000000043,0.20000000000000018,0.0,-13.276789153670599,-12.971394824926156,-9.754167820036802,30.00000000000025,230.00000000000043,200.00000000000017,0.30539432874444294,3.522621333633797
02325d02-f7e8-4c44-88e3-164fd95789dc,6.56,True,6.33,6.34,6.56,0.22999999999999954,0.21999999999999975,0.0,-9.324314009122679,-9.836136080320305,-32.293088975172104,9.999999999999787,229.99999999999955,219.99999999999974,0.511822071197626,22.968774966049423
02339840-1d7e-40f5-ac25-a6055fb5edd6,4.76,False,4.37,4.55,4.76,0.3899999999999997,0.20999999999999996,0.0,-8.394170533381853,0.46501412277800525,-1.9470642725256393,179.99999999999972,389.99999999999966,209.99999999999997,8.859184656159858,6.447106260856214
0233b143-dfec-4638-919c-0ffe454240f5,7.6,False,7.39,7.4,7.6,0.20999999999999996,0.1999999999999993,0.0,5.36474758119311,4.669155349687016,-16.75498013615813,10.000000000000675,209.99999999999997,199.9999999999993,0.6955922315060938,22.119727717351243
02347774-44df-4b30-aa44-48848c4b177e,10.0,False,9.96,9.96,10.0,0.03999999999999915,0.03999999999999915,0.0,5.966114741810258,5.966114741810258,2.1145399312467577,0.0,39.99999999999915,39.99999999999915,0.0,3.8515748105635
0234d631-905b-4b06-b050-f99bb4ed6e8e,6.88,True,6.77,6.8,6.88,0.11000000000000032,0.08000000000000007,0.0,-7.109413195850558,-8.157709633811091,-9.397949821947625,30.00000000000025,110.00000000000031,80.00000000000007,1.0482964379605333,2.288536626097067
0234ee76-bd1b-4fc9-a9dd-aea573430162,9.76,False,9.73,9.73,9.76,0.02999999999999936,0.02999999999999936,0.0,35.22169339330517,35.22169339330517,31.71753384585146,0.0,29.99999999999936,29.99999999999936,0.0,3.504159547453714
02350c13-89bf-4986-b62c-d996819c64e4,7.6,False,7.39,7.46,7.6,0.20999999999999996,0.13999999999999968,0.0,18.663507477099905,17.778296824451278,9.72334204458815,70.00000000000028,209.99999999999997,139.9999999999997,0.8852106526486274,8.940165432511755
02351979-587c-4134-bfdc-55571bf95dbd,2.3859375,False,2.04,1.94,2.1,0.3459374999999998,0.4459374999999999,0.28593749999999973,-12.262134798613133,5.470926995741187,-17.78001306719327,100.00000000000009,60.00000000000006,160.00000000000014,17.73306179435432,5.517878268580137
02353252-1508-4a19-aef8-a13b3e55c547,7.20975,False,6.97,7.16,4.3,0.2397499999999999,0.04974999999999952,2.90975,2.504210081639236,2.6888920534608283,-10.849432953582912,190.0000000000004,2670.0,2860.0000000000005,0.1846819718215924,13.353643035222149
0235501b-ee95-45fb-91e1-7c3f19df4801,8.68,False,8.47,8.48,8.68,0.20999999999999908,0.1999999999999993,0.0,-0.6139515911964162,-1.3773079396127377,-19.380510539042028,9.999999999999787,209.9999999999991,199.9999999999993,0.7633563484163215,18.766558947845613
0235711b-4992-48ea-a60c-194a09fadfd4,5.5315,True,4.54,4.54,4.7,0.9915000000000003,0.9915000000000003,0.8315000000000001,2.9398173374982575,2.9398173374982575,-6.718647037610524,0.0,160.00000000000014,160.00000000000014,0.0,9.658464375108782
0235de0a-53d8-4c95-951f-59db4e75671d,6.32,False,6.13,6.1,6.2,0.1900000000000004,0.22000000000000064,0.1200000000000001,39.051920669191226,41.32369166859098,27.526171831454256,30.00000000000025,70.00000000000028,100.00000000000054,2.271770999399756,11.52574883773697
0235fc5c-d711-4a58-8433-fc952f7966b1,5.88,False,5.87,5.85,5.88,0.009999999999999787,0.03000000000000025,0.0,50.637364318083435,52.8165024950119,48.13488589682831,20.000000000000462,9.999999999999787,30.00000000000025,2.1791381769284683,2.5024784212551268
02361a95-8915-46c8-89ca-ff2b296a58f0,5.24,True,5.06,5.02,5.2,0.1800000000000006,0.22000000000000064,0.040000000000000036,-11.726282785156824,-11.024214189692712,-22.79492033978987,40.000000000000036,140.00000000000057,180.0000000000006,0.7020685954641124,11.068637554633044
02361f55-de26-4fca-a30c-eaaad2ffa2bc,5.6,True,5.38,5.38,5.6,0.21999999999999975,0.21999999999999975,0.0,-13.611084410945692,-13.611084410945692,-30.863096831493326,0.0,219.99999999999974,219.99999999999974,0.0,17.252012420547636
02362788-620e-4598-9924-72451791843e,13.1015,False,11.97,12.06,12.3,1.131499999999999,1.0414999999999992,0.801499999999999,-4.114878002959902,-4.914293220311174,-21.50250879997556,89.99999999999986,330.00000000000006,240.00000000000023,0.7994152173512727,17.387630797015657
0236557a-1911-4d60-8b0d-0d4c1db7c7a4,11.44,False,11.42,11.43,11.4,0.019999999999999574,0.009999999999999787,0.03999999999999915,9.175592235860663,8.012959381974458,10.926068686439226,9.999999999999787,19.999999999999574,29.99999999999936,1.1626328538862047,1.7504764505785637
0236cb7d-c6e3-4ae0-985b-057b310df822,4.72,False,4.45,4.47,4.7,0.2699999999999996,0.25,0.019999999999999574,-7.798053108264214,-8.280841878492181,-19.694909966123895,19.999999999999574,250.0,230.00000000000043,0.48278877022796696,11.896856857859682
0236fa31-59bb-4e14-ae63-f8a7bfa02d00,3.8,True,3.53,3.53,3.7,0.27,0.27,0.09999999999999964,-11.67269114303811,-11.67269114303811,-20.56333068643258,0.0,170.00000000000037,170.00000000000037,0.0,8.89063954339447
02374aa1-b0d4-45c1-ae65-6a97c7c77263,3.44,True,3.27,3.32,3.4,0.16999999999999993,0.1200000000000001,0.040000000000000036,-0.9413877108379113,0.8018440808677937,-2.412319832092532,49.99999999999982,129.9999999999999,80.00000000000007,1.743231791705705,1.4709321212546205
02379c8e-298d-4f9b-845c-141767f4e208,9.99875,False,9.01,9.01,9.1,0.9887499999999996,0.9887499999999996,0.8987499999999997,3.7040570402950723,3.7040570402950723,-1.5094213524597972,0.0,89.99999999999986,89.99999999999986,0.0,5.21347839275487
02381503-c885-4a81-806b-5f91f707ffb1,9.4,False,9.16,9.1,9.3,0.2400000000000002,0.3000000000000007,0.09999999999999964,-7.048396037773257,-5.180805207409694,-24.51631774413561,60.0000000000005,140.00000000000057,200.00000000000108,1.8675908303635627,17.467921706362354
02382e64-7e9a-4109-99e0-6730f67c6400,3.32,True,3.03,3.05,3.3,0.29000000000000004,0.27,0.020000000000000018,2.854678672208446,2.9186489369609503,-16.433253379915097,20.000000000000018,270.0,250.0,0.06397026475250422,19.287932052123544
023837bc-396a-48ef-b684-7af9f463bf80,10.12,True,9.91,9.91,10.1,0.20999999999999908,0.20999999999999908,0.019999999999999574,0.10749106387725871,0.10749106387725871,-25.739680432967816,0.0,189.9999999999995,189.9999999999995,0.0,25.847171496845075
02385e6a-2af0-400f-bada-9313f51589b5,5.16,True,4.9,4.91,5.1,0.2599999999999998,0.25,0.0600000000000005,-3.601216080737396,-3.8444240816679325,-10.838521344202091,9.999999999999787,199.9999999999993,189.9999999999995,0.24320800093053663,7.237305263464695
02388eab-b577-4a21-89d1-bb23f094e31f,12.8615,True,12.42,11.87,12.0,0.44149999999999956,0.9915000000000003,0.8614999999999995,-36.45542630777154,-4.975702315759854,-13.252193883052723,550.0000000000007,419.99999999999994,130.0000000000008,31.479723992011685,23.203232424718816
0238e59d-0f03-4029-a438-cdea3d20bb21,6.16,True,6.09,6.1,6.16,0.07000000000000028,0.0600000000000005,0.0,-3.0368183793616095,-3.0262293729521077,-4.185609062119287,9.999999999999787,70.00000000000028,60.0000000000005,0.010589006409501778,1.1487906827576775
023965b2-f8b5-40c2-bb2d-419278a4b417,4.58,True,4.3,4.55,4.5,0.28000000000000025,0.03000000000000025,0.08000000000000007,1.0784805822178163,-16.83803160550223,-13.889912383668818,250.0,200.00000000000017,49.99999999999982,17.91651218772005,14.968392965886634
0239f01f-ac32-4c0b-b6db-c456cdf0e21b,10.12,False,9.89,9.88,10.0,0.22999999999999865,0.23999999999999844,0.11999999999999922,36.550519551103356,37.92324063051699,13.593323624821412,9.999999999999787,109.99999999999943,119.99999999999922,1.3727210794136369,22.957195926281944
023a924f-d9c0-43b0-8cd1-ae313ad72458,7.198125,True,4.27,5.62,4.5,2.9281250000000005,1.578125,2.698125,2.173501149679108,-0.082149101261764,-14.732024257795425,1350.0000000000005,230.00000000000043,1120.0,2.2556502509408722,16.905525407474535
023ae892-b11c-4424-8408-118584542a15,4.44,False,4.22,4.22,4.4,0.22000000000000064,0.22000000000000064,0.040000000000000036,4.525541453286503,4.525541453286503,1.6791272116179738,0.0,180.0000000000006,180.0000000000006,0.0,2.846414241668529
023b06e5-028b-4190-8056-2f6246fc0bdd,10.8,False,10.56,10.54,10.7,0.2400000000000002,0.26000000000000156,0.10000000000000142,-5.924375918415581,-4.017991721942543,-26.211652795728337,20.00000000000135,139.9999999999988,160.00000000000014,1.906384196473038,20.287276877312756
023b2d2f-0fa3-423f-9e82-c3f3b3b618e1,5.56,False,5.27,5.29,5.4,0.29000000000000004,0.2699999999999996,0.15999999999999925,4.879861937196882,5.568544080108811,1.0519742793514744,20.000000000000462,130.0000000000008,110.00000000000031,0.6886821429119294,3.8278876578454075
023b7f7a-27e8-49ee-91bc-077fd0a14e04,7.04,True,6.65,6.78,7.0,0.3899999999999997,0.2599999999999998,0.040000000000000036,-10.87702440229626,-24.061655913249098,-25.636986520863843,129.9999999999999,349.99999999999966,219.99999999999974,13.184631510952837,14.759962118567582
023b8121-c6af-4dd7-90c9-a92297709347,5.44,True,5.23,5.23,5.4,0.20999999999999996,0.20999999999999996,0.040000000000000036,-12.852055328004779,-12.852055328004779,-20.269108558437072,0.0,169.99999999999994,169.99999999999994,0.0,7.417053230432293
023bd8fa-d5ac-4a9e-859e-7732bb43f85e,8.08,True,7.75,7.76,8.0,0.33000000000000007,0.3200000000000003,0.08000000000000007,-2.1149275962460807,-2.2124165227820134,-11.887756799776707,9.999999999999787,250.0,240.00000000000023,0.09748892653593266,9.772829203530627
023c0718-d502-427c-9ad9-a815e2bfdd7a,11.68,False,11.44,11.37,11.68,0.2400000000000002,0.3100000000000005,0.0,-8.986775089990408,-7.442318611389401,-24.799998035108793,70.00000000000028,240.00000000000023,310.0000000000005,1.544456478601007,15.813222945118385
023c8a12-1b81-4326-8b47-e65b4441e81b,5.76,False,5.7,5.53,5.76,0.05999999999999961,0.22999999999999954,0.0,-8.925873370384448,-6.8836163669112995,-9.474602168843578,169.99999999999994,59.99999999999961,229.99999999999955,2.042257003473148,0.5487287984591305
023ca9ee-24f0-45a3-a826-13dd61022df8,14.08,False,13.99,13.99,14.08,0.08999999999999986,0.08999999999999986,0.0,3.129909426511995,3.129909426511995,-6.392173933719052,0.0,89.99999999999986,89.99999999999986,0.0,9.522083360231047
023caf91-4e96-403e-b548-63215d537b30,14.8708125,True,13.92,13.87,14.1,0.9508124999999996,1.0008125000000003,0.7708124999999999,2.8516636361336847,4.210450793951205,1.1436196984283766,50.00000000000071,179.99999999999972,230.00000000000043,1.3587871578175204,1.708043937705308
023cd61e-4dee-418d-9734-f4cd65936466,5.56,False,5.26,5.26,5.56,0.2999999999999998,0.2999999999999998,0.0,-1.5706757982595174,-1.5706757982595174,-17.18333940056093,0.0,299.99999999999983,299.99999999999983,0.0,15.612663602301412
023d0afa-e794-46a5-acb6-6a8114d09506,5.28,False,4.85,4.84,5.0,0.4300000000000006,0.4400000000000004,0.28000000000000025,13.056988246786648,14.583306276458044,-9.044051832977805,9.999999999999787,150.00000000000034,160.00000000000014,1.5263180296713958,22.101040079764452
023d66f4-8eb8-45f5-97b6-6b653929756b,15.3658125,True,14.59,14.61,14.5,0.7758125000000007,0.7558125000000011,0.8658125000000005,-0.9184975110311496,-1.6020446492963003,0.24190263742615592,19.999999999999574,89.99999999999986,109.99999999999943,0.6835471382651507,1.1604001484573057
023d7b1d-1761-4f26-abb2-30c292da831a,7.88,False,7.64,7.66,7.8,0.2400000000000002,0.21999999999999975,0.08000000000000007,-3.043663652538932,-4.672691701801256,-10.949903545923961,20.000000000000462,160.00000000000014,139.9999999999997,1.629028049262324,7.906239893385029
023dae6d-1786-4521-b206-b34970c1cea3,13.16,True,12.94,12.91,13.1,0.22000000000000064,0.25,0.0600000000000005,-0.6427415393436029,2.080878760416159,-14.52070605456299,29.99999999999936,160.00000000000014,189.9999999999995,2.7236202997597623,13.877964515219386
023de69e-849c-4928-a511-10e1b68aaa58,11.065125,False,10.35,10.16,10.5,0.7151250000000005,0.905125,0.5651250000000001,-5.360724924050863,1.1570319407334855,-21.73056916629569,189.9999999999995,150.00000000000034,339.9999999999999,6.5177568647843485,16.369844242244827
023dfeff-7e03-4bbd-800d-7df5e4ee4bd3,6.88,True,6.71,6.75,6.88,0.16999999999999993,0.1299999999999999,0.0,-13.408195480053406,-13.110012687634239,-13.672278483662415,40.000000000000036,169.99999999999994,129.9999999999999,0.29818279241916734,0.2640830036090094
023e6af2-61ef-4c40-bf7f-a2d825649193,6.92,True,6.7,6.7,6.9,0.21999999999999975,0.21999999999999975,0.019999999999999574,-6.014460170970256,-6.014460170970256,-27.24849991529018,0.0,200.00000000000017,200.00000000000017,0.0,21.234039744319922
023e8306-b0fd-48af-9a8b-a8dea88fcca4,3.76,True,3.53,3.51,3.6,0.22999999999999998,0.25,0.1599999999999997,-19.016537099226177,-19.325155890258728,-19.971692573489598,20.000000000000018,70.00000000000028,90.0000000000003,0.30861879103255063,0.955155474263421
023ed880-6013-4d2e-b244-179938323f21,5.1129375,False,4.15,4.12,4.3,0.9629374999999998,0.9929375,0.8129375000000003,-11.514648248081354,-8.17957279691879,-26.8158668624709,30.00000000000025,149.99999999999946,179.99999999999972,3.335075451162563,15.301218614389548
023ef458-b37f-448a-a3a9-527079d8bc19,9.0,False,8.74,8.74,8.9,0.2599999999999998,0.2599999999999998,0.09999999999999964,4.840456256633206,4.840456256633206,1.1932111683458426,0.0,160.00000000000014,160.00000000000014,0.0,3.647245088287363
023f0012-0c46-4f56-bffa-e19072019d85,9.64,False,9.39,9.39,9.5,0.25,0.25,0.14000000000000057,32.72007734190954,32.72007734190954,20.865100100211215,0.0,109.99999999999943,109.99999999999943,0.0,11.854977241698322
023f0ac5-7bd8-4fcb-ba32-fc6bfd074019,3.84,True,3.7,3.57,3.8,0.13999999999999968,0.27,0.040000000000000036,-12.424106750088374,4.427581311660794,-26.709864291467145,130.00000000000034,99.99999999999964,229.99999999999997,16.85168806174917,14.285757541378771
023f379c-2601-4890-bf15-f29fdb25a442,10.32,True,9.69,9.75,9.9,0.6300000000000008,0.5700000000000003,0.41999999999999993,2.279271048588593,-1.499218463619994,-5.052362535328936,60.0000000000005,210.00000000000085,150.00000000000034,3.778489512208587,7.3316335839175295
023f3fca-026c-4d42-a9f3-91c40fc5dc02,15.0,True,14.72,14.77,15.0,0.27999999999999936,0.23000000000000043,0.0,-5.697465919934547,-3.236320573365757,-10.580486595318199,49.999999999998934,279.9999999999994,230.00000000000043,2.4611453465687902,4.883020675383651
023f497d-a292-4d25-a2e9-d94229090d64,4.88,True,4.56,4.59,4.8,0.3200000000000003,0.29000000000000004,0.08000000000000007,3.096415123692346,3.3733756432508364,-8.61897020223323,30.00000000000025,240.00000000000023,209.99999999999997,0.2769605195584903,11.715385325925576
023f7b78-7cd8-4b96-85d4-a9e39c3753d4,6.8,True,6.55,6.57,6.8,0.25,0.22999999999999954,0.0,-1.2184972479792127,-3.1599295987732785,-23.493359794016783,20.000000000000462,250.0,229.99999999999955,1.9414323507940658,22.27486254603757
023ff05c-b83e-4a35-bd8d-b64f3d8fffdc,6.64,False,6.34,6.34,6.5,0.2999999999999998,0.2999999999999998,0.13999999999999968,-0.5885625615950297,-0.5885625615950297,-18.402496140157357,0.0,160.00000000000014,160.00000000000014,0.0,17.813933578562327
02402168-b734-427b-8036-359410f36a8b,11.8,True,11.41,11.42,11.8,0.39000000000000057,0.3800000000000008,0.0,-14.484793177023167,-14.416780938363468,-18.265706586087955,9.999999999999787,390.00000000000057,380.0000000000008,0.06801223865969952,3.7809134090647873
02403195-b13c-4ef6-90ec-b5264d938b98,12.44,False,12.32,12.31,12.4,0.11999999999999922,0.129999999999999,0.03999999999999915,41.44716967992054,43.180347678129635,20.923584937493885,9.999999999999787,80.00000000000007,89.99999999999986,1.7331779982090936,20.523584742426657
0240612d-d377-4d62-b535-35df39f5013f,10.52,True,10.24,10.26,10.4,0.27999999999999936,0.2599999999999998,0.11999999999999922,-11.081239609226765,-11.43231524432477,-19.332553182567427,19.999999999999574,160.00000000000014,140.00000000000057,0.3510756350980042,8.251313573340662
02408b8c-e349-410b-9e1e-c425715f8274,12.599625,True,11.57,12.55,11.7,1.0296249999999993,0.04962499999999892,0.8996250000000003,27.593563033177826,-0.4340550351017996,15.756446437358017,980.0000000000005,129.999999999999,850.0000000000014,28.027618068279626,11.83711659581981
0240b062-b3cf-487b-863c-e564e8137848,9.6,False,9.3,9.29,9.5,0.29999999999999893,0.3100000000000005,0.09999999999999964,6.682455457221914,7.0015841102489516,-26.46410960629019,10.000000000001563,199.9999999999993,210.00000000000085,0.31912865302703786,33.14656506351211
0240e6f2-bbcf-45ca-b78e-958e1fc015ec,8.92,False,8.67,8.69,8.9,0.25,0.23000000000000043,0.019999999999999574,-4.118192347247169,-3.38420549769282,-5.3977687604634275,19.999999999999574,230.00000000000043,210.00000000000085,0.7339868495543493,1.2795764132162581
0240ee3c-fe66-4d59-9878-a97962196552,6.16,False,5.97,5.96,6.0,0.1900000000000004,0.20000000000000018,0.16000000000000014,11.596387175536103,11.834213063546143,8.55103651478877,9.999999999999787,30.00000000000025,40.000000000000036,0.23782588801003968,3.0453506607473333
0240f1c3-ed4b-4748-8c1c-cf35d17a1ebf,7.0,True,6.85,6.85,7.0,0.15000000000000036,0.15000000000000036,0.0,-6.037602723998694,-6.037602723998694,-12.035982217494317,0.0,150.00000000000034,150.00000000000034,0.0,5.998379493495623
0241f411-35fa-4a29-910e-47bea3be791f,10.0059375,True,9.02,9.02,9.2,0.9859375000000004,0.9859375000000004,0.8059375000000006,-3.23708384274465,-3.23708384274465,-6.599222406510642,0.0,179.99999999999972,179.99999999999972,0.0,3.362138563765992
02423ea2-473b-4d68-8b41-b57930ae07d3,13.16,True,12.9,12.94,13.1,0.2599999999999998,0.22000000000000064,0.0600000000000005,5.735075579039466,3.8713246413837736,-1.9408345253021504,39.99999999999915,199.9999999999993,160.00000000000014,1.8637509376556927,7.675910104341616
0242ae41-8ac4-4ed5-a257-04ea56169d2b,9.56,False,9.33,9.28,9.4,0.23000000000000043,0.28000000000000114,0.16000000000000014,-1.7742888773328525,-2.670297570470183,-1.7307863896435356,50.00000000000071,70.00000000000028,120.000000000001,0.8960086931373303,0.04350248768931686
0242d005-a0d1-47aa-bbb5-4b42b69f188e,11.5148125,True,10.53,10.51,10.6,0.9848125000000003,1.0048124999999999,0.9148125,11.486243715103003,11.860716722562774,6.733467466413219,19.999999999999574,70.00000000000028,89.99999999999986,0.3744730074597715,4.752776248689783
0243492c-6685-4115-9f59-84b8ac6406f9,7.76,False,7.71,7.71,7.76,0.04999999999999982,0.04999999999999982,0.0,8.59677203561096,8.59677203561096,-0.7290480652033072,0.0,49.99999999999982,49.99999999999982,0.0,9.325820100814266
0243693a-b41f-46d6-a0ed-fcac2456b795,3.051,False,2.6,2.59,2.7,0.45100000000000007,0.4610000000000003,0.351,-10.801920244842329,-10.113741748612082,-21.723748632568956,10.000000000000231,100.00000000000009,110.00000000000031,0.6881784962302469,10.921828387726627
0243837d-9976-42e7-8631-dd2889ab1981,7.48,True,7.24,7.19,7.3,0.2400000000000002,0.29000000000000004,0.1800000000000006,-2.132669754339347,1.3367821232968515,-12.820443726030234,49.99999999999982,59.99999999999961,109.99999999999943,3.4694518776361987,10.687773971690888
0243a9e2-0e49-4752-81d6-0e24f42dc369,10.48,False,10.24,10.23,10.48,0.2400000000000002,0.25,0.0,3.604619307787386,4.209430985625711,-34.65754594619562,9.999999999999787,240.00000000000023,250.0,0.6048116778383252,38.26216525398301
0243ba56-7bb9-4c0a-87c7-e7844d88cb5e,6.6,True,6.37,6.35,6.5,0.22999999999999954,0.25,0.09999999999999964,4.563063523209764,3.7268853151458075,-12.451512349505947,20.000000000000462,129.9999999999999,150.00000000000034,0.8361782080639566,17.01457587271571
0243e103-ae80-4bd2-b4eb-6dfa80a31342,8.0,True,7.69,7.73,8.0,0.3099999999999996,0.2699999999999996,0.0,-1.9526833749191985,-5.961419440454477,-19.27447817807424,40.000000000000036,309.9999999999996,269.99999999999955,4.008736065535278,17.32179480315504
0243f30c-6297-4cde-8b3c-42fe7d246e9c,3.99625,True,1.49,1.49,1.7,2.5062499999999996,2.5062499999999996,2.2962499999999997,23.772290920197587,23.772290920197587,10.657273024268545,0.0,209.99999999999997,209.99999999999997,0.0,13.115017895929043
02440d85-d5ac-4586-8244-6d0b8c867cb3,5.48,False,5.3,5.3,5.48,0.1800000000000006,0.1800000000000006,0.0,11.965729096356581,11.965729096356581,-1.2506894804255315,0.0,180.0000000000006,180.0000000000006,0.0,13.216418576782113
0244b303-284a-481b-8c7c-b96d5b905741,10.12,False,9.94,9.92,10.0,0.17999999999999972,0.1999999999999993,0.11999999999999922,20.36506263697339,17.69038656275842,22.328492889448704,19.999999999999574,60.0000000000005,80.00000000000007,2.6746760742149718,1.9634302524753124
0244cf8d-fd26-4e27-a23e-d979455c954b,13.84,True,13.57,13.58,13.7,0.2699999999999996,0.2599999999999998,0.14000000000000057,13.597995944681433,14.100200686402069,13.976114680757293,9.999999999999787,129.999999999999,119.99999999999922,0.5022047417206359,0.37811873607586044
0244f79d-846d-45fd-9f2a-14789b84ebf1,7.72,True,7.14,7.21,7.4,0.5800000000000001,0.5099999999999998,0.3199999999999994,-3.4880179981193926,-5.149900836311398,-16.49919961786023,70.00000000000028,260.0000000000007,190.0000000000004,1.661882838192005,13.011181619740839
0245571b-6290-400c-a106-3f4a571d9b6b,8.28,False,8.12,8.09,8.28,0.16000000000000014,0.1899999999999995,0.0,7.376920134644973,7.5912894380599605,0.23832725520461828,29.99999999999936,160.00000000000014,189.9999999999995,0.21436930341498783,7.138592879440354
02456cfe-098f-428a-81d8-c6f2c5da43dc,3.04,False,3.01,3.02,3.0,0.03000000000000025,0.020000000000000018,0.040000000000000036,-5.956585723574783,-6.755130423455314,-5.4492130246215105,10.000000000000231,9.999999999999787,20.000000000000018,0.798544699880531,0.5073726989532723
024572ae-5334-4841-8bd5-c627232c6fd7,5.44,True,5.39,5.42,5.4,0.05000000000000071,0.020000000000000462,0.040000000000000036,-8.774097084929647,-9.166673960210838,-8.820714392909217,30.00000000000025,10.000000000000675,19.999999999999574,0.39257687528119156,0.0466173079795702
02457638-83f7-4aa6-ab78-68c17eb45083,6.678,False,6.45,6.46,6.678,0.22799999999999976,0.21799999999999997,0.0,22.221288857657182,20.90065390687386,-20.599613254362843,9.999999999999787,227.99999999999977,217.99999999999997,1.3206349507833224,42.82090211202002
02458836-ea81-446a-87f2-777a5b0960fb,8.48,False,8.36,8.37,8.48,0.120000000000001,0.11000000000000121,0.0,30.072094767886515,29.664008465490863,18.63927060473289,9.999999999999787,120.000000000001,110.00000000000121,0.40808630239565247,11.432824163153626
0245a20e-59c4-4b9c-ac74-8a001f22a7e2,1.6163125,False,1.27,1.29,1.5,0.3463125,0.3263125,0.11631250000000004,1.670618018370839,3.1247300220401364,-10.640090425276926,20.000000000000018,229.99999999999997,209.99999999999997,1.4541120036692974,12.310708443647764
024620ab-f15b-453a-a78b-adad0965a5b6,4.36,True,4.09,4.1,4.36,0.27000000000000046,0.2600000000000007,0.0,-0.4764217872152939,-1.4739319685245424,-25.73812188481269,9.999999999999787,270.00000000000045,260.0000000000007,0.9975101813092486,25.261700097597394
02466cca-3ad2-4451-9d04-40f8e47c4434,7.12,False,6.69,7.11,7.1,0.4299999999999997,0.009999999999999787,0.020000000000000462,12.781913900625295,-11.151583995385854,-11.435054399138222,419.99999999999994,409.99999999999926,10.000000000000675,23.933497896011147,24.216968299763515
0246a0e4-35c3-46f3-b078-fd619ef7ee75,7.4,True,6.67,7.11,7.4,0.7300000000000004,0.29000000000000004,0.0,-0.29643983790953893,-0.8267383364375794,-6.373959647408051,440.0000000000004,730.0000000000005,290.00000000000006,0.5302984985280406,6.077519809498512
0246a23e-2c42-4dbf-9983-e54eb335ae8d,8.84,False,8.63,8.63,8.8,0.20999999999999908,0.20999999999999908,0.03999999999999915,8.43943622095814,8.43943622095814,9.670823130706404,0.0,169.99999999999994,169.99999999999994,0.0,1.2313869097482648
0246aee9-6035-49e2-879a-0e7a32b687f2,6.855,False,6.75,6.77,6.855,0.10500000000000043,0.08500000000000085,0.0,1.0060711106937479,-0.3679427445177841,-6.185843349540335,19.999999999999574,105.00000000000043,85.00000000000085,1.374013855211532,7.1919144602340825
0246b90a-d933-4b56-9a71-3fd1ae119e80,13.691875,False,12.59,12.7,12.9,1.1018749999999997,0.9918750000000003,0.7918749999999992,-11.991576921821824,-14.2615206967833,-16.86598979614469,109.99999999999943,310.0000000000005,200.00000000000108,2.269943774961476,4.874412874322864
0246f746-0a88-4889-b767-94a3990f5ecc,11.8,False,11.55,11.58,11.8,0.25,0.22000000000000064,0.0,13.04992859739857,12.138670847453398,-6.3814104965555885,29.99999999999936,250.0,220.00000000000063,0.9112577499451717,19.431339093954158
0246f9ac-120b-4e12-952a-8a193f7b0f99,9.4308125,False,8.46,8.44,8.6,0.9708124999999992,0.9908125000000005,0.8308125000000004,11.805760323232342,11.731132998324881,-5.57705173925673,20.00000000000135,139.9999999999988,160.00000000000014,0.07462732490746049,17.382812062489073
02474519-0207-4cc3-aa68-4d47f6c46427,5.0,False,4.77,4.68,4.9,0.23000000000000043,0.3200000000000003,0.09999999999999964,-6.885554523056968,7.265518729465952,-23.93451480825421,89.99999999999986,130.0000000000008,220.00000000000063,14.15107325252292,17.048960285197243
02477159-a5b5-417a-af30-818ccdf26d01,8.56,True,8.3,8.31,8.56,0.2599999999999998,0.25,0.0,1.375709633264964,1.4433872704744897,-8.14886866837624,9.999999999999787,259.9999999999998,250.0,0.06767763720952558,9.524578301641204
02481405-37c2-470a-89a2-7615a479f4ac,13.8879375,True,13.75,13.76,13.1,0.1379374999999996,0.12793749999999982,0.7879375,-12.555383918864392,-11.171608493296139,-11.597260211329168,9.999999999999787,650.0000000000003,660.0000000000001,1.3837754255682526,0.9581237075352238
02487237-c527-41b6-ab9f-6cd39d970001,10.16,True,9.89,9.9,10.0,0.2699999999999996,0.2599999999999998,0.16000000000000014,5.070254233109755,3.2990092586902056,-12.063707702716702,9.999999999999787,109.99999999999943,99.99999999999964,1.7712449744195493,17.133961935826456
02489382-3949-4122-994c-2ea704820fd4,4.639,False,4.51,4.61,4.6,0.12900000000000045,0.028999999999999915,0.03900000000000059,5.796186770404147,1.0219099134645024,1.916223222735878,100.00000000000054,89.99999999999986,10.000000000000675,4.774276856939645,3.879963547668269
024905c9-b887-4648-8742-01b5abb628f5,4.36,True,4.2,4.17,4.36,0.16000000000000014,0.1900000000000004,0.0,-8.659793580487905,-6.759355184014058,-28.015611207345703,30.00000000000025,160.00000000000014,190.0000000000004,1.900438396473847,19.3558176268578
02493565-c32e-416a-b36c-c8f351f7b0cb,12.9351875,True,11.99,11.95,12.2,0.9451874999999994,0.9851875000000003,0.7351875000000003,-5.113887384733414,0.5995911613202233,-21.30456958764085,40.000000000000924,209.9999999999991,250.0,5.713478546053637,16.190682202907436
0249a0da-fcff-4c29-8ac3-a88517d1c00d,5.8,True,5.78,5.8,5.8,0.019999999999999574,0.0,0.0,4.561103506427109,3.9897342308635406,3.9897342308635406,19.999999999999574,19.999999999999574,0.0,0.5713692755635686,0.5713692755635686
024ae9a3-4186-4a78-8476-86d4a846830c,2.388,True,2.26,2.3,2.388,0.1280000000000001,0.08800000000000008,0.0,13.441597700257871,10.482399748867174,-4.8636616267065005,40.000000000000036,128.0000000000001,88.00000000000009,2.9591979513906974,18.30525932696437
024afde9-925a-43a4-8f80-39bd9399c753,3.32,True,3.1,3.1,3.3,0.21999999999999975,0.21999999999999975,0.020000000000000018,7.576263979832392,7.576263979832392,-7.6866648656792975,0.0,199.99999999999974,199.99999999999974,0.0,15.26292884551169
024b58c5-aaa9-45d3-a598-4396efec0bf8,10.4,False,10.15,10.15,10.4,0.25,0.25,0.0,5.084502412888239,5.084502412888239,3.9208537875459926,0.0,250.0,250.0,0.0,1.1636486253422462
024ba77c-195d-4764-86be-4a59bdff62f6,4.48,True,4.43,4.45,4.48,0.05000000000000071,0.03000000000000025,0.0,-4.455398599561312,-5.139830047749607,-8.952829730070782,20.000000000000462,50.00000000000071,30.00000000000025,0.6844314481882945,4.49743113050947
024bced7-0e3c-456e-b14e-99554d574379,6.08,False,5.82,5.82,6.0,0.2599999999999998,0.2599999999999998,0.08000000000000007,-1.826767085524721,-1.826767085524721,-27.498465698544365,0.0,179.99999999999972,179.99999999999972,0.0,25.671698613019643
024c93f5-32e6-46d1-8779-b89aae32d3e0,12.96,True,12.95,12.73,12.8,0.010000000000001563,0.23000000000000043,0.16000000000000014,-18.266569523042037,3.2286026232036638,-10.658441591346127,219.99999999999886,149.99999999999858,70.00000000000028,21.4951721462457,7.608127931695909
024ccaa9-2473-43cd-803b-d76a9d33a9de,6.28,True,6.12,6.1,6.28,0.16000000000000014,0.1800000000000006,0.0,-5.6628719345386065,-5.208846643766691,-23.105134198605914,20.000000000000462,160.00000000000014,180.0000000000006,0.45402529077191556,17.442262264067306
024d1016-4a61-4330-999d-4f31a8503f08,7.48,False,7.47,7.48,7.48,0.010000000000000675,0.0,0.0,3.3841866363809734,2.884120345740521,2.884120345740521,10.000000000000675,10.000000000000675,0.0,0.5000662906404525,0.5000662906404525
024d1260-6cdb-4310-aeaf-3438a819f5f7,6.52,False,6.35,6.35,6.5,0.16999999999999993,0.16999999999999993,0.019999999999999574,19.56467966958403,19.56467966958403,8.844931703011037,0.0,150.00000000000034,150.00000000000034,0.0,10.719747966572994
024dd39b-0d1d-4817-bdd0-8be9a0facca2,12.771125,True,11.34,11.56,11.8,1.4311249999999998,1.2111249999999991,0.9711249999999989,0.3663973477807411,-6.409627641156867,-8.712186357901329,220.00000000000063,460.00000000000085,240.00000000000023,6.776024988937608,9.07858370568207
024ddefd-729e-47b0-bdbe-3c1219fc023e,9.16,True,8.92,8.93,9.1,0.2400000000000002,0.23000000000000043,0.0600000000000005,-9.948839645296891,-10.759989094720284,-18.813793264576766,9.999999999999787,179.99999999999972,169.99999999999994,0.8111494494233931,8.864953619279875
024dea7a-b8d6-4728-9591-d0a313516f1a,5.12,False,4.86,4.75,5.1,0.2599999999999998,0.3700000000000001,0.020000000000000462,-6.089271047542367,1.83045339056692,-38.04210161621234,110.00000000000031,239.99999999999932,349.99999999999966,7.919724438109286,31.952830568669974
024debcb-785d-4937-ba47-4d8192c2b37c,4.36,True,4.15,4.16,4.36,0.20999999999999996,0.20000000000000018,0.0,-1.7682971857061331,-1.8164579805830698,-9.24533063543476,9.999999999999787,209.99999999999997,200.00000000000017,0.0481607948769367,7.477033449728626
024e374a-7614-4185-b3be-16082b710974,7.8,False,7.53,7.55,7.8,0.2699999999999996,0.25,0.0,20.09307273793648,19.580182198250665,1.1079330622073729,19.999999999999574,269.99999999999955,250.0,0.5128905396858165,18.98513967572911
024e3d5b-128d-4f7f-a0d8-bf5143ffa149,3.24,False,3.06,3.05,3.2,0.18000000000000016,0.1900000000000004,0.040000000000000036,13.22282631729118,14.996336111025387,-4.083473296657026,10.000000000000231,140.0000000000001,150.00000000000034,1.773509793734208,17.306299613948205
024ed96c-af5b-4bef-b14b-274b07a66c7d,14.4,True,14.09,14.09,14.4,0.3100000000000005,0.3100000000000005,0.0,-16.268607075712925,-16.268607075712925,-23.923792466356407,0.0,310.0000000000005,310.0000000000005,0.0,7.6551853906434815
024f3adc-5d58-440c-b682-8aff04b9231b,6.04,False,6.01,6.02,6.0,0.03000000000000025,0.020000000000000462,0.040000000000000036,-5.897193491007613,-5.766360992182822,-6.282987661256161,9.999999999999787,9.999999999999787,19.999999999999574,0.1308324988247911,0.38579417024854834
024f4fd8-3994-4f6c-82e6-a3e0bca19eb7,8.08,False,7.79,7.81,8.08,0.29000000000000004,0.27000000000000046,0.0,3.3767264904362095,2.998398790265088,0.4981878577239507,19.999999999999574,290.00000000000006,270.00000000000045,0.3783277001711216,2.878538632712259
024f9470-0383-41aa-a22d-cd48dab9c042,3.24,False,3.11,3.12,3.2,0.13000000000000034,0.1200000000000001,0.040000000000000036,8.43290081368538,8.51717583662421,4.391479364438472,10.000000000000231,90.0000000000003,80.00000000000007,0.08427502293882938,4.041421449246909
024f9f7c-0a82-41b9-995e-ff9e1550e0fa,6.96,True,6.95,6.96,6.96,0.009999999999999787,0.0,0.0,-15.808626067173215,-16.243513259487795,-16.243513259487795,9.999999999999787,9.999999999999787,0.0,0.43488719231458006,0.43488719231458006
024fe520-2a8e-481e-8755-ae8f39a02f71,13.44,False,13.21,13.19,13.3,0.22999999999999865,0.25,0.1399999999999988,31.82236809749966,33.43196743813504,15.201113345946583,20.00000000000135,89.99999999999986,110.00000000000121,1.6095993406353806,16.621254751553074
0250311a-b278-4258-b3b8-a869a3baab46,3.0,False,2.88,2.86,3.0,0.1200000000000001,0.14000000000000012,0.0,14.543394971879783,18.606810668074388,-8.595150218290442,20.000000000000018,120.00000000000011,140.0000000000001,4.063415696194605,23.138545190170227
02506bc4-b670-4415-9d73-5bcf7f136201,3.96,False,3.67,3.68,3.8,0.29000000000000004,0.2799999999999998,0.16000000000000014,0.29484385033297517,-0.5026622132360676,-9.623758053876806,10.000000000000231,129.9999999999999,119.99999999999966,0.7975060635690427,9.918601904209781
02509aa5-2b23-41af-bb65-2c4f68313c70,12.8559375,False,11.83,12.49,12.0,1.0259374999999995,0.36593749999999936,0.8559374999999996,5.040465012218835,-24.36805628119477,-7.4339124149685185,660.0000000000001,169.99999999999994,490.0000000000002,29.408521293413607,12.474377427187353
0250e41f-d8e6-477a-a9c1-96894ace4ecf,9.48,True,9.38,9.41,9.48,0.09999999999999964,0.07000000000000028,0.0,-1.9662776340491235,-0.7913323115247125,-3.37566059581335,29.99999999999936,99.99999999999964,70.00000000000028,1.1749453225244109,1.4093829617642266
0250f407-0fed-4315-b00e-c4eea719b794,10.48,True,10.2,10.19,10.3,0.28000000000000114,0.2900000000000009,0.17999999999999972,27.62124615348771,28.005041223524806,7.244363577059016,9.999999999999787,100.00000000000142,110.00000000000121,0.38379507003709534,20.376882576428695
025111bd-4a1b-4317-82ce-575e17358194,9.36,True,9.11,9.09,9.2,0.25,0.2699999999999996,0.16000000000000014,-8.267379379716798,-7.554014949098736,-18.522740155788338,19.999999999999574,89.99999999999986,109.99999999999943,0.7133644306180624,10.255360776071539
02522cfb-b50c-4a06-ba27-048ec1c14576,8.72,False,8.35,8.35,8.6,0.370000000000001,0.370000000000001,0.120000000000001,14.199280722723142,14.199280722723142,1.9497770288342184,0.0,250.0,250.0,0.0,12.249503693888924
025263e9-4f61-4953-8a57-5cccb0eec6f5,12.2,False,11.95,11.98,12.2,0.25,0.21999999999999886,0.0,16.022582079132544,16.392651812865086,3.60262180610527,30.000000000001137,250.0,219.99999999999886,0.37006973373254226,12.419960273027273
02527605-f54d-466f-9254-15b7ae6bbb1d,5.0,False,4.8,4.78,5.0,0.20000000000000018,0.21999999999999975,0.0,-1.6241531760871835,-1.0043732871745725,-15.064178344602116,19.999999999999574,200.00000000000017,219.99999999999974,0.6197798889126109,13.440025168514932
0252a51e-7332-47af-befb-b47245d88310,6.24,False,5.92,5.95,6.2,0.3200000000000003,0.29000000000000004,0.040000000000000036,-2.318803306228547,-2.5451609034418845,-1.5715231576073936,30.00000000000025,280.0000000000002,250.0,0.2263575972133376,0.7472801486211533
0252d370-72bc-47fd-97b3-81c27052af94,11.92,False,11.71,11.69,11.8,0.20999999999999908,0.23000000000000043,0.11999999999999922,0.13810560351967702,1.5235576429684043,-18.19714460667301,20.00000000000135,89.99999999999986,110.00000000000121,1.3854520394487273,18.335250210192687
0252f805-92c3-438d-bbd4-5783c83164c9,4.92,False,4.82,4.84,4.9,0.09999999999999964,0.08000000000000007,0.019999999999999574,29.511655633527514,26.792933540144276,8.615369148952514,19.999999999999574,80.00000000000007,60.0000000000005,2.7187220933832386,20.896286484575
0253496d-7c25-454c-b9be-45ff70154469,6.16,True,5.9,5.91,6.16,0.2599999999999998,0.25,0.0,8.431985034176135,7.389153578841009,-22.582595609688244,9.999999999999787,259.9999999999998,250.0,1.0428314553351257,31.014580643864377
025485b8-6ae1-41d3-ad10-ad146ea92858,8.4,False,8.1,8.11,8.3,0.3000000000000007,0.2900000000000009,0.09999999999999964,8.744285802335744,8.387252514349822,-11.089305198983032,9.999999999999787,200.00000000000108,190.00000000000128,0.3570332879859226,19.833591001318776
0254ba4d-a8c6-4a5c-beba-0d0b77c4c672,5.68,True,5.42,5.53,5.68,0.2599999999999998,0.14999999999999947,0.0,-5.858873266221198,-6.514034913317989,-13.486858036883287,110.00000000000031,259.9999999999998,149.99999999999946,0.6551616470967909,7.627984770662089
0254f890-050e-486b-8364-7d8a65356cd6,4.08,False,3.93,3.97,4.08,0.1499999999999999,0.10999999999999988,0.0,-4.511033659697828,-3.6924883220941425,-4.279691898343723,40.000000000000036,149.99999999999991,109.99999999999987,0.8185453376036858,0.23134176135410556
025522b4-9859-4642-a4d8-36a00fc867d6,3.32,False,3.04,3.03,3.2,0.2799999999999998,0.29000000000000004,0.11999999999999966,11.331497319020952,10.883137669060652,0.6598420895736113,10.000000000000231,160.00000000000014,170.00000000000037,0.44835964996030064,10.67165522944734
02555b18-6653-4c55-9698-6eff1b4191e5,4.24,True,4.05,4.06,4.2,0.1900000000000004,0.1800000000000006,0.040000000000000036,-2.9850880351258193,-2.921188447804524,-5.797560958995608,9.999999999999787,150.00000000000034,140.00000000000057,0.0638995873212953,2.8124729238697888
02559325-c164-4e6c-8e59-9e5e565944d7,0.76,False,0.65,0.66,0.76,0.10999999999999999,0.09999999999999998,0.0,-11.23520710487951,-12.364015800725154,-25.3918155911054,10.000000000000009,109.99999999999999,99.99999999999997,1.1288086958456436,14.156608486225888
0255a8a1-46ea-4c88-b791-f9aff187beed,3.16,False,2.83,2.87,3.0,0.33000000000000007,0.29000000000000004,0.16000000000000014,-1.2844338858620488,-1.2547458055481775,-17.05951170679713,40.000000000000036,169.99999999999994,129.9999999999999,0.029688080313871268,15.775077820935083
0255c469-9018-4e3c-8be5-1de9e3515bbc,14.8373125,True,13.82,13.84,14.0,1.0173124999999992,0.9973124999999996,0.8373124999999995,8.225970256585445,8.547363025752093,-6.049875216075873,19.999999999999574,179.99999999999972,160.00000000000014,0.32139276916664805,14.275845472661317
02567f71-4dca-4e6c-972a-7a7ccafefe74,2.468,False,2.35,2.34,2.468,0.11799999999999988,0.1280000000000001,0.0,1.3757061289019088,2.311777908023041,-4.62552609974438,10.000000000000231,117.99999999999989,128.0000000000001,0.9360717791211322,6.0012322286462885
0256eede-d81e-42d0-b5d7-c018ceca9727,11.72,False,11.49,11.49,11.6,0.23000000000000043,0.23000000000000043,0.120000000000001,10.60519484051732,10.60519484051732,-12.215755638162468,0.0,109.99999999999943,109.99999999999943,0.0,22.82095047867979
02573e8b-c15c-4d6c-a208-f3d48a2d8b30,11.56,True,11.42,11.47,11.56,0.14000000000000057,0.08999999999999986,0.0,-6.419008939295406,-12.91902878038675,-16.760555090707044,50.00000000000071,140.00000000000057,89.99999999999986,6.500019841091344,10.341546151411638
0257540e-3fa2-4b7c-baae-9174a2534ba3,3.16,False,3.0,2.99,3.16,0.16000000000000014,0.16999999999999993,0.0,11.398814769560468,11.666886022632395,14.216158704141165,9.999999999999787,160.00000000000014,169.99999999999994,0.2680712530719269,2.8173439345806965
025779b0-a44a-4254-81f4-1bffccfc8186,11.96,True,11.51,11.66,11.96,0.45000000000000107,0.3000000000000007,0.0,-0.6248269144990215,-6.345949802831932,-10.973032405366695,150.00000000000034,450.0000000000011,300.0000000000007,5.721122888332911,10.348205490867674
02585867-e1b1-4858-ac37-9d077ccc8ff5,10.28,True,10.22,10.25,10.28,0.05999999999999872,0.02999999999999936,0.0,8.682854027545408,8.652367906787033,6.765483594037924,29.99999999999936,59.99999999999872,29.99999999999936,0.030486120758375534,1.9173704335074842
02585aa7-6d59-4b3f-aac8-2b8b4afa5261,7.16,True,6.93,6.91,7.0,0.23000000000000043,0.25,0.16000000000000014,-6.1144415145012045,-5.541538980580655,-15.841767227226168,19.999999999999574,70.00000000000028,89.99999999999986,0.5729025339205496,9.727325712724962
0258865f-a1fe-4324-8d24-5ebe4cc846aa,6.96,True,6.77,6.76,6.96,0.1900000000000004,0.20000000000000018,0.0,6.696715263273368,9.264118654476627,-27.826965402015553,9.999999999999787,190.0000000000004,200.00000000000017,2.5674033912032597,34.52368066528892
0258b7dd-c0cb-43b0-b793-ac491fcf92a8,13.95,True,12.89,12.91,13.1,1.0599999999999987,1.0399999999999991,0.8499999999999996,4.682147957519111,4.887484255542417,0.9467890911069136,19.999999999999574,209.9999999999991,189.9999999999995,0.20533629802330644,3.7353588664121973
02595358-b61f-4db8-9979-2600e9fbdfc5,11.6023125,True,10.59,10.62,10.9,1.0123125000000002,0.9823125000000008,0.7023124999999997,-16.05510097919123,-17.578759749406363,-20.830986938298828,29.99999999999936,310.0000000000005,280.00000000000114,1.5236587702151319,4.7758859591075975
02595541-3637-4bd4-9b97-8598d7124d08,3.28,False,2.99,3.01,3.2,0.2899999999999996,0.27,0.07999999999999963,2.4414444278747887,1.6943021839832755,-15.352447743046474,19.999999999999574,209.99999999999997,190.0000000000004,0.7471422438915132,17.79389217092126
02595824-feef-46ba-b6a4-ed97942eeb22,3.68,False,3.5,3.5,3.68,0.18000000000000016,0.18000000000000016,0.0,0.8514536378268426,0.8514536378268426,-23.344343446477165,0.0,180.00000000000017,180.00000000000017,0.0,24.195797084304008
0259ef96-1648-4702-85b2-b32675ca9dc5,11.605375,True,11.55,11.58,11.6,0.05537499999999973,0.02537500000000037,0.005375000000000796,-9.597998554094186,-9.556941184042204,-9.930329957672106,29.99999999999936,49.999999999998934,19.999999999999574,0.04105737005198229,0.33233140357791946
025a3f15-03de-4fc6-9685-b91b3c0a2b09,4.12,False,3.97,3.98,4.1,0.1499999999999999,0.14000000000000012,0.020000000000000462,5.618710556208024,5.750316202189244,10.02642571877514,9.999999999999787,129.99999999999946,119.99999999999966,0.13160564598122004,4.407715162567117
025a4ff3-4484-4415-a3d5-72d3d48bcdc1,11.4215625,False,10.42,11.24,10.7,1.0015625000000004,0.18156250000000007,0.721562500000001,19.025944878073346,-16.591530214997302,-3.959954703347116,820.0000000000002,279.9999999999994,540.0000000000009,35.61747509307065,22.985899581420462
025aa3d2-ca04-4b53-a27b-31b166097fac,3.84,True,3.41,3.53,3.8,0.4299999999999997,0.31000000000000005,0.040000000000000036,3.524983459943673,0.38256075886286417,-13.831122036791156,119.99999999999966,389.99999999999966,270.0,3.142422701080809,17.356105496734827
025b399b-b4a4-4c7b-b0d6-96155e3f22b3,8.45325,False,7.37,8.11,8.0,1.0832500000000005,0.34325000000000117,0.4532500000000006,-0.43826099100263116,2.0382759680772993,0.8723487565180015,739.9999999999993,629.9999999999999,109.99999999999943,2.4765369590799304,1.3106097475206326
025b5119-87c5-4b3e-8ebc-c0d49f83b57f,3.52,True,3.32,3.21,3.5,0.20000000000000018,0.31000000000000005,0.020000000000000018,-14.134439327304426,-1.7413266925667468,-37.396466608997294,109.99999999999987,180.00000000000017,290.00000000000006,12.39311263473768,23.262027281692866
025bc7b2-a800-4bec-aaf3-d63f3e9cf9fe,8.8,False,8.77,8.79,8.8,0.030000000000001137,0.010000000000001563,0.0,-1.0232210398136936,-1.763205073361621,-1.9349698439539904,19.999999999999574,30.000000000001137,10.000000000001563,0.7399840335479273,0.9117488041402968
025c123b-6818-473b-b83a-55c7b336fce7,2.68,True,2.35,2.37,2.68,0.33000000000000007,0.31000000000000005,0.0,6.971449763676281,6.67584281170444,-14.087796112527512,20.000000000000018,330.00000000000006,310.00000000000006,0.29560695197184117,21.059245876203793
025c1a57-ef2c-4bae-bcd1-cc464cccfd1d,3.12,False,2.88,2.88,3.0,0.2400000000000002,0.2400000000000002,0.1200000000000001,-4.333274163683297,-4.333274163683297,-15.606574506765192,0.0,120.00000000000011,120.00000000000011,0.0,11.273300343081894
025c62bc-1cad-49ed-8ec5-136e5c809354,8.4,False,8.15,8.15,8.3,0.25,0.25,0.09999999999999964,4.4549748049132925,4.4549748049132925,1.6426791704133925,0.0,150.00000000000034,150.00000000000034,0.0,2.8122956344999
025c7168-d926-4929-836a-de8bf0c268b6,8.32,False,8.31,8.31,8.3,0.009999999999999787,0.009999999999999787,0.019999999999999574,-1.7948633577957538,-1.7948633577957538,-1.5587226691419078,0.0,9.999999999999787,9.999999999999787,0.0,0.23614068865384596
025c9c54-91f8-46b5-a100-64a78a529639,10.08,False,9.78,9.78,9.9,0.3000000000000007,0.3000000000000007,0.17999999999999972,-15.679338605166425,-15.679338605166425,-24.42691268876463,0.0,120.000000000001,120.000000000001,0.0,8.747574083598206
025cb0df-ddeb-4d84-adae-dc9801662179,4.52,True,4.36,4.35,4.5,0.15999999999999925,0.16999999999999993,0.019999999999999574,-1.650519801087465,-1.1666772105906322,-16.57828225350755,10.000000000000675,139.9999999999997,150.00000000000034,0.48384259049683287,14.927762452420083
025dbe08-a935-4537-85d5-c431976cee8c,8.8,True,8.79,8.8,8.8,0.010000000000001563,0.0,0.0,-4.642981873047371,-4.871473112658559,-4.871473112658559,10.000000000001563,10.000000000001563,0.0,0.22849123961118778,0.22849123961118778
025e60ef-aba7-43c0-824f-17bde954aedd,9.68,True,9.24,9.34,9.68,0.4399999999999995,0.33999999999999986,0.0,2.530289851584642,5.960001842740953,-10.461195947406035,99.99999999999964,439.9999999999995,339.9999999999999,3.4297119911563105,12.991485798990677
025f3b9a-2f0e-4880-b618-bffd93733185,5.24,True,4.66,4.94,5.2,0.5800000000000001,0.2999999999999998,0.040000000000000036,5.703331862345785,-7.875967824062106,-15.446690736569574,280.0000000000002,540.0,259.9999999999998,13.579299686407891,21.15002259891536
025f3e76-12c5-4817-9e03-553d670e0537,7.2,True,6.85,6.64,6.9,0.35000000000000053,0.5600000000000005,0.2999999999999998,-16.70672164965871,-7.2942629943563295,-20.428036315953538,209.99999999999997,50.00000000000071,260.0000000000007,9.41245865530238,3.721314666294827
025f5ab5-250b-4dac-b86c-c8912b0735d9,6.76,False,6.7,6.71,6.76,0.05999999999999961,0.04999999999999982,0.0,25.429674045249524,25.920250956513684,23.509071807772425,9.999999999999787,59.99999999999961,49.99999999999982,0.49057691126416003,1.9206022374770981
025f94d3-14ac-4eaf-bcc6-de2aaf7be523,14.1175625,True,13.03,13.04,13.3,1.0875625000000007,1.0775625000000009,0.8175624999999993,2.299608928211645,2.2376735222915802,-5.953375994638431,9.999999999999787,270.00000000000136,260.0000000000016,0.061935405920064746,8.252984922850075
025fa907-0561-4c1f-961d-3406260c38f8,9.16,True,8.23,8.21,8.3,0.9299999999999997,0.9499999999999993,0.8599999999999994,-15.539912816460353,-14.803786003371435,-19.028118204505397,19.999999999999574,70.00000000000028,89.99999999999986,0.7361268130889176,3.488205388045044
025fdbef-a645-45bb-bc91-1a6ad369ba35,16.12,True,15.9,15.92,16.1,0.22000000000000064,0.20000000000000107,0.019999999999999574,-3.985461999874327,-4.559066683592009,-16.583128398365293,19.999999999999574,200.00000000000108,180.00000000000148,0.5736046837176825,12.597666398490967
0260148d-ec78-4716-b1e1-5c4f9e879fdd,14.312375,True,13.29,13.69,13.7,1.0223750000000003,0.6223749999999999,0.6123750000000001,-9.202022753556095,-8.725718904249666,-8.748395883141333,400.00000000000034,410.0000000000001,9.999999999999787,0.4763038493064293,0.45362687041476235
02604db8-b3fb-4857-abf8-e923fd04de81,15.4,False,15.21,15.21,15.4,0.1899999999999995,0.1899999999999995,0.0,17.948173833990175,17.948173833990175,17.031398760973875,0.0,189.9999999999995,189.9999999999995,0.0,0.9167750730163
02607dec-4549-4334-bd14-b745f6f9339a,5.16,False,4.95,4.97,5.16,0.20999999999999996,0.1900000000000004,0.0,-9.478058165704082,-9.440086353637483,-15.228725001224651,19.999999999999574,209.99999999999997,190.0000000000004,0.0379718120665995,5.750666835520569
0260d896-5403-440f-ad6e-aa22357c1720,9.72,False,9.43,9.42,9.6,0.2900000000000009,0.3000000000000007,0.120000000000001,-0.45079519975027227,-0.3006103184588341,-12.150822385633557,9.999999999999787,169.99999999999994,179.99999999999972,0.15018488129143814,11.700027185883284
0261745e-78bd-44d3-ac4f-038fc5997874,3.58225,False,3.53,3.57,2.8,0.05225000000000035,0.012250000000000316,0.7822500000000003,-0.2970235799035182,2.376394097445373,1.3295444772905862,40.000000000000036,730.0,770.0,2.6734176773488914,1.6265680571941044
0261bc06-ee50-42c2-9ae2-f8bf32986cf1,14.68,True,14.28,14.41,14.6,0.40000000000000036,0.2699999999999996,0.08000000000000007,-0.8277640323272516,-3.969548367037656,-24.355140992632837,130.0000000000008,320.0000000000003,189.9999999999995,3.141784334710404,23.527376960305585
0261f521-af5a-4b58-96d7-23f20c9d6976,10.4,False,10.31,10.32,10.4,0.08999999999999986,0.08000000000000007,0.0,17.429092199495393,17.84172717734824,17.059926245749878,9.999999999999787,89.99999999999986,80.00000000000007,0.4126349778528464,0.3691659537455152
02621cb5-8bdd-4ade-8c37-56e0f9172291,11.9355625,False,10.89,10.91,11.1,1.045562499999999,1.0255624999999995,0.8355625,-5.174131550064031,-8.515473285246271,-23.769132965167895,19.999999999999574,209.9999999999991,189.9999999999995,3.3413417351822403,18.595001415103866
026265ed-1021-4ca7-839d-b00e225ee238,4.48,True,4.2,4.23,4.48,0.28000000000000025,0.25,0.0,-6.382438746315138,-7.8997020721435565,-17.688334416670724,30.00000000000025,280.0000000000002,250.0,1.5172633258284183,11.305895670355586
0262755c-4c5f-4580-9e59-13d707689c9c,5.44,True,5.06,5.07,5.2,0.3800000000000008,0.3700000000000001,0.2400000000000002,-7.599621916622657,-8.190194435986102,-22.01014926090586,10.000000000000675,140.00000000000057,129.9999999999999,0.5905725193634455,14.410527344283203
0262a3d2-a94a-4da8-9f14-a7676d98f0b8,5.04,False,4.67,4.69,4.9,0.3700000000000001,0.34999999999999964,0.13999999999999968,11.086797573154021,12.48240153795958,0.6326185169786386,20.000000000000462,230.00000000000043,209.99999999999997,1.3956039648055594,10.454179056175382
0262d1e8-c166-4d47-9ab7-e7784d2b10c7,5.0,True,4.76,4.78,5.0,0.2400000000000002,0.21999999999999975,0.0,-3.111749739027594,-4.678602565418616,-19.498618581924024,20.000000000000462,240.00000000000023,219.99999999999974,1.5668528263910217,16.38686884289643
026322a4-abea-4b06-9d12-93fd00952732,6.12,True,5.8,5.82,6.1,0.3200000000000003,0.2999999999999998,0.020000000000000462,1.5488113332225135,2.729072006483312,-11.11234500731711,20.000000000000462,299.99999999999983,279.9999999999994,1.1802606732607985,12.661156340539623
02632c15-feec-4ae4-b1be-4616e1f2c559,5.04,True,4.9,4.89,5.0,0.13999999999999968,0.15000000000000036,0.040000000000000036,-8.35525491407172,-8.696245807787678,-23.031482933146606,10.000000000000675,99.99999999999964,110.00000000000031,0.3409908937159578,14.676228019074886
0263657e-4ac6-4bd5-8589-e3fb5af0bb1f,13.76,False,13.65,13.67,13.76,0.10999999999999943,0.08999999999999986,0.0,7.0274159548652735,6.86337843813307,0.7617020270959491,19.999999999999574,109.99999999999943,89.99999999999986,0.16403751673220324,6.265713927769324
026385d5-64b7-40b1-afbf-2c3361e5ae94,7.12,True,6.93,7.08,7.1,0.1900000000000004,0.040000000000000036,0.020000000000000462,-5.0141245375973735,-4.63949231707082,-3.9237747836682138,150.00000000000034,169.99999999999994,19.999999999999574,0.37463222052655354,1.0903497539291598
02639106-d864-4bf3-8941-1428d0c25c8b,6.04,False,5.74,5.72,5.9,0.2999999999999998,0.3200000000000003,0.13999999999999968,-5.028861758454847,-3.590298564335464,-18.126155947694674,20.000000000000462,160.00000000000014,180.0000000000006,1.4385631941193835,13.097294189239825
0263f3f7-7fbf-4e59-a440-9e3ca2bd5999,7.96,False,7.68,7.94,7.96,0.28000000000000025,0.019999999999999574,0.0,6.858316590359709,4.813875259461627,3.4749201517432864,260.0000000000007,280.0000000000002,19.999999999999574,2.044441330898082,3.3833964386164226
02640826-9f4c-4051-b8f8-211b30352795,8.72,False,8.49,8.63,8.6,0.23000000000000043,0.08999999999999986,0.120000000000001,-9.323993698413389,-10.110098666269192,-10.042768130694014,140.00000000000057,109.99999999999943,30.000000000001137,0.7861049678558025,0.7187744322806253
02647361-0369-4c32-a682-2e75e482aba9,13.0490625,True,11.88,12.06,12.2,1.169062499999999,0.9890624999999993,0.8490625000000005,-3.1106765915920938,-1.957341853448938,-16.665814739087317,179.99999999999972,319.9999999999985,139.9999999999988,1.1533347381431558,13.555138147495223
02647ab3-d9bc-4bfe-b8a1-d8d1d627fb6a,7.32,True,7.09,7.11,7.3,0.23000000000000043,0.20999999999999996,0.020000000000000462,2.003508372853926,-0.8080721051455556,-11.672691559610993,20.000000000000462,209.99999999999997,189.9999999999995,2.8115804779994815,13.676199932464918
026518e5-69f5-4521-a75a-68c7bcca94bc,7.24,True,6.96,6.98,7.1,0.28000000000000025,0.2599999999999998,0.14000000000000057,-0.451434482581115,-0.2445849272561892,-4.867588985223174,20.000000000000462,139.9999999999997,119.99999999999922,0.20684955532492583,4.416154502642058
026537f6-2cf5-436b-bac7-97cfffd24788,9.44,False,9.31,9.32,9.4,0.129999999999999,0.11999999999999922,0.03999999999999915,8.115781205298973,8.22265334398718,7.951557898146578,9.999999999999787,89.99999999999986,80.00000000000007,0.10687213868820677,0.16422330715239486
0265fa15-88d9-4812-885e-c095fbb01230,5.24,False,4.98,4.98,5.1,0.2599999999999998,0.2599999999999998,0.14000000000000057,-7.866513451691542,-7.866513451691542,-9.758727193087005,0.0,119.99999999999922,119.99999999999922,0.0,1.8922137413954623
0265fac2-9ebf-4bc9-a1bd-1242c8821a6f,5.4,False,5.35,5.35,5.4,0.05000000000000071,0.05000000000000071,0.0,18.759539229271386,18.759539229271386,17.037695911920693,0.0,50.00000000000071,50.00000000000071,0.0,1.721843317350693
02663335-2b71-4d91-ba2d-f0ffbf8c0c86,10.52,True,10.3,10.48,10.5,0.21999999999999886,0.03999999999999915,0.019999999999999574,-3.333072489059162,-9.053598213973402,-9.088279928519544,179.99999999999972,199.9999999999993,19.999999999999574,5.720525724914239,5.755207439460381
02663bb0-f4c2-4e7c-b6fa-7ea4ce611497,9.76,True,9.52,9.55,9.76,0.2400000000000002,0.20999999999999908,0.0,1.118582206197294,0.6383482044910808,-12.355171527984735,30.000000000001137,240.00000000000023,209.9999999999991,0.48023400170621333,13.47375373418203
02670e6b-655e-4066-85e1-6df8c3acfb91,4.5510625,True,4.01,4.01,4.1,0.5410624999999998,0.5410624999999998,0.4510624999999999,-10.351761375253968,-10.351761375253968,-19.807227404088426,0.0,89.99999999999986,89.99999999999986,0.0,9.455466028834458
02674f6f-b9bb-402d-96f0-3243738e1fa0,8.44,True,8.18,8.2,8.4,0.2599999999999998,0.2400000000000002,0.03999999999999915,-14.526786746434453,-14.863798409197049,-22.97098182451607,19.999999999999574,220.00000000000063,200.00000000000108,0.3370116627625954,8.444195078081616
02675b5d-a642-49b1-8699-c0d8748a7bff,7.2,False,7.01,7.0,7.2,0.1900000000000004,0.20000000000000018,0.0,2.2645703539573083,1.9891236460201958,-2.069455157342748,9.999999999999787,190.0000000000004,200.00000000000017,0.27544670793711257,4.334025511300057
0267998c-7bc4-41f6-a357-dded94541154,5.04,False,4.9,4.9,5.0,0.13999999999999968,0.13999999999999968,0.040000000000000036,14.367711242597972,14.367711242597972,3.7361525578351595,0.0,99.99999999999964,99.99999999999964,0.0,10.631558684762812
0267a403-cef6-461a-9c13-0385a0ad41a8,7.26625,False,6.28,6.28,6.4,0.9862500000000001,0.9862500000000001,0.86625,0.8465731903502732,0.8465731903502732,-1.6730112710107388,0.0,120.00000000000011,120.00000000000011,0.0,2.519584461361012
0267ea00-b783-4a81-b4d5-ac887415c321,7.96,False,7.79,7.77,7.96,0.16999999999999993,0.1900000000000004,0.0,-2.7765169138122285,1.46102094789127,-26.723941116466275,20.000000000000462,169.99999999999994,190.0000000000004,4.237537861703498,23.947424202654048
026855db-39ec-41d0-b9a4-22ebba10cbd8,13.3325625,False,12.33,12.33,12.5,1.0025624999999998,1.0025624999999998,0.8325624999999999,-11.579337901546996,-11.579337901546996,-27.70612389526192,0.0,169.99999999999994,169.99999999999994,0.0,16.126785993714925
026896af-f245-41ba-afcf-f57f2a38b01f,4.2,False,4.05,4.06,4.2,0.15000000000000036,0.14000000000000057,0.0,6.806604611991653,6.571893338762749,-10.24451383880633,9.999999999999787,150.00000000000034,140.00000000000057,0.23471127322890428,17.051118450797983
0268db04-98be-41d2-a11b-979109fdf26e,10.1225625,False,9.02,9.03,9.3,1.1025625000000012,1.0925625000000014,0.8225625000000001,7.269763970972172,6.069725179922187,-13.101641533328946,9.999999999999787,280.00000000000114,270.00000000000136,1.2000387910499848,20.37140550430112
0268db32-dda2-4f4e-a8f7-07abac019fd4,4.511,False,4.5,4.51,4.5,0.01100000000000012,0.001000000000000334,0.01100000000000012,12.738768689217205,13.516607490055168,12.738768689217205,9.999999999999787,0.0,9.999999999999787,0.777838800837964,0.0
026901ed-5d34-423f-8aec-e475f3b8008a,9.52,False,9.32,9.31,9.5,0.1999999999999993,0.20999999999999908,0.019999999999999574,5.572064755750243,6.240625750275645,-18.772418106025754,9.999999999999787,179.99999999999972,189.9999999999995,0.6685609945254019,24.344482861775997
02690be4-dd9c-4556-b805-0e2dc230b2c2,7.4,True,7.34,7.32,7.4,0.0600000000000005,0.08000000000000007,0.0,-6.839081032719146,-3.6251160938794325,-17.309070256121593,19.999999999999574,60.0000000000005,80.00000000000007,3.2139649388397133,10.469989223402447
02691afd-ec70-401c-85b2-d74506e20ff9,10.24,False,9.9,9.93,10.1,0.33999999999999986,0.3100000000000005,0.14000000000000057,-5.669034426894126,-5.878163083875745,-8.327229225989614,29.99999999999936,199.9999999999993,169.99999999999994,0.2091286569816191,2.6581947990954875
02694944-a317-447c-ab0b-fea2de0e60bf,6.68,True,6.44,6.68,6.68,0.23999999999999932,0.0,0.0,-2.2160077692119646,-24.099833916701403,-24.099833916701403,239.99999999999932,239.99999999999932,0.0,21.883826147489437,21.883826147489437
02696a4f-988d-4ee9-92a2-4a14d62ef7ed,15.4,True,14.97,15.13,15.4,0.4299999999999997,0.2699999999999996,0.0,-4.268278798462789,-9.479848271827057,-19.01057517063357,160.00000000000014,429.9999999999997,269.99999999999955,5.211569473364269,14.742296372170781
026a12b7-d437-4fc9-85c5-0e10e36355f9,5.44,False,5.24,5.22,5.4,0.20000000000000018,0.22000000000000064,0.040000000000000036,-19.624370961530865,-19.699961240720665,-18.765113034078944,20.000000000000462,160.00000000000014,180.0000000000006,0.07559027918980021,0.859257927451921
026a2a94-3c2d-479b-811f-7c50a3684ef1,4.52,True,4.18,4.24,4.4,0.33999999999999986,0.27999999999999936,0.11999999999999922,0.6021348412257638,-0.24783738435668012,-3.4123206340333296,60.0000000000005,220.00000000000063,160.00000000000014,0.8499722255824439,4.014455475259093
026a3181-879c-48f8-8962-4bad95f0da4b,7.765375,False,6.95,6.98,7.2,0.8153749999999995,0.7853749999999993,0.5653749999999995,2.545336631681584,2.01564762824208,-14.156379387555036,30.00000000000025,250.0,219.99999999999974,0.5296890034395041,16.70171601923662
026a62c5-35b2-4b05-be7b-7b83ef1ff47f,5.76,True,5.59,5.6,5.76,0.16999999999999993,0.16000000000000014,0.0,-12.41301768063527,-12.561760157572369,-22.279315108675284,9.999999999999787,169.99999999999994,160.00000000000014,0.1487424769370982,9.866297428040014
026ae670-011b-4f78-8901-f61c2491151b,4.48,False,4.24,4.25,4.48,0.2400000000000002,0.23000000000000043,0.0,-11.206584107271793,-11.445392338703313,-20.688337545226073,9.999999999999787,240.00000000000023,230.00000000000043,0.23880823143151986,9.48175343795428
026af07b-18b0-4322-9958-15b97aa21a49,4.30725,False,2.34,2.33,2.5,1.96725,1.9772499999999997,1.8072499999999998,-11.580539641160913,-10.555252020763113,-25.70441316794572,9.999999999999787,160.00000000000014,169.99999999999994,1.0252876203977994,14.123873526784807
026b4c55-aa18-4f21-be55-4b1555e866d8,7.56,False,7.35,7.37,7.56,0.20999999999999996,0.1899999999999995,0.0,-6.063516342438587,-5.064983765608217,1.827730748704757,20.000000000000462,209.99999999999997,189.9999999999995,0.9985325768303701,7.891247091143343
026ba149-3ded-4fbf-8fab-586cda9cf819,2.82,False,2.55,2.54,2.7,0.27,0.2799999999999998,0.11999999999999966,34.496912762392526,35.044394682504866,7.485534716611006,9.999999999999787,150.00000000000034,160.00000000000014,0.5474819201123395,27.01137804578152
026bff3a-d584-4a13-a27c-fd76f0b795b9,4.24,True,3.98,3.99,4.2,0.26000000000000023,0.25,0.040000000000000036,-1.3846854019387194,-1.5355297981755447,-23.30757580569961,10.000000000000231,220.0000000000002,209.99999999999997,0.15084439623682533,21.922890403760892
026c6493-13ba-47a7-b822-0a6c6efd54d2,12.96,True,12.72,12.76,12.96,0.2400000000000002,0.20000000000000107,0.0,7.603226512271319,2.9365320000178423,-18.085832554723304,39.99999999999915,240.00000000000023,200.00000000000108,4.666694512253477,25.689059066994623
026cf847-2bec-45d3-a5b3-086017fffedd,9.32,True,9.13,9.12,9.3,0.1899999999999995,0.20000000000000107,0.019999999999999574,-16.069472220170326,-15.614016708969466,-30.84995054490491,10.000000000001563,169.99999999999994,180.00000000000148,0.45545551120086003,14.780478324734585
026d35d8-edf7-456a-b300-f2d89afe44ee,5.44,True,5.17,5.19,5.4,0.27000000000000046,0.25,0.040000000000000036,1.1814714741692967,0.7677020126813785,-10.16962459744169,20.000000000000462,230.00000000000043,209.99999999999997,0.41376946148791816,11.351096071610986
026d5e8c-70f9-457d-8850-98efbc07b4a6,8.64,False,8.39,8.4,8.6,0.25,0.2400000000000002,0.040000000000000924,-0.38361563569536955,-0.7945353130858224,-5.958313079371894,9.999999999999787,209.9999999999991,199.9999999999993,0.4109196773904528,5.574697443676524
026d649e-8468-4e7b-ba4a-b5e7976c1138,11.08,False,10.84,10.94,11.08,0.2400000000000002,0.14000000000000057,0.0,14.943620261857122,12.099182487714405,6.368054177223699,99.99999999999964,240.00000000000023,140.00000000000057,2.844437774142717,8.575566084633422
026d8886-c000-4b00-9e2b-a9a0eae7ea19,12.6203125,False,11.66,11.63,11.7,0.9603125000000006,0.9903124999999999,0.9203125000000014,-3.416516700038059,-2.117045876309136,-10.743502700752332,29.99999999999936,39.99999999999915,69.99999999999851,1.2994708237289232,7.326986000714273
026ddec2-e707-4b1c-99ac-48041f2c76ac,6.88,False,6.77,6.77,6.88,0.11000000000000032,0.11000000000000032,0.0,1.753896498860642,1.753896498860642,-5.67638073289679,0.0,110.00000000000031,110.00000000000031,0.0,7.430277231757432
026de40a-d106-473b-b228-ef26f5b87182,3.72,True,2.56,3.41,3.7,1.1600000000000001,0.31000000000000005,0.020000000000000018,-1.2673354196076354,-4.858694986333387,-5.3249230937480085,850.0000000000001,1140.0000000000002,290.00000000000006,3.591359566725752,4.057587674140374
026de40d-da9a-4147-9d37-b1bc0f31fcd0,2.56,True,1.91,2.47,2.56,0.6500000000000001,0.08999999999999986,0.0,-0.8473075995559092,-0.8952475386698836,-1.7745006941193808,560.0000000000002,650.0000000000001,89.99999999999986,0.04793993911397443,0.9271930945634717
026de664-7b11-4c60-bf2f-99c81a2823cf,6.16,False,5.91,5.91,6.16,0.25,0.25,0.0,17.900634024680592,17.900634024680592,-10.267361399317865,0.0,250.0,250.0,0.0,28.167995423998455
026e28bc-e45b-4796-bde0-3d25e6d355d9,2.32,False,2.25,2.28,2.3,0.06999999999999984,0.040000000000000036,0.020000000000000018,-0.9228861080607387,-0.5299444270814414,-0.8374717859036008,29.999999999999805,49.99999999999982,20.000000000000018,0.39294168097929727,0.08541432215713785
026e7874-66b0-4fdf-9ddb-469bec0225ca,8.04,False,7.78,7.8,8.0,0.2599999999999989,0.23999999999999932,0.03999999999999915,1.209590504179178,1.7022138350080749,-3.353336840781197,19.999999999999574,219.99999999999974,200.00000000000017,0.492623330828897,4.562927344960375
026ee97a-6c56-4fe8-901b-367f79453fdb,5.8,False,5.55,5.56,5.8,0.25,0.2400000000000002,0.0,1.2728697455200277,0.014686552257632228,-15.821983235203106,9.999999999999787,250.0,240.00000000000023,1.2581831932623955,17.094852980723132
026ef143-4bb6-4f4c-8dd1-b4ae92993841,6.44,True,6.38,6.2,6.3,0.0600000000000005,0.2400000000000002,0.14000000000000057,-24.686670933203008,-6.034583241146721,-23.002874613224787,179.99999999999972,80.00000000000007,99.99999999999964,18.652087692056288,1.6837963199782209
026f0d52-dcd0-4550-8740-84bf82beda14,5.48,False,5.2,5.18,5.3,0.28000000000000025,0.3000000000000007,0.1800000000000006,-12.102077701859649,-12.178057502297802,-15.692343228072993,20.000000000000462,99.99999999999964,120.00000000000011,0.07597980043815333,3.5902655262133436
026f3f68-5e2f-46f3-b33c-68cb784188ae,7.96,True,7.61,7.61,7.7,0.34999999999999964,0.34999999999999964,0.2599999999999998,-0.8950100855973734,-0.8950100855973734,-14.930907364424838,0.0,89.99999999999986,89.99999999999986,0.0,14.035897278827465
026fb3b0-5951-4b66-8d3f-66ceaad5cf23,6.56,False,6.14,6.18,6.4,0.41999999999999993,0.3799999999999999,0.15999999999999925,-0.05072887289574097,-1.0858181668494367,-4.93611840196453,40.000000000000036,260.0000000000007,220.00000000000063,1.0350892939536958,4.885389529068789
026fbb46-1c07-42c3-bb0a-f187a7e23d83,5.12,True,4.85,4.85,5.1,0.27000000000000046,0.27000000000000046,0.020000000000000462,3.165028031648559,3.165028031648559,-26.109697107527232,0.0,250.0,250.0,0.0,29.274725139175793
026fd269-4c92-42af-a382-585fb56d8f23,4.96,True,4.7,4.73,4.96,0.2599999999999998,0.22999999999999954,0.0,-0.11868887219792207,-0.46505811584270274,-15.409758155125132,30.00000000000025,259.9999999999998,229.99999999999955,0.34636924364478067,15.29106928292721
026fe56e-0218-41e3-b702-edd847159b77,5.64,True,5.1,5.35,5.5,0.54,0.29000000000000004,0.13999999999999968,4.40851067358071,-3.2659812920581053,-9.568880773243263,250.0,400.00000000000034,150.00000000000034,7.674491965638815,13.977391446823972
026fe736-3be9-4567-86dd-eaea5249bd9d,9.68,True,9.43,9.44,9.68,0.25,0.2400000000000002,0.0,-14.621097309199184,-15.193502372826183,-23.35421726491189,9.999999999999787,250.0,240.00000000000023,0.5724050636269986,8.733119955712707
02702a37-7bdf-42af-a471-b7ec79073875,6.68,True,6.47,6.47,6.68,0.20999999999999996,0.20999999999999996,0.0,-4.452950008261241,-4.452950008261241,-18.16970015377521,0.0,209.99999999999997,209.99999999999997,0.0,13.71675014551397
02703491-1a92-4e36-b117-87cba8ed2684,10.0,True,8.53,8.54,8.7,1.4700000000000006,1.4600000000000009,1.3000000000000007,5.691814581460532,5.715353178714138,-10.201487038534045,9.999999999999787,169.99999999999994,160.00000000000014,0.023538597253605964,15.893301619994578
027050c3-a656-46d0-9ef0-336d4f59bbad,8.08,True,7.77,7.78,7.9,0.3100000000000005,0.2999999999999998,0.17999999999999972,-9.06445654867413,-9.474309051460342,-15.886872605383216,10.000000000000675,130.0000000000008,120.00000000000011,0.40985250278621166,6.822416056709086
0270bfcc-d003-479b-aa9e-116b98c37c96,8.277375,True,8.09,8.09,8.277375,0.1873749999999994,0.1873749999999994,0.0,-7.641463561327424,-7.641463561327424,-24.643453430349737,0.0,187.3749999999994,187.3749999999994,0.0,17.001989869022314
02710807-4dcc-441e-9f3c-6d14228cf813,7.64,True,7.25,7.25,7.4,0.3899999999999997,0.3899999999999997,0.23999999999999932,6.354051828800954,6.354051828800954,-24.958321946265784,0.0,150.00000000000034,150.00000000000034,0.0,31.31237377506674
02719d8f-942c-4aba-97fb-d26fdf60f91c,8.2,True,8.01,7.99,8.2,0.1899999999999995,0.20999999999999908,0.0,-5.313616477686369,-4.9486041627238455,-30.922781851518003,19.999999999999574,189.9999999999995,209.9999999999991,0.36501231496252373,25.609165373831633
0271e010-551f-419c-9116-0a14594117ee,3.56,True,3.21,3.2,3.4,0.3500000000000001,0.3599999999999999,0.16000000000000014,7.849524011984102,8.038082740441567,-28.044788596098268,9.999999999999787,189.99999999999994,199.99999999999974,0.18855872845746458,35.89431260808237
02721564-ba31-4b6f-a221-8ae033325eaa,7.2,False,6.95,6.96,7.1,0.25,0.2400000000000002,0.10000000000000053,-0.618769717341475,-0.593371382964917,-0.5566560204249588,9.999999999999787,149.99999999999946,139.9999999999997,0.02539833437655803,0.06211369691651625
02728141-af58-4920-ac2c-907afc7a3e87,8.24,False,8.14,8.16,8.2,0.09999999999999964,0.08000000000000007,0.040000000000000924,13.05906613782259,11.909367680757914,8.064284691785605,19.999999999999574,59.99999999999872,39.99999999999915,1.1496984570646767,4.994781446036985
02731bb3-4e1d-4a1e-a6ac-f4703234d846,3.68,True,3.36,3.38,3.68,0.3200000000000003,0.30000000000000027,0.0,-5.96642714374344,-5.864214461142748,-20.383764410268846,20.000000000000018,320.0000000000003,300.0000000000003,0.10221268260069216,14.417337266525406
027360ce-7623-4279-9d22-02a3726b9cd6,5.68,True,5.43,5.43,5.5,0.25,0.25,0.17999999999999972,2.7501115060227246,2.7501115060227246,-9.594450733449193,0.0,70.00000000000028,70.00000000000028,0.0,12.344562239471918
0273bb12-b44f-499a-8429-dbb5226fd610,7.36,True,7.16,7.15,7.36,0.20000000000000018,0.20999999999999996,0.0,3.0399024643450696,4.8514512150386135,-35.20526328556191,9.999999999999787,200.00000000000017,209.99999999999997,1.811548750693544,38.24516574990698
0273c33d-8c92-4547-8c4a-a68af73f3e54,5.96,False,5.76,5.74,5.8,0.20000000000000018,0.21999999999999975,0.16000000000000014,56.55083984126167,58.70931407415244,48.645653744110454,19.999999999999574,40.000000000000036,59.99999999999961,2.158474232890768,7.905186097151216
0273df3b-394f-42bb-84bd-8484755f1e18,5.7793125,True,5.24,5.23,5.5,0.5393124999999994,0.5493124999999992,0.27931249999999963,2.133728425032039,2.1059876599142613,-24.112701875912144,9.999999999999787,259.9999999999998,269.99999999999955,0.027740765117777677,26.246430300944184
0274670d-c014-407b-97db-140468f014aa,4.92,True,4.7,4.72,4.9,0.21999999999999975,0.20000000000000018,0.019999999999999574,-6.636245871951018,-6.884640313194599,-17.360061116165628,19.999999999999574,200.00000000000017,180.0000000000006,0.24839444124358145,10.72381524421461
0274911c-c846-4ebb-92d7-45b9c0638f58,3.84,False,3.71,3.72,3.8,0.1299999999999999,0.11999999999999966,0.040000000000000036,7.141209722884391,5.9618306968124655,-0.6069044447528379,10.000000000000231,89.99999999999986,79.99999999999963,1.179379026071926,7.74811416763723
0274add4-25de-48de-b5e4-4eed735f4953,7.8,False,7.54,7.56,7.8,0.2599999999999998,0.2400000000000002,0.0,-0.5718350729834026,-0.7233106738686627,-13.090824096093158,19.999999999999574,259.9999999999998,240.00000000000023,0.15147560088526002,12.518989023109755
0274f1d1-ffb7-4eff-959e-54d7a52dff8f,5.08,True,4.68,4.68,4.8,0.40000000000000036,0.40000000000000036,0.28000000000000025,-11.34536526879389,-11.34536526879389,-21.661278780768896,0.0,120.00000000000011,120.00000000000011,0.0,10.315913511975007
027533ed-6387-4a8d-9bea-267748477a25,4.36,False,4.21,4.22,4.36,0.15000000000000036,0.14000000000000057,0.0,-3.0871340585574254,-4.066523984621337,-14.375489855542252,9.999999999999787,150.00000000000034,140.00000000000057,0.9793899260639112,11.288355796984828
0275387f-d40e-41e7-8b09-86e393e31140,10.28,True,10.09,10.03,10.28,0.1899999999999995,0.25,0.0,1.1456486819161176,2.733388660810832,-23.823205794577028,60.0000000000005,189.9999999999995,250.0,1.5877399788947144,24.968854476493146
02754c47-27c1-49a8-82cf-4931db052931,4.12,True,3.69,3.7,4.0,0.43000000000000016,0.41999999999999993,0.1200000000000001,7.919879935547325,8.394790439461302,-8.866591006430648,10.000000000000231,310.00000000000006,299.99999999999983,0.4749105039139767,16.786470941977974
02755023-68b3-4e1f-b42c-c72d374e2a8f,11.0619375,False,9.98,10.04,10.2,1.0819375000000004,1.0219375000000017,0.8619375000000016,9.070630712847969,4.346389095104239,-4.004908853307599,59.99999999999872,219.99999999999886,160.00000000000014,4.724241617743729,13.075539566155568
02755fd2-cfad-4161-afe7-5d72ddb2f85d,15.87125,True,14.91,14.85,15.0,0.9612499999999997,1.0212500000000002,0.8712499999999999,-7.265585393355816,-3.4101695114607202,-7.960315618809435,60.0000000000005,89.99999999999986,150.00000000000034,3.855415881895096,0.6947302254536192
027580a1-0da8-4cdf-ad7a-14ecfbbf62ad,6.28,True,6.18,6.19,6.28,0.10000000000000053,0.08999999999999986,0.0,4.810917472728254,3.6462631258911875,-2.5906732144852866,10.000000000000675,100.00000000000054,89.99999999999986,1.1646543468370663,7.40159068721354
0275a0e3-e084-47e7-b58e-a13d21b6dd80,6.6,False,6.3,6.54,6.6,0.2999999999999998,0.05999999999999961,0.0,-0.4656221637492532,6.012973585445369,4.586802818640485,240.00000000000023,299.99999999999983,59.99999999999961,6.478595749194622,5.052424982389738
0275b8d6-1113-4bf5-a45f-2a608f5de480,5.331375,False,4.78,4.8,4.8,0.5513750000000002,0.5313750000000006,0.5313750000000006,-3.9193296675706333,-3.9688993308456695,-3.9688993308456695,19.999999999999574,19.999999999999574,0.0,0.0495696632750362,0.0495696632750362
0275bb2c-9432-49dc-9aa6-e8e89a80a4ae,3.76,False,3.54,3.56,3.76,0.21999999999999975,0.19999999999999973,0.0,-5.493672501436828,-5.468615796861776,-10.803790216329284,20.000000000000018,219.99999999999974,199.99999999999974,0.025056704575051825,5.310117714892456
0275cc98-a583-4760-b426-276328297d5d,4.84,True,4.53,4.52,4.6,0.3099999999999996,0.3200000000000003,0.2400000000000002,-5.231447089372939,-5.643469571095254,-13.098974835546334,10.000000000000675,69.9999999999994,80.00000000000007,0.4120224817223157,7.867527746173396
027605fc-774f-4faf-9462-2e9e8140ca9d,5.52,True,5.32,5.29,5.5,0.1999999999999993,0.22999999999999954,0.019999999999999574,17.30974112073554,15.92039647377289,8.41113213265296,30.00000000000025,179.99999999999972,209.99999999999997,1.3893446469626518,8.898608988082582
02768278-3e11-488a-8ae4-a4e111ac4e8f,5.8,True,5.6,5.6,5.8,0.20000000000000018,0.20000000000000018,0.0,-10.493435711380211,-10.493435711380211,-23.043004014287913,0.0,200.00000000000017,200.00000000000017,0.0,12.549568302907701
0276fd37-3a2b-4acf-bb1d-169e94e148c8,8.96,False,8.68,8.68,8.8,0.28000000000000114,0.28000000000000114,0.16000000000000014,9.330072009709177,9.330072009709177,17.39968809865459,0.0,120.000000000001,120.000000000001,0.0,8.069616088945413
02771e6d-58eb-4fbd-a1e0-3c7cea7291f8,16.0,False,15.99,13.91,12.3,0.009999999999999787,2.09,3.6999999999999993,1.8027875719198028,12.70981426383428,0.8819881265914326,2080.0,3689.9999999999995,1609.9999999999995,10.907026691914478,0.9207994453283702
02776b58-0af1-4f40-a04c-476d78215b5d,12.384125,True,11.17,11.79,11.5,1.2141249999999992,0.594125,0.8841249999999992,-9.606413096415146,-22.628701023952726,-11.81923610662818,619.9999999999992,330.00000000000006,289.99999999999915,13.02228792753758,2.212823010213034
027771b2-12cd-44d6-93d2-7fd706593569,6.4,False,6.02,6.08,6.2,0.3800000000000008,0.3200000000000003,0.20000000000000018,2.487076432189757,2.265840813665109,0.4694123798563675,60.0000000000005,180.0000000000006,120.00000000000011,0.22123561852464801,2.0176640523333895
027796f1-179b-4d12-ae99-ca439e076247,5.56,False,5.27,5.52,5.56,0.29000000000000004,0.040000000000000036,0.0,12.43380151103248,-9.614046278982958,-11.604616382889978,250.0,290.00000000000006,40.000000000000036,22.04784779001544,24.038417893922457
027878c9-981b-4ebc-8e8e-37253263a94d,4.4,False,4.36,4.38,4.4,0.040000000000000036,0.020000000000000462,0.0,16.603444341779152,16.390799050839377,17.41769073490911,19.999999999999574,40.000000000000036,20.000000000000462,0.21264529093977558,0.8142463931299595
0278b6e2-8298-4260-977c-3bb837c1374a,11.212875,False,10.23,10.22,10.4,0.9828749999999999,0.9928749999999997,0.812875,6.881636858958465,8.530217486755292,-16.691951124072364,9.999999999999787,169.99999999999994,179.99999999999972,1.6485806277968278,23.57358798303083
0278c273-eff5-46fb-8e6f-a6686882a7ca,5.3905625,False,4.26,4.59,4.7,1.1305625,0.8005624999999998,0.6905624999999995,10.759330926138647,-2.2169964067729047,-6.126587355074382,330.00000000000006,440.0000000000004,110.00000000000031,12.976327332911552,16.88591828121303
0278dd9d-ea5e-4494-a83d-10febb208d09,9.24,True,9.04,9.03,9.2,0.20000000000000107,0.21000000000000085,0.040000000000000924,-15.881469175575381,-15.136656208516017,-32.088249426493576,9.999999999999787,160.00000000000014,169.99999999999994,0.7448129670593637,16.206780250918193
02792230-17e8-4626-ae83-ecbb27134267,7.48,False,7.27,7.29,7.48,0.21000000000000085,0.1900000000000004,0.0,3.3491281721573856,4.664321588372917,-6.9555486702405105,20.000000000000462,210.00000000000085,190.0000000000004,1.3151934162155312,10.304676842397896
02795080-dd31-4184-a7fd-f095461989c4,12.1530625,True,11.09,11.13,11.3,1.063062500000001,1.0230625,0.8530625000000001,-3.3802273849727125,-2.1223630844054036,-10.843527796661387,40.000000000000924,210.00000000000085,169.99999999999994,1.257864300567309,7.4633004116886745
02795dad-75f3-41ae-92a0-b83ee6a6d94b,3.084,False,3.04,3.05,3.084,0.04400000000000004,0.03400000000000025,0.0,22.7669273958556,22.002210183829558,18.621747279288783,9.999999999999787,44.00000000000004,34.000000000000256,0.7647172120260421,4.1451801165668165
02797d0d-30b6-44bf-a928-171688075588,4.0,True,3.86,3.87,4.0,0.14000000000000012,0.1299999999999999,0.0,-6.194249504724767,-6.03507391741336,-11.541071315803148,10.000000000000231,140.0000000000001,129.9999999999999,0.1591755873114069,5.346821811078381
02798008-e60c-4320-b4d2-d1a652ac5236,4.08,False,3.76,3.76,4.0,0.3200000000000003,0.3200000000000003,0.08000000000000007,12.68792380242407,12.68792380242407,-5.830016756585418,0.0,240.00000000000023,240.00000000000023,0.0,18.51794055900949
0279f616-464c-4b84-a91a-f0e101d466e1,5.44,True,5.19,5.19,5.4,0.25,0.25,0.040000000000000036,11.214360529833506,11.214360529833506,-20.075979839318308,0.0,209.99999999999997,209.99999999999997,0.0,31.290340369151814
027a018c-93ce-4b61-8057-39c5072d1182,8.36,False,8.11,8.36,8.36,0.25,0.0,0.0,-5.277897734244891,-4.475233119104782,-4.475233119104782,250.0,250.0,0.0,0.8026646151401087,0.8026646151401087
027a2874-8349-486a-96a4-35260aa0fde1,7.6,False,7.43,7.43,7.6,0.16999999999999993,0.16999999999999993,0.0,-7.1352933462650245,-7.1352933462650245,-3.723327130166058,0.0,169.99999999999994,169.99999999999994,0.0,3.4119662160989663
027a3cc2-0862-48e2-98d8-5015e0c91397,8.52,True,8.4,8.44,8.5,0.11999999999999922,0.08000000000000007,0.019999999999999574,2.5467992570418345,-0.6150698720124401,-5.2104460883432235,39.99999999999915,99.99999999999964,60.0000000000005,3.1618691290542746,7.7572453453850585
027a4410-8298-4cec-9894-f0cb9d687de2,5.08,False,5.05,5.04,5.08,0.03000000000000025,0.040000000000000036,0.0,37.36637109146611,37.4255915160226,33.53624428186432,9.999999999999787,30.00000000000025,40.000000000000036,0.0592204245564929,3.8301268096017864
027a518e-1185-435e-8539-b17408f30a7b,10.76,True,10.64,10.65,10.76,0.11999999999999922,0.10999999999999943,0.0,-2.807958993928442,-2.5132991410856977,-13.342576147444895,9.999999999999787,119.99999999999922,109.99999999999943,0.2946598528427442,10.534617153516454
027abf27-94b8-486d-b02c-3bf9e87ea1bb,3.6,True,3.46,3.51,3.6,0.14000000000000012,0.0900000000000003,0.0,1.5127379629038458,-6.639571179327195,-16.45223969807786,49.99999999999982,140.0000000000001,90.0000000000003,8.15230914223104,17.964977660981706
027ac655-1628-40a2-894b-36e34570f340,6.04,True,5.77,5.81,5.9,0.27000000000000046,0.23000000000000043,0.13999999999999968,6.43081946531284,1.3839042165908455,-14.60400482937559,40.000000000000036,130.0000000000008,90.00000000000074,5.046915248721994,21.03482429468843
027acea2-9c75-46ab-9546-24ce6e6affc6,4.1924375,True,3.33,3.2,3.4,0.8624374999999995,0.9924374999999994,0.7924374999999997,-10.580432344191145,0.95687099716729,-14.79788263995216,129.9999999999999,69.99999999999984,199.99999999999974,11.537303341358434,4.217450295761015
027b6f67-f934-4a93-ba26-1fdc05b8fa39,7.8,False,7.65,7.66,7.8,0.14999999999999947,0.13999999999999968,0.0,1.5201169448878884,1.4158490758061464,-4.117549034211968,9.999999999999787,149.99999999999946,139.9999999999997,0.10426786908174202,5.6376659790998565
027bc438-31a1-4a8f-8372-a0fcc06b2585,7.326,True,7.13,7.13,7.3,0.19599999999999973,0.19599999999999973,0.0259999999999998,-7.845553821925868,-7.845553821925868,-19.827418265678748,0.0,169.99999999999994,169.99999999999994,0.0,11.98186444375288
027bd46f-e84b-41b0-9cdf-3feb586c4379,13.24,False,13.06,13.05,13.2,0.17999999999999972,0.1899999999999995,0.040000000000000924,2.594786374598114,4.670293093699608,-21.67267197623939,9.999999999999787,139.9999999999988,149.99999999999858,2.075506719101494,24.267458350837504
027be66b-9811-4258-82c1-61d820b08c6c,5.72,True,5.45,5.5,5.7,0.2699999999999996,0.21999999999999975,0.019999999999999574,4.50839139419582,5.636735021894452,-4.62192833999872,49.99999999999982,250.0,200.00000000000017,1.1283436276986327,9.13031973419454
027c6767-3993-4d55-9a5e-9f1183509f69,5.8,True,5.39,5.4,5.8,0.41000000000000014,0.39999999999999947,0.0,3.0699961667291356,2.8676292117279347,-12.92207158132563,10.000000000000675,410.0000000000001,399.9999999999995,0.20236695500120083,15.992067748054765
027c97a3-afed-4d57-bc51-afdc9bb13794,6.88,True,6.88,6.88,6.88,0.0,0.0,0.0,2.7951145738658334,2.7951145738658334,2.7951145738658334,0.0,0.0,0.0,0.0,0.0
027cd88a-4fe5-4525-9177-05fba616112a,6.88,False,6.65,6.65,6.88,0.22999999999999954,0.22999999999999954,0.0,2.6481592003939554,2.6481592003939554,-9.298241157065176,0.0,229.99999999999955,229.99999999999955,0.0,11.946400357459131
027d4f5e-c82c-4d07-a7a3-32b41a7d6b3e,7.04,True,6.23,6.11,6.3,0.8099999999999996,0.9299999999999997,0.7400000000000002,-16.900586200996266,-10.137985680501837,-20.872813964070577,120.00000000000011,69.9999999999994,189.9999999999995,6.762600520494429,3.9722277630743115
027d68ba-0754-4bdc-8420-dc08432ba861,7.44,True,6.9,6.9,7.0,0.54,0.54,0.4400000000000004,14.961389776017707,14.961389776017707,12.839053447814466,0.0,99.99999999999964,99.99999999999964,0.0,2.1223363282032413
027d6977-ac03-43f9-8886-77efea29121d,6.4,False,5.88,5.87,6.0,0.5200000000000005,0.5300000000000002,0.40000000000000036,-4.026438821382713,-2.9247977746109286,-20.921168013513267,9.999999999999787,120.00000000000011,129.9999999999999,1.101641046771784,16.894729192130555
027db7a5-49ef-4cc0-9408-3f69f6549475,7.6,True,7.33,7.35,7.6,0.2699999999999996,0.25,0.0,5.155815442218019,3.97199430115777,-0.031964349274586294,19.999999999999574,269.99999999999955,250.0,1.1838211410602493,5.187779791492606
027dd3c6-6273-4158-8534-dacf0455a321,6.32,True,6.07,6.09,6.3,0.25,0.23000000000000043,0.020000000000000462,-7.204045107424357,-6.417861359717883,-11.409076818422847,19.999999999999574,229.99999999999955,209.99999999999997,0.7861837477064739,4.205031710998489
027e0792-81d6-43db-a2f3-afb7d323eaf4,6.88,True,6.68,6.64,6.88,0.20000000000000018,0.2400000000000002,0.0,-2.947258475497508,-2.012600616028509,-42.01516624321827,40.000000000000036,200.00000000000017,240.00000000000023,0.9346578594689992,39.06790776772076
027e09b1-5c97-41b2-9424-62a0c106c18e,13.2698125,False,12.41,12.18,12.5,0.8598125000000003,1.0898125000000007,0.7698125000000005,-3.6607241333398286,8.627276898819005,-16.789984501442703,230.00000000000043,89.99999999999986,320.0000000000003,12.288001032158833,13.129260368102875
027e15c3-0f5c-455e-ae43-0f895b574d1d,6.72,True,6.53,6.5,6.7,0.1899999999999995,0.21999999999999975,0.019999999999999574,-7.688195715689281,-5.758978684280385,-23.344167212795654,30.00000000000025,169.99999999999994,200.00000000000017,1.9292170314088954,15.655971497106373
027e1b65-d357-4449-94b2-66c8321c67eb,6.165,False,4.71,6.14,5.2,1.455,0.025000000000000355,0.9649999999999999,4.660525950152442,1.889295463584224,-27.7790454215759,1429.9999999999998,490.0000000000002,939.9999999999995,2.771230486568218,32.43957137172834
027e2e0e-a3aa-4cd8-ad54-656b38ea5994,5.68,False,5.53,5.56,5.68,0.14999999999999947,0.1200000000000001,0.0,13.894183023904858,17.50611946759156,11.068306595763977,29.99999999999936,149.99999999999946,120.00000000000011,3.6119364436867016,2.825876428140882
027e56c7-1297-4811-93a4-3313c34d9ce3,7.12,False,6.83,6.84,7.1,0.29000000000000004,0.28000000000000025,0.020000000000000462,3.615945428349485,3.9112583886903374,7.435999702004864,9.999999999999787,269.99999999999955,259.9999999999998,0.2953129603408522,3.8200542736553786
027e9aa3-f6e2-4344-91eb-56becf199741,10.0,False,9.75,10.0,10.0,0.25,0.0,0.0,23.97740190447113,9.02817550063758,9.02817550063758,250.0,250.0,0.0,14.94922640383355,14.94922640383355
027eced2-31d3-4403-ad91-01c66c697630,9.2,False,8.88,8.89,9.0,0.3199999999999985,0.3099999999999987,0.1999999999999993,-2.366158857096663,-1.7771894636362864,-0.9697878298262421,9.999999999999787,119.99999999999922,109.99999999999943,0.5889693934603766,1.3963710272704208
027eeddd-400d-449a-9663-8391bbf47266,8.8,False,8.58,8.57,8.8,0.22000000000000064,0.23000000000000043,0.0,6.1463426768814475,7.018626075882393,-0.024168661182131113,9.999999999999787,220.00000000000063,230.00000000000043,0.8722833990009455,6.170511338063578
027ef907-a592-4d37-a5ef-7b9dc8f7ecb5,8.68,False,8.46,8.45,8.6,0.21999999999999886,0.23000000000000043,0.08000000000000007,1.5986972560476194,1.5452774972087975,-12.328000316942044,10.000000000001563,139.9999999999988,150.00000000000034,0.053419758838821885,13.926697572989664
027f14af-336a-45af-abe9-e09467fec456,9.28,False,8.93,9.25,9.28,0.34999999999999964,0.02999999999999936,0.0,21.554983771118003,8.056794523706802,6.491145768829336,320.0000000000003,349.99999999999966,29.99999999999936,13.4981892474112,15.063838002288668
027f5f4a-34bf-4b7f-897d-396647a1221d,13.48,True,13.17,13.2,13.48,0.3100000000000005,0.28000000000000114,0.0,1.3623245896887213,1.7395710753506097,-12.636691722747655,29.99999999999936,310.0000000000005,280.00000000000114,0.37724648566188845,13.999016312436376
027f7703-95dd-40d1-a841-ea30af57db87,11.44,True,11.23,11.34,11.4,0.20999999999999908,0.09999999999999964,0.03999999999999915,1.1692210660122468,2.220423361278898,0.7584701153728224,109.99999999999943,169.99999999999994,60.0000000000005,1.0512022952666513,0.41075095063942446
027fa260-bafb-41bd-b697-47842d6d054a,7.08,True,6.69,6.81,7.0,0.3899999999999997,0.27000000000000046,0.08000000000000007,-3.3278232367842717,-11.971597372687135,-16.023585013476783,119.99999999999922,309.9999999999996,190.0000000000004,8.643774135902863,12.69576177669251
027faea2-5863-4f5f-841f-bdf90c7af57d,6.28,True,6.03,6.03,6.28,0.25,0.25,0.0,-4.037276605151745,-4.037276605151745,-26.76985911623156,0.0,250.0,250.0,0.0,22.732582511079816
027fc59d-8552-4a16-8da9-7c9a8f8a623c,6.28,False,5.88,5.96,6.1,0.40000000000000036,0.3200000000000003,0.1800000000000006,-15.775150652326127,-18.14660450130547,-21.847939867298475,80.00000000000007,219.99999999999974,139.9999999999997,2.3714538489793444,6.072789214972348
027fe785-39b8-4b9e-b894-1cba70958c94,6.8,False,6.62,6.63,6.8,0.17999999999999972,0.16999999999999993,0.0,-7.681061078728637,-9.327054019854614,-21.3140906898796,9.999999999999787,179.99999999999972,169.99999999999994,1.6459929411259777,13.633029611150963
027ff6af-de78-4369-93a0-40af762e7333,8.72,False,8.44,8.71,8.6,0.28000000000000114,0.009999999999999787,0.120000000000001,-11.532016791919682,-1.1044300570346393,-6.571333592480938,270.00000000000136,160.00000000000014,110.00000000000121,10.427586734885043,4.960683199438744
02802a43-c325-4b11-b76e-aa33db5601f6,6.4899375,False,6.07,3.88,4.1,0.41993749999999963,2.6099375,2.3899375000000003,5.363610904718029,-1.4610658755605164,-22.386887066573948,2190.0000000000005,1970.0000000000007,219.99999999999974,6.824676780278545,27.750497971291978
02803c03-6c72-49b2-b740-7c56faf2d006,7.24,True,7.02,7.07,7.2,0.22000000000000064,0.16999999999999993,0.040000000000000036,-0.18285376982560908,0.9162735158645823,-4.433900887562076,50.00000000000071,180.0000000000006,129.9999999999999,1.0991272856901912,4.251047117736467
02803f88-5a76-4162-9907-42d4139b0fb9,5.96,False,5.91,5.93,5.96,0.04999999999999982,0.03000000000000025,0.0,-1.9699414896979033,-1.1508990750454693,-1.2196073004445256,19.999999999999574,49.99999999999982,30.00000000000025,0.819042414652434,0.7503341892533777
02808e50-be84-4acc-8dda-2669fc6f9417,5.56,False,5.46,5.47,5.56,0.09999999999999964,0.08999999999999986,0.0,-2.88417714407226,-2.558035104581653,-3.5725722471224484,9.999999999999787,99.99999999999964,89.99999999999986,0.32614203949060716,0.6883951030501883
0280f5b1-9121-4793-9da9-c57db6ed3d2c,5.52,False,5.48,5.48,5.5,0.03999999999999915,0.03999999999999915,0.019999999999999574,-6.808600491816456,-6.808600491816456,-7.470355357690541,0.0,19.999999999999574,19.999999999999574,0.0,0.6617548658740846
02812727-6bda-4f0e-b141-03c140e60659,6.56,False,6.5,6.51,6.56,0.05999999999999961,0.04999999999999982,0.0,-6.864439189468773,-7.00813376438361,-8.144303938921757,9.999999999999787,59.99999999999961,49.99999999999982,0.14369457491483661,1.279864749452984
028130f3-3e58-4d8f-9a69-11a7f5ef6674,6.24,False,5.72,5.71,5.8,0.5200000000000005,0.5300000000000002,0.4400000000000004,-15.681935245378387,-15.012760944399783,-23.800708941824563,9.999999999999787,80.00000000000007,89.99999999999986,0.6691743009786038,8.118773696446176
02813d7d-bd50-450b-b263-534e2a062630,14.2,True,13.89,13.93,14.2,0.3099999999999987,0.2699999999999996,0.0,-4.851396297394844,-4.517697007140928,-20.400732252579704,39.99999999999915,309.99999999999875,269.99999999999955,0.3336992902539162,15.54933595518486
02819dbb-2f34-4ee7-9730-d151a17f4125,11.32,False,10.86,10.87,11.1,0.46000000000000085,0.45000000000000107,0.22000000000000064,4.954637096451695,4.45710128979691,-14.623176638026138,9.999999999999787,240.00000000000023,230.00000000000043,0.4975358066547848,19.577813734477832
0281a3c5-de52-4c95-b996-ffd440636210,5.7576875,True,4.24,4.23,4.4,1.5176875,1.5276874999999999,1.3576875,-11.311690417707991,-10.869847382649343,-28.445167556955,9.999999999999787,160.00000000000014,169.99999999999994,0.44184303505864797,17.133477139247006
0281cd23-cbda-42f3-8e4c-d035bcfe4f8f,3.64,False,3.47,3.45,3.6,0.16999999999999993,0.18999999999999995,0.040000000000000036,-6.527208761482922,-5.2722301660892095,-28.905574447551842,20.000000000000018,129.9999999999999,149.99999999999991,1.2549785953937125,22.37836568606892
02822dc0-3a8c-419f-9f74-ec5be25dfdee,10.72,False,10.51,10.5,10.6,0.21000000000000085,0.22000000000000064,0.120000000000001,40.6521853800768,39.47552378592833,45.859272818545804,9.999999999999787,89.99999999999986,99.99999999999964,1.1766615941484702,5.207087438469003
02823a00-7257-4dfa-b726-cebe5444f80f,2.88,False,2.78,2.76,2.88,0.10000000000000009,0.1200000000000001,0.0,-4.50560896134195,-3.4102240514116535,-10.774394604655708,20.000000000000018,100.00000000000009,120.00000000000011,1.0953849099302961,6.268785643313758
02824033-7941-421d-8ddb-3de475b1c8c0,3.16,True,2.91,2.91,3.16,0.25,0.25,0.0,-15.595658875427336,-15.595658875427336,-23.75274563668839,0.0,250.0,250.0,0.0,8.157086761261052
02824568-38e1-443b-a706-7ea54dbee6ff,5.12,False,4.98,4.99,5.1,0.13999999999999968,0.1299999999999999,0.020000000000000462,-6.559560297918222,-7.0059455356142495,-14.85586657604646,9.999999999999787,119.99999999999922,109.99999999999943,0.44638523769602756,8.296306278128238
02825a50-a586-429e-b5f0-cc9a88b7d890,7.48,False,7.38,7.38,7.48,0.10000000000000053,0.10000000000000053,0.0,-1.1015131244426244,-1.1015131244426244,-5.517545065771539,0.0,100.00000000000054,100.00000000000054,0.0,4.416031941328914
0282b6bf-537b-4efa-9709-7b35fdd2054a,5.04,True,4.55,4.68,4.9,0.4900000000000002,0.3600000000000003,0.13999999999999968,-0.8655038743638512,-2.3400871530131835,-7.455843402714927,129.9999999999999,350.0000000000005,220.00000000000063,1.4745832786493323,6.590339528351076
0282bcd1-7c39-439c-8e81-1fafb6613e08,9.56,True,9.34,9.35,9.56,0.22000000000000064,0.21000000000000085,0.0,7.916424544106136,8.251631978367657,-5.316629155402874,9.999999999999787,220.00000000000063,210.00000000000085,0.33520743426152055,13.23305369950901
0282ed55-5c83-42c3-a3d5-e7f36d962a76,6.16,False,5.96,5.97,6.16,0.20000000000000018,0.1900000000000004,0.0,-0.551738764563498,-1.779655692045527,-19.251184481274752,9.999999999999787,200.00000000000017,190.0000000000004,1.227916927482029,18.699445716711253
0283dbe0-1779-4f60-9c4c-721c90c72929,4.36,True,4.0,4.12,4.36,0.3600000000000003,0.2400000000000002,0.0,9.357312889521245,-2.6897690594716948,-12.898522785322964,120.00000000000011,360.00000000000034,240.00000000000023,12.04708194899294,22.255835674844207
0283e3fb-b2d7-463c-a895-f905ac496e35,17.68,True,17.54,17.54,17.68,0.14000000000000057,0.14000000000000057,0.0,0.22597005663058747,0.22597005663058747,-21.934822148060263,0.0,140.00000000000057,140.00000000000057,0.0,22.16079220469085
028475e4-7467-4703-9867-4482507729a2,12.1299375,True,11.13,11.99,11.5,0.9999374999999997,0.13993750000000027,0.6299375000000005,-11.143171002716288,-6.563752809234612,-16.547308171427243,859.9999999999994,369.9999999999992,490.0000000000002,4.5794181934816764,5.404137168710955
0284b7c1-6fb0-46f8-a850-53f11888d414,12.4,True,11.71,11.9,12.4,0.6899999999999995,0.5,0.0,-4.042370271321747,-7.799799459787326,-4.561384446550112,189.9999999999995,689.9999999999995,500.0,3.7574291884655784,0.5190141752283646
02850491-7b92-4703-8193-364ce256d458,4.352,False,4.31,4.25,4.352,0.0420000000000007,0.10200000000000031,0.0,9.827975690260704,22.32470119367456,-5.067594872699855,59.99999999999961,42.0000000000007,102.00000000000031,12.496725503413856,14.89557056296056
02856793-d72c-4e1c-88e5-0e6a8ed9daa3,10.76,False,10.47,10.76,10.6,0.28999999999999915,0.0,0.16000000000000014,12.425739570488851,-0.9120337075803739,10.05369079980866,289.99999999999915,129.999999999999,160.00000000000014,13.337773278069225,2.372048770680191
028580ff-49de-4f89-a36a-f20429fa4dee,4.96,False,4.64,4.67,4.8,0.3200000000000003,0.29000000000000004,0.16000000000000014,-0.2990745806596852,-2.40115575396049,-6.840244312097514,30.00000000000025,160.00000000000014,129.9999999999999,2.102081173300805,6.541169731437829
02859996-c84f-4531-b912-0d76dc48085d,7.8,True,7.63,7.64,7.8,0.16999999999999993,0.16000000000000014,0.0,0.8731381544625294,0.5832422797459141,-6.5861045624117,9.999999999999787,169.99999999999994,160.00000000000014,0.28989587471661526,7.459242716874229
0285a309-ce45-4138-8c83-a20f8210cc40,9.0,False,8.98,8.97,9.0,0.019999999999999574,0.02999999999999936,0.0,2.8133744376998773,3.7305985916279747,-2.58741869229387,9.999999999999787,19.999999999999574,29.99999999999936,0.9172241539280974,5.4007931299937475
02860062-bac4-44f0-95ee-77854152d8b2,5.4,False,5.23,5.16,5.4,0.16999999999999993,0.2400000000000002,0.0,-17.00278013670382,-17.398377389080267,-29.291167088699137,70.00000000000028,169.99999999999994,240.00000000000023,0.3955972523764473,12.288386951995317
028651bb-d54e-421a-b25a-174227a72ed1,7.253375,True,6.96,6.98,7.1,0.29337500000000016,0.2733749999999997,0.15337500000000048,-2.498008829115697,-1.8370989575661054,-7.227174403435583,20.000000000000462,139.9999999999997,119.99999999999922,0.6609098715495916,4.729165574319886
0286789c-1f96-4a00-a164-f16bbf4ce890,3.7054375,True,2.7,3.46,2.8,1.0054374999999998,0.24543749999999998,0.9054375000000001,8.212796402664255,-18.76464867078085,-10.239841888863204,759.9999999999998,99.99999999999964,660.0000000000001,26.977445073445104,18.452638291527457
02868a65-beaf-4aed-ad36-81f95ff56339,6.84,True,6.54,6.56,6.7,0.2999999999999998,0.28000000000000025,0.13999999999999968,-9.35284884946597,-9.930921439035869,-16.210050649537422,19.999999999999574,160.00000000000014,140.00000000000057,0.5780725895698993,6.8572018000714525
0286a62c-1305-489c-975e-e024ce7f5a8e,6.64,True,6.42,6.42,6.6,0.21999999999999975,0.21999999999999975,0.040000000000000036,24.155191114911112,24.155191114911112,-17.968992279932518,0.0,179.99999999999972,179.99999999999972,0.0,42.12418339484363
0286f7ad-83a7-4811-bc28-a7da4be336aa,12.12,True,11.71,11.77,12.1,0.40999999999999837,0.34999999999999964,0.019999999999999574,1.7109579409564917,4.277180393421166,-7.253397570006324,59.99999999999872,389.9999999999988,330.00000000000006,2.5662224524646744,8.964355510962815
02871315-faa0-4fd4-8b2e-c25117dc3a9b,13.6,True,13.37,13.38,13.6,0.23000000000000043,0.21999999999999886,0.0,-7.8518654696109715,-7.707999068911703,-20.39724685899991,10.000000000001563,230.00000000000043,219.99999999999886,0.14386640069926848,12.54538138938894
0287333f-51e8-46e6-85aa-237d14d0143f,8.04,False,7.83,7.82,8.0,0.20999999999999908,0.21999999999999886,0.03999999999999915,14.995495455724699,14.66707775269267,11.375289821458102,9.999999999999787,169.99999999999994,179.99999999999972,0.328417703032029,3.620205634266597
02878f5f-a7b6-4d65-b23e-20d37577f087,7.32,False,7.08,7.07,7.3,0.2400000000000002,0.25,0.020000000000000462,-1.180425371759957,0.4257280097565866,-26.814544471114186,9.999999999999787,219.99999999999974,229.99999999999955,1.6061533815165436,25.63411909935423
02879042-a266-4670-af82-f8582cda9e50,3.337,False,3.16,3.19,3.3,0.17700000000000005,0.14700000000000024,0.037000000000000366,-5.214494399713362,-7.9066783613983675,-6.872819081808002,29.999999999999805,139.9999999999997,109.99999999999987,2.6921839616850054,1.6583246820946398
0287e12b-17ea-4d58-a66e-8c5c66549361,13.48,False,13.3,13.28,13.48,0.17999999999999972,0.20000000000000107,0.0,16.143472338250366,15.32460279581362,8.644411071484074,20.00000000000135,179.99999999999972,200.00000000000108,0.8188695424367456,7.499061266766292
0287f454-4a3d-4a00-9a10-5200bc46f0e2,15.641625,False,11.63,11.65,11.8,4.011624999999999,3.991624999999999,3.8416249999999987,3.8243742983356626,2.326981493950477,-3.804410237938258,19.999999999999574,169.99999999999994,150.00000000000034,1.4973928043851856,7.628784536273921
0288467c-a885-41ea-a037-429c808c6978,4.64,False,4.52,4.53,4.6,0.1200000000000001,0.10999999999999943,0.040000000000000036,12.103072573573497,12.494128282457163,12.005086171189648,10.000000000000675,80.00000000000007,69.9999999999994,0.39105570888366614,0.09798640238384948
0288852a-9034-4dd0-aed0-ae8b9e2ddf5a,12.2,False,10.48,11.37,10.7,1.7199999999999989,0.8300000000000001,1.5,-2.8273294056718545,1.495698114571763,-8.014944082092397,889.9999999999987,219.99999999999886,669.9999999999999,4.323027520243618,5.187614676420543
02888c80-992b-4f57-8934-6447930ac3da,7.52,False,7.27,7.24,7.4,0.25,0.27999999999999936,0.11999999999999922,9.081558706320232,14.097095659463717,-19.156674817751224,29.99999999999936,130.0000000000008,160.00000000000014,5.015536953143485,28.238233524071454
0288d242-ac4f-4691-93fe-f4899e4278df,6.76,True,6.38,6.43,6.6,0.3799999999999999,0.33000000000000007,0.16000000000000014,-10.159240331633114,-11.378025159352589,-8.237805034924051,49.99999999999982,219.99999999999974,169.99999999999994,1.2187848277194746,1.9214352967090633
0288d5de-4fc2-4ea2-941a-6c6ee1d557c3,2.84,False,2.66,2.72,2.8,0.17999999999999972,0.11999999999999966,0.040000000000000036,0.43669150278369034,3.081968577030439,2.0254993783087656,60.00000000000006,139.9999999999997,79.99999999999963,2.6452770742467484,1.5888078755250752
0288e31c-7794-4a90-ae2c-4562fe40f034,8.04,True,7.75,7.8,8.0,0.28999999999999915,0.23999999999999932,0.03999999999999915,-7.398398554318163,-6.918357630281447,-17.171220000705244,49.99999999999982,250.0,200.00000000000017,0.4800409240367163,9.77282144638708
02891646-ccd7-4007-b484-134f9ed682e1,4.68,True,4.11,4.24,4.68,0.5699999999999994,0.4399999999999995,0.0,1.1312503087924781,4.356818985092003,-7.672670740961808,129.9999999999999,569.9999999999994,439.9999999999995,3.225568676299525,8.803921049754285
02895185-3d12-43ee-a600-c48a23812991,8.0,True,7.75,7.78,8.0,0.25,0.21999999999999975,0.0,0.6851859617594234,0.20192233059527,-14.476526862462725,30.00000000000025,250.0,219.99999999999974,0.4832636311641534,15.161712824222148
0289f219-3efe-4e68-b9d4-cfb2f85b301f,8.8,False,8.7,8.71,8.8,0.10000000000000142,0.08999999999999986,0.0,6.474009361111559,7.414891298776478,3.2986654881918613,10.000000000001563,100.00000000000142,89.99999999999986,0.9408819376649191,3.1753438729196977
028a399d-2a69-4172-8fb3-8b796dad33b1,6.76,True,6.54,6.54,6.76,0.21999999999999975,0.21999999999999975,0.0,4.710823453437759,4.710823453437759,-13.491697275853799,0.0,219.99999999999974,219.99999999999974,0.0,18.202520729291557
028a47ea-21c3-4371-ae98-f48531ab0c53,10.6,True,9.81,10.6,10.6,0.7899999999999991,0.0,0.0,-4.6546161142837015,-7.009607893822148,-7.009607893822148,789.9999999999991,789.9999999999991,0.0,2.3549917795384463,2.3549917795384463
028a4dfd-01d7-47bf-8a4b-1a1cee6d7959,10.4,False,10.14,10.16,10.4,0.2599999999999998,0.2400000000000002,0.0,4.4155482257183545,4.44504185867087,-13.573306692986545,19.999999999999574,259.9999999999998,240.00000000000023,0.029493632952515725,17.9888549187049
028a4f8f-2a78-45d1-96e6-ad431aa22c6c,11.1828125,False,10.2,10.19,10.3,0.9828125000000014,0.9928125000000012,0.8828125,-4.4173313489679495,-3.919843008300223,-13.473379891628294,9.999999999999787,100.00000000000142,110.00000000000121,0.4974883406677266,9.056048542660346
028a4fa0-29b4-494c-9cd0-2c4e97e8fae8,7.84,False,7.44,7.52,7.8,0.39999999999999947,0.3200000000000003,0.040000000000000036,0.004687325372623771,-3.5471676319369014,-13.374062328749641,79.99999999999918,359.99999999999943,280.0000000000002,3.551854957309525,13.378749654122265
028ab7d4-8ba2-4a19-b244-78c1a7015cca,7.14,False,7.1,7.12,7.1,0.040000000000000036,0.019999999999999574,0.040000000000000036,1.3049315773059194,0.45586781065756554,1.3049315773059194,20.000000000000462,0.0,20.000000000000462,0.8490637666483538,0.0
028aedd9-ea34-44ae-9e21-7c042f280636,12.596,True,12.11,12.04,9.8,0.48600000000000065,0.5560000000000009,2.7959999999999994,3.514588668725556,-5.165154876442383,-25.432083674204836,70.00000000000028,2309.9999999999986,2239.9999999999986,8.67974354516794,28.94667234293039
028b126b-7438-4da0-9b97-20902fcff5a3,12.6395,True,11.3,12.3,11.9,1.3394999999999992,0.33949999999999925,0.7394999999999996,-6.390071914441759,-3.1668429477449624,0.8556491605195389,1000.0,599.9999999999997,400.00000000000034,3.223228966696796,7.245721074961297
028b3298-b485-419b-b1d1-839184bd7bab,5.36,False,5.11,5.1,5.2,0.25,0.2600000000000007,0.16000000000000014,-6.990890993930304,-7.086186887222315,-12.657877815970858,10.000000000000675,89.99999999999986,100.00000000000054,0.09529589329201116,5.666986822040554
028ba8fb-9a29-4ffd-9a4a-122a7313afa1,11.76,False,11.59,11.6,11.76,0.16999999999999993,0.16000000000000014,0.0,9.479381066945999,9.733269698687819,9.951782176573735,9.999999999999787,169.99999999999994,160.00000000000014,0.25388863174181964,0.47240110962773585
028bbf99-69a5-414f-9d77-f38aed830809,5.32,False,5.0,5.0,5.2,0.3200000000000003,0.3200000000000003,0.1200000000000001,-1.5635609501798307,-1.5635609501798307,-13.483046858825874,0.0,200.00000000000017,200.00000000000017,0.0,11.919485908646044
028c0754-bc14-4083-a282-9084f734a0b4,14.72,True,14.44,14.48,14.7,0.28000000000000114,0.2400000000000002,0.02000000000000135,-3.9952900730459713,-4.630174988983801,-26.589965711448023,40.000000000000924,259.9999999999998,219.99999999999886,0.6348849159378296,22.59467563840205
028c25c2-9f46-42d9-bea2-2827093eda09,9.04,True,8.88,8.86,9.0,0.15999999999999837,0.17999999999999972,0.03999999999999915,14.62039253470638,20.27229897171939,-21.33178758260186,20.00000000000135,119.99999999999922,140.00000000000057,5.651906437013011,35.95218011730824
028c73a1-b0ca-433a-8dd5-d3abb959baec,5.56,False,5.26,5.25,5.4,0.2999999999999998,0.3099999999999996,0.15999999999999925,-7.7361607915382065,-8.446505360500588,-8.007081629998057,9.999999999999787,140.00000000000057,150.00000000000034,0.7103445689623813,0.27092083845985027
028c8187-18b9-48c4-81bc-73b44fc51c40,4.32,False,4.22,4.22,4.3,0.10000000000000053,0.10000000000000053,0.020000000000000462,-10.819738882394745,-10.819738882394745,-15.396812856648639,0.0,80.00000000000007,80.00000000000007,0.0,4.577073974253894
028cb4eb-2cd1-4dbd-843b-93ade2f8bbbf,12.24,True,12.2,12.21,12.2,0.040000000000000924,0.02999999999999936,0.040000000000000924,0.4629308415070264,-0.4981518302743658,0.4629308415070264,10.000000000001563,0.0,10.000000000001563,0.9610826717813923,0.0
028cc13a-67f1-4fea-b59e-2d9e847e6785,8.76,True,8.51,8.55,8.76,0.25,0.20999999999999908,0.0,0.006749013724111816,1.3249110820734762,-10.3207810690185,40.000000000000924,250.0,209.9999999999991,1.3181620683493644,10.327530082742612
028cd943-67df-42d2-8f3c-0ca3306b741f,4.002,False,3.95,3.97,4.0,0.0519999999999996,0.031999999999999584,0.0019999999999997797,-1.3524785761091582,-0.4457721365838049,-0.23971369881647922,20.000000000000018,49.99999999999982,29.999999999999805,0.9067064395253533,1.112764877292679
028ce026-9231-4969-af37-0b742007d7ba,5.68,True,5.39,5.39,5.5,0.29000000000000004,0.29000000000000004,0.17999999999999972,0.770236564640675,0.770236564640675,-15.271498178560924,0.0,110.00000000000031,110.00000000000031,0.0,16.041734743201598
028ce7dc-896f-4ad9-b9f3-2252edcadb13,11.416,False,10.49,10.47,8.7,0.9260000000000002,0.9459999999999997,2.716000000000001,10.77025177899531,9.933786775459037,-17.23954250177949,19.999999999999574,1790.000000000001,1770.0000000000014,0.8364650035362722,28.0097942807748
028d027f-f98c-4699-8f99-da224358168b,5.16,False,4.62,4.67,4.9,0.54,0.4900000000000002,0.2599999999999998,-0.5892037895438132,-2.686701075310059,-21.13687370133194,49.99999999999982,280.0000000000002,230.00000000000043,2.0974972857662455,20.547669911788127
028d82a2-ab7d-4553-95a0-e2f164bb65fe,10.92,True,10.7,10.7,10.8,0.22000000000000064,0.22000000000000064,0.11999999999999922,-6.236342993876815,-6.236342993876815,-17.83669528061384,0.0,100.00000000000142,100.00000000000142,0.0,11.600352286737024
028df1ad-8a11-4638-b703-27b03f416e7c,12.0045625,True,9.25,9.16,9.4,2.7545625000000005,2.8445625000000003,2.6045625,-7.872556407575191,-4.719058515029927,-19.730458491197105,89.99999999999986,150.00000000000034,240.00000000000023,3.153497892545264,11.857902083621914
028e5119-7ca4-41ef-a1f0-e0ce9d8889ef,9.28,False,9.28,9.28,9.28,0.0,0.0,0.0,6.767726267224199,6.767726267224199,6.767726267224199,0.0,0.0,0.0,0.0,0.0
028e65ea-eff9-44b8-8af5-2376bafffc61,12.44,True,12.22,12.22,12.4,0.21999999999999886,0.21999999999999886,0.03999999999999915,-10.833374254496642,-10.833374254496642,-21.32151282104415,0.0,179.99999999999972,179.99999999999972,0.0,10.488138566547507
028eaaa2-95a9-4bcb-b3bc-a5ba181a3c59,14.3335,True,13.34,13.34,13.6,0.9935000000000009,0.9935000000000009,0.7335000000000012,6.646389555222884,6.646389555222884,-19.557655160067405,0.0,259.9999999999998,259.9999999999998,0.0,26.204044715290287
028f26b8-86b0-4aaf-aa4c-57e4f9a00450,4.4,False,4.4,4.4,4.4,0.0,0.0,0.0,-9.711015970257002,-9.711015970257002,-9.711015970257002,0.0,0.0,0.0,0.0,0.0
028fb17a-fcb1-4db5-a021-6044afba66a6,8.44,False,8.22,8.24,8.4,0.21999999999999886,0.1999999999999993,0.03999999999999915,7.058930404759246,6.214143499775407,-11.213294268626424,19.999999999999574,179.99999999999972,160.00000000000014,0.844786904983839,18.27222467338567
028fcf31-b8c1-44b1-9c61-19978469fb72,11.08,True,10.89,10.93,11.08,0.1899999999999995,0.15000000000000036,0.0,-2.5623744282530816,-5.666760737352983,-21.783879249541663,39.99999999999915,189.9999999999995,150.00000000000034,3.1043863090999015,19.22150482128858
028fe65c-6db3-4b15-a1c7-1b4f05f5920b,5.92,False,5.64,5.67,5.9,0.28000000000000025,0.25,0.019999999999999574,8.737641061817282,10.44959873006173,1.1022375581149308,30.00000000000025,260.0000000000007,230.00000000000043,1.7119576682444482,7.635403503702351
02900f4e-f581-470d-8aea-0404c5912458,3.12,True,2.89,2.95,3.1,0.22999999999999998,0.16999999999999993,0.020000000000000018,-3.7171999470378334,-10.725098615933055,-27.01367753261596,60.00000000000006,209.99999999999997,149.99999999999991,7.007898668895221,23.296477585578128
02901397-cae0-43ae-b21c-1bb22c60c2c9,6.52,True,6.26,6.31,6.5,0.2599999999999998,0.20999999999999996,0.019999999999999574,0.2911220143961571,-0.11413371708758059,-16.633348439416054,49.99999999999982,240.00000000000023,190.0000000000004,0.40525573148373767,16.924470453812212
02906243-bea1-43be-b58f-46d85bec5e7d,2.76,False,2.53,2.59,2.76,0.22999999999999998,0.16999999999999993,0.0,-3.3254370892124303,-3.827480076216094,-15.863523244441218,60.00000000000006,229.99999999999997,169.99999999999994,0.5020429870036636,12.538086155228788
0290696a-9350-4fd8-b56a-35e5e7df4aba,6.56,True,6.27,6.23,6.56,0.29000000000000004,0.3299999999999992,0.0,-1.3488677374207054,4.879712717437302,-29.774967824572688,39.99999999999915,290.00000000000006,329.9999999999992,6.228580454858007,28.426100087151983
02907172-296e-4961-bda9-a99900823356,7.12,False,6.9,6.9,7.1,0.21999999999999975,0.21999999999999975,0.020000000000000462,-2.217122736127137,-2.217122736127137,-24.203666642577314,0.0,199.9999999999993,199.9999999999993,0.0,21.986543906450176
02907799-64c8-476d-8f79-bcaf4e8c247d,16.0,False,15.0,11.58,11.7,1.0,4.42,4.300000000000001,2.4281874419508163,13.273033919692708,-13.475129902327993,3420.0,3300.000000000001,119.99999999999922,10.844846477741891,15.90331734427881
0290aae2-9337-4ae2-a4b9-044406206949,8.68,False,8.43,8.44,8.68,0.25,0.2400000000000002,0.0,8.152101518945353,7.1838828382897635,-26.56925339829306,9.999999999999787,250.0,240.00000000000023,0.968218680655589,34.721354917238415
0290cc8e-98e8-459f-ba58-2519301d7d5b,3.85175,False,3.52,3.48,3.6,0.33175,0.37175,0.2517499999999999,15.01188886950164,18.519790613866512,0.9955218542295707,40.000000000000036,80.00000000000007,120.00000000000011,3.5079017443648723,14.016367015272069
02910e05-39a0-4697-946e-fa51119c1b35,13.39625,True,12.62,12.4,12.7,0.776250000000001,0.9962499999999999,0.6962500000000009,-17.295960254702525,-3.4806565299725802,-29.89208766201857,219.99999999999886,80.00000000000007,299.9999999999989,13.815303724729944,12.596127407316047
02911a2d-3522-40bd-b49e-ebc41735c456,9.36,True,9.07,8.99,9.2,0.28999999999999915,0.3699999999999992,0.16000000000000014,-6.253175023411608,-3.3556271432511147,-25.041980230190465,80.00000000000007,129.999999999999,209.9999999999991,2.8975478801604937,18.788805206778857
02912cbb-00b7-463d-a7d2-ffcdb8c23878,3.0,False,2.94,2.97,3.0,0.06000000000000005,0.029999999999999805,0.0,10.81347775112145,6.5126212469421745,2.406111377856037,30.00000000000025,60.00000000000006,29.999999999999805,4.300856504179276,8.407366373265413
02913d36-4325-4943-8573-d8e177b01a6d,5.9075,True,5.07,5.05,5.2,0.8374999999999995,0.8574999999999999,0.7074999999999996,-3.118974693444967,-2.771375305095796,-14.891818278184376,20.000000000000462,129.9999999999999,150.00000000000034,0.3475993883491708,11.772843584739409
02916749-51d3-4dd7-a90e-1c0b6961910f,4.0,False,3.71,3.71,3.8,0.29000000000000004,0.29000000000000004,0.20000000000000018,-3.5613339967899877,-3.5613339967899877,-5.013402480057114,0.0,89.99999999999986,89.99999999999986,0.0,1.4520684832671265
0291a592-6c7b-4a48-8847-774bf254d0f3,10.504125,True,9.58,9.51,9.7,0.9241250000000001,0.9941250000000004,0.8041250000000009,-7.59273746448266,1.4318442291900066,-17.648114321602616,70.00000000000028,119.99999999999922,189.9999999999995,9.024581693672667,10.055376857119956
0291af25-6619-4b42-ab0f-3425e56047c0,9.6683125,False,8.47,9.21,8.7,1.1983125000000001,0.4583124999999999,0.9683125000000015,9.33445632046419,-22.826269226429677,-15.899319823703292,740.0000000000002,229.99999999999864,510.0000000000016,32.160725546893865,25.233776144167482
0291dcf6-b8a3-492f-888f-06a3023ab2ef,10.16,False,9.88,9.89,10.0,0.27999999999999936,0.2699999999999996,0.16000000000000014,1.4822278642071065,0.2420931934407493,-10.914915969084356,9.999999999999787,119.99999999999922,109.99999999999943,1.2401346707663572,12.397143833291462
0291e647-7828-47a8-aae2-84ca65bbfec6,12.1626875,True,11.26,11.21,11.4,0.9026875000000008,0.9526874999999997,0.7626875000000002,22.401027370623932,26.71844052629683,3.2033952569711857,49.999999999998934,140.00000000000057,189.9999999999995,4.317413155672899,19.197632113652748
0291e915-4f07-486c-b69b-3f5ec3743c14,12.165625,True,11.01,11.31,11.0,1.1556250000000006,0.8556249999999999,1.1656250000000004,-16.5112138658189,-15.118925773340706,-16.94198734036832,300.0000000000007,9.999999999999787,310.0000000000005,1.3922880924781929,0.4307734745494223
02920c8d-12db-4772-aaf5-db6fdee8d327,5.28,False,5.13,5.14,5.28,0.15000000000000036,0.14000000000000057,0.0,-0.7619497802414472,-0.8330573080303978,-9.952587223219613,9.999999999999787,150.00000000000034,140.00000000000057,0.07110752778895058,9.190637442978165
02923d4c-f420-469c-81e6-403f6b0dc2bb,4.295,True,4.09,4.09,4.295,0.20500000000000007,0.20500000000000007,0.0,-3.8603950238325044,-3.8603950238325044,-25.965647787579936,0.0,205.00000000000006,205.00000000000006,0.0,22.10525276374743
02923e35-8c7b-4e63-8fdf-cbc618f6c7e3,9.28,True,8.88,8.98,9.28,0.3999999999999986,0.29999999999999893,0.0,0.1474156664399808,-0.7678525710286382,-12.38655374490316,99.99999999999964,399.9999999999986,299.9999999999989,0.9152682374686191,12.533969411343142
029283a5-8891-492b-aba2-ad6babdf2f2d,7.12,False,6.97,6.92,7.1,0.15000000000000036,0.20000000000000018,0.020000000000000462,-3.293625562220179,-0.4730298259470772,-18.595968589716072,49.99999999999982,129.9999999999999,179.99999999999972,2.8205957362731016,15.302343027495894
0292abe8-6239-48fe-82ab-bc85b50adf1d,6.96,False,6.8,6.81,6.96,0.16000000000000014,0.15000000000000036,0.0,5.7470902446819885,5.245311848146663,-8.353827758104805,9.999999999999787,160.00000000000014,150.00000000000034,0.5017783965353253,14.100918002786793
02930977-1952-47d4-a125-b2e36f3b77d1,4.32,False,4.07,4.07,4.3,0.25,0.25,0.020000000000000462,9.767338419404057,9.767338419404057,-27.47195909352377,0.0,229.99999999999955,229.99999999999955,0.0,37.23929751292783
029316ba-60a6-4a22-93e4-7f8ece82bbd1,8.84,True,8.6,8.64,8.8,0.2400000000000002,0.1999999999999993,0.03999999999999915,-4.352139061387365,-4.959681410493333,-10.372077922437677,40.000000000000924,200.00000000000108,160.00000000000014,0.6075423491059686,6.019938861050313
0293170e-1c9f-47c5-a4cd-469baf66e1ea,12.12,True,11.87,11.83,12.0,0.25,0.28999999999999915,0.11999999999999922,-16.14200105594907,-15.629229038485185,-27.326233832171074,39.99999999999915,130.0000000000008,169.99999999999994,0.5127720174638846,11.184232776222004
02933393-a324-4b0b-8635-455fa757e864,12.24,True,11.96,11.84,12.1,0.27999999999999936,0.40000000000000036,0.14000000000000057,-25.53022886974973,-11.942231135515533,-39.0150558947129,120.000000000001,139.9999999999988,259.9999999999998,13.587997734234198,13.48482702496317
029336c9-b045-4c41-bcce-b317f7106b0e,6.44,True,6.19,6.22,6.3,0.25,0.22000000000000064,0.14000000000000057,0.6726089404222162,-0.2180522025568723,-14.176855653819457,29.99999999999936,109.99999999999943,80.00000000000007,0.8906611429790885,14.849464594241674
0293fcf9-608b-4fab-9960-ba91d2e920ee,10.4285,False,9.28,10.42,9.9,1.1485000000000003,0.00849999999999973,0.5284999999999993,0.24826993481252013,0.326534664485098,-11.004436430711689,1140.0000000000005,620.000000000001,519.9999999999995,0.07826472967257786,11.252706365524208
0294623c-d4e3-4045-b023-527dd47055ef,9.24,True,9.0,9.0,9.1,0.2400000000000002,0.2400000000000002,0.14000000000000057,5.197765384778494,5.197765384778494,-2.471213897856144,0.0,99.99999999999964,99.99999999999964,0.0,7.668979282634638
02947a5f-143b-4910-a183-3c482c44e77f,5.08,True,4.85,4.85,5.08,0.23000000000000043,0.23000000000000043,0.0,-2.92449212227023,-2.92449212227023,-23.893701725528203,0.0,230.00000000000043,230.00000000000043,0.0,20.969209603257973
02949e27-7d1b-4316-81e2-fe0a2ff626b8,4.68,True,4.57,4.54,4.68,0.10999999999999943,0.13999999999999968,0.0,-13.15770550901525,-7.030414299140082,-29.666109283927142,30.00000000000025,109.99999999999943,139.9999999999997,6.1272912098751675,16.50840377491189
0294b28a-f48b-4307-9ad1-f31f018961b7,12.9853125,True,11.98,11.99,12.2,1.0053124999999987,0.9953124999999989,0.7853124999999999,6.7948877204623725,5.971729932861711,-13.20384277405959,9.999999999999787,219.99999999999886,209.9999999999991,0.8231577876006613,19.99873049452196
0294df5b-d837-4073-8650-5fd1d4d3dcac,6.88,False,6.63,6.63,6.8,0.25,0.25,0.08000000000000007,-2.3891331545474577,-2.3891331545474577,-4.181308757446541,0.0,169.99999999999994,169.99999999999994,0.0,1.792175602899083
02950634-834e-4e64-8bc5-f2e09f170ca6,5.52,False,5.31,5.31,5.5,0.20999999999999996,0.20999999999999996,0.019999999999999574,3.680282542784704,3.680282542784704,-25.87258105091946,0.0,190.0000000000004,190.0000000000004,0.0,29.552863593704163
02951554-1d86-437a-8a6c-c772ec10ded5,7.08,True,6.86,6.84,6.9,0.21999999999999975,0.2400000000000002,0.17999999999999972,7.560266157049152,8.02179339547175,3.219284391986407,20.000000000000462,40.000000000000036,60.0000000000005,0.46152723842259835,4.340981765062745
0295695f-dc27-40b7-b608-b4559538a6a5,8.575,True,7.53,7.56,7.7,1.044999999999999,1.0149999999999997,0.8749999999999991,-0.8979162295057714,-0.24532300563628845,-6.913834262463553,29.99999999999936,169.99999999999994,140.00000000000057,0.6525932238694829,6.0159180329577815
02957a44-56ad-448e-bc19-7abe33f8957e,5.52,True,5.28,5.29,5.5,0.23999999999999932,0.22999999999999954,0.019999999999999574,-7.837141606859078,-8.381681862166232,-16.454934042973356,9.999999999999787,219.99999999999974,209.99999999999997,0.5445402553071546,8.617792436114279
0295928d-5e33-41c4-972f-a991cc0f3a74,4.2,True,3.94,3.93,4.0,0.26000000000000023,0.27,0.20000000000000018,-12.10321692998283,-11.873203222044827,-20.56195026590996,9.999999999999787,60.00000000000006,69.99999999999984,0.2300137079380029,8.45873333592713
0295bd1e-9100-4c2e-a7f1-86134671f0af,6.2,False,5.93,5.95,6.2,0.27000000000000046,0.25,0.0,7.034142843567453,7.7199531015296925,-0.7556914172341812,20.000000000000462,270.00000000000045,250.0,0.6858102579622392,7.789834260801634
0295eb17-4a66-4a83-a6c7-658303d6faa6,4.0,False,3.76,3.77,4.0,0.2400000000000002,0.22999999999999998,0.0,-4.636252471577256,-4.084658163400611,0.701168835683847,10.000000000000231,240.00000000000023,229.99999999999997,0.5515943081766448,5.337421307261103
0295ed66-d737-44a3-8be7-cd375b79cc62,5.68,True,5.54,5.53,5.68,0.13999999999999968,0.14999999999999947,0.0,-3.038024479105649,-2.6953531608514982,-14.663099368922444,9.999999999999787,139.9999999999997,149.99999999999946,0.34267131825415076,11.625074889816794
029655ee-efed-44ef-a2e3-9f65fd55aef2,10.2,True,10.17,10.17,10.2,0.02999999999999936,0.02999999999999936,0.0,3.339302665075038,3.339302665075038,0.8783371613757402,0.0,29.99999999999936,29.99999999999936,0.0,2.460965503699298
029660bf-9a65-43d6-ab85-4b1e34e54000,4.24,True,4.24,4.24,4.2,0.0,0.0,0.040000000000000036,-8.753667407071926,-8.753667407071926,-10.498786234203024,0.0,40.000000000000036,40.000000000000036,0.0,1.7451188271310976
029668f9-3187-42f8-8da0-70f579f1c5f4,3.4216875,False,2.46,2.43,2.6,0.9616875,0.9916874999999998,0.8216874999999999,-0.4115775424377037,6.488985192121228,-33.81058260140617,29.999999999999805,140.0000000000001,169.99999999999994,6.900562734558932,33.39900505896846
0296bd33-e81b-4e51-85d7-6d1cd0fe84f8,14.48,True,14.26,14.27,14.48,0.22000000000000064,0.21000000000000085,0.0,3.688973442926322,3.3528300281451293,-5.990262978564312,9.999999999999787,220.00000000000063,210.00000000000085,0.3361434147811928,9.679236421490634
0296ecc4-a489-4501-bf94-d37970134c57,4.36,True,4.14,4.15,4.36,0.22000000000000064,0.20999999999999996,0.0,8.864164005828313,7.845963014842438,-11.616050110756007,10.000000000000675,220.00000000000063,209.99999999999997,1.018200990985875,20.48021411658432
029746ac-9eba-4322-8990-6749d8aca907,5.8,False,5.57,5.8,5.8,0.22999999999999954,0.0,0.0,15.333435411847578,12.30439051570903,12.30439051570903,229.99999999999955,229.99999999999955,0.0,3.029044896138547,3.029044896138547
02975ba9-e50e-444b-9731-694f8c96d6f8,5.32,False,5.1,5.09,5.2,0.22000000000000064,0.23000000000000043,0.1200000000000001,-1.4880284302166618,-1.3999058674016276,-9.661816823045113,9.999999999999787,100.00000000000054,110.00000000000031,0.08812256281503417,8.17378839282845
02979ce7-e481-46a8-990b-4e0b0fd705df,8.8,True,8.75,8.78,8.8,0.05000000000000071,0.02000000000000135,0.0,-11.01980078491135,-12.539185748936172,-14.786622053433108,29.99999999999936,50.00000000000071,20.00000000000135,1.5193849640248214,3.766821268521758
0297af96-6096-41c0-9c53-e30ba540f551,6.28,True,5.94,6.01,6.2,0.33999999999999986,0.27000000000000046,0.08000000000000007,-12.164109336128762,-11.993700597337599,-17.7850202139409,69.9999999999994,259.9999999999998,190.0000000000004,0.17040873879116347,5.620910877812138
0297e3f8-0d74-40d3-9d8d-e31943368eba,7.325875,False,6.1,6.12,6.2,1.2258750000000003,1.2058749999999998,1.1258749999999997,0.8165883845760881,-1.7461952360549904,-12.832603108001187,20.000000000000462,100.00000000000054,80.00000000000007,2.5627836206310786,13.649191492577275
0297efe2-82f1-46ed-bde4-1ea2dc7990d6,7.2,True,6.28,6.71,7.2,0.9199999999999999,0.4900000000000002,0.0,-5.264074551066346,-1.3281637512811344,-7.4510844235650655,429.9999999999997,919.9999999999999,490.0000000000002,3.935910799785212,2.1870098724987193
029805ea-354d-403a-9c71-27214c796a7d,8.68,True,8.49,8.47,8.68,0.1899999999999995,0.20999999999999908,0.0,-5.291796980309652,-4.4244052561918235,-31.684755795211476,19.999999999999574,189.9999999999995,209.9999999999991,0.8673917241178284,26.392958814901824
0299e665-cc84-4605-b7d6-c2b8ed7cb5eb,10.96,False,10.83,10.85,10.96,0.13000000000000078,0.11000000000000121,0.0,-0.07659196603697076,-2.287430297238351,-8.457643869941016,19.999999999999574,130.0000000000008,110.00000000000121,2.21083833120138,8.381051903904046
0299ef40-18f3-492b-bedb-5b3ba1ac3ed4,5.96,True,5.7,5.73,5.96,0.2599999999999998,0.22999999999999954,0.0,-8.418633284927026,-10.534183970980703,-20.518983556561956,30.00000000000025,259.9999999999998,229.99999999999955,2.115550686053677,12.10035027163493
0299f36d-4746-4687-a61a-d9b3646efe37,9.2266875,False,9.22,9.22,8.9,0.006687499999999957,0.006687499999999957,0.32668750000000024,-25.2349837452573,-25.2349837452573,-0.17008799762313576,0.0,320.0000000000003,320.0000000000003,0.0,25.064895747634164
029a4c5a-6e54-40b5-b3b5-d8f020af11c6,3.36,False,3.2,3.2,3.36,0.1599999999999997,0.1599999999999997,0.0,-3.4848622148232575,-3.4848622148232575,-14.593787638198222,0.0,159.9999999999997,159.9999999999997,0.0,11.108925423374965
029a77fb-a0ff-4c00-bbe6-852937c3d288,8.2,True,7.96,7.93,8.0,0.23999999999999932,0.2699999999999996,0.1999999999999993,1.3155836384172601,2.7732987801002444,-3.9903529183282935,30.00000000000025,40.000000000000036,70.00000000000028,1.4577151416829843,5.305936556745554
029b0143-19f6-4390-91b5-65a019205fca,3.4439375,False,2.44,2.46,2.6,1.0039375000000001,0.9839375000000001,0.8439375,-0.28344128086043907,-1.109283715538602,-15.305789405964944,20.000000000000018,160.00000000000014,140.0000000000001,0.8258424346781629,15.022348125104505
029b58ff-d5ec-456b-9ba4-725ac2c47fda,5.4,False,5.37,5.39,5.4,0.03000000000000025,0.010000000000000675,0.0,1.4281930329151262,-0.18670170739007122,-1.1042068083757097,19.999999999999574,30.00000000000025,10.000000000000675,1.6148947403051974,2.532399841290836
029b6b3d-efb7-471f-bb5d-e08c32acd075,8.12,True,7.81,7.86,8.0,0.3099999999999996,0.2599999999999989,0.11999999999999922,8.214177495459959,7.867651105690794,-3.4316605993947125,50.00000000000071,190.0000000000004,139.9999999999997,0.3465263897691644,11.645838094854671
029b8afd-1ece-4a94-84d8-d6e25443d911,5.88,False,5.39,5.44,5.7,0.4900000000000002,0.4399999999999995,0.17999999999999972,-1.0385467649269966,-4.564362690902829,-14.913711744473977,50.00000000000071,310.0000000000005,259.9999999999998,3.5258159259758326,13.87516497954698
029bb9aa-8091-4bbd-bdd6-55acd33c3fcf,6.52,False,6.3,6.3,6.5,0.21999999999999975,0.21999999999999975,0.019999999999999574,-2.4818787616425344,-2.4818787616425344,-18.691117378328215,0.0,200.00000000000017,200.00000000000017,0.0,16.20923861668568
029c15b4-3479-49ed-9e39-19444abf573f,4.48,False,4.32,4.33,4.48,0.16000000000000014,0.15000000000000036,0.0,26.905941446157247,25.902721056218912,4.998758787583779,9.999999999999787,160.00000000000014,150.00000000000034,1.0032203899383347,21.90718265857347
029c1c48-70b9-48b1-9f5a-af85b9fa0c18,4.68,False,4.63,4.63,4.68,0.04999999999999982,0.04999999999999982,0.0,7.124270295291398,7.124270295291398,6.944787013787598,0.0,49.99999999999982,49.99999999999982,0.0,0.17948328150379922
029caa66-d0a9-4233-8c4a-d8c404fe20bc,5.2,True,4.82,4.92,5.2,0.3799999999999999,0.28000000000000025,0.0,-12.873510799642583,-11.342374420610367,-12.170798395564553,99.99999999999964,379.9999999999999,280.0000000000002,1.5311363790322154,0.7027124040780297
029cae0c-11d9-4a9d-84e0-4bff8a575d94,4.24,False,4.17,4.17,4.2,0.07000000000000028,0.07000000000000028,0.040000000000000036,1.1983546477524953,1.1983546477524953,3.1133609609542763,0.0,30.00000000000025,30.00000000000025,0.0,1.915006313201781
029d0d1c-1ef8-48c3-90bb-c381758a1b55,8.44,True,8.29,8.28,8.4,0.15000000000000036,0.16000000000000014,0.03999999999999915,-10.490716707588415,-9.690905671516845,-28.514904769826373,9.999999999999787,110.00000000000121,120.000000000001,0.7998110360715707,18.024188062237958
029d5670-a4bc-4b34-8eba-cc382d766399,7.8,False,7.52,7.53,7.7,0.28000000000000025,0.2699999999999996,0.09999999999999964,5.877539927416522,4.990478100162921,-20.108281591567646,10.000000000000675,180.0000000000006,169.99999999999994,0.8870618272536008,25.985821518984167
029d679f-4723-4914-9f80-fbe44cc9a165,10.770875,False,9.7,10.36,10.1,1.070875000000001,0.41087500000000077,0.6708750000000006,14.467532706107956,-22.92048284211824,-14.001619292333078,660.0000000000001,400.00000000000034,259.9999999999998,37.38801554822619,28.469151998441035
029d7147-cc3e-4593-b8c3-142361e55df3,8.6,False,5.67,8.01,7.7,2.9299999999999997,0.5899999999999999,0.8999999999999995,9.140184495778163,2.438826754819394,10.157557947939763,2340.0,2030.0000000000002,309.9999999999996,6.70135774095877,1.0173734521615998
029d7438-2e46-4687-800b-44933fb0deb2,3.48,True,3.37,3.28,3.48,0.10999999999999988,0.20000000000000018,0.0,-21.653635593785346,-11.070410890084892,-35.66232064635377,90.0000000000003,109.99999999999987,200.00000000000017,10.583224703700454,14.008685052568424
029d77c2-f2bc-4a5e-a317-c6a0d1b59089,6.2,True,5.98,5.99,6.2,0.21999999999999975,0.20999999999999996,0.0,-7.1818701333616435,-7.7807013167846275,-30.483945804344952,9.999999999999787,219.99999999999974,209.99999999999997,0.598831183422984,23.302075670983307
029dfeb5-db74-4c7d-b66b-2fb3856ab63b,7.48,False,7.3,7.25,7.48,0.1800000000000006,0.23000000000000043,0.0,19.305388848866173,14.317964874871931,2.9610273597819834,49.99999999999982,180.0000000000006,230.00000000000043,4.987423973994241,16.34436148908419
029e4c5d-1ccf-4bbf-aec5-4b4eabeb7f36,3.6931875,True,2.91,2.91,3.1,0.7831874999999999,0.7831874999999999,0.5931875,-8.065331335150722,-8.065331335150722,-19.1099043453441,0.0,189.99999999999994,189.99999999999994,0.0,11.044573010193377
029e6b04-bbd6-42f5-bad9-c02fb1149050,4.24,False,4.05,4.04,4.2,0.1900000000000004,0.20000000000000018,0.040000000000000036,-11.416040741571107,-11.532421560848464,-23.406673433618206,9.999999999999787,150.00000000000034,160.00000000000014,0.11638081927735655,11.990632692047098
029e7c1a-eab4-4ad3-a374-2fc3bfb29e90,5.4,True,5.15,5.11,5.3,0.25,0.29000000000000004,0.10000000000000053,-5.988140881582256,1.7223507742862352,-36.07215132516135,40.000000000000036,149.99999999999946,189.9999999999995,7.710491655868491,30.084010443579096
029e7f7e-3fdd-404f-b6f7-d08de87f3592,6.73375,True,4.25,5.38,3.8,2.4837499999999997,1.3537499999999998,2.93375,-17.347441818246192,-0.9139316561059575,-16.797754857591514,1130.0,450.00000000000017,1580.0,16.433510162140234,0.5496869606546788
029e917c-8862-4308-b0b1-8d1cb4948402,8.32,False,8.19,8.19,8.3,0.13000000000000078,0.13000000000000078,0.019999999999999574,-2.1957531153078853,-2.1957531153078853,-20.454597066838655,0.0,110.00000000000121,110.00000000000121,0.0,18.25884395153077
029eb206-474c-4568-83cb-1dddcc26ad4f,4.0,False,3.92,3.7,3.8,0.08000000000000007,0.2999999999999998,0.20000000000000018,-13.87647162889005,19.89596707361274,-5.017220267738518,219.99999999999974,120.00000000000011,99.99999999999964,33.77243870250279,8.859251361151532
029f48b2-b6d9-4ab9-896d-ed33655b7d70,8.8,True,8.52,8.56,8.8,0.28000000000000114,0.2400000000000002,0.0,3.0641578381048795,3.9127443326760685,-6.5332712928275924,40.000000000000924,280.00000000000114,240.00000000000023,0.848586494571189,9.597429130932472
029f7538-a881-4a75-a04d-15150059b12c,16.0,True,14.79,14.79,14.9,1.2100000000000009,1.2100000000000009,1.0999999999999996,1.2824854142595217,1.2824854142595217,-5.479986717344144,0.0,110.00000000000121,110.00000000000121,0.0,6.762472131603666
029f8fc6-04e1-491f-bc31-dc283440201b,10.04,True,9.83,9.83,10.0,0.20999999999999908,0.20999999999999908,0.03999999999999915,3.5613829602178755,3.5613829602178755,-22.794653427621686,0.0,169.99999999999994,169.99999999999994,0.0,26.356036387839563
029fdc0f-9e6c-4302-8456-188a21a00b8d,9.12,True,8.3,8.86,9.1,0.8199999999999985,0.2599999999999998,0.019999999999999574,4.123938500684485,-8.92293069913905,-5.862196076381442,559.9999999999987,799.999999999999,240.00000000000023,13.046869199823535,9.986134577065926
029fed04-f40e-4c7c-bc02-ecf148aedf95,1.877375,False,1.6,1.57,1.7,0.2773749999999999,0.30737499999999995,0.17737500000000006,5.064853840463703,7.203878916601076,-15.464112385664807,30.00000000000003,99.99999999999987,129.9999999999999,2.139025076137373,20.52896622612851
02a01010-0aca-4ba7-b179-bd4630412985,5.84,False,5.57,5.57,5.7,0.2699999999999996,0.2699999999999996,0.13999999999999968,-6.331075640563411,-6.331075640563411,-14.112769940597893,0.0,129.9999999999999,129.9999999999999,0.0,7.781694300034482
02a04a0f-e07b-4b1d-acac-069097391c7b,6.2,False,5.64,5.8,6.2,0.5600000000000005,0.40000000000000036,0.0,5.822638065646959,1.1526633380940983,-8.344676238267189,160.00000000000014,560.0000000000005,400.00000000000034,4.669974727552861,14.167314303914148
02a0638b-8667-483c-b453-fe5e612c2781,5.48,True,5.19,5.41,5.48,0.29000000000000004,0.07000000000000028,0.0,-3.034373559435231,-15.073171074611215,-14.77292278469755,219.99999999999974,290.00000000000006,70.00000000000028,12.038797515175984,11.73854922526232
02a06667-ad24-437d-806f-4d53f9307c7d,7.0,True,6.66,6.65,6.8,0.33999999999999986,0.34999999999999964,0.20000000000000018,8.856889250393737,9.66580678087789,-14.335334009116101,9.999999999999787,139.9999999999997,149.99999999999946,0.8089175304841536,23.192223259509838
02a07193-1f14-4461-8503-9440760fe96f,9.0,True,8.82,8.8,8.9,0.17999999999999972,0.1999999999999993,0.09999999999999964,-4.020866080780111,-2.9515884529889305,-12.640786842475038,19.999999999999574,80.00000000000007,99.99999999999964,1.0692776277911809,8.619920761694926
02a0c579-76d7-452a-84b0-8148937943e5,5.92,True,5.64,5.61,5.7,0.28000000000000025,0.3099999999999996,0.21999999999999975,-9.585427723586319,-6.2621220459268825,-19.58050506005262,29.99999999999936,60.0000000000005,89.99999999999986,3.3233056776594365,9.9950773364663
02a0cb21-76ad-4883-9d1d-d66606f8c144,9.68,False,9.4,9.57,9.68,0.27999999999999936,0.10999999999999943,0.0,3.098967268360052,-5.741384128532725,-13.055467354536153,169.99999999999994,279.9999999999994,109.99999999999943,8.840351396892776,16.154434622896204
02a1039a-7331-4a45-bd7c-c44123d74cd0,12.2,False,11.99,11.99,12.2,0.20999999999999908,0.20999999999999908,0.0,-1.5785956496614197,-1.5785956496614197,-27.697607078174542,0.0,209.9999999999991,209.9999999999991,0.0,26.119011428513122
02a13cde-73a7-4ccf-a914-8a92d8f57375,5.8,True,5.61,5.59,5.7,0.1899999999999995,0.20999999999999996,0.09999999999999964,14.171270891477288,17.082106597491606,-1.5633683179656694,20.000000000000462,89.99999999999986,110.00000000000031,2.9108357060143177,15.734639209442957
02a1fba3-a391-49d5-a600-13ca9c411727,6.1880625,False,5.87,3.68,3.8,0.3180624999999999,2.5080625,2.3880625,4.675136168473823,-5.397605879333184,-12.433529999899052,2190.0,2070.0000000000005,119.99999999999966,10.072742047807006,17.108666168372874
02a24415-21fa-482d-a4e6-0b5f7a1e9191,6.64,False,6.4,6.42,6.6,0.23999999999999932,0.21999999999999975,0.040000000000000036,7.640640189915672,6.311595705684424,-1.403572631284954,19.999999999999574,199.9999999999993,179.99999999999972,1.3290444842312477,9.044212821200626
02a27c68-fd4a-4d18-b27e-c074a9b78dbc,4.48,False,4.23,4.23,4.3,0.25,0.25,0.1800000000000006,-5.632958095995761,-5.632958095995761,-7.37641647574369,0.0,69.9999999999994,69.9999999999994,0.0,1.7434583797479286
02a2c759-d268-4e56-926f-e12ab625fdf6,7.16,True,7.02,7.03,7.16,0.14000000000000057,0.1299999999999999,0.0,-1.2159846066456677,-1.6417513998983617,-24.673265695988473,10.000000000000675,140.00000000000057,129.9999999999999,0.42576679325269406,23.457281089342807
02a2e789-e2b6-4a34-ad9f-59f831016d99,9.88,True,9.56,9.61,9.88,0.3200000000000003,0.27000000000000135,0.0,-3.343316469764611,-3.446132741004973,-10.90829801587221,49.999999999998934,320.0000000000003,270.00000000000136,0.10281627124036197,7.5649815461075995
02a31556-7527-4957-86c2-c7bac5322d66,14.12,True,13.66,14.11,14.1,0.4599999999999991,0.009999999999999787,0.019999999999999574,-1.9656984532511246,-7.9030170251827565,-7.68048592702414,449.9999999999993,439.9999999999995,9.999999999999787,5.937318571931632,5.714787473773016
02a326f0-1eed-479d-8b0c-dda2dabaee67,10.56,True,9.83,10.0,10.56,0.7300000000000004,0.5600000000000005,0.0,1.4948872570111156,-5.2136993652592585,-18.917960636269996,169.99999999999994,730.0000000000005,560.0000000000005,6.708586622270374,20.41284789328111
02a35437-4039-42e6-b2f6-1db684367a78,4.96,False,4.75,4.75,4.96,0.20999999999999996,0.20999999999999996,0.0,2.394476062416963,2.394476062416963,3.540853617006659,0.0,209.99999999999997,209.99999999999997,0.0,1.1463775545896957
02a3850f-6946-4e5c-9d20-e49e15ce0c9b,9.28,False,9.07,9.09,9.28,0.20999999999999908,0.1899999999999995,0.0,33.42615458711192,32.28656501192373,12.995646585054578,19.999999999999574,209.9999999999991,189.9999999999995,1.1395895751881895,20.430508002057337
02a38aec-b744-485c-a9fd-81ae5cba42da,6.88,False,6.83,6.76,6.1,0.04999999999999982,0.1200000000000001,0.7800000000000002,-2.422573096264777,-11.32123741189893,-19.73296761110068,70.00000000000028,730.0000000000005,660.0000000000001,8.898664315634152,17.310394514835902
02a453da-0f1d-4580-b007-ed0242702ac9,6.0139375,False,5.53,5.56,3.7,0.4839374999999997,0.4539375000000003,2.3139374999999998,4.715229872013152,5.438266794141414,-15.929091406896081,29.99999999999936,1830.0,1859.9999999999995,0.7230369221282613,20.64432127890923
02a45d4c-d6f0-4032-b434-6a1f1303ce09,7.9295625,True,7.37,5.56,5.7,0.5595625000000002,2.3695625000000007,2.2295625,3.3907077902614473,-11.580031441059393,-37.77381025390978,1810.0000000000005,1670.0,140.00000000000057,14.970739231320842,41.164518044171224
02a46943-e4d7-4313-aa4a-1ac845ea14e9,4.36,False,4.07,4.08,4.3,0.29000000000000004,0.28000000000000025,0.0600000000000005,9.0146105159985,8.905805811051652,-0.8303280709854871,9.999999999999787,229.99999999999955,219.99999999999974,0.10880470494684857,9.844938586983988
02a5695e-a7a2-4685-a0cb-99287392cab1,5.2,False,5.0,5.01,5.2,0.20000000000000018,0.1900000000000004,0.0,4.846032237617814,3.193178845618313,-16.591379056785026,9.999999999999787,200.00000000000017,190.0000000000004,1.6528533919995012,21.437411294402843
02a59b84-9fc0-40b8-89d7-a7ab8ba8e6f9,14.0,True,13.71,13.71,14.0,0.28999999999999915,0.28999999999999915,0.0,1.7530597437934772,1.7530597437934772,-13.110602257205949,0.0,289.99999999999915,289.99999999999915,0.0,14.863662000999426
02a5a1ec-4f15-42bd-afc6-8ccb69043b80,6.3158125,False,5.1,5.41,5.3,1.2158125000000002,0.9058124999999997,1.0158125,-3.445633176738048,-19.75279973229493,-21.375112366940144,310.0000000000005,200.00000000000017,110.00000000000031,16.30716655555688,17.929479190202095
02a63bf2-41f9-4238-8407-a7f897fd1805,7.04,True,6.81,6.74,6.9,0.23000000000000043,0.2999999999999998,0.13999999999999968,15.221716743606992,19.097556052543908,-4.369433025877778,69.9999999999994,90.00000000000074,160.00000000000014,3.875839308936916,19.59114976948477
02a66e36-e341-4b79-8de3-ce9b820647dc,10.4,True,10.18,10.17,10.4,0.22000000000000064,0.23000000000000043,0.0,-14.098470534567374,-13.433263675376443,-23.785278167013626,9.999999999999787,220.00000000000063,230.00000000000043,0.6652068591909313,9.686807632446252
02a68df9-82d4-4afe-ae73-f3f66df8ae92,3.8,True,3.51,3.5,3.6,0.29000000000000004,0.2999999999999998,0.19999999999999973,1.9648014217458936,4.00065489931722,-8.985597713783704,9.999999999999787,90.0000000000003,100.00000000000009,2.035853477571326,10.950399135529597
02a6ffb4-071c-4fe6-becf-b1dae38a3b54,16.0,False,13.26,15.69,13.4,2.74,0.3100000000000005,2.5999999999999996,-3.6617007935957,0.6481406690078683,-11.24549945038145,2429.9999999999995,140.00000000000057,2289.999999999999,4.309841462603568,7.58379865678575
02a7203a-6181-4eaf-ba89-bf1b2c353251,5.429,False,5.35,5.42,5.4,0.07900000000000063,0.009000000000000341,0.028999999999999915,6.377946723666935,3.6438829647501882,3.4343974824970993,70.00000000000028,50.00000000000071,19.999999999999574,2.7340637589167467,2.9435492411698356
02a8309a-bbe4-4cd8-9dca-f7288fae2986,4.48,True,4.47,4.48,4.48,0.010000000000000675,0.0,0.0,9.804393273977299,10.227643368088936,10.227643368088936,10.000000000000675,10.000000000000675,0.0,0.42325009411163705,0.42325009411163705
02a8a4f5-fbcf-4516-8494-a72c1ceee942,10.6,True,9.9,10.27,10.6,0.6999999999999993,0.33000000000000007,0.0,-1.6850966929556226,0.14326781648915585,-1.649779291436216,369.9999999999992,699.9999999999993,330.00000000000006,1.8283645094447785,0.035317401519406655
02a94efc-411b-4c9c-b307-c9f9aeee33d6,8.08,True,7.89,7.87,8.08,0.1900000000000004,0.20999999999999996,0.0,-9.194479329681917,-5.326736245796883,-34.84603325072315,19.999999999999574,190.0000000000004,209.99999999999997,3.867743083885034,25.651553921041234
02a9517f-80c9-4ee1-8df0-2ebbe578728a,10.12,False,9.91,9.91,10.0,0.20999999999999908,0.20999999999999908,0.11999999999999922,-3.356648763946548,-3.356648763946548,-10.262226893447762,0.0,89.99999999999986,89.99999999999986,0.0,6.9055781295012135
02a9ef06-4ee0-4c0d-acad-838d66948023,3.8,True,3.69,3.71,3.8,0.10999999999999988,0.08999999999999986,0.0,-0.5674303962383288,-2.001746237104407,-7.133334012661966,20.000000000000018,109.99999999999987,89.99999999999986,1.4343158408660783,6.565903616423637
02aa1bfc-72d5-451a-a2c3-cee9d0121cb2,6.56,False,6.14,6.11,6.3,0.41999999999999993,0.4499999999999993,0.2599999999999998,2.7001862589814842,2.7243576827407443,-2.240928094471768,29.99999999999936,160.00000000000014,189.9999999999995,0.02417142375926007,4.941114353453252
02aacbf6-a6fa-46f1-b399-ab20e0fc8d10,2.2,True,1.98,1.98,2.2,0.2200000000000002,0.2200000000000002,0.0,-7.005886815492677,-7.005886815492677,-19.09881640267452,0.0,220.0000000000002,220.0000000000002,0.0,12.092929587181843
02aad541-c0d2-4540-88af-9dad152afbc0,3.96,True,3.55,3.57,3.96,0.41000000000000014,0.3900000000000001,0.0,-10.134907485859705,-10.24164874510635,-32.70207805777959,20.000000000000018,410.0000000000001,390.0000000000001,0.10674125924664501,22.56717057191988
02ab1000-d576-43ca-a668-d271fc2b193b,10.3536875,True,9.34,9.36,9.5,1.0136874999999996,0.9936875000000001,0.8536874999999995,6.086822002102069,5.384480741319766,-12.114423360807919,19.999999999999574,160.00000000000014,140.00000000000057,0.702341260782303,18.201245362909987
02ac0c26-b271-402b-95f1-e8cbd70c62fd,8.56,False,8.39,8.39,8.56,0.16999999999999993,0.16999999999999993,0.0,4.03560022330658,4.03560022330658,1.0318030406861598,0.0,169.99999999999994,169.99999999999994,0.0,3.00379718262042
02ac129c-361e-4be0-8321-b8ec36070b64,8.64,True,8.41,8.43,8.6,0.23000000000000043,0.21000000000000085,0.040000000000000924,11.775319006669339,11.189051767525859,-8.26654001412594,19.999999999999574,189.9999999999995,169.99999999999994,0.5862672391434796,20.04185902079528
02ac1ba1-8e44-4226-88c3-73bc837916a3,7.44,True,7.08,7.09,7.2,0.3600000000000003,0.35000000000000053,0.2400000000000002,-5.625531360446249,-5.5581722448367925,-10.97071221850954,9.999999999999787,120.00000000000011,110.00000000000031,0.06735911560945684,5.345180858063291
02ac9257-d677-49be-8c26-1d505becae13,3.071,False,3.04,3.06,3.071,0.03100000000000014,0.01100000000000012,0.0,2.7077282487339436,1.208397351522122,0.04316916295511341,20.000000000000018,31.00000000000014,11.00000000000012,1.4993308972118216,2.6645590857788304
02acbad9-3466-4c96-bd1b-96e87ab7a5d9,7.08,True,6.78,6.79,6.9,0.2999999999999998,0.29000000000000004,0.17999999999999972,-11.662996975293868,-12.484931221519288,-20.73731249463233,9.999999999999787,120.00000000000011,110.00000000000031,0.8219342462254193,9.074315519338462
02acd8af-9151-483f-9dec-f4d5186231a1,13.72,False,13.47,13.46,13.6,0.25,0.2599999999999998,0.120000000000001,0.665516435093313,0.6660381188278687,-3.5050017768447197,9.999999999999787,129.999999999999,139.9999999999988,0.0005216837345556335,4.170518211938033
02ad2126-0c78-4cac-9474-50d12f2b7ff2,3.76,False,3.6,3.6,3.76,0.1599999999999997,0.1599999999999997,0.0,2.4079121993458563,2.4079121993458563,-20.04067566593365,0.0,159.9999999999997,159.9999999999997,0.0,22.448587865279507
02ad361d-128a-4e40-982c-7d38690e4971,7.48,True,7.22,7.26,7.48,0.2600000000000007,0.22000000000000064,0.0,5.177121601760133,1.113712550737016,-16.774943976605005,40.000000000000036,260.0000000000007,220.00000000000063,4.0634090510231164,21.952065578365136
02ad4a26-ee08-4f9d-9cc5-342ca1be61b7,5.32,True,5.05,5.07,5.3,0.27000000000000046,0.25,0.020000000000000462,-12.205553383624492,-12.348161179726391,-24.749275002010144,20.000000000000462,250.0,229.99999999999955,0.142607796101899,12.543721618385652
02adc34e-f689-4c8b-bb03-5f48774d0b0d,6.04,False,5.83,5.81,5.9,0.20999999999999996,0.23000000000000043,0.13999999999999968,20.45423465922045,19.395043608055023,17.261216959567214,20.000000000000462,70.00000000000028,90.00000000000074,1.0591910511654277,3.193017699653236
02add9ac-17fe-41e4-b453-754057d37f08,14.018875,True,13.22,13.03,13.2,0.7988749999999989,0.9888750000000002,0.8188750000000002,-20.681820428989276,-7.008989935082332,-19.453494008085894,190.00000000000128,20.00000000000135,169.99999999999994,13.672830493906943,1.2283264209033824
02aeb14e-3c2e-4dc0-99ca-a6286fdaf22c,7.16,False,6.99,7.0,7.16,0.16999999999999993,0.16000000000000014,0.0,0.7797970402427935,1.4710884827406598,2.8400925762374243,9.999999999999787,169.99999999999994,160.00000000000014,0.6912914424978663,2.060295535994631
02af460a-3065-4de9-b44f-0efde618ebc5,4.6511875,True,4.24,4.22,4.4,0.4111874999999996,0.43118750000000006,0.25118749999999945,43.18631767935023,46.496582533359245,8.246118970722748,20.000000000000462,160.00000000000014,180.0000000000006,3.310264854009013,34.940198708627484
02af8501-83d9-47e5-95b2-f35fa0528fb7,3.213,False,2.86,3.17,3.2,0.3530000000000002,0.04300000000000015,0.0129999999999999,-1.4935292003456124,-1.5283904011748044,-2.5088801508944054,310.00000000000006,340.0000000000003,30.00000000000025,0.034861200829191974,1.015350950548793
02afbac5-98db-43df-86ef-d859cfd8833b,12.77975,False,11.53,11.76,11.7,1.2497500000000006,1.0197500000000002,1.0797500000000007,-3.852426710001041,-5.713324269654105,-5.875938906527978,230.00000000000043,169.99999999999994,60.0000000000005,1.8608975596530644,2.0235121965269367
02b00570-11d6-4739-8c41-9a3f6f3b56b0,6.4,True,6.34,6.32,6.4,0.0600000000000005,0.08000000000000007,0.0,-13.150575583385182,-12.720158394228665,-19.26744984941699,19.999999999999574,60.0000000000005,80.00000000000007,0.4304171891565165,6.116874266031809
02b00ffc-606d-4d08-8f68-8d6238f32c1e,13.16,False,12.94,12.94,13.16,0.22000000000000064,0.22000000000000064,0.0,16.013817871040366,16.013817871040366,5.701482873915496,0.0,220.00000000000063,220.00000000000063,0.0,10.312334997124871
02b0455c-bcf2-48af-a38c-bcf78bc37008,3.04,True,2.78,2.78,2.9,0.26000000000000023,0.26000000000000023,0.14000000000000012,-14.915477103942633,-14.915477103942633,-24.418948905025047,0.0,120.00000000000011,120.00000000000011,0.0,9.503471801082414
02b06078-22e0-42f6-832b-3b69c2718c29,7.28,False,7.15,7.14,7.28,0.1299999999999999,0.14000000000000057,0.0,-6.300660957065375,-5.682331767273836,-18.347239118297217,10.000000000000675,129.9999999999999,140.00000000000057,0.6183291897915391,12.046578161231842
02b0a7df-fb43-4c8d-b087-202a3fffdebd,6.84,True,6.68,6.65,6.8,0.16000000000000014,0.1899999999999995,0.040000000000000036,-0.6427381134477612,2.2749238166964614,-29.02263967728422,29.99999999999936,120.00000000000011,149.99999999999946,2.917661930144223,28.37990156383646
02b10845-a560-4b3d-a05d-a1e3d17fc99a,7.12,True,6.87,6.86,7.1,0.25,0.2599999999999998,0.020000000000000462,4.537986314359171,4.4908128448468325,-15.712536122539287,9.999999999999787,229.99999999999955,239.99999999999932,0.04717346951233825,20.250522436898457
02b10c58-a7ce-4384-8811-bbfebf098ba8,3.88,True,3.51,3.53,3.8,0.3700000000000001,0.3500000000000001,0.08000000000000007,-1.1809911155811763,-0.4026323906126992,-9.093821613887194,20.000000000000018,290.00000000000006,270.0,0.7783587249684771,7.912830498306017
02b14cfb-c8e0-49bb-8a90-17bd1ea11873,12.87175,True,11.69,11.83,12.1,1.181750000000001,1.0417500000000004,0.7717500000000008,1.766595560517103,0.9005204102432638,-10.075857116930326,140.00000000000057,410.0000000000001,269.99999999999955,0.8660751502738393,11.84245267744743
02b19e89-9735-47e0-b874-f69e6b8dae15,10.2784375,False,9.28,9.3,9.5,0.9984375000000014,0.9784375000000001,0.7784375000000008,18.42602773676377,18.023187927263848,1.81084147093944,20.00000000000135,220.00000000000063,199.9999999999993,0.40283980949992326,16.61518626582433
02b1a4d5-ba3e-4e4f-bb33-a57e8507b9e8,6.04,False,5.97,5.99,6.0,0.07000000000000028,0.04999999999999982,0.040000000000000036,-2.690959282787863,-2.904584529167981,-3.345610273668916,20.000000000000462,30.00000000000025,9.999999999999787,0.21362524638011804,0.6546509908810534
02b1a631-70ae-454b-ac69-03fa5332b9b5,9.64,False,9.4,9.43,9.6,0.2400000000000002,0.21000000000000085,0.040000000000000924,-3.894333196783345,-5.072797267604987,-6.053203236174988,29.99999999999936,199.9999999999993,169.99999999999994,1.1784640708216414,2.1588700393916427
02b24f2a-66fb-4bfb-902f-a3cd92f83d7d,6.4,False,6.18,6.19,6.4,0.22000000000000064,0.20999999999999996,0.0,34.986737045217,34.31797829518572,6.172255539935782,10.000000000000675,220.00000000000063,209.99999999999997,0.6687587500312802,28.814481505281215
02b2879d-4181-43b6-bdb8-0a84f126d078,5.56,False,5.33,5.32,5.56,0.22999999999999954,0.23999999999999932,0.0,-5.16833322355063,-4.266241183583655,-28.94268456016373,9.999999999999787,229.99999999999955,239.99999999999932,0.9020920399669752,23.7743513366131
02b29d5b-f30a-4d1a-bf81-bf9bd43dcc74,6.08,True,5.73,5.87,6.08,0.34999999999999964,0.20999999999999996,0.0,-6.3105753930280395,-11.707853382801554,-15.1536313691803,139.9999999999997,349.99999999999966,209.99999999999997,5.397277989773515,8.843055976152261
02b34833-268d-4246-b04c-8dc7e6595c7d,11.96,False,11.75,11.74,11.8,0.21000000000000085,0.22000000000000064,0.16000000000000014,-4.273696238451635,-1.9546617053592847,-16.563893650879116,9.999999999999787,50.00000000000071,60.0000000000005,2.31903453309235,12.290197412427482
02b383a5-0096-48f9-831c-890fe9e99dab,6.28,False,6.05,6.04,6.2,0.23000000000000043,0.2400000000000002,0.08000000000000007,5.717942489464057,6.641716394441089,-23.89600883088425,9.999999999999787,150.00000000000034,160.00000000000014,0.9237739049770326,29.613951320348306
02b3ab13-83cc-4305-97f0-e3ba639f6181,4.18075,True,4.18075,3.97,,0.0,0.21074999999999955,,2.964920789030199,5.394749914134879,,210.74999999999955,,,2.4298291251046797,
02b3b69a-ee5f-4cdd-b835-6af48e0da9f8,9.04,False,8.83,8.83,9.0,0.20999999999999908,0.20999999999999908,0.03999999999999915,6.276697585384185,6.276697585384185,-29.91205808765054,0.0,169.99999999999994,169.99999999999994,0.0,36.18875567303473
02b3ba8d-341c-4ed9-a18d-364277cd447a,3.9310625,True,3.22,3.87,2.8,0.7110624999999997,0.0610624999999998,1.1310625,9.7666511691165,-6.032341178934037,-8.540591598181923,649.9999999999999,420.0000000000004,1070.0000000000002,15.798992348050536,18.307242767298423
02b3cac4-877e-47cb-900e-3c667fe62688,7.52,False,7.41,7.41,7.5,0.10999999999999943,0.10999999999999943,0.019999999999999574,-10.608069523726355,-10.608069523726355,-12.544249231897263,0.0,89.99999999999986,89.99999999999986,0.0,1.9361797081709078
02b3e685-2758-4411-8b8a-e3927517e6a1,6.88,True,6.28,6.27,6.5,0.5999999999999996,0.6100000000000003,0.3799999999999999,-5.540486039709894,-5.589031268360317,-13.994027408251052,10.000000000000675,219.99999999999974,230.00000000000043,0.048545228650423766,8.453541368541158
02b41379-ecc6-42f1-8064-dc9cef5bd4a5,7.0,False,6.76,6.77,7.0,0.2400000000000002,0.23000000000000043,0.0,24.430623252793094,24.29927032550687,10.297158361800403,9.999999999999787,240.00000000000023,230.00000000000043,0.1313529272862226,14.133464890992691
02b4863d-aadb-4a87-afa9-dc8c57bf3a59,4.28,True,3.95,3.95,4.2,0.33000000000000007,0.33000000000000007,0.08000000000000007,2.277402391250435,2.277402391250435,-13.805482158983029,0.0,250.0,250.0,0.0,16.082884550233466
02b53aa2-f14f-439e-b04a-6f0478d7a110,11.3535,False,10.32,10.36,10.4,1.0335,0.9935000000000009,0.9535,4.2929504785554276,0.32757218215932915,-5.799327257141866,39.99999999999915,80.00000000000007,40.000000000000924,3.965378296396098,10.092277735697294
02b5c494-b748-4deb-bb52-0371743983f0,6.12,False,5.79,5.87,6.1,0.33000000000000007,0.25,0.020000000000000462,14.816358445200322,8.611232024399987,-8.27051422550155,80.00000000000007,309.9999999999996,229.99999999999955,6.205126420800335,23.086872670701872
02b5dd2d-6fd9-40c2-816c-abcf90b6a62c,8.44,False,8.22,8.2,8.4,0.21999999999999886,0.2400000000000002,0.03999999999999915,73.07979827237658,73.50087075852771,28.736724767979332,20.00000000000135,179.99999999999972,200.00000000000108,0.42107248615113235,44.343073504397246
02b5de93-d24a-4036-9e24-7ea623c31f5e,9.321125,True,8.32,8.39,8.6,1.001125,0.9311249999999998,0.7211250000000007,-11.023908615112326,-12.484979268419398,-20.045251663021425,70.00000000000028,279.9999999999994,209.9999999999991,1.4610706533070719,9.021343047909099
02b62355-7be2-4b44-9253-4b69a9829af9,6.44,False,6.13,6.11,6.3,0.3100000000000005,0.33000000000000007,0.14000000000000057,9.38599585487041,12.873046621723665,-14.439565515268217,19.999999999999574,169.99999999999994,189.9999999999995,3.4870507668532547,23.82556137013863
02b628d5-e34a-43db-8236-832e0980e4c0,4.84,False,4.65,4.64,4.8,0.1899999999999995,0.20000000000000018,0.040000000000000036,0.9670947132402423,0.5262389963424554,-15.775990588899655,10.000000000000675,149.99999999999946,160.00000000000014,0.4408557168977869,16.743085302139896
